gene_id	protein_id	product
JI435_000020	QRC90492.1	hypothetical protein
JI435_000040	QRC90494.1	hypothetical protein
JI435_000050	QRC90495.1	hypothetical protein
JI435_000060	QRC90496.1	hypothetical protein
JI435_000100	QRC90497.1	hypothetical protein
JI435_000110	QRC90498.1	hypothetical protein
JI435_000140	QRC90501.1	hypothetical protein
JI435_000150	QRC90503.1	hypothetical protein
JI435_000160	QRC90504.1	hypothetical protein
JI435_000170	QRC90505.1	hypothetical protein
JI435_000190	QRC90506.1	hypothetical protein
JI435_000210	QRC90509.1	endonuclease LCL3
JI435_000220	QRC90510.1	hypothetical protein
JI435_000230	QRC90511.1	hypothetical protein
JI435_000240	QRC90512.1	hypothetical protein
JI435_000260	QRC90515.1	hypothetical protein
JI435_000300	QRC90519.1	hypothetical protein
JI435_000310	QRC90520.1	hypothetical protein
JI435_000320	QRC90521.1	pectinesterase
JI435_000330	QRC90522.1	hypothetical protein
JI435_000350	QRC90523.1	hypothetical protein
JI435_000370	QRC90524.1	hypothetical protein
JI435_000380	QRC90525.1	hypothetical protein
JI435_000390	QRC90526.1	hypothetical protein
JI435_000400	QRC90527.1	hypothetical protein
JI435_000420	QRC90528.1	hypothetical protein
JI435_000430	QRC90529.1	hypothetical protein
JI435_000440	QRC90530.1	hypothetical protein
JI435_000460	QRC90532.1	hypothetical protein
JI435_000480	QRC90535.1	hypothetical protein
JI435_000490	QRC90536.1	hypothetical protein
JI435_000500	QRC90537.1	peptidyl-prolyl cis-trans isomerase
JI435_000510	QRC90538.1	hypothetical protein
JI435_000520	QRC90539.1	hypothetical protein
JI435_000530	QRC90540.1	hypothetical protein
JI435_000570	QRC90542.1	hypothetical protein
JI435_000580	QRC90543.1	hypothetical protein
JI435_000600	QRC90544.1	hypothetical protein
JI435_000610	QRC90545.1	hypothetical protein
JI435_000620	QRC90546.1	hypothetical protein
JI435_000630	QRC90547.1	hypothetical protein
JI435_000640	QRC90548.1	hypothetical protein
JI435_000670	QRC90549.1	hypothetical protein
JI435_000680	QRC90550.1	hypothetical protein
JI435_000690	QRC90551.1	hypothetical protein
JI435_000700	QRC90552.1	hypothetical protein
JI435_000710	QRC90553.1	hypothetical protein
JI435_000720	QRC90554.1	hypothetical protein
JI435_000730	QRC90555.1	hypothetical protein
JI435_000740	QRC90556.1	peptide-methionine (S)-S-oxide reductase
JI435_000750	QRC90557.1	hypothetical protein
JI435_000760	QRC90558.1	hypothetical protein
JI435_000780	QRC90560.1	hypothetical protein
JI435_000790	QRC90561.1	hypothetical protein
JI435_000810	QRC90562.1	carbonic anhydrase
JI435_000820	QRC90563.1	hypothetical protein
JI435_000830	QRC90564.1	hypothetical protein
JI435_000840	QRC90566.1	hypothetical protein
JI435_000860	QRC90568.1	hypothetical protein
JI435_000870	QRC90569.1	hypothetical protein
JI435_000880	QRC90570.1	hypothetical protein
JI435_000890	QRC90571.1	hypothetical protein
JI435_000900	QRC90572.1	hypothetical protein
JI435_000920	QRC90573.1	hypothetical protein
JI435_000930	QRC90575.1	hypothetical protein
JI435_000940	QRC90576.1	4-nitrophenylphosphatase
JI435_000960	QRC90577.1	hypothetical protein
JI435_000970	QRC90578.1	hypothetical protein
JI435_000980	QRC90579.1	hypothetical protein
JI435_000990	QRC90580.1	hypothetical protein
JI435_001000	QRC90581.1	hypothetical protein
JI435_001010	QRC90582.1	hypothetical protein
JI435_001020	QRC90583.1	hypothetical protein
JI435_001040	QRC90584.1	hypothetical protein
JI435_001050	QRC90586.1	hypothetical protein
JI435_001070	QRC90587.1	hypothetical protein
JI435_001080	QRC90588.1	hypothetical protein
JI435_001100	QRC90589.1	hypothetical protein
JI435_001110	QRC90590.1	hypothetical protein
JI435_001120	QRC90591.1	hypothetical protein
JI435_001130	QRC90592.1	hypothetical protein
JI435_001140	QRC90593.1	hypothetical protein
JI435_001150	QRC90594.1	hypothetical protein
JI435_001160	QRC90595.1	GTP-binding protein
JI435_001170	QRC90596.1	hypothetical protein
JI435_001180	QRC90597.1	hypothetical protein
JI435_001190	QRC90598.1	hypothetical protein
JI435_001200	QRC90599.1	hypothetical protein
JI435_001220	QRC90600.1	hypothetical protein
JI435_001260	QRC90602.1	hypothetical protein
JI435_001270	QRC90603.1	hypothetical protein
JI435_001280	QRC90604.1	hypothetical protein
JI435_001290	QRC90605.1	hypothetical protein
JI435_001310	QRC90606.1	hypothetical protein
JI435_001320	QRC90607.1	asparaginase
JI435_001330	QRC90608.1	hypothetical protein
JI435_001340	QRC90609.1	hypothetical protein
JI435_001350	QRC90611.1	hypothetical protein
JI435_001360	QRC90612.1	carboxylic ester hydrolase
JI435_001370	QRC90613.1	hypothetical protein
JI435_001380	QRC90614.1	hypothetical protein
JI435_001390	QRC90615.1	hypothetical protein
JI435_001400	QRC90616.1	hypothetical protein
JI435_001410	QRC90617.1	hypothetical protein
JI435_001420	QRC90618.1	hypothetical protein
JI435_001430	QRC90619.1	hypothetical protein
JI435_001440	QRC90620.1	hypothetical protein
JI435_001470	QRC90622.1	protein-ribulosamine 3-kinase
JI435_001480	QRC90623.1	hypothetical protein
JI435_001490	QRC90624.1	hypothetical protein
JI435_001500	QRC90625.1	hypothetical protein
JI435_001510	QRC90626.1	hypothetical protein
JI435_001520	QRC90627.1	hypothetical protein
JI435_001530	QRC90628.1	hypothetical protein
JI435_001550	QRC90631.1	hypothetical protein
JI435_001560	QRC90632.1	hypothetical protein
JI435_001570	QRC90634.1	hypothetical protein
JI435_001580	QRC90635.1	hypothetical protein
JI435_001590	QRC90636.1	hypothetical protein
JI435_001600	QRC90637.1	hypothetical protein
JI435_001610	QRC90638.1	hypothetical protein
JI435_001620	QRC90639.1	hypothetical protein
JI435_001640	QRC90640.1	hypothetical protein
JI435_001650	QRC90641.1	hypothetical protein
JI435_001660	QRC90642.1	hypothetical protein
JI435_001690	QRC90644.1	hypothetical protein
JI435_001700	QRC90645.1	hypothetical protein
JI435_001710	QRC90646.1	hypothetical protein
JI435_001720	QRC90647.1	hypothetical protein
JI435_001740	QRC90651.1	serine/threonine-protein phosphatase
JI435_001750	QRC90652.1	hypothetical protein
JI435_001760	QRC90653.1	hypothetical protein
JI435_001770	QRC90654.1	hypothetical protein
JI435_001780	QRC90655.1	hypothetical protein
JI435_001790	QRC90656.1	hypothetical protein
JI435_001800	QRC90657.1	hypothetical protein
JI435_001810	QRC90658.1	hypothetical protein
JI435_001820	QRC90659.1	hypothetical protein
JI435_001830	QRC90660.1	hypothetical protein
JI435_001840	QRC90661.1	hypothetical protein
JI435_001850	QRC90662.1	hypothetical protein
JI435_001860	QRC90663.1	hypothetical protein
JI435_001870	QRC90664.1	dolichyl-phosphate-mannose--protein mannosyltransferase
JI435_001880	QRC90665.1	hypothetical protein
JI435_001900	QRC90666.1	hypothetical protein
JI435_001910	QRC90668.1	hypothetical protein
JI435_001920	QRC90669.1	hypothetical protein
JI435_001930	QRC90670.1	hypothetical protein
JI435_001940	QRC90671.1	hypothetical protein
JI435_001950	QRC90672.1	hypothetical protein
JI435_001960	QRC90673.1	hypothetical protein
JI435_001970	QRC90674.1	hypothetical protein
JI435_001980	QRC90675.1	hypothetical protein
JI435_002000	QRC90678.1	hypothetical protein
JI435_002010	QRC90679.1	molybdopterin synthase catalytic subunit
JI435_002020	QRC90680.1	altered inheritance of mitochondria protein 11
JI435_002030	QRC90681.1	hypothetical protein
JI435_002050	QRC90682.1	hypothetical protein
JI435_002060	QRC90683.1	hypothetical protein
JI435_002070	QRC90684.1	hypothetical protein
JI435_002080	QRC90685.1	hypothetical protein
JI435_002090	QRC90686.1	hypothetical protein
JI435_002100	QRC90687.1	hypothetical protein
JI435_002110	QRC90688.1	hypothetical protein
JI435_002120	QRC90689.1	hypothetical protein
JI435_002130	QRC90690.1	hypothetical protein
JI435_002140	QRC90691.1	hypothetical protein
JI435_002160	QRC90692.1	hypothetical protein
JI435_002200	QRC90698.1	hypothetical protein
JI435_002210	QRC90700.1	hypothetical protein
JI435_002220	QRC90701.1	hypothetical protein
JI435_002230	QRC90702.1	hypothetical protein
JI435_002240	QRC90703.1	hypothetical protein
JI435_002250	QRC90705.1	hypothetical protein
JI435_002260	QRC90706.1	hypothetical protein
JI435_002270	QRC90707.1	hypothetical protein
JI435_002280	QRC90708.1	hypothetical protein
JI435_002290	QRC90710.1	hypothetical protein
JI435_002300	QRC90711.1	hypothetical protein
JI435_002340	QRC90716.1	ribosomal protein L37
JI435_002350	QRC90717.1	hypothetical protein
JI435_002360	QRC90718.1	hypothetical protein
JI435_002370	QRC90719.1	RNA-directed RNA polymerase
JI435_002380	QRC90720.1	hypothetical protein
JI435_002390	QRC90721.1	hypothetical protein
JI435_002400	QRC90722.1	aspartate-semialdehyde dehydrogenase
JI435_002410	QRC90723.1	40S ribosomal protein RPS4
JI435_002420	QRC90725.1	hypothetical protein
JI435_002430	QRC90727.1	hypothetical protein
JI435_002440	QRC90728.1	hypothetical protein
JI435_002460	QRC90730.1	hypothetical protein
JI435_002480	QRC90731.1	hypothetical protein
JI435_002500	QRC90732.1	hypothetical protein
JI435_002510	QRC90733.1	hypothetical protein
JI435_002520	QRC90734.1	hypothetical protein
JI435_002530	QRC90735.1	S-formylglutathione hydrolase
JI435_002540	QRC90736.1	exportin-T
JI435_002550	QRC90737.1	hypothetical protein
JI435_002560	QRC90738.1	hypothetical protein
JI435_002570	QRC90739.1	hypothetical protein
JI435_002580	QRC90741.1	hypothetical protein
JI435_002590	QRC90742.1	hypothetical protein
JI435_002610	QRC90744.1	hypothetical protein
JI435_002620	QRC90745.1	hypothetical protein
JI435_002630	QRC90746.1	beta-glucosidase
JI435_002640	QRC90747.1	hypothetical protein
JI435_002650	QRC90748.1	hypothetical protein
JI435_002660	QRC90749.1	hypothetical protein
JI435_002670	QRC90750.1	hypothetical protein
JI435_002690	QRC90751.1	chitinase
JI435_002700	QRC90752.1	lipoyl synthase
JI435_002710	QRC90753.1	coatomer subunit gamma
JI435_002720	QRC90754.1	hypothetical protein
JI435_002730	QRC90755.1	hypothetical protein
JI435_002740	QRC90756.1	hypothetical protein
JI435_002750	QRC90757.1	hypothetical protein
JI435_002760	QRC90758.1	hypothetical protein
JI435_002770	QRC90759.1	xylulose kinase
JI435_002780	QRC90761.1	hypothetical protein
JI435_002820	QRC90763.1	hypothetical protein
JI435_002830	QRC90764.1	hypothetical protein
JI435_002840	QRC90765.1	hypothetical protein
JI435_002850	QRC90766.1	hypothetical protein
JI435_002870	QRC90767.1	hypothetical protein
JI435_002880	QRC90769.1	guanine nucleotide-binding protein subunit gamma
JI435_002900	QRC90771.1	eukaryotic translation initiation factor 3 subunit A
JI435_002910	QRC90772.1	hypothetical protein
JI435_002920	QRC90773.1	alkaline phosphatase
JI435_002930	QRC90774.1	hypothetical protein
JI435_002940	QRC90775.1	hypothetical protein
JI435_002960	QRC90777.1	hypothetical protein
JI435_002970	QRC90778.1	enoyl-CoA hydratase
JI435_002980	QRC90779.1	hypothetical protein
JI435_002990	QRC90781.1	hypothetical protein
JI435_003000	QRC90782.1	hypothetical protein
JI435_003010	QRC90783.1	hypothetical protein
JI435_003020	QRC90784.1	hypothetical protein
JI435_003040	QRC90785.1	ubiquinone biosynthesis protein COQ4
JI435_003050	QRC90786.1	hypothetical protein
JI435_003060	QRC90787.1	cytochrome P450 monooxygenase phmB
JI435_003070	QRC90788.1	phomacin cluster regulator phmR
JI435_003080	QRC90790.1	bifunctional polyketide synthase/nonribosomal peptide synthetase phmA
JI435_003100	QRC90792.1	diels-alderase phmD
JI435_003110	QRC90793.1	trans-enoyl reductase phmE
JI435_003120	QRC90794.1	short-chain dehydrogenase/reductase phmF
JI435_003130	QRC90795.1	hydrolase phmG
JI435_003140	QRC90796.1	MFS-type efflux transporter phmH
JI435_003150	QRC90797.1	sulfate adenylyltransferase
JI435_003160	QRC90798.1	3'-phosphoadenylylsulfate reductase
JI435_003170	QRC90799.1	hypothetical protein
JI435_003180	QRC90800.1	hypothetical protein
JI435_003190	QRC90801.1	ATP synthase subunit delta
JI435_003200	QRC90802.1	DASH complex subunit SPC19
JI435_003210	QRC90803.1	hypothetical protein
JI435_003220	QRC90804.1	hypothetical protein
JI435_003230	QRC90805.1	hypothetical protein
JI435_003240	QRC90806.1	hypothetical protein
JI435_003250	QRC90807.1	hypothetical protein
JI435_003260	QRC90808.1	hypothetical protein
JI435_003270	QRC90809.1	hypothetical protein
JI435_003280	QRC90810.1	hypothetical protein
JI435_003290	QRC90811.1	hypothetical protein
JI435_003300	QRC90812.1	SURF1-like protein
JI435_003310	QRC90813.1	hypothetical protein
JI435_003320	QRC90814.1	hypothetical protein
JI435_003330	QRC90815.1	hypothetical protein
JI435_003340	QRC90817.1	hypothetical protein
JI435_003350	QRC90818.1	hypothetical protein
JI435_003360	QRC90819.1	hypothetical protein
JI435_003370	QRC90820.1	hypothetical protein
JI435_003380	QRC90821.1	hypothetical protein
JI435_003390	QRC90822.1	bifunctional lycopene cyclase/phytoene synthase
JI435_003400	QRC90823.1	hypothetical protein
JI435_003410	QRC90824.1	hypothetical protein
JI435_003420	QRC90825.1	hypothetical protein
JI435_003430	QRC90826.1	hypothetical protein
JI435_003440	QRC90827.1	hypothetical protein
JI435_003450	QRC90828.1	hypothetical protein
JI435_003460	QRC90829.1	delta-sterol reductase
JI435_003470	QRC90830.1	hypothetical protein
JI435_003480	QRC90831.1	hypothetical protein
JI435_003490	QRC90832.1	hypothetical protein
JI435_003500	QRC90833.1	hypothetical protein
JI435_003510	QRC90834.1	hypothetical protein
JI435_003520	QRC90835.1	hypothetical protein
JI435_003530	QRC90836.1	hypothetical protein
JI435_003540	QRC90837.1	hypothetical protein
JI435_003550	QRC90838.1	aspartate--tRNA (Asp) ligase
JI435_003560	QRC90839.1	hypothetical protein
JI435_003600	QRC90840.1	hypothetical protein
JI435_003610	QRC90842.1	hypothetical protein
JI435_003620	QRC90843.1	hypothetical protein
JI435_003650	QRC90844.1	hypothetical protein
JI435_003660	QRC90846.1	hypothetical protein
JI435_003670	QRC90847.1	histidine--tRNA (His) ligase
JI435_003680	QRC90848.1	hypothetical protein
JI435_003690	QRC90849.1	hypothetical protein
JI435_003700	QRC90850.1	hypothetical protein
JI435_003730	QRC90851.1	hypothetical protein
JI435_003740	QRC90852.1	hypothetical protein
JI435_003750	QRC90853.1	mating-type protein MAT-1
JI435_003770	QRC90855.1	hypothetical protein
JI435_003780	QRC90856.1	cytochrome c oxidase subunit
JI435_003790	QRC90857.1	hypothetical protein
JI435_003810	QRC90858.1	hypothetical protein
JI435_003820	QRC90859.1	hypothetical protein
JI435_003840	QRC90860.1	hypothetical protein
JI435_003850	QRC90861.1	translation machinery-associated protein 22
JI435_003870	QRC90862.1	hypothetical protein
JI435_003880	QRC90863.1	mediator of RNA polymerase II transcription subunit 12
JI435_003890	QRC90864.1	hypothetical protein
JI435_003900	QRC90866.1	phosphoribosylaminoimidazole-succinocarboxamide synthase
JI435_003910	QRC90867.1	hypothetical protein
JI435_003920	QRC90868.1	hypothetical protein
JI435_003930	QRC90869.1	hypothetical protein
JI435_003940	QRC90870.1	hypothetical protein
JI435_003950	QRC90871.1	hypothetical protein
JI435_003960	QRC90872.1	hypothetical protein
JI435_003970	QRC90873.1	hypothetical protein
JI435_003980	QRC90875.1	hypothetical protein
JI435_003990	QRC90877.1	hypothetical protein
JI435_004000	QRC90878.1	hypothetical protein
JI435_004010	QRC90879.1	hypothetical protein
JI435_004020	QRC90881.1	hypothetical protein
JI435_004030	QRC90882.1	hypothetical protein
JI435_004050	QRC90884.1	hypothetical protein
JI435_004060	QRC90885.1	hypothetical protein
JI435_004080	QRC90887.1	isoleucine--tRNA (Ile) ligase
JI435_004100	QRC90888.1	hypothetical protein
JI435_004110	QRC90889.1	hypothetical protein
JI435_004120	QRC90891.1	hypothetical protein
JI435_004130	QRC90892.1	hypothetical protein
JI435_004140	QRC90896.1	rhamnogalacturonate lyase
JI435_004160	QRC90897.1	hypothetical protein
JI435_004200	QRC90902.1	hypothetical protein
JI435_004210	QRC90904.1	inosine-5'-monophosphate dehydrogenase
JI435_004220	QRC90905.1	hypothetical protein
JI435_004230	QRC90906.1	hypothetical protein
JI435_004240	QRC90907.1	hypothetical protein
JI435_004250	QRC90908.1	hypothetical protein
JI435_004260	QRC90909.1	hypothetical protein
JI435_004270	QRC90910.1	hypothetical protein
JI435_004280	QRC90911.1	hypothetical protein
JI435_004290	QRC90912.1	hypothetical protein
JI435_004300	QRC90914.1	decarboxylating 6-phosphogluconate dehydrogenase
JI435_004310	QRC90915.1	hypothetical protein
JI435_004320	QRC90917.1	hypothetical protein
JI435_004330	QRC90918.1	hypothetical protein
JI435_004340	QRC90919.1	hypothetical protein
JI435_004370	QRC90922.1	hypothetical protein
JI435_004380	QRC90923.1	hypothetical protein
JI435_004390	QRC90924.1	hypothetical protein
JI435_004410	QRC90926.1	hypothetical protein
JI435_004420	QRC90929.1	hypothetical protein
JI435_004430	QRC90930.1	mitochondrial import inner membrane translocase subunit TIM50
JI435_004450	QRC90931.1	alpha-1,2-Mannosidase
JI435_004480	QRC90934.1	hypothetical protein
JI435_004500	QRC90935.1	hypothetical protein
JI435_004510	QRC90936.1	hypothetical protein
JI435_004520	QRC90937.1	hypothetical protein
JI435_004530	QRC90939.1	alkaline phosphatase
JI435_004540	QRC90940.1	hypothetical protein
JI435_004550	QRC90941.1	DNA-directed RNA polymerase III subunit RPC6
JI435_004560	QRC90942.1	hypothetical protein
JI435_004570	QRC90944.1	hypothetical protein
JI435_004580	QRC90945.1	hypothetical protein
JI435_004590	QRC90946.1	hypothetical protein
JI435_004610	QRC90948.1	chromatin modification-related protein
JI435_004630	QRC90949.1	hypothetical protein
JI435_004640	QRC90951.1	hypothetical protein
JI435_004650	QRC90952.1	hypothetical protein
JI435_004660	QRC90954.1	hypothetical protein
JI435_004670	QRC90955.1	hypothetical protein
JI435_004680	QRC90956.1	hypothetical protein
JI435_004710	QRC90961.1	hypothetical protein
JI435_004720	QRC90962.1	60S ribosomal protein L23
JI435_004750	QRC90965.1	hypothetical protein
JI435_004770	QRC90967.1	mellein synthase
JI435_004790	QRC90968.1	hypothetical protein
JI435_004800	QRC90969.1	hypothetical protein
JI435_004820	QRC90971.1	hypothetical protein
JI435_004830	QRC90973.1	hypothetical protein
JI435_004840	QRC90974.1	hypothetical protein
JI435_004850	QRC90975.1	hypothetical protein
JI435_004860	QRC90976.1	hypothetical protein
JI435_004870	QRC90977.1	hypothetical protein
JI435_004880	QRC90979.1	hypothetical protein
JI435_004890	QRC90980.1	hypothetical protein
JI435_004900	QRC90981.1	hypothetical protein
JI435_004910	QRC90982.1	hypothetical protein
JI435_004920	QRC90983.1	hypothetical protein
JI435_004930	QRC90984.1	metalloproteinase
JI435_004940	QRC90985.1	hypothetical protein
JI435_004980	QRC90989.1	hypothetical protein
JI435_004990	QRC90990.1	hypothetical protein
JI435_005010	QRC90992.1	hypothetical protein
JI435_005030	QRC90993.1	hypothetical protein
JI435_005040	QRC90994.1	hypothetical protein
JI435_005050	QRC90995.1	hypothetical protein
JI435_005060	QRC90996.1	hypothetical protein
JI435_005070	QRC90997.1	hypothetical protein
JI435_005080	QRC90998.1	histone deacetylase
JI435_005090	QRC90999.1	26S proteasome regulatory subunit RPN11
JI435_005100	QRC91000.1	hypothetical protein
JI435_005110	QRC91003.1	hypothetical protein
JI435_005130	QRC91004.1	hypothetical protein
JI435_005180	QRC91011.1	hypothetical protein
JI435_005190	QRC91013.1	hypothetical protein
JI435_005200	QRC91014.1	hypothetical protein
JI435_005210	QRC91015.1	hypothetical protein
JI435_005220	QRC91016.1	hypothetical protein
JI435_005230	QRC91021.1	hypothetical protein
JI435_005240	QRC91022.1	structure-specific endonuclease subunit SLX4
JI435_005310	QRC91027.1	hypothetical protein
JI435_005360	QRC91030.1	hypothetical protein
JI435_005370	QRC91031.1	hypothetical protein
JI435_005380	QRC91032.1	hypothetical protein
JI435_005390	QRC91034.1	hypothetical protein
JI435_005400	QRC91035.1	hypothetical protein
JI435_005410	QRC91036.1	hypothetical protein
JI435_005430	QRC91037.1	hypothetical protein
JI435_005460	QRC91039.1	SUA7-suppressor-like protein
JI435_005470	QRC91040.1	hypothetical protein
JI435_005480	QRC91041.1	hypothetical protein
JI435_005490	QRC91043.1	hypothetical protein
JI435_005500	QRC91045.1	hypothetical protein
JI435_005510	QRC91047.1	hypothetical protein
JI435_005530	QRC91048.1	40S ribosomal protein S19
JI435_005540	QRC91049.1	hypothetical protein
JI435_005550	QRC91050.1	hypothetical protein
JI435_005560	QRC91051.1	hypothetical protein
JI435_005570	QRC91052.1	non-reducing end alpha-L-arabinofuranosidase
JI435_005580	QRC91053.1	hypothetical protein
JI435_005590	QRC91054.1	hypothetical protein
JI435_005600	QRC91055.1	protein translation-related protein DOM34-like protein
JI435_005610	QRC91056.1	hypothetical protein
JI435_005620	QRC91060.1	hypothetical protein
JI435_005630	QRC91061.1	hypothetical protein
JI435_005640	QRC91062.1	hypothetical protein
JI435_005650	QRC91063.1	hypothetical protein
JI435_005690	QRC91066.1	hypothetical protein
JI435_005700	QRC91067.1	hypothetical protein
JI435_005710	QRC91068.1	hypothetical protein
JI435_005720	QRC91069.1	hypothetical protein
JI435_005740	QRC91070.1	hypothetical protein
JI435_005750	QRC91071.1	hypothetical protein
JI435_005770	QRC91075.1	hypothetical protein
JI435_005780	QRC91076.1	hypothetical protein
JI435_005790	QRC91078.1	hypothetical protein
JI435_005800	QRC91079.1	hypothetical protein
JI435_005810	QRC91080.1	hypothetical protein
JI435_005830	QRC91082.1	hypothetical protein
JI435_005850	QRC91084.1	hypothetical protein
JI435_005860	QRC91085.1	hypothetical protein
JI435_005870	QRC91086.1	hypothetical protein
JI435_005880	QRC91087.1	hypothetical protein
JI435_005890	QRC91088.1	hypothetical protein
JI435_005900	QRC91090.1	hypothetical protein
JI435_005920	QRC91092.1	phenylalanine--tRNA (Phe) ligase
JI435_005930	QRC91093.1	hypothetical protein
JI435_005940	QRC91094.1	hypothetical protein
JI435_005950	QRC91095.1	hypothetical protein
JI435_005960	QRC91096.1	hypothetical protein
JI435_005970	QRC91097.1	hypothetical protein
JI435_005980	QRC91099.1	hypothetical protein
JI435_005990	QRC91100.1	hypothetical protein
JI435_006000	QRC91102.1	hypothetical protein
JI435_006020	QRC91103.1	hypothetical protein
JI435_006040	QRC91105.1	dipeptidase
JI435_006050	QRC91106.1	hypothetical protein
JI435_006060	QRC91107.1	hypothetical protein
JI435_006080	QRC91111.1	hypothetical protein
JI435_006090	QRC91112.1	hypothetical protein
JI435_006100	QRC91113.1	hypothetical protein
JI435_006110	QRC91114.1	hypothetical protein
JI435_006120	QRC91116.1	hypothetical protein
JI435_006130	QRC91117.1	hypothetical protein
JI435_006140	QRC91118.1	hypothetical protein
JI435_006150	QRC91119.1	hypothetical protein
JI435_006160	QRC91120.1	hypothetical protein
JI435_006170	QRC91121.1	hypothetical protein
JI435_006180	QRC91122.1	hypothetical protein
JI435_006200	QRC91124.1	hypothetical protein
JI435_006220	QRC91127.1	hypothetical protein
JI435_006230	QRC91128.1	hypothetical protein
JI435_006240	QRC91129.1	hypothetical protein
JI435_006260	QRC91130.1	elongation factor G
JI435_006270	QRC91131.1	hypothetical protein
JI435_006300	QRC91133.1	hypothetical protein
JI435_006310	QRC91134.1	hypothetical protein
JI435_006340	QRC91137.1	hypothetical protein
JI435_006370	QRC91139.1	hypothetical protein
JI435_006380	QRC91140.1	hypothetical protein
JI435_006390	QRC91141.1	hypothetical protein
JI435_006400	QRC91142.1	hypothetical protein
JI435_006410	QRC91143.1	hypothetical protein
JI435_006420	QRC91144.1	hypothetical protein
JI435_006430	QRC91145.1	hypothetical protein
JI435_006440	QRC91146.1	nicotinate phosphoribosyltransferase
JI435_006450	QRC91147.1	hypothetical protein
JI435_006460	QRC91148.1	hypothetical protein
JI435_006470	QRC91149.1	hypothetical protein
JI435_006480	QRC91150.1	hypothetical protein
JI435_006490	QRC91151.1	Zn2Cys6 binuclear cluster transcription factor PnPf2
JI435_006520	QRC91153.1	hypothetical protein
JI435_006530	QRC91154.1	hypothetical protein
JI435_006540	QRC91155.1	hypothetical protein
JI435_006550	QRC91156.1	hypothetical protein
JI435_006560	QRC91157.1	hypothetical protein
JI435_006570	QRC91158.1	glucosamine 6-phosphate N-acetyltransferase
JI435_006580	QRC91159.1	hypothetical protein
JI435_006590	QRC91160.1	hypothetical protein
JI435_006630	QRC91161.1	hypothetical protein
JI435_006650	QRC91163.1	hypothetical protein
JI435_006660	QRC91164.1	hypothetical protein
JI435_006670	QRC91166.1	hypothetical protein
JI435_006680	QRC91167.1	protein YAE1
JI435_006700	QRC91169.1	hypothetical protein
JI435_006710	QRC91170.1	hypothetical protein
JI435_006720	QRC91171.1	hypothetical protein
JI435_006730	QRC91173.1	hypothetical protein
JI435_006740	QRC91174.1	hypothetical protein
JI435_006760	QRC91176.1	hypothetical protein
JI435_006770	QRC91177.1	hypothetical protein
JI435_006790	QRC91178.1	hypothetical protein
JI435_006800	QRC91179.1	hypothetical protein
JI435_006810	QRC91180.1	hypothetical protein
JI435_006820	QRC91181.1	hypothetical protein
JI435_006830	QRC91182.1	hypothetical protein
JI435_006850	QRC91183.1	hypothetical protein
JI435_006860	QRC91184.1	hypothetical protein
JI435_006870	QRC91185.1	hypothetical protein
JI435_006890	QRC91186.1	hypothetical protein
JI435_006900	QRC91188.1	DNA polymerase
JI435_006910	QRC91189.1	hypothetical protein
JI435_006940	QRC91191.1	hypothetical protein
JI435_006950	QRC91193.1	hypothetical protein
JI435_006960	QRC91194.1	hypothetical protein
JI435_006970	QRC91195.1	1-phosphatidylinositol-3-phosphate 5-kinase
JI435_006990	QRC91196.1	hypothetical protein
JI435_007000	QRC91197.1	hypothetical protein
JI435_007010	QRC91198.1	hypothetical protein
JI435_007030	QRC91199.1	hypothetical protein
JI435_007040	QRC91200.1	hypothetical protein
JI435_007060	QRC91202.1	hypothetical protein
JI435_007080	QRC91203.1	hypothetical protein
JI435_007090	QRC91204.1	hypothetical protein
JI435_007100	QRC91206.1	hypothetical protein
JI435_007110	QRC91207.1	hypothetical protein
JI435_007120	QRC91208.1	hypothetical protein
JI435_007130	QRC91211.1	kynurenine 3-monooxygenase
JI435_007140	QRC91212.1	methionine aminopeptidase isoform B
JI435_007150	QRC91215.1	hypothetical protein
JI435_007160	QRC91216.1	hypothetical protein
JI435_007180	QRC91218.1	hypothetical protein
JI435_007190	QRC91220.1	hypothetical protein
JI435_007200	QRC91221.1	hypothetical protein
JI435_007260	QRC91224.1	hypothetical protein
JI435_007280	QRC91226.1	hypothetical protein
JI435_007290	QRC91227.1	glycerophosphocholine acyltransferase
JI435_007300	QRC91228.1	chromosome structural maintenance protein
JI435_007310	QRC91229.1	hypothetical protein
JI435_007320	QRC91230.1	hypothetical protein
JI435_007330	QRC91231.1	hypothetical protein
JI435_007340	QRC91232.1	hypothetical protein
JI435_007350	QRC91233.1	hypothetical protein
JI435_007360	QRC91234.1	hypothetical protein
JI435_007370	QRC91235.1	hypothetical protein
JI435_007380	QRC91236.1	hypothetical protein
JI435_007390	QRC91237.1	hypothetical protein
JI435_007400	QRC91238.1	hypothetical protein
JI435_007410	QRC91239.1	GPI mannosyltransferase 1
JI435_007420	QRC91240.1	hypothetical protein
JI435_007430	QRC91241.1	hypothetical protein
JI435_007440	QRC91242.1	hypothetical protein
JI435_007450	QRC91243.1	hypothetical protein
JI435_007460	QRC91244.1	hypothetical protein
JI435_007470	QRC91245.1	hypothetical protein
JI435_007490	QRC91247.1	hypothetical protein
JI435_007500	QRC91248.1	tyrosine--tRNA (Tyr) ligase
JI435_007510	QRC91249.1	hypothetical protein
JI435_007520	QRC91251.1	hypothetical protein
JI435_007540	QRC91252.1	hypothetical protein
JI435_007550	QRC91253.1	squalene synthase
JI435_007570	QRC91255.1	hypothetical protein
JI435_007580	QRC91256.1	hypothetical protein
JI435_007600	QRC91257.1	hypothetical protein
JI435_007610	QRC91259.1	hypothetical protein
JI435_007620	QRC91260.1	hypothetical protein
JI435_007640	QRC91261.1	hypothetical protein
JI435_007660	QRC91262.1	hypothetical protein
JI435_007670	QRC91263.1	hypothetical protein
JI435_007690	QRC91265.1	hypothetical protein
JI435_007700	QRC91267.1	hypothetical protein
JI435_007710	QRC91268.1	hypothetical protein
JI435_007740	QRC91273.1	hypothetical protein
JI435_007760	QRC91275.1	hypothetical protein
JI435_007770	QRC91276.1	hypothetical protein
JI435_007780	QRC91277.1	ribosomal protein
JI435_007790	QRC91278.1	hypothetical protein
JI435_007810	QRC91279.1	hypothetical protein
JI435_007820	QRC91280.1	hypothetical protein
JI435_007830	QRC91281.1	hypothetical protein
JI435_007840	QRC91282.1	hypothetical protein
JI435_007870	QRC91284.1	hypothetical protein
JI435_007880	QRC91285.1	hypothetical protein
JI435_007890	QRC91286.1	hypothetical protein
JI435_007900	QRC91287.1	hypothetical protein
JI435_007910	QRC91289.1	hypothetical protein
JI435_007940	QRC91290.1	hypothetical protein
JI435_007950	QRC91291.1	hypothetical protein
JI435_007960	QRC91292.1	hypothetical protein
JI435_007970	QRC91293.1	hypothetical protein
JI435_007980	QRC91294.1	hypothetical protein
JI435_007990	QRC91296.1	hypothetical protein
JI435_008010	QRC91297.1	hypothetical protein
JI435_008020	QRC91298.1	hypothetical protein
JI435_008030	QRC91299.1	hypothetical protein
JI435_008050	QRC91300.1	hypothetical protein
JI435_008060	QRC91301.1	hypothetical protein
JI435_008070	QRC91303.1	hypothetical protein
JI435_008090	QRC91306.1	hypothetical protein
JI435_008100	QRC91307.1	hypothetical protein
JI435_008110	QRC91308.1	hypothetical protein
JI435_008120	QRC91309.1	hypothetical protein
JI435_008130	QRC91310.1	hypothetical protein
JI435_008140	QRC91311.1	hypothetical protein
JI435_008150	QRC91312.1	hypothetical protein
JI435_008160	QRC91313.1	hypothetical protein
JI435_008170	QRC91314.1	26S proteasome regulatory subunit RPN2
JI435_008180	QRC91315.1	mRNA-capping enzyme subunit beta
JI435_008190	QRC91316.1	pyruvate kinase
JI435_008200	QRC91318.1	hypothetical protein
JI435_008210	QRC91319.1	hypothetical protein
JI435_008220	QRC91320.1	hypothetical protein
JI435_008260	QRC91326.1	hypothetical protein
JI435_008280	QRC91327.1	hypothetical protein
JI435_008290	QRC91329.1	hypothetical protein
JI435_008300	QRC91330.1	hypothetical protein
JI435_008310	QRC91331.1	hypothetical protein
JI435_008320	QRC91332.1	fructose-bisphosphate aldolase
JI435_008330	QRC91333.1	DNA mismatch repair protein
JI435_008350	QRC91335.1	hypothetical protein
JI435_008360	QRC91336.1	hypothetical protein
JI435_008370	QRC91337.1	pescadillo
JI435_008380	QRC91338.1	hypothetical protein
JI435_008390	QRC91339.1	hypothetical protein
JI435_008400	QRC91340.1	hypothetical protein
JI435_008410	QRC91341.1	hypothetical protein
JI435_008420	QRC91342.1	folylpolyglutamate synthase
JI435_008440	QRC91343.1	hypothetical protein
JI435_008470	QRC91345.1	hypothetical protein
JI435_008480	QRC91346.1	peptidylprolyl isomerase
JI435_008490	QRC91349.1	hypothetical protein
JI435_008510	QRC91350.1	hypothetical protein
JI435_008530	QRC91351.1	hypothetical protein
JI435_008540	QRC91352.1	hypothetical protein
JI435_008550	QRC91353.1	octanoyltransferase
JI435_008560	QRC91354.1	hypothetical protein
JI435_008590	QRC91355.1	hypothetical protein
JI435_008610	QRC91357.1	hypothetical protein
JI435_008620	QRC91359.1	hypothetical protein
JI435_008630	QRC91360.1	hypothetical protein
JI435_008650	QRC91362.1	chitinase
JI435_008680	QRC91364.1	hypothetical protein
JI435_008690	QRC91365.1	hypothetical protein
JI435_008700	QRC91366.1	hypothetical protein
JI435_008710	QRC91367.1	hypothetical protein
JI435_008720	QRC91368.1	hypothetical protein
JI435_008730	QRC91369.1	hypothetical protein
JI435_008740	QRC91370.1	anaphase-promoting complex subunit 11
JI435_008750	QRC91371.1	hypothetical protein
JI435_008760	QRC91372.1	hypothetical protein
JI435_008770	QRC91373.1	hypothetical protein
JI435_008780	QRC91374.1	hypothetical protein
JI435_008790	QRC91375.1	hypothetical protein
JI435_008800	QRC91376.1	hypothetical protein
JI435_008810	QRC91377.1	hypothetical protein
JI435_008820	QRC91378.1	hypothetical protein
JI435_008830	QRC91379.1	hypothetical protein
JI435_008860	QRC91380.1	hypothetical protein
JI435_008870	QRC91381.1	hypothetical protein
JI435_008880	QRC91383.1	hypothetical protein
JI435_008890	QRC91384.1	hypothetical protein
JI435_008900	QRC91385.1	hypothetical protein
JI435_008910	QRC91386.1	hypothetical protein
JI435_008920	QRC91389.1	hypothetical protein
JI435_008960	QRC91392.1	glycylpeptide N-tetradecanoyltransferase
JI435_008970	QRC91393.1	hypothetical protein
JI435_008980	QRC91394.1	hypothetical protein
JI435_008990	QRC91395.1	succinate-semialdehyde dehydrogenase Sdh1
JI435_009000	QRC91396.1	hypothetical protein
JI435_009010	QRC91397.1	6-phosphogluconolactonase
JI435_009020	QRC91398.1	hypothetical protein
JI435_009030	QRC91399.1	hypothetical protein
JI435_009040	QRC91400.1	hypothetical protein
JI435_009050	QRC91401.1	hypothetical protein
JI435_009080	QRC91403.1	hypothetical protein
JI435_009090	QRC91405.1	hypothetical protein
JI435_009110	QRC91406.1	FACT complex subunit POB3
JI435_009130	QRC91407.1	hypothetical protein
JI435_009140	QRC91408.1	hypothetical protein
JI435_009150	QRC91409.1	hypothetical protein
JI435_009160	QRC91410.1	hypothetical protein
JI435_009170	QRC91411.1	hypothetical protein
JI435_009180	QRC91412.1	hypothetical protein
JI435_009190	QRC91413.1	tRNA N6-adenosine threonylcarbamoyltransferase
JI435_009200	QRC91414.1	hypothetical protein
JI435_009210	QRC91415.1	hypothetical protein
JI435_009220	QRC91416.1	hypothetical protein
JI435_009230	QRC91417.1	hypothetical protein
JI435_009240	QRC91418.1	hypothetical protein
JI435_009260	QRC91420.1	hypothetical protein
JI435_009270	QRC91421.1	hypothetical protein
JI435_009280	QRC91422.1	hypothetical protein
JI435_009300	QRC91423.1	hypothetical protein
JI435_009310	QRC91424.1	carboxylic ester hydrolase
JI435_009320	QRC91425.1	hypothetical protein
JI435_009330	QRC91426.1	hypothetical protein
JI435_009350	QRC91427.1	fumarylacetoacetase
JI435_009360	QRC91428.1	mannose-P-dolichol utilization defect 1-like protein
JI435_009370	QRC91429.1	hypothetical protein
JI435_009380	QRC91430.1	hypothetical protein
JI435_009390	QRC91431.1	hypothetical protein
JI435_009400	QRC91432.1	hypothetical protein
JI435_009410	QRC91433.1	hypothetical protein
JI435_009430	QRC91434.1	hypothetical protein
JI435_009460	QRC91437.1	hypothetical protein
JI435_009470	QRC91438.1	hypothetical protein
JI435_009490	QRC91440.1	hypothetical protein
JI435_009500	QRC91441.1	hypothetical protein
JI435_009510	QRC91442.1	hypothetical protein
JI435_009520	QRC91443.1	hypothetical protein
JI435_009530	QRC91444.1	hypothetical protein
JI435_009540	QRC91446.1	hypothetical protein
JI435_009550	QRC91447.1	DNA helicase
JI435_009560	QRC91448.1	hypothetical protein
JI435_009580	QRC91449.1	hypothetical protein
JI435_009590	QRC91450.1	hypothetical protein
JI435_009600	QRC91451.1	hypothetical protein
JI435_009610	QRC91452.1	hypothetical protein
JI435_009620	QRC91453.1	hypothetical protein
JI435_009630	QRC91454.1	peptide hydrolase
JI435_009640	QRC91455.1	hypothetical protein
JI435_009670	QRC91458.1	hypothetical protein
JI435_009680	QRC91459.1	hypothetical protein
JI435_009690	QRC91460.1	hypothetical protein
JI435_009700	QRC91461.1	hypothetical protein
JI435_009710	QRC91462.1	carboxylic ester hydrolase
JI435_009720	QRC91463.1	hypothetical protein
JI435_009740	QRC91464.1	hypothetical protein
JI435_009760	QRC91465.1	COP9 signalosome complex subunit 2
JI435_009770	QRC91467.1	hypothetical protein
JI435_009780	QRC91468.1	hypothetical protein
JI435_009790	QRC91470.1	hypothetical protein
JI435_009800	QRC91471.1	hypothetical protein
JI435_009810	QRC91472.1	hypothetical protein
JI435_009820	QRC91473.1	mannose-1-phosphate guanylyltransferase
JI435_009830	QRC91474.1	40S ribosomal protein RPS27
JI435_009840	QRC91475.1	phosphodeoxyriboaldolase
JI435_009850	QRC91476.1	hypothetical protein
JI435_009860	QRC91477.1	hypothetical protein
JI435_009870	QRC91479.1	hypothetical protein
JI435_009880	QRC91480.1	hypothetical protein
JI435_009890	QRC91481.1	hypothetical protein
JI435_009900	QRC91482.1	hypothetical protein
JI435_009910	QRC91483.1	hypothetical protein
JI435_009920	QRC91484.1	hypothetical protein
JI435_009930	QRC91485.1	hypothetical protein
JI435_009940	QRC91488.1	hypothetical protein
JI435_009960	QRC91493.1	separase
JI435_009970	QRC91494.1	hypothetical protein
JI435_009990	QRC91496.1	hypothetical protein
JI435_010000	QRC91497.1	hypothetical protein
JI435_010010	QRC91498.1	hypothetical protein
JI435_010020	QRC91499.1	hypothetical protein
JI435_010030	QRC91500.1	hypothetical protein
JI435_010040	QRC91501.1	dolichol phosphate mannose biosynthesis regulatory protein
JI435_010050	QRC91502.1	hypothetical protein
JI435_010060	QRC91504.1	hypothetical protein
JI435_010070	QRC91505.1	hypothetical protein
JI435_010090	QRC91506.1	glutathione S-transferase kappa
JI435_010100	QRC91507.1	hypothetical protein
JI435_010120	QRC91509.1	hypothetical protein
JI435_010140	QRC91510.1	hypothetical protein
JI435_010150	QRC91512.1	hypothetical protein
JI435_010160	QRC91513.1	hypothetical protein
JI435_010170	QRC91514.1	hypothetical protein
JI435_010190	QRC91515.1	hypothetical protein
JI435_010200	QRC91517.1	hypothetical protein
JI435_010220	QRC91519.1	hypothetical protein
JI435_010230	QRC91520.1	respiratory supercomplex factor 1
JI435_010240	QRC91521.1	hypothetical protein
JI435_010260	QRC91522.1	hypothetical protein
JI435_010290	QRC91524.1	hypothetical protein
JI435_010300	QRC91526.1	hypothetical protein
JI435_010310	QRC91527.1	FACT complex subunit
JI435_010320	QRC91528.1	hypothetical protein
JI435_010330	QRC91529.1	hypothetical protein
JI435_010340	QRC91530.1	hypothetical protein
JI435_010350	QRC91533.1	hypothetical protein
JI435_010370	QRC91534.1	hypothetical protein
JI435_010380	QRC91535.1	hypothetical protein
JI435_010400	QRC91536.1	hypothetical protein
JI435_010420	QRC91537.1	hypothetical protein
JI435_010430	QRC91538.1	hypothetical protein
JI435_010440	QRC91539.1	hypothetical protein
JI435_010450	QRC91540.1	hypothetical protein
JI435_010460	QRC91541.1	hypothetical protein
JI435_010470	QRC91543.1	hypothetical protein
JI435_010480	QRC91544.1	hypothetical protein
JI435_010490	QRC91545.1	hypothetical protein
JI435_010510	QRC91547.1	hypothetical protein
JI435_010520	QRC91548.1	hypothetical protein
JI435_010530	QRC91549.1	hypothetical protein
JI435_010550	QRC91550.1	hypothetical protein
JI435_010560	QRC91551.1	hypothetical protein
JI435_010570	QRC91552.1	hypothetical protein
JI435_010590	QRC91554.1	hypothetical protein
JI435_010600	QRC91555.1	hypothetical protein
JI435_010610	QRC91556.1	hypothetical protein
JI435_010620	QRC91557.1	hypothetical protein
JI435_010630	QRC91558.1	hypothetical protein
JI435_010640	QRC91560.1	hypothetical protein
JI435_010670	QRC91563.1	hypothetical protein
JI435_010680	QRC91564.1	hypothetical protein
JI435_010700	QRC91566.1	delta-sterol reductase
JI435_010710	QRC91568.1	hypothetical protein
JI435_010720	QRC91569.1	delta-sterol reductase
JI435_010730	QRC91570.1	hypothetical protein
JI435_010740	QRC91571.1	hypothetical protein
JI435_010810	QRC91579.1	hypothetical protein
JI435_010820	QRC91581.1	hypothetical protein
JI435_010830	QRC91582.1	hypothetical protein
JI435_010850	QRC91583.1	hypothetical protein
JI435_010860	QRC91585.1	MICOS complex subunit MIC60
JI435_010870	QRC91586.1	hypothetical protein
JI435_010880	QRC91588.1	hypothetical protein
JI435_010890	QRC91589.1	hypothetical protein
JI435_010910	QRC91590.1	hypothetical protein
JI435_010920	QRC91591.1	hypothetical protein
JI435_010930	QRC91593.1	hypothetical protein
JI435_010940	QRC91595.1	hypothetical protein
JI435_010970	QRC91597.1	hypothetical protein
JI435_010980	QRC91598.1	hypothetical protein
JI435_010990	QRC91599.1	hypothetical protein
JI435_011000	QRC91600.1	hypothetical protein
JI435_011010	QRC91601.1	hypothetical protein
JI435_011020	QRC91602.1	hypothetical protein
JI435_011030	QRC91603.1	hypothetical protein
JI435_011050	QRC91604.1	hypothetical protein
JI435_011060	QRC91605.1	hypothetical protein
JI435_011070	QRC91606.1	hypothetical protein
JI435_011080	QRC91607.1	hypothetical protein
JI435_011090	QRC91608.1	hypothetical protein
JI435_011100	QRC91609.1	hypothetical protein
JI435_011120	QRC91610.1	hypothetical protein
JI435_011140	QRC91612.1	hypothetical protein
JI435_011150	QRC91613.1	hypothetical protein
JI435_011160	QRC91614.1	hypothetical protein
JI435_011190	QRC91615.1	hypothetical protein
JI435_011200	QRC91616.1	threonine dehydratase
JI435_011210	QRC91617.1	hypothetical protein
JI435_011240	QRC96159.1	hypothetical protein
JI435_011250	QRC96160.1	hypothetical protein
JI435_011260	QRC96161.1	hypothetical protein
JI435_011270	QRC96162.1	hypothetical protein
JI435_011280	QRC96164.1	hypothetical protein
JI435_011310	QRC96165.1	hypothetical protein
JI435_011320	QRC96168.1	phosphoserine transaminase
JI435_011330	QRC96170.1	hypothetical protein
JI435_011340	QRC96172.1	hypothetical protein
JI435_011350	QRC96173.1	leucine--tRNA (Leu) ligase
JI435_011360	QRC96174.1	hypothetical protein
JI435_011370	QRC96175.1	hypothetical protein
JI435_011380	QRC96176.1	hypothetical protein
JI435_011390	QRC96177.1	actin subunit gamma
JI435_011400	QRC96178.1	Hsp70 nucleotide exchange factor FES1
JI435_011410	QRC96179.1	hypothetical protein
JI435_011420	QRC96180.1	hypothetical protein
JI435_011430	QRC96181.1	hypothetical protein
JI435_011450	QRC96182.1	hypothetical protein
JI435_011460	QRC96184.1	hypothetical protein
JI435_011470	QRC96185.1	hypothetical protein
JI435_011480	QRC96186.1	hypothetical protein
JI435_011490	QRC96187.1	hypothetical protein
JI435_011500	QRC96188.1	carboxylic ester hydrolase
JI435_011510	QRC96189.1	hypothetical protein
JI435_011520	QRC96192.1	hypothetical protein
JI435_011530	QRC96194.1	peroxidase
JI435_011540	QRC96195.1	hypothetical protein
JI435_011550	QRC96196.1	hypothetical protein
JI435_011580	QRC96197.1	hypothetical protein
JI435_011590	QRC96198.1	hypothetical protein
JI435_011600	QRC96199.1	hypothetical protein
JI435_011610	QRC96201.1	hypothetical protein
JI435_011630	QRC96202.1	formate dehydrogenase
JI435_011640	QRC96203.1	hypothetical protein
JI435_011650	QRC96205.1	hypothetical protein
JI435_011680	QRC96208.1	hypothetical protein
JI435_011690	QRC96212.1	hypothetical protein
JI435_011700	QRC96214.1	hypothetical protein
JI435_011710	QRC96215.1	hypothetical protein
JI435_011720	QRC96218.1	hypothetical protein
JI435_011730	QRC96219.1	hypothetical protein
JI435_011740	QRC96220.1	checkpoint protein
JI435_011770	QRC96224.1	hypothetical protein
JI435_011780	QRC96225.1	hypothetical protein
JI435_011820	QRC96226.1	hypothetical protein
JI435_011830	QRC96227.1	hypothetical protein
JI435_011840	QRC96230.1	hypothetical protein
JI435_011850	QRC96232.1	hypothetical protein
JI435_011860	QRC96233.1	hypothetical protein
JI435_011870	QRC96234.1	hypothetical protein
JI435_011890	QRC96235.1	hypothetical protein
JI435_011900	QRC96236.1	hypothetical protein
JI435_011910	QRC96237.1	hypothetical protein
JI435_011920	QRC96238.1	hypothetical protein
JI435_011930	QRC96239.1	hypothetical protein
JI435_011940	QRC96240.1	hypothetical protein
JI435_011950	QRC96241.1	hypothetical protein
JI435_011960	QRC96242.1	peptide hydrolase
JI435_011980	QRC96243.1	histone-lysine N-methyltransferase
JI435_011990	QRC96247.1	hypothetical protein
JI435_012000	QRC96250.1	hypothetical protein
JI435_012010	QRC96251.1	hypothetical protein
JI435_012020	QRC96252.1	hypothetical protein
JI435_012030	QRC96253.1	hypothetical protein
JI435_012040	QRC96256.1	hypothetical protein
JI435_012050	QRC96257.1	RuvB-like helicase
JI435_012060	QRC96259.1	histone H3-trimethyl-L-lysine(9) demethylase isoform A
JI435_012080	QRC96260.1	hypothetical protein
JI435_012090	QRC96262.1	hypothetical protein
JI435_012100	QRC96263.1	hypothetical protein
JI435_012110	QRC96264.1	hypothetical protein
JI435_012120	QRC96265.1	hypothetical protein
JI435_012130	QRC96267.1	hypothetical protein
JI435_012140	QRC96271.1	hypothetical protein
JI435_012160	QRC96272.1	hypothetical protein
JI435_012170	QRC96274.1	hypothetical protein
JI435_012180	QRC96276.1	hypothetical protein
JI435_012190	QRC96278.1	hypothetical protein
JI435_012200	QRC96280.1	peptide hydrolase
JI435_012250	QRC96285.1	hypothetical protein
JI435_012260	QRC96286.1	hypothetical protein
JI435_012280	QRC96288.1	hypothetical protein
JI435_012290	QRC96289.1	dolichyl-phosphate-mannose--protein mannosyltransferase
JI435_012300	QRC96290.1	hypothetical protein
JI435_012310	QRC96291.1	ribonuclease
JI435_012320	QRC96293.1	hypothetical protein
JI435_012330	QRC96294.1	hypothetical protein
JI435_012340	QRC96296.1	hypothetical protein
JI435_012350	QRC96297.1	hypothetical protein
JI435_012360	QRC96298.1	hypothetical protein
JI435_012370	QRC96300.1	hypothetical protein
JI435_012400	QRC96302.1	hypothetical protein
JI435_012420	QRC96303.1	hypothetical protein
JI435_012430	QRC96305.1	hypothetical protein
JI435_012450	QRC96310.1	hypothetical protein
JI435_012470	QRC96312.1	hypothetical protein
JI435_012480	QRC96315.1	hypothetical protein
JI435_012510	QRC96316.1	hypothetical protein
JI435_012520	QRC96317.1	hypothetical protein
JI435_012530	QRC96318.1	hypothetical protein
JI435_012540	QRC96319.1	hypothetical protein
JI435_012550	QRC96320.1	hypothetical protein
JI435_012560	QRC96321.1	hypothetical protein
JI435_012570	QRC96324.1	hypothetical protein
JI435_012580	QRC96326.1	hypothetical protein
JI435_012590	QRC96327.1	hypothetical protein
JI435_012600	QRC96328.1	hypothetical protein
JI435_012610	QRC96330.1	hypothetical protein
JI435_012620	QRC96331.1	hypothetical protein
JI435_012630	QRC96332.1	hypothetical protein
JI435_012640	QRC96333.1	aminopeptidase
JI435_012650	QRC96335.1	hypothetical protein
JI435_012660	QRC96336.1	hypothetical protein
JI435_012670	QRC96337.1	hypothetical protein
JI435_012690	QRC96338.1	hypothetical protein
JI435_012710	QRC96339.1	hypothetical protein
JI435_012720	QRC96342.1	hypothetical protein
JI435_012730	QRC96343.1	hypothetical protein
JI435_012740	QRC96344.1	hypothetical protein
JI435_012750	QRC96345.1	autophagy-related protein
JI435_012760	QRC96347.1	coproporphyrinogen oxidase
JI435_012770	QRC96348.1	hypothetical protein
JI435_012780	QRC96353.1	glyceraldehyde-3-phosphate dehydrogenase
JI435_012790	QRC96355.1	hypothetical protein
JI435_012800	QRC96356.1	hypothetical protein
JI435_012810	QRC96357.1	hypothetical protein
JI435_012820	QRC96358.1	hypothetical protein
JI435_012830	QRC96359.1	hypothetical protein
JI435_012840	QRC96360.1	hypothetical protein
JI435_012860	QRC96362.1	hypothetical protein
JI435_012870	QRC96363.1	hypothetical protein
JI435_012880	QRC96365.1	hypothetical protein
JI435_012890	QRC96366.1	NADH-ubiquinone oxidoreductase
JI435_012900	QRC96368.1	hypothetical protein
JI435_012910	QRC96369.1	hypothetical protein
JI435_012940	QRC96373.1	hypothetical protein
JI435_012960	QRC96375.1	hypothetical protein
JI435_012970	QRC96376.1	1,4-alpha-glucan-branching enzyme
JI435_012980	QRC96377.1	ATP synthase subunit beta
JI435_012990	QRC96378.1	hypothetical protein
JI435_013000	QRC96380.1	hypothetical protein
JI435_013010	QRC96381.1	hypothetical protein
JI435_013020	QRC96382.1	peptide hydrolase
JI435_013030	QRC96384.1	hypothetical protein
JI435_013050	QRC96386.1	hypothetical protein
JI435_013070	QRC96388.1	ATPase
JI435_013100	QRC96389.1	hypothetical protein
JI435_013110	QRC96390.1	hypothetical protein
JI435_013120	QRC96391.1	hypothetical protein
JI435_013130	QRC96392.1	hypothetical protein
JI435_013140	QRC96393.1	hypothetical protein
JI435_013150	QRC96394.1	hypothetical protein
JI435_013170	QRC96395.1	hypothetical protein
JI435_013210	QRC96398.1	hypothetical protein
JI435_013220	QRC96400.1	hypothetical protein
JI435_013230	QRC96401.1	hypothetical protein
JI435_013260	QRC96407.1	hypothetical protein
JI435_013270	QRC96408.1	hypothetical protein
JI435_013280	QRC96409.1	hypothetical protein
JI435_013290	QRC96410.1	hypothetical protein
JI435_013300	QRC96411.1	hypothetical protein
JI435_013310	QRC96412.1	hypothetical protein
JI435_013330	QRC96415.1	hypothetical protein
JI435_013340	QRC96418.1	hypothetical protein
JI435_013350	QRC96419.1	hypothetical protein
JI435_013360	QRC96420.1	hypothetical protein
JI435_013370	QRC96421.1	UV excision repair protein RAD23
JI435_013380	QRC96422.1	hypothetical protein
JI435_013400	QRC96423.1	hypothetical protein
JI435_013410	QRC96424.1	hypothetical protein
JI435_013430	QRC96425.1	eukaryotic translation initiation factor 6
JI435_013440	QRC96426.1	hypothetical protein
JI435_013450	QRC96427.1	hypothetical protein
JI435_013460	QRC96428.1	hypothetical protein
JI435_013470	QRC96429.1	P-type phospholipid transporter
JI435_013480	QRC96430.1	COPII coat assembly protein SEC16
JI435_013490	QRC96431.1	hypothetical protein
JI435_013550	QRC96436.1	hypothetical protein
JI435_013560	QRC96437.1	hypothetical protein
JI435_013570	QRC96438.1	hypothetical protein
JI435_013580	QRC96439.1	hypothetical protein
JI435_013620	QRC96442.1	hypothetical protein
JI435_013640	QRC96443.1	hypothetical protein
JI435_013650	QRC99735.1	hypothetical protein
JI435_013660	QRC96448.1	hypothetical protein
JI435_013710	QRC96455.1	hypothetical protein
JI435_013740	QRC96457.1	hypothetical protein
JI435_013760	QRC96459.1	hypothetical protein
JI435_013770	QRC96460.1	hypothetical protein
JI435_013780	QRC96461.1	hypothetical protein
JI435_013790	QRC96464.1	delta 8-(E)-sphingolipid desaturase
JI435_013800	QRC96465.1	hypothetical protein
JI435_013810	QRC96467.1	hypothetical protein
JI435_013820	QRC96468.1	hypothetical protein
JI435_013840	QRC96469.1	hypothetical protein
JI435_013850	QRC96470.1	hypothetical protein
JI435_013860	QRC96471.1	hypothetical protein
JI435_013870	QRC96473.1	hypothetical protein
JI435_013880	QRC96476.1	hypothetical protein
JI435_013890	QRC96477.1	hypothetical protein
JI435_013900	QRC96478.1	hypothetical protein
JI435_013920	QRC96479.1	hypothetical protein
JI435_013950	QRC96480.1	hypothetical protein
JI435_013960	QRC96481.1	hypothetical protein
JI435_013970	QRC96482.1	hypothetical protein
JI435_013990	QRC96483.1	hypothetical protein
JI435_014000	QRC96484.1	hypothetical protein
JI435_014010	QRC96485.1	hypothetical protein
JI435_014020	QRC96486.1	hypothetical protein
JI435_014030	QRC96487.1	hypothetical protein
JI435_014040	QRC96489.1	hypothetical protein
JI435_014060	QRC96492.1	hypothetical protein
JI435_014070	QRC96493.1	hypothetical protein
JI435_014090	QRC96495.1	hypothetical protein
JI435_014100	QRC96496.1	hypothetical protein
JI435_014110	QRC96497.1	hypothetical protein
JI435_014130	QRC96498.1	hypothetical protein
JI435_014140	QRC96499.1	hypothetical protein
JI435_014150	QRC96500.1	hypothetical protein
JI435_014160	QRC96501.1	hypothetical protein
JI435_014170	QRC96502.1	hypothetical protein
JI435_014190	QRC96504.1	hypothetical protein
JI435_014200	QRC96505.1	translation factor GUF1
JI435_014210	QRC96506.1	hypothetical protein
JI435_014220	QRC96507.1	hypothetical protein
JI435_014230	QRC96508.1	hypothetical protein
JI435_014240	QRC96509.1	hypothetical protein
JI435_014250	QRC96510.1	hypothetical protein
JI435_014260	QRC96512.1	hypothetical protein
JI435_014290	QRC96513.1	hypothetical protein
JI435_014300	QRC96516.1	hypothetical protein
JI435_014320	QRC96517.1	phospholipase
JI435_014330	QRC96518.1	hypothetical protein
JI435_014340	QRC96519.1	hypothetical protein
JI435_014350	QRC96520.1	hypothetical protein
JI435_014360	QRC96521.1	hypothetical protein
JI435_014370	QRC96522.1	hypothetical protein
JI435_014380	QRC96524.1	hypothetical protein
JI435_014400	QRC96525.1	hypothetical protein
JI435_014410	QRC96526.1	hypothetical protein
JI435_014420	QRC96529.1	hypothetical protein
JI435_014440	QRC96530.1	pentafunctional AROM polypeptide
JI435_014450	QRC96532.1	hypothetical protein
JI435_014460	QRC96533.1	isocitrate dehydrogenase
JI435_014470	QRC96536.1	hypothetical protein
JI435_014480	QRC96538.1	hypothetical protein
JI435_014490	QRC96539.1	hypothetical protein
JI435_014500	QRC96540.1	hypothetical protein
JI435_014510	QRC96541.1	hypothetical protein
JI435_014520	QRC96542.1	hypothetical protein
JI435_014530	QRC96543.1	hypothetical protein
JI435_014540	QRC96545.1	hypothetical protein
JI435_014550	QRC96546.1	hypothetical protein
JI435_014560	QRC96548.1	hypothetical protein
JI435_014570	QRC96549.1	hypothetical protein
JI435_014580	QRC96550.1	hypothetical protein
JI435_014590	QRC96551.1	hypothetical protein
JI435_014600	QRC96552.1	hypothetical protein
JI435_014610	QRC96554.1	hypothetical protein
JI435_014620	QRC96555.1	hypothetical protein
JI435_014630	QRC96556.1	hypothetical protein
JI435_014640	QRC96557.1	hypothetical protein
JI435_014650	QRC96558.1	hypothetical protein
JI435_014660	QRC96559.1	hypothetical protein
JI435_014670	QRC96560.1	hypothetical protein
JI435_014680	QRC96561.1	hypothetical protein
JI435_014690	QRC96562.1	hypothetical protein
JI435_014700	QRC96563.1	hypothetical protein
JI435_014710	QRC96564.1	hypothetical protein
JI435_014720	QRC96565.1	hypothetical protein
JI435_014730	QRC96566.1	5-aminoimidazole-4-carboxamide ribonucleotide formyltransferase
JI435_014740	QRC96567.1	histone H2A.Z-specific chaperone CHZ1
JI435_014760	QRC96571.1	hypothetical protein
JI435_014770	QRC96572.1	hypothetical protein
JI435_014780	QRC96573.1	mitochondrial escape protein
JI435_014790	QRC96574.1	adenylate kinase
JI435_014800	QRC96575.1	hypothetical protein
JI435_014810	QRC96577.1	hypothetical protein
JI435_014820	QRC96578.1	elongator complex subunit 5
JI435_014830	QRC96579.1	hypothetical protein
JI435_014840	QRC96580.1	hypothetical protein
JI435_014860	QRC96581.1	hypothetical protein
JI435_014870	QRC96582.1	hypothetical protein
JI435_014880	QRC96584.1	hypothetical protein
JI435_014890	QRC96585.1	hypothetical protein
JI435_014910	QRC96586.1	V-type proton ATPase subunit
JI435_014920	QRC96587.1	hypothetical protein
JI435_014930	QRC96589.1	cAMP-dependent protein kinase regulatory subunit
JI435_014940	QRC96590.1	hypothetical protein
JI435_014950	QRC96591.1	hypothetical protein
JI435_014960	QRC96593.1	hypothetical protein
JI435_014970	QRC96594.1	DNA-directed RNA polymerase subunit
JI435_014980	QRC96595.1	MYND-type zinc finger protein samB
JI435_014990	QRC96596.1	hypothetical protein
JI435_015000	QRC96597.1	hypothetical protein
JI435_015010	QRC96598.1	hypothetical protein
JI435_015020	QRC96599.1	hypothetical protein
JI435_015030	QRC96600.1	hypothetical protein
JI435_015040	QRC96601.1	hypothetical protein
JI435_015050	QRC96602.1	hypothetical protein
JI435_015070	QRC96604.1	hypothetical protein
JI435_015090	QRC96605.1	hypothetical protein
JI435_015100	QRC96606.1	hypothetical protein
JI435_015110	QRC96607.1	hypothetical protein
JI435_015120	QRC96608.1	GPI ethanolamine phosphate transferase 3
JI435_015130	QRC96609.1	hypothetical protein
JI435_015150	QRC96610.1	hypothetical protein
JI435_015170	QRC96614.1	hypothetical protein
JI435_015190	QRC96616.1	hypothetical protein
JI435_015200	QRC96617.1	hypothetical protein
JI435_015210	QRC96619.1	hypothetical protein
JI435_015220	QRC96620.1	hypothetical protein
JI435_015230	QRC96623.1	hypothetical protein
JI435_015240	QRC96626.1	hypothetical protein
JI435_015250	QRC96627.1	rRNA biogenesis protein RRP36
JI435_015260	QRC96628.1	hypothetical protein
JI435_015270	QRC96629.1	hypothetical protein
JI435_015280	QRC96630.1	hypothetical protein
JI435_015310	QRC96633.1	hypothetical protein
JI435_015320	QRC96634.1	translation machinery-associated protein 22
JI435_015340	QRC96635.1	hypothetical protein
JI435_015470	QRC96641.1	hypothetical protein
JI435_015480	QRC96642.1	hypothetical protein
JI435_015490	QRC96644.1	hypothetical protein
JI435_015510	QRC96645.1	hypothetical protein
JI435_015520	QRC96646.1	hypothetical protein
JI435_015530	QRC96647.1	hypothetical protein
JI435_015540	QRC96649.1	hypothetical protein
JI435_015550	QRC96651.1	hypothetical protein
JI435_015560	QRC96653.1	hypothetical protein
JI435_015580	QRC96655.1	hypothetical protein
JI435_015590	QRC96656.1	hypothetical protein
JI435_015600	QRC96657.1	4-hydroxyphenylpyruvate dioxygenase
JI435_015620	QRC96658.1	hypothetical protein
JI435_015630	QRC96660.1	hypothetical protein
JI435_015640	QRC96661.1	hypothetical protein
JI435_015650	QRC96663.1	hypothetical protein
JI435_015660	QRC96664.1	hypothetical protein
JI435_015670	QRC96665.1	hypothetical protein
JI435_015680	QRC96666.1	hypothetical protein
JI435_015690	QRC96667.1	hypothetical protein
JI435_015700	QRC96669.1	hypothetical protein
JI435_015720	QRC96670.1	hypothetical protein
JI435_015730	QRC96673.1	hypothetical protein
JI435_015740	QRC96674.1	cell division cycle protein
JI435_015750	QRC96675.1	hypothetical protein
JI435_015760	QRC96676.1	hypothetical protein
JI435_015770	QRC96677.1	hypothetical protein
JI435_015780	QRC96680.1	hypothetical protein
JI435_015790	QRC96681.1	hypothetical protein
JI435_015800	QRC96682.1	hypothetical protein
JI435_015820	QRC96683.1	hypothetical protein
JI435_015830	QRC96684.1	hypothetical protein
JI435_015840	QRC96685.1	hypothetical protein
JI435_015850	QRC96686.1	hypothetical protein
JI435_015880	QRC96688.1	hypothetical protein
JI435_015900	QRC96689.1	hypothetical protein
JI435_015910	QRC96692.1	trehalase
JI435_015930	QRC96695.1	hypothetical protein
JI435_015940	QRC96697.1	eukaryotic translation initiation factor 3 subunit I
JI435_015950	QRC96699.1	hypothetical protein
JI435_015960	QRC96700.1	multiprotein-bridging factor
JI435_015970	QRC96702.1	hypothetical protein
JI435_015980	QRC96703.1	hypothetical protein
JI435_016000	QRC96705.1	glutathione-dependent formaldehyde-activating enzyme
JI435_016010	QRC96706.1	hypothetical protein
JI435_016030	QRC96708.1	hypothetical protein
JI435_016040	QRC96709.1	hypothetical protein
JI435_016060	QRC96711.1	hypothetical protein
JI435_016070	QRC96712.1	hypothetical protein
JI435_016090	QRC96714.1	hypothetical protein
JI435_016100	QRC96716.1	hypothetical protein
JI435_016110	QRC96717.1	hypothetical protein
JI435_016120	QRC96719.1	GTPase SEY1
JI435_016130	QRC96720.1	hypothetical protein
JI435_016140	QRC96722.1	hypothetical protein
JI435_016150	QRC96724.1	hypothetical protein
JI435_016170	QRC96725.1	hypothetical protein
JI435_016180	QRC96727.1	hypothetical protein
JI435_016200	QRC96728.1	hypothetical protein
JI435_016210	QRC96729.1	hypothetical protein
JI435_016220	QRC96730.1	hypothetical protein
JI435_016230	QRC96731.1	hypothetical protein
JI435_016240	QRC96732.1	hypothetical protein
JI435_016260	QRC96737.1	hypothetical protein
JI435_016290	QRC96740.1	hypothetical protein
JI435_016300	QRC96743.1	mediator of RNA polymerase II transcription subunit 6
JI435_016310	QRC96744.1	hypothetical protein
JI435_016320	QRC96745.1	hypothetical protein
JI435_016330	QRC96746.1	hypothetical protein
JI435_016340	QRC96748.1	hypothetical protein
JI435_016350	QRC96749.1	hypothetical protein
JI435_016380	QRC96750.1	hypothetical protein
JI435_016420	QRC96752.1	carboxylic ester hydrolase
JI435_016430	QRC96753.1	hypothetical protein
JI435_016440	QRC96754.1	hypothetical protein
JI435_016450	QRC96755.1	hypothetical protein
JI435_016460	QRC96756.1	hypothetical protein
JI435_016480	QRC96757.1	hypothetical protein
JI435_016490	QRC96758.1	hypothetical protein
JI435_016500	QRC96760.1	hypothetical protein
JI435_016510	QRC96761.1	hypothetical protein
JI435_016520	QRC96762.1	hypothetical protein
JI435_016530	QRC96763.1	hypothetical protein
JI435_016540	QRC96764.1	hypothetical protein
JI435_016550	QRC96765.1	hypothetical protein
JI435_016560	QRC96766.1	hypothetical protein
JI435_016570	QRC96767.1	hypothetical protein
JI435_016580	QRC96768.1	hypothetical protein
JI435_016600	QRC96769.1	hypothetical protein
JI435_016610	QRC96770.1	hypothetical protein
JI435_016620	QRC96771.1	hypothetical protein
JI435_016630	QRC96772.1	spindle pole body subunit
JI435_016650	QRC96774.1	hypothetical protein
JI435_016660	QRC96775.1	hypothetical protein
JI435_016670	QRC96776.1	hypothetical protein
JI435_016680	QRC96777.1	hypothetical protein
JI435_016690	QRC96778.1	hypothetical protein
JI435_016710	QRC96779.1	hypothetical protein
JI435_016720	QRC96780.1	hypothetical protein
JI435_016740	QRC96781.1	hypothetical protein
JI435_016750	QRC96782.1	hypothetical protein
JI435_016760	QRC96783.1	hypothetical protein
JI435_016770	QRC96784.1	hypothetical protein
JI435_016780	QRC96785.1	hypothetical protein
JI435_016790	QRC96786.1	hypothetical protein
JI435_016800	QRC96787.1	hypothetical protein
JI435_016840	QRC96790.1	hypothetical protein
JI435_016850	QRC96791.1	hypothetical protein
JI435_016860	QRC96792.1	hypothetical protein
JI435_016870	QRC96793.1	hypothetical protein
JI435_016880	QRC96795.1	hypothetical protein
JI435_016890	QRC96796.1	hypothetical protein
JI435_016900	QRC96798.1	glucanase
JI435_016920	QRC96800.1	hypothetical protein
JI435_016930	QRC96801.1	hypothetical protein
JI435_016940	QRC96802.1	hypothetical protein
JI435_016950	QRC96803.1	hypothetical protein
JI435_016960	QRC96804.1	hypothetical protein
JI435_016970	QRC96805.1	proteasome subunit alpha type
JI435_016980	QRC96806.1	hypothetical protein
JI435_016990	QRC96807.1	hypothetical protein
JI435_017000	QRC96808.1	60S ribosomal subunit assembly/export protein LOC1
JI435_017010	QRC96809.1	hypothetical protein
JI435_017020	QRC96810.1	hypothetical protein
JI435_017040	QRC96813.1	hypothetical protein
JI435_017050	QRC96814.1	hypothetical protein
JI435_017060	QRC96815.1	hypothetical protein
JI435_017070	QRC96816.1	hypothetical protein
JI435_017080	QRC96818.1	hypothetical protein
JI435_017090	QRC96819.1	hypothetical protein
JI435_017100	QRC96820.1	hypothetical protein
JI435_017130	QRC96821.1	hypothetical protein
JI435_017140	QRC96823.1	hypothetical protein
JI435_017160	QRC96824.1	hypothetical protein
JI435_017180	QRC96827.1	hypothetical protein
JI435_017190	QRC96828.1	hypothetical protein
JI435_017200	QRC96830.1	hypothetical protein
JI435_017210	QRC96831.1	neutral ceramidase
JI435_017220	QRC96832.1	hypothetical protein
JI435_017230	QRC96833.1	hypothetical protein
JI435_017240	QRC96835.1	hypothetical protein
JI435_017250	QRC96836.1	hypothetical protein
JI435_017270	QRC96837.1	hypothetical protein
JI435_017280	QRC96839.1	hypothetical protein
JI435_017290	QRC96840.1	hypothetical protein
JI435_017300	QRC96841.1	hypothetical protein
JI435_017310	QRC96842.1	hypothetical protein
JI435_017320	QRC96843.1	hypothetical protein
JI435_017330	QRC96845.1	hypothetical protein
JI435_017340	QRC96846.1	hypothetical protein
JI435_017350	QRC96847.1	hypothetical protein
JI435_017360	QRC96848.1	hypothetical protein
JI435_017370	QRC96850.1	serine/threonine protein kinase BUD32
JI435_017380	QRC96851.1	hypothetical protein
JI435_017390	QRC96852.1	hypothetical protein
JI435_017400	QRC96853.1	hypothetical protein
JI435_017410	QRC96855.1	hypothetical protein
JI435_017420	QRC96856.1	citrate synthase
JI435_017430	QRC96859.1	hypothetical protein
JI435_017440	QRC96860.1	hypothetical protein
JI435_017460	QRC96861.1	hypothetical protein
JI435_017470	QRC96863.1	hypothetical protein
JI435_017490	QRC96864.1	hypothetical protein
JI435_017500	QRC96865.1	hypothetical protein
JI435_017530	QRC96866.1	hypothetical protein
JI435_017540	QRC96867.1	hypothetical protein
JI435_017550	QRC96868.1	hypothetical protein
JI435_017560	QRC96871.1	hypothetical protein
JI435_017570	QRC96872.1	hypothetical protein
JI435_017580	QRC96874.1	hypothetical protein
JI435_017590	QRC96875.1	hypothetical protein
JI435_017600	QRC96876.1	hypothetical protein
JI435_017610	QRC96877.1	hypothetical protein
JI435_017620	QRC96878.1	tubulin subunit alpha
JI435_017640	QRC96880.1	hypothetical protein
JI435_017660	QRC96881.1	DNA-directed RNA polymerase subunit beta
JI435_017670	QRC96883.1	hypothetical protein
JI435_017680	QRC96885.1	hypothetical protein
JI435_017690	QRC96886.1	hypothetical protein
JI435_017710	QRC96887.1	ATPase
JI435_017730	QRC96888.1	hypothetical protein
JI435_017740	QRC96889.1	hypothetical protein
JI435_017760	QRC96891.1	beta-xylanase
JI435_017780	QRC96892.1	hypothetical protein
JI435_017790	QRC96893.1	hypothetical protein
JI435_017810	QRC96894.1	hypothetical protein
JI435_017820	QRC96896.1	hypothetical protein
JI435_017830	QRC96897.1	hypothetical protein
JI435_017840	QRC96898.1	hypothetical protein
JI435_017850	QRC96899.1	hypothetical protein
JI435_017870	QRC96902.1	hypothetical protein
JI435_017890	QRC96904.1	hypothetical protein
JI435_017900	QRC96905.1	hypothetical protein
JI435_017910	QRC96906.1	hypothetical protein
JI435_017920	QRC96907.1	hypothetical protein
JI435_017930	QRC96908.1	hypothetical protein
JI435_017940	QRC96909.1	serine/threonine-protein phosphatase
JI435_017950	QRC96911.1	chromatin elongation factor SPT4
JI435_017960	QRC96913.1	hypothetical protein
JI435_017970	QRC96914.1	hypothetical protein
JI435_017980	QRC96915.1	hypothetical protein
JI435_017990	QRC96916.1	hypothetical protein
JI435_018000	QRC96917.1	hypothetical protein
JI435_018010	QRC96919.1	hypothetical protein
JI435_018020	QRC96920.1	hypothetical protein
JI435_018030	QRC96921.1	hypothetical protein
JI435_018040	QRC96923.1	hypothetical protein
JI435_018050	QRC96924.1	hypothetical protein
JI435_018060	QRC96928.1	hypothetical protein
JI435_018070	QRC96929.1	hypothetical protein
JI435_018080	QRC96931.1	hypothetical protein
JI435_018090	QRC96932.1	hypothetical protein
JI435_018100	QRC96933.1	hypothetical protein
JI435_018120	QRC96934.1	hypothetical protein
JI435_018130	QRC96935.1	homocysteine synthase
JI435_018140	QRC96937.1	hypothetical protein
JI435_018150	QRC96941.1	hypothetical protein
JI435_018210	QRC96949.1	4-aminobutyrate aminotransferase
JI435_018220	QRC96950.1	hypothetical protein
JI435_018240	QRC96951.1	hypothetical protein
JI435_018250	QRC96952.1	hypothetical protein
JI435_018260	QRC96953.1	hypothetical protein
JI435_018280	QRC96954.1	hypothetical protein
JI435_018300	QRC96956.1	hypothetical protein
JI435_018320	QRC96958.1	hypothetical protein
JI435_018340	QRC96959.1	hypothetical protein
JI435_018370	QRC96963.1	hypothetical protein
JI435_018380	QRC96964.1	hypothetical protein
JI435_018390	QRC96965.1	hypothetical protein
JI435_018400	QRC96966.1	hypothetical protein
JI435_018410	QRC96967.1	hypothetical protein
JI435_018470	QRC91618.1	hypothetical protein
JI435_018480	QRC91619.1	hypothetical protein
JI435_018490	QRC91620.1	hypothetical protein
JI435_018500	QRC91621.1	hypothetical protein
JI435_018510	QRC91622.1	hypothetical protein
JI435_018520	QRC91624.1	hypothetical protein
JI435_018530	QRC91625.1	hypothetical protein
JI435_018560	QRC91628.1	hypothetical protein
JI435_018570	QRC91629.1	hypothetical protein
JI435_018590	QRC91632.1	hypothetical protein
JI435_018600	QRC91633.1	hypothetical protein
JI435_018610	QRC91634.1	hypothetical protein
JI435_018620	QRC91636.1	hypothetical protein
JI435_018630	QRC91637.1	L-galactono-gamma-lactone oxidase
JI435_018640	QRC91638.1	hypothetical protein
JI435_018660	QRC91639.1	hypothetical protein
JI435_018670	QRC91641.1	hypothetical protein
JI435_018680	QRC91642.1	hypothetical protein
JI435_018690	QRC91644.1	hypothetical protein
JI435_018710	QRC91647.1	hypothetical protein
JI435_018720	QRC91649.1	hypothetical protein
JI435_018730	QRC91650.1	hypothetical protein
JI435_018740	QRC91651.1	hypothetical protein
JI435_018750	QRC91652.1	hypothetical protein
JI435_018760	QRC91653.1	hypothetical protein
JI435_018770	QRC91654.1	hypothetical protein
JI435_018780	QRC91655.1	hypothetical protein
JI435_018790	QRC91656.1	hypothetical protein
JI435_018800	QRC91658.1	hypothetical protein
JI435_018810	QRC91659.1	hypothetical protein
JI435_018820	QRC91661.1	hypothetical protein
JI435_018840	QRC91663.1	hypothetical protein
JI435_018850	QRC91664.1	hypothetical protein
JI435_018860	QRC91665.1	hypothetical protein
JI435_018870	QRC91666.1	hypothetical protein
JI435_018880	QRC91667.1	hypothetical protein
JI435_018890	QRC91668.1	hypothetical protein
JI435_018900	QRC91669.1	hypothetical protein
JI435_018910	QRC91670.1	hypothetical protein
JI435_018920	QRC91672.1	hypothetical protein
JI435_018940	QRC91674.1	hypothetical protein
JI435_018950	QRC91677.1	hypothetical protein
JI435_018970	QRC91679.1	hypothetical protein
JI435_018980	QRC91680.1	hypothetical protein
JI435_019000	QRC91681.1	hypothetical protein
JI435_019010	QRC91682.1	hypothetical protein
JI435_019020	QRC91684.1	hypothetical protein
JI435_019040	QRC91685.1	hypothetical protein
JI435_019050	QRC91686.1	pre-mRNA-splicing factor 18
JI435_019070	QRC91689.1	hypothetical protein
JI435_019080	QRC91690.1	hypothetical protein
JI435_019090	QRC91691.1	hypothetical protein
JI435_019100	QRC91693.1	protein DML1
JI435_019110	QRC91694.1	hypothetical protein
JI435_019120	QRC91696.1	hypothetical protein
JI435_019130	QRC91697.1	hypothetical protein
JI435_019140	QRC91700.1	hypothetical protein
JI435_019150	QRC91701.1	hypothetical protein
JI435_019160	QRC91702.1	hypothetical protein
JI435_019180	QRC91703.1	hypothetical protein
JI435_019190	QRC91704.1	hypothetical protein
JI435_019200	QRC91706.1	hypothetical protein
JI435_019210	QRC91707.1	hypothetical protein
JI435_019220	QRC91708.1	hypothetical protein
JI435_019240	QRC91711.1	hypothetical protein
JI435_019250	QRC91714.1	hypothetical protein
JI435_019270	QRC91716.1	hypothetical protein
JI435_019280	QRC91717.1	hypothetical protein
JI435_019290	QRC91718.1	hypothetical protein
JI435_019300	QRC91719.1	hypothetical protein
JI435_019310	QRC91721.1	hypothetical protein
JI435_019320	QRC91722.1	coatomer subunit delta
JI435_019330	QRC91723.1	hypothetical protein
JI435_019340	QRC91725.1	hypothetical protein
JI435_019350	QRC91726.1	anaphase-promoting complex subunit 4
JI435_019360	QRC91727.1	hypothetical protein
JI435_019370	QRC91728.1	hypothetical protein
JI435_019380	QRC91730.1	hypothetical protein
JI435_019390	QRC91731.1	hypothetical protein
JI435_019400	QRC91732.1	hypothetical protein
JI435_019410	QRC91733.1	hypothetical protein
JI435_019430	QRC91735.1	hypothetical protein
JI435_019440	QRC91736.1	hypothetical protein
JI435_019450	QRC91737.1	hypothetical protein
JI435_019460	QRC91738.1	hypothetical protein
JI435_019470	QRC91739.1	ubiquitin carboxyl-terminal hydrolase
JI435_019480	QRC91740.1	hypothetical protein
JI435_019490	QRC91741.1	hypothetical protein
JI435_019510	QRC91743.1	hypothetical protein
JI435_019520	QRC91745.1	hypothetical protein
JI435_019530	QRC91746.1	hypothetical protein
JI435_019540	QRC91747.1	hypothetical protein
JI435_019550	QRC91748.1	hypothetical protein
JI435_019570	QRC91749.1	hypothetical protein
JI435_019580	QRC91750.1	hypothetical protein
JI435_019590	QRC91752.1	hypothetical protein
JI435_019610	QRC91754.1	hypothetical protein
JI435_019620	QRC91755.1	hypothetical protein
JI435_019630	QRC91757.1	hypothetical protein
JI435_019640	QRC91759.1	poly-A polymerase
JI435_019650	QRC91760.1	hypothetical protein
JI435_019660	QRC91761.1	hypothetical protein
JI435_019670	QRC91762.1	ATP-dependent RNA helicase DRS1
JI435_019680	QRC91764.1	hypothetical protein
JI435_019690	QRC91767.1	hypothetical protein
JI435_019700	QRC91768.1	hypothetical protein
JI435_019710	QRC91769.1	hypothetical protein
JI435_019720	QRC91770.1	hypothetical protein
JI435_019730	QRC91771.1	hypothetical protein
JI435_019740	QRC91772.1	hypothetical protein
JI435_019750	QRC91773.1	hypothetical protein
JI435_019760	QRC91775.1	hypothetical protein
JI435_019770	QRC91777.1	hypothetical protein
JI435_019800	QRC91781.1	calcineurin subunit B
JI435_019810	QRC91782.1	hypothetical protein
JI435_019820	QRC91784.1	hypothetical protein
JI435_019830	QRC91785.1	hypothetical protein
JI435_019840	QRC91786.1	hypothetical protein
JI435_019850	QRC91787.1	translationally-controlled tumor protein-like protein
JI435_019860	QRC91788.1	RNA-dependent RNA polymerase
JI435_019870	QRC91789.1	SWR1-complex protein 5
JI435_019880	QRC91790.1	hypothetical protein
JI435_019900	QRC91791.1	hypothetical protein
JI435_019910	QRC91792.1	hypothetical protein
JI435_019920	QRC91794.1	hypothetical protein
JI435_019930	QRC91795.1	hypothetical protein
JI435_019950	QRC91796.1	hypothetical protein
JI435_019960	QRC91798.1	hypothetical protein
JI435_019970	QRC91799.1	hypothetical protein
JI435_019990	QRC91800.1	hypothetical protein
JI435_020000	QRC91803.1	hypothetical protein
JI435_020020	QRC91804.1	hypothetical protein
JI435_020030	QRC91806.1	hypothetical protein
JI435_020040	QRC91807.1	hypothetical protein
JI435_020060	QRC91808.1	hypothetical protein
JI435_020070	QRC91811.1	hypothetical protein
JI435_020080	QRC91813.1	hypothetical protein
JI435_020090	QRC91814.1	hypothetical protein
JI435_020100	QRC91815.1	hypothetical protein
JI435_020110	QRC91816.1	hypothetical protein
JI435_020120	QRC91817.1	hypothetical protein
JI435_020130	QRC91818.1	protein CASP
JI435_020150	QRC91819.1	hypothetical protein
JI435_020160	QRC91820.1	GlcNAc-PI synthesis protein
JI435_020170	QRC91821.1	hypothetical protein
JI435_020180	QRC91822.1	aspartic protease SNP2
JI435_020190	QRC91823.1	hypothetical protein
JI435_020200	QRC91824.1	hypothetical protein
JI435_020210	QRC91827.1	hypothetical protein
JI435_020220	QRC91829.1	hypothetical protein
JI435_020230	QRC91830.1	prefoldin subunit 4
JI435_020240	QRC91831.1	hypothetical protein
JI435_020250	QRC91833.1	hypothetical protein
JI435_020260	QRC91835.1	hypothetical protein
JI435_020270	QRC91836.1	hypothetical protein
JI435_020280	QRC91837.1	hypothetical protein
JI435_020290	QRC91839.1	GTP-binding protein isoform B
JI435_020300	QRC91842.1	40S ribosomal protein RPS25
JI435_020310	QRC91844.1	hypothetical protein
JI435_020320	QRC91845.1	hypothetical protein
JI435_020330	QRC91846.1	hypothetical protein
JI435_020340	QRC91847.1	hypothetical protein
JI435_020350	QRC91848.1	hypothetical protein
JI435_020360	QRC91850.1	hypothetical protein
JI435_020370	QRC91851.1	hypothetical protein
JI435_020380	QRC91852.1	hypothetical protein
JI435_020390	QRC91853.1	hypothetical protein
JI435_020410	QRC91855.1	3-isopropylmalate dehydrogenase IPMDH
JI435_020420	QRC91856.1	hypothetical protein
JI435_020430	QRC91858.1	hypothetical protein
JI435_020440	QRC91859.1	hypothetical protein
JI435_020450	QRC91860.1	hypothetical protein
JI435_020460	QRC91861.1	hypothetical protein
JI435_020470	QRC91862.1	hypothetical protein
JI435_020480	QRC91863.1	hypothetical protein
JI435_020490	QRC91864.1	hypothetical protein
JI435_020500	QRC91865.1	hypothetical protein
JI435_020510	QRC91866.1	hypothetical protein
JI435_020520	QRC91867.1	hypothetical protein
JI435_020530	QRC91868.1	carboxypeptidase Y-like protein
JI435_020540	QRC91869.1	hypothetical protein
JI435_020550	QRC91870.1	hypothetical protein
JI435_020560	QRC91871.1	hypothetical protein
JI435_020570	QRC91872.1	hypothetical protein
JI435_020580	QRC91873.1	hypothetical protein
JI435_020590	QRC91874.1	hypothetical protein
JI435_020600	QRC91875.1	hypothetical protein
JI435_020610	QRC91876.1	hypothetical protein
JI435_020620	QRC91877.1	hypothetical protein
JI435_020630	QRC91878.1	40S ribosomal protein S5 isoform A
JI435_020640	QRC91882.1	hypothetical protein
JI435_020650	QRC91883.1	hypothetical protein
JI435_020660	QRC91884.1	arylsulfatase
JI435_020670	QRC91885.1	hypothetical protein
JI435_020680	QRC91886.1	hypothetical protein
JI435_020690	QRC91887.1	hypothetical protein
JI435_020700	QRC91888.1	adenosine kinase
JI435_020710	QRC91889.1	hypothetical protein
JI435_020720	QRC91891.1	hypothetical protein
JI435_020730	QRC91892.1	hypothetical protein
JI435_020740	QRC91893.1	hypothetical protein
JI435_020750	QRC91894.1	hypothetical protein
JI435_020770	QRC91895.1	hypothetical protein
JI435_020780	QRC91897.1	hypothetical protein
JI435_020790	QRC91898.1	hypothetical protein
JI435_020810	QRC91899.1	hypothetical protein
JI435_020820	QRC91901.1	profilin
JI435_020830	QRC91902.1	hypothetical protein
JI435_020840	QRC91903.1	hypothetical protein
JI435_020850	QRC91904.1	hypothetical protein
JI435_020860	QRC91905.1	hypothetical protein
JI435_020870	QRC91906.1	hypothetical protein
JI435_020880	QRC91907.1	40S ribosomal protein S14
JI435_020890	QRC91908.1	prephenate dehydrogenase
JI435_020900	QRC91909.1	hypothetical protein
JI435_020910	QRC91910.1	hypothetical protein
JI435_020920	QRC91911.1	hypothetical protein
JI435_020930	QRC91914.1	hypothetical protein
JI435_020940	QRC91916.1	hypothetical protein
JI435_020950	QRC91917.1	hypothetical protein
JI435_020960	QRC91919.1	hypothetical protein
JI435_020970	QRC91922.1	hypothetical protein
JI435_020980	QRC91923.1	hypothetical protein
JI435_020990	QRC91924.1	hypothetical protein
JI435_021000	QRC91925.1	hypothetical protein
JI435_021010	QRC91926.1	hypothetical protein
JI435_021020	QRC91928.1	hypothetical protein
JI435_021030	QRC91929.1	hypothetical protein
JI435_021040	QRC91930.1	hypothetical protein
JI435_021050	QRC91931.1	hypothetical protein
JI435_021060	QRC91932.1	hypothetical protein
JI435_021070	QRC91933.1	non-structural maintenance of chromosomes element 1-like protein
JI435_021080	QRC91934.1	phospho-2-dehydro-3-deoxyheptonate aldolase
JI435_021090	QRC91935.1	hypothetical protein
JI435_021100	QRC91936.1	hypothetical protein
JI435_021110	QRC91937.1	hypothetical protein
JI435_021120	QRC91938.1	hypothetical protein
JI435_021130	QRC91939.1	hypothetical protein
JI435_021140	QRC91940.1	hypothetical protein
JI435_021150	QRC91941.1	hypothetical protein
JI435_021160	QRC91942.1	hypothetical protein
JI435_021170	QRC91943.1	hypothetical protein
JI435_021180	QRC91944.1	hypothetical protein
JI435_021190	QRC91945.1	hypothetical protein
JI435_021200	QRC91946.1	glutamine--tRNA (Gln) amidotransferase subunit A
JI435_021210	QRC91949.1	hypothetical protein
JI435_021220	QRC91950.1	hypothetical protein
JI435_021230	QRC91951.1	polynucleotide adenylyltransferase
JI435_021240	QRC91952.1	hypothetical protein
JI435_021250	QRC91953.1	hypothetical protein
JI435_021270	QRC91955.1	hypothetical protein
JI435_021280	QRC91956.1	hypothetical protein
JI435_021290	QRC91957.1	hypothetical protein
JI435_021300	QRC91959.1	hypothetical protein
JI435_021310	QRC91961.1	hypothetical protein
JI435_021320	QRC91962.1	hypothetical protein
JI435_021330	QRC91964.1	hypothetical protein
JI435_021340	QRC91965.1	hypothetical protein
JI435_021350	QRC91966.1	hypothetical protein
JI435_021360	QRC91967.1	hypothetical protein
JI435_021370	QRC91968.1	L-ornithine N(5)-monooxygenase
JI435_021380	QRC91970.1	hypothetical protein
JI435_021390	QRC91972.1	eukaryotic translation initiation factor 3 subunit C
JI435_021400	QRC91973.1	hypothetical protein
JI435_021410	QRC91975.1	hypothetical protein
JI435_021420	QRC91976.1	hypothetical protein
JI435_021440	QRC91977.1	sorting protein SNF8
JI435_021450	QRC91978.1	hypothetical protein
JI435_021460	QRC91980.1	hypothetical protein
JI435_021470	QRC91981.1	hypothetical protein
JI435_021480	QRC91982.1	hypothetical protein
JI435_021490	QRC91983.1	hypothetical protein
JI435_021500	QRC91984.1	hypothetical protein
JI435_021510	QRC91985.1	hypothetical protein
JI435_021520	QRC91986.1	hypothetical protein
JI435_021530	QRC91987.1	hypothetical protein
JI435_021540	QRC91988.1	hypothetical protein
JI435_021550	QRC91990.1	hypothetical protein
JI435_021560	QRC91991.1	hypothetical protein
JI435_021570	QRC91992.1	glucosidase 2 subunit beta
JI435_021580	QRC91993.1	hypothetical protein
JI435_021590	QRC91994.1	hypothetical protein
JI435_021600	QRC91995.1	hypothetical protein
JI435_021610	QRC91996.1	hypothetical protein
JI435_021620	QRC91997.1	hypothetical protein
JI435_021650	QRC91999.1	hypothetical protein
JI435_021660	QRC92000.1	3-oxoacyl-[acyl-carrier-protein
JI435_021670	QRC92001.1	3-hydroxyacyl-[acyl-carrier-protein
JI435_021680	QRC92002.1	hypothetical protein
JI435_021690	QRC92003.1	hypothetical protein
JI435_021710	QRC92004.1	hypothetical protein
JI435_021740	QRC92005.1	hypothetical protein
JI435_021770	QRC92009.1	neutral protease
JI435_021790	QRC92012.1	hypothetical protein
JI435_021810	QRC92013.1	alpha-glucosidase
JI435_021820	QRC92014.1	hypothetical protein
JI435_021830	QRC92015.1	hypothetical protein
JI435_021840	QRC92016.1	hypothetical protein
JI435_021850	QRC92017.1	hypothetical protein
JI435_021860	QRC92018.1	hypothetical protein
JI435_021870	QRC92019.1	hypothetical protein
JI435_021880	QRC92020.1	hypothetical protein
JI435_021890	QRC92021.1	dipeptidase
JI435_021900	QRC92022.1	hypothetical protein
JI435_021910	QRC92023.1	hypothetical protein
JI435_021920	QRC92024.1	hypothetical protein
JI435_021940	QRC92025.1	hypothetical protein
JI435_021950	QRC92026.1	hypothetical protein
JI435_021960	QRC92027.1	hypothetical protein
JI435_021970	QRC92028.1	hypothetical protein
JI435_021980	QRC92029.1	hypothetical protein
JI435_021990	QRC92031.1	hypothetical protein
JI435_022000	QRC92032.1	hypothetical protein
JI435_022010	QRC92033.1	hypothetical protein
JI435_022020	QRC92034.1	hypothetical protein
JI435_022030	QRC92035.1	U3 small nucleolar RNA-associated protein 10
JI435_022040	QRC92036.1	hypothetical protein
JI435_022050	QRC92037.1	glutamate decarboxylase
JI435_022070	QRC92040.1	hypothetical protein
JI435_022090	QRC92042.1	hypothetical protein
JI435_022100	QRC92043.1	hypothetical protein
JI435_022110	QRC92044.1	hypothetical protein
JI435_022130	QRC92046.1	hypothetical protein
JI435_022140	QRC92047.1	hypothetical protein
JI435_022150	QRC92048.1	hypothetical protein
JI435_022160	QRC92049.1	hypothetical protein
JI435_022170	QRC92050.1	hypothetical protein
JI435_022180	QRC92051.1	hypothetical protein
JI435_022190	QRC92052.1	hypothetical protein
JI435_022200	QRC92053.1	hypothetical protein
JI435_022210	QRC92054.1	hypothetical protein
JI435_022220	QRC92055.1	hypothetical protein
JI435_022230	QRC92056.1	hypothetical protein
JI435_022240	QRC92057.1	hypothetical protein
JI435_022250	QRC92058.1	hypothetical protein
JI435_022260	QRC92059.1	hypothetical protein
JI435_022270	QRC92060.1	hypothetical protein
JI435_022290	QRC92061.1	hypothetical protein
JI435_022310	QRC92062.1	hypothetical protein
JI435_022320	QRC92064.1	hypothetical protein
JI435_022340	QRC92065.1	hypothetical protein
JI435_022350	QRC92068.1	hypothetical protein
JI435_022360	QRC92069.1	hypothetical protein
JI435_022370	QRC92070.1	hypothetical protein
JI435_022380	QRC92071.1	hypothetical protein
JI435_022390	QRC92072.1	hypothetical protein
JI435_022400	QRC92073.1	hypothetical protein
JI435_022410	QRC92074.1	hypothetical protein
JI435_022420	QRC92075.1	hypothetical protein
JI435_022430	QRC92076.1	hypothetical protein
JI435_022440	QRC92077.1	hypothetical protein
JI435_022460	QRC92079.1	hypothetical protein
JI435_022470	QRC92081.1	hypothetical protein
JI435_022480	QRC92083.1	hypothetical protein
JI435_022490	QRC92084.1	hypothetical protein
JI435_022500	QRC92085.1	hypothetical protein
JI435_022520	QRC92086.1	hypothetical protein
JI435_022530	QRC92088.1	hypothetical protein
JI435_022540	QRC92089.1	hypothetical protein
JI435_022550	QRC92090.1	poly-ADP-ribose polymerase
JI435_022570	QRC92092.1	hypothetical protein
JI435_022580	QRC92093.1	hypothetical protein
JI435_022590	QRC92094.1	hypothetical protein
JI435_022600	QRC92095.1	hypothetical protein
JI435_022610	QRC92096.1	hypothetical protein
JI435_022620	QRC92097.1	hypothetical protein
JI435_022630	QRC92098.1	hypothetical protein
JI435_022640	QRC92099.1	hypothetical protein
JI435_022650	QRC92100.1	hypothetical protein
JI435_022660	QRC92101.1	hypothetical protein
JI435_022670	QRC92102.1	Xaa-Pro aminopeptidase
JI435_022690	QRC92103.1	hypothetical protein
JI435_022700	QRC92105.1	hypothetical protein
JI435_022710	QRC92106.1	hypothetical protein
JI435_022730	QRC92107.1	hypothetical protein
JI435_022740	QRC92108.1	hypothetical protein
JI435_022750	QRC92109.1	hypothetical protein
JI435_022770	QRC92110.1	hypothetical protein
JI435_022780	QRC92111.1	hypothetical protein
JI435_022790	QRC92112.1	hypothetical protein
JI435_022800	QRC92113.1	hypothetical protein
JI435_022810	QRC92114.1	hypothetical protein
JI435_022820	QRC92115.1	succinyl-CoA 3-ketoacid-coenzyme A transferase
JI435_022830	QRC92116.1	hypothetical protein
JI435_022840	QRC92117.1	hypothetical protein
JI435_022850	QRC92120.1	hypothetical protein
JI435_022860	QRC92125.1	hypothetical protein
JI435_022870	QRC92126.1	hypothetical protein
JI435_022880	QRC92127.1	hypothetical protein
JI435_022890	QRC92130.1	hypothetical protein
JI435_022900	QRC92131.1	hypothetical protein
JI435_022910	QRC92134.1	orotidine 5'-phosphate decarboxylase
JI435_022920	QRC92135.1	hypothetical protein
JI435_022930	QRC92136.1	hypothetical protein
JI435_022940	QRC92137.1	hypothetical protein
JI435_022950	QRC92138.1	hypothetical protein
JI435_022960	QRC92139.1	hypothetical protein
JI435_022970	QRC92140.1	hypothetical protein
JI435_022980	QRC92141.1	hypothetical protein
JI435_022990	QRC92142.1	hypothetical protein
JI435_023010	QRC92144.1	hypothetical protein
JI435_023020	QRC92145.1	hypothetical protein
JI435_023060	QRC92149.1	hypothetical protein
JI435_023070	QRC92152.1	hypothetical protein
JI435_023080	QRC92153.1	hypothetical protein
JI435_023090	QRC92154.1	hypothetical protein
JI435_023100	QRC92155.1	hypothetical protein
JI435_023110	QRC92156.1	histone-glutamine methyltransferase
JI435_023120	QRC92157.1	hypothetical protein
JI435_023130	QRC92159.1	hypothetical protein
JI435_023160	QRC92163.1	hypothetical protein
JI435_023170	QRC92164.1	hypothetical protein
JI435_023180	QRC92165.1	autophagy-related protein
JI435_023190	QRC92170.1	hypothetical protein
JI435_023200	QRC92173.1	hypothetical protein
JI435_023210	QRC92174.1	hypothetical protein
JI435_023220	QRC92175.1	hypothetical protein
JI435_023230	QRC92176.1	hypothetical protein
JI435_023240	QRC92177.1	hypothetical protein
JI435_023250	QRC92178.1	hypothetical protein
JI435_023260	QRC92180.1	hypothetical protein
JI435_023270	QRC92181.1	hypothetical protein
JI435_023280	QRC92182.1	hypothetical protein
JI435_023300	QRC92183.1	hypothetical protein
JI435_023340	QRC92188.1	hypothetical protein
JI435_023350	QRC92189.1	hypothetical protein
JI435_023360	QRC92190.1	nitrate reductase
JI435_023380	QRC92191.1	hypothetical protein
JI435_023400	QRC92192.1	hypothetical protein
JI435_023410	QRC92194.1	hypothetical protein
JI435_023420	QRC92195.1	hypothetical protein
JI435_023430	QRC92196.1	hypothetical protein
JI435_023440	QRC92197.1	hypothetical protein
JI435_023450	QRC92207.1	hypothetical protein
JI435_023480	QRC92208.1	hypothetical protein
JI435_023490	QRC92209.1	hypothetical protein
JI435_023500	QRC92210.1	hypothetical protein
JI435_023520	QRC92211.1	hypothetical protein
JI435_023530	QRC92212.1	hypothetical protein
JI435_023540	QRC92213.1	hypothetical protein
JI435_023560	QRC92214.1	hypothetical protein
JI435_023570	QRC92215.1	hypothetical protein
JI435_023580	QRC92216.1	1-alkyl-2-acetylglycerophosphocholine esterase
JI435_023590	QRC92217.1	hypothetical protein
JI435_023600	QRC92218.1	hypothetical protein
JI435_023620	QRC92220.1	hypothetical protein
JI435_023630	QRC92221.1	hypothetical protein
JI435_023640	QRC92222.1	hypothetical protein
JI435_023650	QRC92223.1	hypothetical protein
JI435_023660	QRC92224.1	hypothetical protein
JI435_023670	QRC92225.1	hypothetical protein
JI435_023680	QRC92226.1	hypothetical protein
JI435_023690	QRC92227.1	hypothetical protein
JI435_023710	QRC92228.1	long-chain-alcohol oxidase
JI435_023720	QRC92229.1	hypothetical protein
JI435_023730	QRC92230.1	hypothetical protein
JI435_023740	QRC92231.1	hypothetical protein
JI435_023750	QRC92232.1	tRNA-dihydrouridine synthase 3
JI435_023760	QRC92233.1	hypothetical protein
JI435_023770	QRC92234.1	glucosamine 6-phosphate N-acetyltransferase
JI435_023780	QRC92235.1	hypothetical protein
JI435_023790	QRC92236.1	hypothetical protein
JI435_023800	QRC92237.1	hypothetical protein
JI435_023810	QRC92238.1	hypothetical protein
JI435_023820	QRC92239.1	hypothetical protein
JI435_023830	QRC92240.1	hypothetical protein
JI435_023850	QRC92242.1	hypothetical protein
JI435_023860	QRC92243.1	hypothetical protein
JI435_023870	QRC92245.1	hypothetical protein
JI435_023880	QRC92246.1	hypothetical protein
JI435_023890	QRC92247.1	hypothetical protein
JI435_023900	QRC92248.1	hypothetical protein
JI435_023910	QRC92249.1	hypothetical protein
JI435_023920	QRC92250.1	ceramide fatty acid hydroxylase
JI435_023930	QRC92251.1	hypothetical protein
JI435_023940	QRC92252.1	hypothetical protein
JI435_023950	QRC92253.1	hypothetical protein
JI435_023970	QRC92254.1	hypothetical protein
JI435_023980	QRC92256.1	hypothetical protein
JI435_023990	QRC92258.1	hypothetical protein
JI435_024000	QRC92259.1	hypothetical protein
JI435_024010	QRC92261.1	hypothetical protein
JI435_024020	QRC92262.1	hypothetical protein
JI435_024030	QRC92263.1	hypothetical protein
JI435_024040	QRC92264.1	hypothetical protein
JI435_024050	QRC92265.1	hypothetical protein
JI435_024060	QRC92266.1	hypothetical protein
JI435_024070	QRC92267.1	hypothetical protein
JI435_024080	QRC92268.1	hypothetical protein
JI435_024090	QRC92269.1	hypothetical protein
JI435_024100	QRC92270.1	hypothetical protein
JI435_024110	QRC92271.1	hypothetical protein
JI435_024120	QRC92272.1	hypothetical protein
JI435_024130	QRC92273.1	hypothetical protein
JI435_024140	QRC92277.1	hypothetical protein
JI435_024150	QRC92278.1	hypothetical protein
JI435_024160	QRC92279.1	hypothetical protein
JI435_024170	QRC92280.1	hypothetical protein
JI435_024220	QRC92285.1	hypothetical protein
JI435_024230	QRC92286.1	hypothetical protein
JI435_024240	QRC92288.1	hypothetical protein
JI435_024250	QRC92290.1	hypothetical protein
JI435_024260	QRC92291.1	hypothetical protein
JI435_024270	QRC92292.1	hypothetical protein
JI435_024290	QRC92294.1	hypothetical protein
JI435_024310	QRC92295.1	hypothetical protein
JI435_024330	QRC92299.1	hypothetical protein
JI435_024340	QRC92300.1	hypothetical protein
JI435_024360	QRC92302.1	hypothetical protein
JI435_024370	QRC92303.1	hypothetical protein
JI435_024380	QRC92304.1	hypothetical protein
JI435_024390	QRC92305.1	hypothetical protein
JI435_024400	QRC92306.1	hypothetical protein
JI435_024420	QRC92308.1	ribosome biogenesis-related protein SDA1
JI435_024430	QRC92309.1	hypothetical protein
JI435_024440	QRC92311.1	hypothetical protein
JI435_024460	QRC92312.1	hypothetical protein
JI435_024480	QRC92314.1	hypothetical protein
JI435_024490	QRC92315.1	hypothetical protein
JI435_024500	QRC92316.1	3-oxoacyl-CoA synthase
JI435_024510	QRC92319.1	hypothetical protein
JI435_024520	QRC92320.1	hypothetical protein
JI435_024530	QRC92322.1	hypothetical protein
JI435_024540	QRC92324.1	hypothetical protein
JI435_024550	QRC92325.1	hypothetical protein
JI435_024560	QRC92326.1	hypothetical protein
JI435_024570	QRC92327.1	hypothetical protein
JI435_024580	QRC92328.1	sidoreflexin
JI435_024590	QRC92330.1	hypothetical protein
JI435_024600	QRC92331.1	hypothetical protein
JI435_024610	QRC92332.1	ubiquitin carboxyl-terminal hydrolase
JI435_024620	QRC92333.1	hypothetical protein
JI435_024630	QRC92334.1	hypothetical protein
JI435_024640	QRC92336.1	hypothetical protein
JI435_024650	QRC92339.1	protein SSH4
JI435_024660	QRC92341.1	hypothetical protein
JI435_024690	QRC92342.1	hypothetical protein
JI435_024700	QRC92344.1	hypothetical protein
JI435_024710	QRC92347.1	hypothetical protein
JI435_024720	QRC92350.1	hypothetical protein
JI435_024740	QRC92352.1	hypothetical protein
JI435_024750	QRC92353.1	hypothetical protein
JI435_024760	QRC92355.1	hypothetical protein
JI435_024770	QRC92356.1	hypothetical protein
JI435_024790	QRC92358.1	hypothetical protein
JI435_024800	QRC92359.1	PAN2-PAN3 deadenylation complex subunit PAN3
JI435_024810	QRC92361.1	hypothetical protein
JI435_024830	QRC92363.1	hypothetical protein
JI435_024840	QRC92364.1	hypothetical protein
JI435_024850	QRC92365.1	hypothetical protein
JI435_024860	QRC92366.1	hypothetical protein
JI435_024870	QRC92367.1	hypothetical protein
JI435_024880	QRC92369.1	hypothetical protein
JI435_024890	QRC92371.1	hypothetical protein
JI435_024900	QRC92373.1	hypothetical protein
JI435_024920	QRC92374.1	hypothetical protein
JI435_024930	QRC92375.1	hypothetical protein
JI435_024940	QRC92377.1	hypothetical protein
JI435_024950	QRC92378.1	hypothetical protein
JI435_024960	QRC92379.1	post-GPI attachment to proteins factor 3
JI435_024980	QRC92380.1	hypothetical protein
JI435_024990	QRC92382.1	hypothetical protein
JI435_025000	QRC92383.1	golgi apparatus membrane protein TVP18
JI435_025010	QRC92385.1	hypothetical protein
JI435_025020	QRC92386.1	hypothetical protein
JI435_025030	QRC92388.1	hypothetical protein
JI435_025040	QRC92389.1	hypothetical protein
JI435_025060	QRC92391.1	hypothetical protein
JI435_025080	QRC92392.1	hypothetical protein
JI435_025090	QRC92394.1	hypothetical protein
JI435_025100	QRC92395.1	hypothetical protein
JI435_025110	QRC92396.1	hypothetical protein
JI435_025120	QRC92398.1	hypothetical protein
JI435_025140	QRC92399.1	hypothetical protein
JI435_025150	QRC92400.1	hypothetical protein
JI435_025160	QRC92402.1	hypothetical protein
JI435_025170	QRC92403.1	hypothetical protein
JI435_025180	QRC92404.1	hypothetical protein
JI435_025200	QRC92406.1	hypothetical protein
JI435_025210	QRC92409.1	hypothetical protein
JI435_025240	QRC92413.1	kinesin-like protein
JI435_025250	QRC92414.1	carboxylic ester hydrolase
JI435_025260	QRC92415.1	hypothetical protein
JI435_025270	QRC92416.1	hypothetical protein
JI435_025280	QRC92417.1	hypothetical protein
JI435_025290	QRC92418.1	hypothetical protein
JI435_025300	QRC92419.1	hypothetical protein
JI435_025310	QRC92420.1	hypothetical protein
JI435_025320	QRC92421.1	hypothetical protein
JI435_025330	QRC92422.1	hypothetical protein
JI435_025340	QRC92423.1	mediator of RNA polymerase II transcription subunit 17
JI435_025350	QRC92424.1	IMP-specific 5'-nucleotidase
JI435_025360	QRC92425.1	hypothetical protein
JI435_025370	QRC92426.1	kinetochore protein NDC80
JI435_025380	QRC92427.1	hypothetical protein
JI435_025390	QRC92428.1	ATP-dependent 6-phosphofructokinase
JI435_025400	QRC92429.1	hypothetical protein
JI435_025410	QRC92430.1	hypothetical protein
JI435_025420	QRC92431.1	hypothetical protein
JI435_025430	QRC92432.1	hypothetical protein
JI435_025440	QRC92433.1	hypothetical protein
JI435_025450	QRC92434.1	hypothetical protein
JI435_025460	QRC92436.1	N-acetylglucosamine-6-phosphate deacetylase
JI435_025470	QRC92437.1	hypothetical protein
JI435_025480	QRC92438.1	hypothetical protein
JI435_025490	QRC92442.1	hypothetical protein
JI435_025510	QRC92443.1	hypothetical protein
JI435_025520	QRC92444.1	hypothetical protein
JI435_025530	QRC92445.1	hypothetical protein
JI435_025540	QRC92446.1	phosphatidylinositol transfer protein SFH5
JI435_025550	QRC92448.1	hypothetical protein
JI435_025560	QRC92449.1	hypothetical protein
JI435_025580	QRC92450.1	hypothetical protein
JI435_025590	QRC92452.1	hypothetical protein
JI435_025600	QRC94806.1	hypothetical protein
JI435_025610	QRC94809.1	hypothetical protein
JI435_025620	QRC94810.1	hypothetical protein
JI435_025630	QRC94811.1	hypothetical protein
JI435_025640	QRC94812.1	hypothetical protein
JI435_025650	QRC94813.1	hypothetical protein
JI435_025660	QRC94814.1	hypothetical protein
JI435_025670	QRC94817.1	hypothetical protein
JI435_025680	QRC94819.1	60S ribosomal protein L27
JI435_025690	QRC94820.1	hypothetical protein
JI435_025700	QRC94821.1	hypothetical protein
JI435_025710	QRC94822.1	hypothetical protein
JI435_025720	QRC94823.1	hypothetical protein
JI435_025740	QRC94826.1	hypothetical protein
JI435_025750	QRC94829.1	calcium-binding protein NCS-1
JI435_025760	QRC94830.1	transmembrane 9 superfamily protein
JI435_025770	QRC94831.1	hypothetical protein
JI435_025790	QRC94833.1	hypothetical protein
JI435_025810	QRC94835.1	hypothetical protein
JI435_025820	QRC94836.1	hypothetical protein
JI435_025830	QRC94838.1	hypothetical protein
JI435_025840	QRC94839.1	hypothetical protein
JI435_025850	QRC94840.1	hypothetical protein
JI435_025860	QRC94841.1	hypothetical protein
JI435_025870	QRC94842.1	hypothetical protein
JI435_025880	QRC94844.1	hypothetical protein
JI435_025890	QRC94845.1	hypothetical protein
JI435_025910	QRC94847.1	hypothetical protein
JI435_025930	QRC94849.1	hypothetical protein
JI435_025940	QRC94850.1	hypothetical protein
JI435_025950	QRC94851.1	hypothetical protein
JI435_025970	QRC94853.1	hypothetical protein
JI435_026010	QRC94857.1	hypothetical protein
JI435_026020	QRC94858.1	60S ribosomal protein L44
JI435_026030	QRC94859.1	hypothetical protein
JI435_026050	QRC94861.1	hypothetical protein
JI435_026060	QRC94862.1	hypothetical protein
JI435_026070	QRC94863.1	hypothetical protein
JI435_026090	QRC94865.1	hypothetical protein
JI435_026100	QRC94866.1	hypothetical protein
JI435_026120	QRC94867.1	hypothetical protein
JI435_026130	QRC94868.1	hypothetical protein
JI435_026150	QRC94870.1	hypothetical protein
JI435_026170	QRC94872.1	hypothetical protein
JI435_026180	QRC94874.1	hypothetical protein
JI435_026190	QRC94875.1	hypothetical protein
JI435_026210	QRC94876.1	hypothetical protein
JI435_026220	QRC94878.1	hypothetical protein
JI435_026230	QRC94879.1	hypothetical protein
JI435_026240	QRC94881.1	hypothetical protein
JI435_026250	QRC94882.1	hypothetical protein
JI435_026260	QRC94883.1	hypothetical protein
JI435_026270	QRC94884.1	hypothetical protein
JI435_026280	QRC94885.1	hypothetical protein
JI435_026290	QRC94886.1	hypothetical protein
JI435_026300	QRC94887.1	hypothetical protein
JI435_026310	QRC94888.1	hypothetical protein
JI435_026330	QRC94889.1	rhamnogalacturonan endolyase
JI435_026360	QRC94891.1	hypothetical protein
JI435_026380	QRC94892.1	hypothetical protein
JI435_026390	QRC94893.1	hypothetical protein
JI435_026410	QRC94894.1	hypothetical protein
JI435_026420	QRC94895.1	hypothetical protein
JI435_026430	QRC94896.1	hypothetical protein
JI435_026440	QRC94897.1	chitinase
JI435_026470	QRC94898.1	hypothetical protein
JI435_026480	QRC94900.1	hypothetical protein
JI435_026490	QRC94901.1	hypothetical protein
JI435_026500	QRC94903.1	hypothetical protein
JI435_026510	QRC94904.1	hypothetical protein
JI435_026520	QRC94905.1	hypothetical protein
JI435_026540	QRC94906.1	hypothetical protein
JI435_026580	QRC94907.1	hypothetical protein
JI435_026590	QRC94909.1	hypothetical protein
JI435_026600	QRC94911.1	hypothetical protein
JI435_026610	QRC94912.1	hypothetical protein
JI435_026620	QRC94913.1	hypothetical protein
JI435_026630	QRC94915.1	hypothetical protein
JI435_026640	QRC94917.1	hypothetical protein
JI435_026650	QRC94919.1	hypothetical protein
JI435_026670	QRC94920.1	hypothetical protein
JI435_026690	QRC94922.1	succinyl-CoA 3-ketoacid-coenzyme A transferase
JI435_026700	QRC94923.1	peptidylprolyl isomerase
JI435_026710	QRC94924.1	hypothetical protein
JI435_026730	QRC94925.1	hypothetical protein
JI435_026740	QRC94927.1	hypothetical protein
JI435_026750	QRC94928.1	hypothetical protein
JI435_026760	QRC94930.1	hypothetical protein
JI435_026770	QRC94931.1	hypothetical protein
JI435_026780	QRC94932.1	hypothetical protein
JI435_026810	QRC94933.1	hypothetical protein
JI435_026820	QRC94935.1	hypothetical protein
JI435_026830	QRC94939.1	hypothetical protein
JI435_026840	QRC94940.1	hypothetical protein
JI435_026850	QRC94941.1	hypothetical protein
JI435_026860	QRC94942.1	amine oxidase
JI435_026870	QRC94944.1	hypothetical protein
JI435_026880	QRC94946.1	hypothetical protein
JI435_026890	QRC94947.1	hypothetical protein
JI435_026900	QRC94949.1	hypothetical protein
JI435_026910	QRC94950.1	cleavage and polyadenylation specificity factor subunit 2
JI435_026930	QRC94952.1	hypothetical protein
JI435_026940	QRC94953.1	hypothetical protein
JI435_026950	QRC94954.1	hypothetical protein
JI435_026960	QRC94956.1	eIF-2B GDP-GTP exchange factor subunit epsilon
JI435_026970	QRC94958.1	hypothetical protein
JI435_026980	QRC94960.1	hypothetical protein
JI435_026990	QRC94962.1	hypothetical protein
JI435_027010	QRC94963.1	hypothetical protein
JI435_027020	QRC94964.1	inheritance of peroxisomes protein 1
JI435_027030	QRC94966.1	hypothetical protein
JI435_027040	QRC94968.1	hypothetical protein
JI435_027070	QRC94972.1	dihydrolipoyl dehydrogenase
JI435_027080	QRC94973.1	hypothetical protein
JI435_027090	QRC94974.1	hypothetical protein
JI435_027100	QRC94975.1	hypothetical protein
JI435_027120	QRC94976.1	hypothetical protein
JI435_027130	QRC94978.1	hypothetical protein
JI435_027150	QRC94980.1	hypothetical protein
JI435_027160	QRC94981.1	hypothetical protein
JI435_027170	QRC94983.1	hypothetical protein
JI435_027180	QRC94984.1	hypothetical protein
JI435_027190	QRC94985.1	acyl carrier protein
JI435_027200	QRC94986.1	NADH-ubiquinone oxidoreductase subunit
JI435_027210	QRC94987.1	hypothetical protein
JI435_027220	QRC94988.1	hypothetical protein
JI435_027230	QRC94989.1	hypothetical protein
JI435_027250	QRC94990.1	hypothetical protein
JI435_027260	QRC94991.1	hypothetical protein
JI435_027330	QRC94996.1	hypothetical protein
JI435_027340	QRC94998.1	hypothetical protein
JI435_027350	QRC95000.1	hypothetical protein
JI435_027360	QRC95001.1	hypothetical protein
JI435_027370	QRC95002.1	hypothetical protein
JI435_027380	QRC95004.1	hypothetical protein
JI435_027390	QRC95005.1	hypothetical protein
JI435_027430	QRC95006.1	hypothetical protein
JI435_027450	QRC95010.1	hypothetical protein
JI435_027470	QRC95011.1	hypothetical protein
JI435_027480	QRC95012.1	hypothetical protein
JI435_027490	QRC95013.1	hypothetical protein
JI435_027500	QRC95014.1	hypothetical protein
JI435_027510	QRC95016.1	flap endonuclease
JI435_027520	QRC95017.1	hypothetical protein
JI435_027530	QRC95019.1	hypothetical protein
JI435_027540	QRC95020.1	hypothetical protein
JI435_027550	QRC95022.1	hypothetical protein
JI435_027570	QRC95024.1	hypothetical protein
JI435_027590	QRC95026.1	hypothetical protein
JI435_027600	QRC95027.1	hypothetical protein
JI435_027610	QRC95028.1	hypothetical protein
JI435_027620	QRC95030.1	hypothetical protein
JI435_027630	QRC95031.1	hypothetical protein
JI435_027640	QRC95032.1	hypothetical protein
JI435_027660	QRC95034.1	hypothetical protein
JI435_027670	QRC95035.1	hypothetical protein
JI435_027680	QRC95037.1	hypothetical protein
JI435_027690	QRC95038.1	hypothetical protein
JI435_027700	QRC95040.1	hypothetical protein
JI435_027720	QRC95042.1	hypothetical protein
JI435_027730	QRC95043.1	hypothetical protein
JI435_027740	QRC95044.1	hypothetical protein
JI435_027750	QRC95045.1	hypothetical protein
JI435_027760	QRC95046.1	hypothetical protein
JI435_027780	QRC95048.1	hypothetical protein
JI435_027790	QRC95049.1	hypothetical protein
JI435_027810	QRC95050.1	copper transporter
JI435_027820	QRC95051.1	hypothetical protein
JI435_027830	QRC95052.1	hypothetical protein
JI435_027850	QRC95054.1	hypothetical protein
JI435_027860	QRC95056.1	hypothetical protein
JI435_027870	QRC95057.1	arginine N-methyltransferase
JI435_027880	QRC95058.1	hypothetical protein
JI435_027890	QRC95059.1	hypothetical protein
JI435_027900	QRC95060.1	O-acyltransferase
JI435_027910	QRC95061.1	hypothetical protein
JI435_027940	QRC95063.1	hypothetical protein
JI435_027950	QRC95064.1	hypothetical protein
JI435_027960	QRC95065.1	hypothetical protein
JI435_027970	QRC95066.1	hypothetical protein
JI435_027990	QRC95068.1	hypothetical protein
JI435_028000	QRC95069.1	hypothetical protein
JI435_028010	QRC95070.1	hypothetical protein
JI435_028050	QRC95075.1	hypothetical protein
JI435_028060	QRC95076.1	hypothetical protein
JI435_028070	QRC95077.1	hypothetical protein
JI435_028090	QRC95078.1	hypothetical protein
JI435_028100	QRC95080.1	hypothetical protein
JI435_028120	QRC95084.1	hypothetical protein
JI435_028130	QRC95086.1	hypothetical protein
JI435_028140	QRC95087.1	kynureninase
JI435_028150	QRC95088.1	hypothetical protein
JI435_028160	QRC95089.1	hypothetical protein
JI435_028170	QRC95090.1	hypothetical protein
JI435_028190	QRC95091.1	biotin carboxylase
JI435_028210	QRC95093.1	hypothetical protein
JI435_028230	QRC95095.1	hypothetical protein
JI435_028240	QRC95094.1	hypothetical protein
JI435_028250	QRC95096.1	hypothetical protein
JI435_028260	QRC95097.1	hypothetical protein
JI435_028270	QRC95098.1	hypothetical protein
JI435_028290	QRC95100.1	hypothetical protein
JI435_028300	QRC95102.1	hypothetical protein
JI435_028310	QRC95103.1	hypothetical protein
JI435_028320	QRC95104.1	hypothetical protein
JI435_028330	QRC95105.1	hypothetical protein
JI435_028340	QRC95106.1	hypothetical protein
JI435_028360	QRC95109.1	hypothetical protein
JI435_028370	QRC95110.1	hypothetical protein
JI435_028380	QRC95112.1	hypothetical protein
JI435_028390	QRC95113.1	hypothetical protein
JI435_028410	QRC95115.1	high osmolarity signaling protein SHO1
JI435_028420	QRC95118.1	hypothetical protein
JI435_028430	QRC95119.1	NAD(P)H-hydrate epimerase
JI435_028440	QRC95120.1	hypothetical protein
JI435_028450	QRC95121.1	mannan endo-1,6-alpha-mannosidase
JI435_028460	QRC95122.1	hypothetical protein
JI435_028470	QRC95123.1	hypothetical protein
JI435_028480	QRC95124.1	MYND-type zinc finger protein samB
JI435_028500	QRC95125.1	hypothetical protein
JI435_028530	QRC95128.1	hypothetical protein
JI435_028540	QRC95129.1	hypothetical protein
JI435_028560	QRC95131.1	MYND-type zinc finger protein samB
JI435_028570	QRC95132.1	hypothetical protein
JI435_028590	QRC95136.1	hypothetical protein
JI435_028610	QRC95139.1	hypothetical protein
JI435_028620	QRC95141.1	hypothetical protein
JI435_028630	QRC95142.1	hypothetical protein
JI435_028640	QRC95143.1	hypothetical protein
JI435_028690	QRC95149.1	hypothetical protein
JI435_028700	QRC95150.1	hypothetical protein
JI435_028730	QRC95151.1	hypothetical protein
JI435_028740	QRC95153.1	hypothetical protein
JI435_028750	QRC95154.1	replication protein A subunit
JI435_028760	QRC95155.1	hypothetical protein
JI435_028770	QRC95156.1	hypothetical protein
JI435_028780	QRC95159.1	DNA replication complex GINS protein SLD5
JI435_028790	QRC95160.1	hypothetical protein
JI435_028800	QRC95161.1	protein-tyrosine-phosphatase
JI435_028830	QRC95163.1	hypothetical protein
JI435_028840	QRC95164.1	ubiquitin carboxyl-terminal hydrolase
JI435_028860	QRC95167.1	hypothetical protein
JI435_028870	QRC95169.1	hypothetical protein
JI435_028890	QRC95170.1	hypothetical protein
JI435_028900	QRC95172.1	hypothetical protein
JI435_028910	QRC95174.1	hypothetical protein
JI435_028920	QRC95175.1	iron-sulfur cluster assembly protein
JI435_028930	QRC95176.1	hypothetical protein
JI435_028940	QRC95178.1	hypothetical protein
JI435_028960	QRC95181.1	hypothetical protein
JI435_028970	QRC95184.1	hypothetical protein
JI435_028980	QRC95186.1	serine hydroxymethyltransferase
JI435_028990	QRC95187.1	hypothetical protein
JI435_029000	QRC95188.1	DNA-directed RNA polymerases I/II/III subunit RPABC1
JI435_029010	QRC95189.1	hypothetical protein
JI435_029020	QRC95190.1	hypothetical protein
JI435_029040	QRC95193.1	hypothetical protein
JI435_029050	QRC95194.1	hypothetical protein
JI435_029060	QRC95197.1	hypothetical protein
JI435_029070	QRC95198.1	hypothetical protein
JI435_029080	QRC95199.1	hypothetical protein
JI435_029090	QRC95201.1	copper transporter
JI435_029110	QRC95204.1	calcium-transporting ATPase
JI435_029120	QRC95205.1	hypothetical protein
JI435_029130	QRC95206.1	threonylcarbamoyl-AMP synthase
JI435_029140	QRC95207.1	hypothetical protein
JI435_029150	QRC95208.1	hypothetical protein
JI435_029170	QRC95210.1	hypothetical protein
JI435_029180	QRC95211.1	hypothetical protein
JI435_029190	QRC95214.1	hypothetical protein
JI435_029200	QRC95216.1	hypothetical protein
JI435_029210	QRC95217.1	hypothetical protein
JI435_029220	QRC95219.1	hypothetical protein
JI435_029230	QRC95221.1	hypothetical protein
JI435_029240	QRC95223.1	hypothetical protein
JI435_029270	QRC95224.1	hypothetical protein
JI435_029280	QRC95226.1	hypothetical protein
JI435_029290	QRC95228.1	hypothetical protein
JI435_029300	QRC95229.1	hypothetical protein
JI435_029310	QRC95232.1	hypothetical protein
JI435_029320	QRC95233.1	Hsp90 chaperone protein kinase-targeting subunit
JI435_029330	QRC95234.1	hypothetical protein
JI435_029350	QRC95235.1	clathrin light chain
JI435_029360	QRC95236.1	hypothetical protein
JI435_029390	QRC95238.1	hypothetical protein
JI435_029400	QRC95241.1	hypothetical protein
JI435_029410	QRC95242.1	hypothetical protein
JI435_029420	QRC95243.1	hypothetical protein
JI435_029440	QRC95245.1	hypothetical protein
JI435_029450	QRC95246.1	hypothetical protein
JI435_029470	QRC95248.1	hypothetical protein
JI435_029490	QRC95249.1	RNA 3'-terminal-phosphate cyclase
JI435_029500	QRC95250.1	hypothetical protein
JI435_029510	QRC95251.1	hypothetical protein
JI435_029520	QRC95252.1	hypothetical protein
JI435_029540	QRC95255.1	hypothetical protein
JI435_029550	QRC95256.1	ATP-dependent RNA helicase DBP9
JI435_029560	QRC95257.1	hypothetical protein
JI435_029570	QRC95258.1	hypothetical protein
JI435_029600	QRC95260.1	hypothetical protein
JI435_029610	QRC95261.1	hypothetical protein
JI435_029630	QRC95263.1	hypothetical protein
JI435_029640	QRC95264.1	hypothetical protein
JI435_029670	QRC95267.1	hypothetical protein
JI435_029690	QRC95269.1	hypothetical protein
JI435_029710	QRC95271.1	hypothetical protein
JI435_029720	QRC95272.1	hypothetical protein
JI435_029740	QRC95274.1	hypothetical protein
JI435_029760	QRC95275.1	hypothetical protein
JI435_029800	QRC95279.1	hypothetical protein
JI435_029810	QRC95280.1	hypothetical protein
JI435_029840	QRC95282.1	hypothetical protein
JI435_029850	QRC95284.1	hypothetical protein
JI435_029870	QRC95285.1	hypothetical protein
JI435_029880	QRC95286.1	hypothetical protein
JI435_029890	QRC95287.1	hypothetical protein
JI435_029920	QRC95288.1	hypothetical protein
JI435_029930	QRC95289.1	hypothetical protein
JI435_029940	QRC95290.1	hypothetical protein
JI435_029950	QRC95291.1	hypothetical protein
JI435_029960	QRC95292.1	hypothetical protein
JI435_029990	QRC95296.1	hypothetical protein
JI435_030010	QRC95298.1	hypothetical protein
JI435_030020	QRC95299.1	hypothetical protein
JI435_030040	QRC95302.1	hypothetical protein
JI435_030050	QRC95303.1	hypothetical protein
JI435_030070	QRC95304.1	hypothetical protein
JI435_030080	QRC95305.1	hypothetical protein
JI435_030090	QRC95306.1	hypothetical protein
JI435_030110	QRC95308.1	hypothetical protein
JI435_030120	QRC95309.1	hypothetical protein
JI435_030130	QRC95313.1	acyl-CoA synthetase ACTT5
JI435_030160	QRC95316.1	hypothetical protein
JI435_030180	QRC95318.1	hypothetical protein
JI435_030190	QRC95319.1	hypothetical protein
JI435_030200	QRC95320.1	hypothetical protein
JI435_030240	QRC95322.1	hypothetical protein
JI435_030250	QRC95323.1	hypothetical protein
JI435_030260	QRC95325.1	hypothetical protein
JI435_030280	QRC95326.1	hypothetical protein
JI435_030290	QRC95327.1	hypothetical protein
JI435_030300	QRC95329.1	hypothetical protein
JI435_030310	QRC95330.1	alternative oxidase
JI435_030320	QRC95331.1	acylphosphatase
JI435_030330	QRC95333.1	hypothetical protein
JI435_030340	QRC95336.1	hypothetical protein
JI435_030350	QRC95337.1	hypothetical protein
JI435_030360	QRC95338.1	hypothetical protein
JI435_030370	QRC95339.1	hypothetical protein
JI435_030380	QRC95340.1	hypothetical protein
JI435_030390	QRC95341.1	hypothetical protein
JI435_030400	QRC95342.1	hypothetical protein
JI435_030410	QRC95343.1	hypothetical protein
JI435_030420	QRC95344.1	hypothetical protein
JI435_030430	QRC95346.1	hypothetical protein
JI435_030440	QRC95347.1	hypothetical protein
JI435_030450	QRC95348.1	hypothetical protein
JI435_030460	QRC95349.1	hypothetical protein
JI435_030470	QRC95350.1	hypothetical protein
JI435_030480	QRC95351.1	hypothetical protein
JI435_030490	QRC95352.1	hypothetical protein
JI435_030500	QRC95353.1	hypothetical protein
JI435_030510	QRC95354.1	hypothetical protein
JI435_030520	QRC95355.1	arginase
JI435_030530	QRC95356.1	hypothetical protein
JI435_030540	QRC95357.1	hypothetical protein
JI435_030550	QRC95359.1	DNA damage-binding protein CMR1
JI435_030560	QRC95360.1	hypothetical protein
JI435_030580	QRC95363.1	hypothetical protein
JI435_030590	QRC95364.1	hypothetical protein
JI435_030600	QRC95365.1	dolichyl-diphosphooligosaccharide--protein glycosyltransferase subunit 1
JI435_030610	QRC95366.1	hypothetical protein
JI435_030620	QRC95368.1	hypothetical protein
JI435_030630	QRC95370.1	hypothetical protein
JI435_030670	QRC95372.1	hypothetical protein
JI435_030690	QRC95377.1	hypothetical protein
JI435_030700	QRC95378.1	hypothetical protein
JI435_030710	QRC95379.1	hypothetical protein
JI435_030730	QRC95380.1	hypothetical protein
JI435_030740	QRC95381.1	hypothetical protein
JI435_030750	QRC95382.1	hypothetical protein
JI435_030760	QRC95383.1	condensin complex subunit 1
JI435_030770	QRC95384.1	hypothetical protein
JI435_030790	QRC95385.1	hypothetical protein
JI435_030800	QRC95386.1	hypothetical protein
JI435_030810	QRC95387.1	hypothetical protein
JI435_030820	QRC95388.1	tyrosine--tRNA (Tyr) ligase
JI435_030830	QRC95389.1	hypothetical protein
JI435_030840	QRC95390.1	hypothetical protein
JI435_030850	QRC95392.1	coatomer subunit alpha
JI435_030860	QRC95394.1	hypothetical protein
JI435_030870	QRC95398.1	hypothetical protein
JI435_030890	QRC95399.1	DNA-directed RNA polymerase subunit beta
JI435_030900	QRC95400.1	copper homeostasis protein cutC
JI435_030910	QRC95401.1	hypothetical protein
JI435_030920	QRC95402.1	histone acetyltransferase
JI435_030930	QRC95403.1	hypothetical protein
JI435_030950	QRC95404.1	hypothetical protein
JI435_030960	QRC95406.1	hypothetical protein
JI435_030970	QRC95407.1	hypothetical protein
JI435_030980	QRC95409.1	hypothetical protein
JI435_031000	QRC95410.1	hypothetical protein
JI435_031020	QRC95412.1	hypothetical protein
JI435_031030	QRC95414.1	hypothetical protein
JI435_031040	QRC95415.1	hypothetical protein
JI435_031050	QRC95416.1	hypothetical protein
JI435_031060	QRC95417.1	hypothetical protein
JI435_031070	QRC95418.1	hypothetical protein
JI435_031080	QRC95419.1	hypothetical protein
JI435_031090	QRC95420.1	hypothetical protein
JI435_031100	QRC95421.1	hypothetical protein
JI435_031120	QRC95423.1	hypothetical protein
JI435_031130	QRC95425.1	hypothetical protein
JI435_031140	QRC95426.1	hypothetical protein
JI435_031150	QRC95427.1	hypothetical protein
JI435_031170	QRC95429.1	hypothetical protein
JI435_031180	QRC95430.1	hypothetical protein
JI435_031200	QRC95432.1	hypothetical protein
JI435_031210	QRC95434.1	hypothetical protein
JI435_031220	QRC95436.1	hypothetical protein
JI435_031230	QRC95438.1	hypothetical protein
JI435_031240	QRC95439.1	hypothetical protein
JI435_031250	QRC95440.1	hypothetical protein
JI435_031280	QRC95443.1	hypothetical protein
JI435_031290	QRC95445.1	hypothetical protein
JI435_031300	QRC95446.1	hypothetical protein
JI435_031310	QRC95447.1	hypothetical protein
JI435_031330	QRC95449.1	malic enzyme
JI435_031340	QRC95450.1	hypothetical protein
JI435_031350	QRC95451.1	hypothetical protein
JI435_031360	QRC95452.1	hypothetical protein
JI435_031390	QRC95453.1	ribosomal protein L19
JI435_031400	QRC95455.1	hypothetical protein
JI435_031410	QRC95456.1	hypothetical protein
JI435_031420	QRC95458.1	hypothetical protein
JI435_031430	QRC95460.1	hypothetical protein
JI435_031450	QRC95461.1	delta 8-(E)-sphingolipid desaturase
JI435_031460	QRC95462.1	hypothetical protein
JI435_031480	QRC95463.1	hypothetical protein
JI435_031490	QRC95464.1	hypothetical protein
JI435_031500	QRC95465.1	hypothetical protein
JI435_031510	QRC95466.1	conserved oligomeric golgi complex subunit 6
JI435_031520	QRC95467.1	autophagy-related protein
JI435_031530	QRC95468.1	hypothetical protein
JI435_031540	QRC95469.1	hypothetical protein
JI435_031550	QRC95470.1	DNA replication licensing factor MCM2
JI435_031560	QRC95471.1	hypothetical protein
JI435_031570	QRC95472.1	hypothetical protein
JI435_031580	QRC95473.1	hypothetical protein
JI435_031590	QRC95474.1	hypothetical protein
JI435_031610	QRC95475.1	hypothetical protein
JI435_031620	QRC95477.1	hypothetical protein
JI435_031630	QRC95478.1	hypothetical protein
JI435_031640	QRC95479.1	E3 ubiquitin protein ligase
JI435_031650	QRC95480.1	hypothetical protein
JI435_031660	QRC95481.1	hypothetical protein
JI435_031670	QRC95482.1	hypothetical protein
JI435_031690	QRC95485.1	hypothetical protein
JI435_031710	QRC95487.1	protein transporter SEC24
JI435_031720	QRC95488.1	hypothetical protein
JI435_031730	QRC95490.1	catalase isoform A
JI435_031740	QRC95491.1	hypothetical protein
JI435_031750	QRC95492.1	hypothetical protein
JI435_031760	QRC95494.1	hypothetical protein
JI435_031770	QRC95495.1	hypothetical protein
JI435_031780	QRC95497.1	hypothetical protein
JI435_031800	QRC95498.1	hypothetical protein
JI435_031820	QRC95500.1	hypothetical protein
JI435_031840	QRC95501.1	hypothetical protein
JI435_031850	QRC95502.1	hypothetical protein
JI435_031860	QRC95504.1	allantoicase
JI435_031870	QRC95505.1	hypothetical protein
JI435_031890	QRC95506.1	hypothetical protein
JI435_031900	QRC95507.1	hypothetical protein
JI435_031910	QRC95509.1	hypothetical protein
JI435_031920	QRC95510.1	biogenesis of lysosome-related organelles complex 1 subunit KXD1
JI435_031960	QRC95512.1	hypothetical protein
JI435_031980	QRC95514.1	hypothetical protein
JI435_031990	QRC95515.1	hypothetical protein
JI435_032000	QRC95516.1	hypothetical protein
JI435_032010	QRC95517.1	hypothetical protein
JI435_032020	QRC95518.1	hypothetical protein
JI435_032040	QRC95520.1	hypothetical protein
JI435_032050	QRC95521.1	hypothetical protein
JI435_032060	QRC95522.1	hypothetical protein
JI435_032070	QRC95524.1	hypothetical protein
JI435_032090	QRC95525.1	hypothetical protein
JI435_032100	QRC95527.1	hypothetical protein
JI435_032120	QRC95529.1	hypothetical protein
JI435_032130	QRC95530.1	hypothetical protein
JI435_032150	QRC95531.1	hypothetical protein
JI435_032160	QRC95532.1	hypothetical protein
JI435_032180	QRC95534.1	hypothetical protein
JI435_032190	QRC95535.1	hypothetical protein
JI435_032200	QRC95537.1	hypothetical protein
JI435_032210	QRC95538.1	hypothetical protein
JI435_032230	QRC95539.1	hypothetical protein
JI435_032280	QRC95544.1	hypothetical protein
JI435_032290	QRC95545.1	hypothetical protein
JI435_032300	QRC95546.1	hypothetical protein
JI435_032310	QRC95547.1	hypothetical protein
JI435_032320	QRC95548.1	hypothetical protein
JI435_032330	QRC95549.1	hypothetical protein
JI435_032360	QRC95553.1	hypothetical protein
JI435_032370	QRC95555.1	hypothetical protein
JI435_032380	QRC95557.1	hypothetical protein
JI435_032410	QRC95558.1	hypothetical protein
JI435_032420	QRC95561.1	hypothetical protein
JI435_032430	QRC95562.1	hypothetical protein
JI435_032440	QRC95563.1	hypothetical protein
JI435_032460	QRC95564.1	hypothetical protein
JI435_032470	QRC95567.1	hypothetical protein
JI435_032480	QRC95568.1	chromosome structural maintenance protein
JI435_032490	QRC95569.1	hypothetical protein
JI435_032520	QRC95575.1	hypothetical protein
JI435_032530	QRC95577.1	hypothetical protein
JI435_032550	QRC95580.1	hypothetical protein
JI435_032560	QRC95581.1	hypothetical protein
JI435_032570	QRC95583.1	hypothetical protein
JI435_032580	QRC95584.1	hypothetical protein
JI435_032590	QRC95585.1	hypothetical protein
JI435_032600	QRC95586.1	hypothetical protein
JI435_032610	QRC95587.1	hypothetical protein
JI435_032620	QRC95588.1	hypothetical protein
JI435_032630	QRC95589.1	hypothetical protein
JI435_032640	QRC95590.1	hypothetical protein
JI435_032650	QRC95591.1	hypothetical protein
JI435_032660	QRC95593.1	DNA helicase
JI435_032670	QRC95595.1	hypothetical protein
JI435_032680	QRC95598.1	hypothetical protein
JI435_032690	QRC95599.1	hypothetical protein
JI435_032710	QRC95600.1	inositol-1-monophosphatase
JI435_032740	QRC95602.1	hypothetical protein
JI435_032750	QRC95603.1	hypothetical protein
JI435_032770	QRC95605.1	hypothetical protein
JI435_032780	QRC95606.1	hypothetical protein
JI435_032790	QRC95607.1	AP complex subunit sigma
JI435_032820	QRC95610.1	ammonium transporter
JI435_032830	QRC95612.1	hypothetical protein
JI435_032840	QRC95613.1	hypothetical protein
JI435_032850	QRC95614.1	endo-1,3(4)-beta-glucanase
JI435_032860	QRC95617.1	hypothetical protein
JI435_032870	QRC95620.1	hypothetical protein
JI435_032880	QRC95623.1	hypothetical protein
JI435_032890	QRC95625.1	hypothetical protein
JI435_032900	QRC95627.1	hypothetical protein
JI435_032920	QRC95629.1	hypothetical protein
JI435_032930	QRC95631.1	hypothetical protein
JI435_032940	QRC95632.1	pro-apoptotic serine protease
JI435_032950	QRC95634.1	hypothetical protein
JI435_032960	QRC95635.1	hypothetical protein
JI435_032970	QRC95636.1	sulfhydryl oxidase
JI435_032980	QRC95637.1	hypothetical protein
JI435_032990	QRC95638.1	mitogen-activated protein kinase Mak2
JI435_033010	QRC95641.1	hypothetical protein
JI435_033020	QRC95644.1	ATP-dependent RNA helicase DBP3
JI435_033030	QRC95645.1	hypothetical protein
JI435_033040	QRC95646.1	hypothetical protein
JI435_033050	QRC95647.1	hypothetical protein
JI435_033060	QRC95648.1	hypothetical protein
JI435_033090	QRC95649.1	hypothetical protein
JI435_033100	QRC95651.1	RNA polymerase II subunit A C-terminal domain phosphatase isoform B
JI435_033110	QRC95653.1	sterol 3-beta-glucosyltransferase
JI435_033120	QRC95655.1	hypothetical protein
JI435_033130	QRC95656.1	hypothetical protein
JI435_033140	QRC95658.1	hypothetical protein
JI435_033150	QRC95659.1	hypothetical protein
JI435_033160	QRC95660.1	hypothetical protein
JI435_033170	QRC95661.1	hypothetical protein
JI435_033180	QRC95662.1	hypothetical protein
JI435_033190	QRC95664.1	histone H3
JI435_033200	QRC95665.1	histone H4
JI435_033220	QRC95666.1	hypothetical protein
JI435_033230	QRC95667.1	hypothetical protein
JI435_033250	QRC95669.1	hypothetical protein
JI435_033260	QRC95670.1	hypothetical protein
JI435_033270	QRC95672.1	hypothetical protein
JI435_033280	QRC93084.1	hypothetical protein
JI435_033290	QRC93085.1	hypothetical protein
JI435_033300	QRC93086.1	feruloyl esterase
JI435_033310	QRC93087.1	hypothetical protein
JI435_033320	QRC93088.1	hypothetical protein
JI435_033330	QRC93089.1	hypothetical protein
JI435_033340	QRC93090.1	hypothetical protein
JI435_033350	QRC93091.1	hypothetical protein
JI435_033370	QRC93095.1	hypothetical protein
JI435_033380	QRC93096.1	hypothetical protein
JI435_033390	QRC93098.1	hypothetical protein
JI435_033400	QRC93099.1	hypothetical protein
JI435_033420	QRC93100.1	aminopeptidase
JI435_033430	QRC93101.1	hypothetical protein
JI435_033440	QRC93103.1	serine/threonine-protein kinase atg1
JI435_033460	QRC93105.1	dolichol kinase
JI435_033470	QRC93106.1	hypothetical protein
JI435_033480	QRC93107.1	hypothetical protein
JI435_033490	QRC93108.1	hypothetical protein
JI435_033500	QRC93109.1	hypothetical protein
JI435_033510	QRC93110.1	succinate dehydrogenase iron-sulfur subunit
JI435_033520	QRC93111.1	hypothetical protein
JI435_033530	QRC93112.1	hypothetical protein
JI435_033540	QRC93113.1	actin-related protein 2/3 complex subunit
JI435_033550	QRC93114.1	protein FYV4
JI435_033560	QRC93115.1	hypothetical protein
JI435_033570	QRC93117.1	hypothetical protein
JI435_033580	QRC93118.1	hypothetical protein
JI435_033590	QRC93120.1	hypothetical protein
JI435_033610	QRC93122.1	hypothetical protein
JI435_033620	QRC93124.1	hypothetical protein
JI435_033640	QRC93125.1	hypothetical protein
JI435_033650	QRC93126.1	hypothetical protein
JI435_033660	QRC93128.1	hypothetical protein
JI435_033670	QRC93129.1	hypothetical protein
JI435_033680	QRC93130.1	hypothetical protein
JI435_033690	QRC93131.1	hypothetical protein
JI435_033720	QRC93135.1	hypothetical protein
JI435_033740	QRC93137.1	hypothetical protein
JI435_033750	QRC93138.1	hypothetical protein
JI435_033760	QRC93139.1	hypothetical protein
JI435_033770	QRC93140.1	hypothetical protein
JI435_033780	QRC93141.1	hypothetical protein
JI435_033790	QRC93142.1	hypothetical protein
JI435_033810	QRC93143.1	hypothetical protein
JI435_033820	QRC93144.1	hypothetical protein
JI435_033830	QRC93145.1	hypothetical protein
JI435_033840	QRC93146.1	hypothetical protein
JI435_033850	QRC93147.1	hypothetical protein
JI435_033860	QRC93148.1	cutinase
JI435_033870	QRC93150.1	hypothetical protein
JI435_033890	QRC93151.1	hypothetical protein
JI435_033960	QRC93155.1	hypothetical protein
JI435_033970	QRC93156.1	hypothetical protein
JI435_034010	QRC93158.1	hypothetical protein
JI435_034020	QRC93159.1	hypothetical protein
JI435_034040	QRC93160.1	glucanase
JI435_034050	QRC93161.1	hypothetical protein
JI435_034060	QRC93162.1	hypothetical protein
JI435_034080	QRC93164.1	hypothetical protein
JI435_034090	QRC93165.1	hypothetical protein
JI435_034110	QRC93166.1	hypothetical protein
JI435_034120	QRC93168.1	hypothetical protein
JI435_034130	QRC93169.1	N-alpha-acetyltransferase
JI435_034140	QRC93170.1	hypothetical protein
JI435_034150	QRC93171.1	hypothetical protein
JI435_034160	QRC93172.1	hypothetical protein
JI435_034220	QRC93176.1	hypothetical protein
JI435_034240	QRC93177.1	hypothetical protein
JI435_034290	QRC93181.1	hypothetical protein
JI435_034300	QRC93182.1	hypothetical protein
JI435_034310	QRC93183.1	hypothetical protein
JI435_034320	QRC93184.1	hypothetical protein
JI435_034330	QRC93185.1	hypothetical protein
JI435_034340	QRC93186.1	hypothetical protein
JI435_034360	QRC93188.1	hypothetical protein
JI435_034370	QRC93189.1	hypothetical protein
JI435_034390	QRC93190.1	hypothetical protein
JI435_034400	QRC93192.1	hypothetical protein
JI435_034410	QRC93193.1	condensin complex subunit 2
JI435_034420	QRC93194.1	hypothetical protein
JI435_034440	QRC93196.1	hypothetical protein
JI435_034460	QRC93198.1	hypothetical protein
JI435_034470	QRC93199.1	hypothetical protein
JI435_034480	QRC93200.1	hypothetical protein
JI435_034490	QRC93201.1	hypothetical protein
JI435_034500	QRC93202.1	hypothetical protein
JI435_034510	QRC93203.1	hypothetical protein
JI435_034540	QRC93204.1	hypothetical protein
JI435_034550	QRC93205.1	hypothetical protein
JI435_034570	QRC93208.1	hypothetical protein
JI435_034580	QRC93211.1	hypothetical protein
JI435_034590	QRC93212.1	hypothetical protein
JI435_034600	QRC93213.1	hypothetical protein
JI435_034650	QRC93216.1	hypothetical protein
JI435_034660	QRC93218.1	hypothetical protein
JI435_034670	QRC93219.1	hypothetical protein
JI435_034680	QRC93221.1	hypothetical protein
JI435_034690	QRC93222.1	hypothetical protein
JI435_034700	QRC93223.1	hypothetical protein
JI435_034710	QRC93224.1	ribosome biogenesis protein YTM1
JI435_034720	QRC93225.1	hypothetical protein
JI435_034740	QRC93226.1	hypothetical protein
JI435_034750	QRC93227.1	hypothetical protein
JI435_034760	QRC93228.1	autophagy protein 5
JI435_034770	QRC93229.1	hypothetical protein
JI435_034780	QRC93230.1	hypothetical protein
JI435_034790	QRC93231.1	hypothetical protein
JI435_034810	QRC93233.1	hypothetical protein
JI435_034830	QRC93234.1	hypothetical protein
JI435_034840	QRC93236.1	hypothetical protein
JI435_034850	QRC93239.1	hypothetical protein
JI435_034880	QRC93240.1	hypothetical protein
JI435_034900	QRC93241.1	hypothetical protein
JI435_034920	QRC93243.1	hypothetical protein
JI435_034930	QRC93244.1	hypothetical protein
JI435_034940	QRC93246.1	hypothetical protein
JI435_034960	QRC93247.1	DNA mismatch repair protein MSH3
JI435_034970	QRC93248.1	hypothetical protein
JI435_034980	QRC93249.1	hypothetical protein
JI435_035000	QRC93250.1	adenine deaminase
JI435_035020	QRC93253.1	hypothetical protein
JI435_035030	QRC93254.1	hypothetical protein
JI435_035040	QRC93256.1	pyruvate carboxylase
JI435_035070	QRC93257.1	clathrin heavy chain
JI435_035090	QRC93258.1	hypothetical protein
JI435_035100	QRC93260.1	hypothetical protein
JI435_035110	QRC93261.1	hypothetical protein
JI435_035120	QRC93264.1	protein-synthesizing GTPase
JI435_035130	QRC93265.1	hypothetical protein
JI435_035140	QRC93266.1	elastin
JI435_035150	QRC93267.1	hypothetical protein
JI435_035160	QRC93268.1	hypothetical protein
JI435_035170	QRC93269.1	eukaryotic translation initiation factor 3 subunit M
JI435_035190	QRC93270.1	hypothetical protein
JI435_035200	QRC93272.1	hypothetical protein
JI435_035210	QRC93274.1	hypothetical protein
JI435_035220	QRC93275.1	hypothetical protein
JI435_035230	QRC93276.1	hypothetical protein
JI435_035240	QRC93277.1	hypothetical protein
JI435_035260	QRC93283.1	hypothetical protein
JI435_035270	QRC93284.1	hypothetical protein
JI435_035280	QRC93286.1	hypothetical protein
JI435_035290	QRC93287.1	hypothetical protein
JI435_035300	QRC93288.1	PRA1 family protein
JI435_035310	QRC93289.1	hypothetical protein
JI435_035330	QRC93290.1	peptidylprolyl isomerase
JI435_035340	QRC93292.1	protease
JI435_035350	QRC93294.1	hypothetical protein
JI435_035360	QRC93295.1	hypothetical protein
JI435_035370	QRC93296.1	hypothetical protein
JI435_035380	QRC93298.1	hypothetical protein
JI435_035390	QRC93299.1	hypothetical protein
JI435_035400	QRC93300.1	hypothetical protein
JI435_035410	QRC93301.1	hypothetical protein
JI435_035420	QRC93302.1	hypothetical protein
JI435_035430	QRC93304.1	hypothetical protein
JI435_035440	QRC93305.1	hypothetical protein
JI435_035450	QRC93306.1	hypothetical protein
JI435_035460	QRC93307.1	hypothetical protein
JI435_035470	QRC93308.1	hypothetical protein
JI435_035490	QRC93310.1	hypothetical protein
JI435_035500	QRC93312.1	lactase
JI435_035520	QRC93314.1	DNA replication licensing factor MCM7
JI435_035530	QRC93315.1	peroxin
JI435_035540	QRC93316.1	pyruvate carrier
JI435_035550	QRC93318.1	hypothetical protein
JI435_035560	QRC93319.1	60S ribosomal protein L11
JI435_035570	QRC93320.1	hypothetical protein
JI435_035580	QRC93322.1	hypothetical protein
JI435_035600	QRC93325.1	hypothetical protein
JI435_035620	QRC93326.1	hypothetical protein
JI435_035640	QRC93327.1	hypothetical protein
JI435_035650	QRC93328.1	hypothetical protein
JI435_035680	QRC93329.1	hypothetical protein
JI435_035700	QRC93330.1	hypothetical protein
JI435_035710	QRC93332.1	2-phosphoglycerate dehydratase
JI435_035720	QRC93334.1	proteasome subunit beta
JI435_035730	QRC93337.1	hypothetical protein
JI435_035750	QRC93338.1	hypothetical protein
JI435_035760	QRC93339.1	hypothetical protein
JI435_035770	QRC93340.1	hypothetical protein
JI435_035780	QRC93341.1	hypothetical protein
JI435_035790	QRC93344.1	hypothetical protein
JI435_035800	QRC93347.1	hypothetical protein
JI435_035810	QRC93348.1	hypothetical protein
JI435_035820	QRC93349.1	T-complex protein 1 subunit beta
JI435_035840	QRC93350.1	non-specific serine/threonine protein kinase
JI435_035850	QRC93351.1	hypothetical protein
JI435_035860	QRC93352.1	hypothetical protein
JI435_035870	QRC93353.1	hypothetical protein
JI435_035880	QRC93354.1	cell division control protein
JI435_035910	QRC93357.1	elastin
JI435_035930	QRC93358.1	beta-xylanase
JI435_035940	QRC93359.1	hypothetical protein
JI435_035950	QRC93360.1	hypothetical protein
JI435_035960	QRC93361.1	beta-D-glucan biosynthesis-related protein BIG1
JI435_036000	QRC93363.1	hypothetical protein
JI435_036010	QRC93364.1	4-alpha-glucanotransferase
JI435_036020	QRC93365.1	hypothetical protein
JI435_036030	QRC93366.1	hypothetical protein
JI435_036060	QRC93368.1	hypothetical protein
JI435_036080	QRC93369.1	proteasome subunit beta
JI435_036090	QRC93371.1	hypothetical protein
JI435_036100	QRC93373.1	hypothetical protein
JI435_036110	QRC93374.1	hypothetical protein
JI435_036130	QRC93376.1	hypothetical protein
JI435_036140	QRC93377.1	hypothetical protein
JI435_036150	QRC93378.1	geranylgeranyl transferase type-2 subunit beta
JI435_036160	QRC93379.1	hypothetical protein
JI435_036170	QRC93381.1	dipeptidase
JI435_036180	QRC93382.1	hypothetical protein
JI435_036190	QRC93383.1	carboxylic ester hydrolase
JI435_036200	QRC93384.1	hypothetical protein
JI435_036210	QRC93386.1	hypothetical protein
JI435_036220	QRC93387.1	beta-glucosidase
JI435_036230	QRC93388.1	hypothetical protein
JI435_036240	QRC93390.1	hypothetical protein
JI435_036250	QRC93391.1	hypothetical protein
JI435_036260	QRC93392.1	hypothetical protein
JI435_036270	QRC93393.1	hypothetical protein
JI435_036280	QRC93394.1	hypothetical protein
JI435_036290	QRC93395.1	hypothetical protein
JI435_036300	QRC93396.1	hypothetical protein
JI435_036330	QRC93399.1	hypothetical protein
JI435_036340	QRC93403.1	hypothetical protein
JI435_036350	QRC93405.1	hypothetical protein
JI435_036360	QRC93406.1	hypothetical protein
JI435_036370	QRC93407.1	hypothetical protein
JI435_036390	QRC93409.1	hypothetical protein
JI435_036400	QRC93410.1	hypothetical protein
JI435_036430	QRC93411.1	hypothetical protein
JI435_036440	QRC93413.1	hypothetical protein
JI435_036450	QRC93415.1	hypothetical protein
JI435_036460	QRC93416.1	hypothetical protein
JI435_036470	QRC93417.1	isocitrate dehydrogenase subunit
JI435_036480	QRC93418.1	hypothetical protein
JI435_036490	QRC93420.1	hypothetical protein
JI435_036500	QRC93421.1	hypothetical protein
JI435_036510	QRC93422.1	hypothetical protein
JI435_036520	QRC93423.1	alpha-1,2-Mannosidase
JI435_036530	QRC93424.1	hypothetical protein
JI435_036540	QRC93425.1	hypothetical protein
JI435_036550	QRC93426.1	hypothetical protein
JI435_036560	QRC93427.1	sulfhydryl oxidase
JI435_036570	QRC93428.1	hypothetical protein
JI435_036580	QRC93429.1	hypothetical protein
JI435_036590	QRC93431.1	hypothetical protein
JI435_036600	QRC93432.1	hypothetical protein
JI435_036610	QRC93434.1	methylthioribose-1-phosphate isomerase
JI435_036620	QRC93435.1	hypothetical protein
JI435_036630	QRC93436.1	actin cytoskeleton-regulatory complex protein PAN1
JI435_036640	QRC93437.1	hypothetical protein
JI435_036650	QRC93439.1	hypothetical protein
JI435_036660	QRC93440.1	phosphoinositide 5-phosphatase
JI435_036670	QRC93441.1	hypothetical protein
JI435_036680	QRC93442.1	hypothetical protein
JI435_036690	QRC93443.1	hypothetical protein
JI435_036700	QRC93444.1	hypothetical protein
JI435_036710	QRC93445.1	hypothetical protein
JI435_036730	QRC93446.1	hypothetical protein
JI435_036740	QRC93450.1	hypothetical protein
JI435_036750	QRC93451.1	hypothetical protein
JI435_036770	QRC93453.1	U6 snRNA-associated Sm-like protein LSm5
JI435_036780	QRC93454.1	hypothetical protein
JI435_036790	QRC93455.1	hypothetical protein
JI435_036820	QRC93456.1	hypothetical protein
JI435_036830	QRC93459.1	hypothetical protein
JI435_036840	QRC93460.1	hypothetical protein
JI435_036850	QRC93461.1	hypothetical protein
JI435_036870	QRC93462.1	hypothetical protein
JI435_036880	QRC93463.1	hypothetical protein
JI435_036890	QRC93466.1	hypothetical protein
JI435_036900	QRC93469.1	hypothetical protein
JI435_036910	QRC93470.1	hypothetical protein
JI435_036920	QRC93471.1	hypothetical protein
JI435_036930	QRC93472.1	hypothetical protein
JI435_036940	QRC93475.1	hypothetical protein
JI435_036950	QRC93476.1	hypothetical protein
JI435_036960	QRC93477.1	hypothetical protein
JI435_036970	QRC93479.1	hypothetical protein
JI435_036980	QRC93480.1	hypothetical protein
JI435_036990	QRC93481.1	hypothetical protein
JI435_037010	QRC93482.1	hypothetical protein
JI435_037020	QRC93483.1	hypothetical protein
JI435_037030	QRC93484.1	hypothetical protein
JI435_037040	QRC93485.1	ornithine aminotransferase
JI435_037060	QRC93487.1	hypothetical protein
JI435_037070	QRC93489.1	hypothetical protein
JI435_037080	QRC93491.1	hypothetical protein
JI435_037090	QRC93492.1	hypothetical protein
JI435_037100	QRC93493.1	hypothetical protein
JI435_037110	QRC93494.1	hypothetical protein
JI435_037120	QRC93497.1	hypothetical protein
JI435_037130	QRC93498.1	hypothetical protein
JI435_037150	QRC93499.1	hypothetical protein
JI435_037160	QRC93501.1	hypothetical protein
JI435_037180	QRC93502.1	arginine--tRNA (Arg) ligase
JI435_037190	QRC93503.1	hypothetical protein
JI435_037210	QRC93506.1	hypothetical protein
JI435_037230	QRC93507.1	hypothetical protein
JI435_037240	QRC93509.1	ER membrane protein complex subunit 2
JI435_037250	QRC93510.1	AP-3 complex subunit delta
JI435_037260	QRC93511.1	stress-associated endoplasmic reticulum protein
JI435_037270	QRC93512.1	hypothetical protein
JI435_037280	QRC93513.1	hypothetical protein
JI435_037290	QRC93517.1	presequence translocated-associated motor subunit PAM17
JI435_037300	QRC93518.1	hypothetical protein
JI435_037310	QRC93519.1	hypothetical protein
JI435_037330	QRC93520.1	hypothetical protein
JI435_037360	QRC93522.1	hypothetical protein
JI435_037370	QRC93523.1	hypothetical protein
JI435_037390	QRC93524.1	hypothetical protein
JI435_037400	QRC93525.1	hypothetical protein
JI435_037410	QRC93526.1	hypothetical protein
JI435_037420	QRC93528.1	hypothetical protein
JI435_037430	QRC93529.1	hypothetical protein
JI435_037440	QRC93530.1	hypothetical protein
JI435_037460	QRC93531.1	hypothetical protein
JI435_037470	QRC93532.1	hypothetical protein
JI435_037480	QRC93533.1	hypothetical protein
JI435_037490	QRC93534.1	hypothetical protein
JI435_037500	QRC93535.1	hypothetical protein
JI435_037520	QRC93536.1	hypothetical protein
JI435_037540	QRC93537.1	hypothetical protein
JI435_037550	QRC93539.1	hypothetical protein
JI435_037560	QRC93542.1	hypothetical protein
JI435_037580	QRC93543.1	hypothetical protein
JI435_037590	QRC93544.1	glutathione S-transferase kappa
JI435_037610	QRC93545.1	hypothetical protein
JI435_037620	QRC93546.1	hypothetical protein
JI435_037630	QRC93547.1	hypothetical protein
JI435_037640	QRC93548.1	proteasome endopeptidase complex
JI435_037650	QRC93549.1	hypothetical protein
JI435_037670	QRC93550.1	hypothetical protein
JI435_037680	QRC93551.1	glycerol-3-phosphate dehydrogenase
JI435_037690	QRC93553.1	hypothetical protein
JI435_037710	QRC93554.1	hypothetical protein
JI435_037720	QRC93555.1	hypothetical protein
JI435_037730	QRC93556.1	hypothetical protein
JI435_037740	QRC93558.1	hypothetical protein
JI435_037760	QRC93560.1	hypothetical protein
JI435_037770	QRC93561.1	pre-rRNA-processing protein PNO1
JI435_037780	QRC93562.1	hypothetical protein
JI435_037790	QRC93563.1	hypothetical protein
JI435_037800	QRC93565.1	hypothetical protein
JI435_037820	QRC93566.1	hypothetical protein
JI435_037830	QRC93569.1	hypothetical protein
JI435_037840	QRC93570.1	hypothetical protein
JI435_037850	QRC93572.1	60S ribosomal protein L36
JI435_037860	QRC93573.1	hypothetical protein
JI435_037880	QRC93574.1	hypothetical protein
JI435_037890	QRC93576.1	hypothetical protein
JI435_037900	QRC93578.1	hypothetical protein
JI435_037910	QRC93579.1	hypothetical protein
JI435_037920	QRC93580.1	vacuolar import and degradation protein 21
JI435_037930	QRC93581.1	hypothetical protein
JI435_037940	QRC93582.1	hypothetical protein
JI435_037950	QRC93583.1	hypothetical protein
JI435_037960	QRC93584.1	hypothetical protein
JI435_037970	QRC93585.1	hypothetical protein
JI435_037980	QRC93588.1	hypothetical protein
JI435_037990	QRC93589.1	hypothetical protein
JI435_038000	QRC93590.1	hypothetical protein
JI435_038010	QRC93591.1	D-fructose-6-phosphate amidotransferase
JI435_038020	QRC93592.1	6,7-dimethyl-8-ribityllumazine synthase
JI435_038030	QRC93594.1	histone-lysine N-methyltransferase
JI435_038040	QRC93595.1	hypothetical protein
JI435_038050	QRC93596.1	hypothetical protein
JI435_038070	QRC93600.1	hypothetical protein
JI435_038080	QRC93601.1	hypothetical protein
JI435_038100	QRC93603.1	hypothetical protein
JI435_038110	QRC93605.1	hypothetical protein
JI435_038120	QRC93606.1	hypothetical protein
JI435_038130	QRC93610.1	hypothetical protein
JI435_038140	QRC93612.1	hypothetical protein
JI435_038160	QRC93613.1	hypothetical protein
JI435_038170	QRC93614.1	hypothetical protein
JI435_038180	QRC93617.1	hypothetical protein
JI435_038190	QRC93618.1	hypothetical protein
JI435_038200	QRC93619.1	hypothetical protein
JI435_038210	QRC93620.1	hypothetical protein
JI435_038220	QRC93621.1	hypothetical protein
JI435_038230	QRC93622.1	hypothetical protein
JI435_038240	QRC93623.1	calcium-transporting ATPase
JI435_038250	QRC93625.1	hypothetical protein
JI435_038280	QRC93629.1	hypothetical protein
JI435_038290	QRC93630.1	hypothetical protein
JI435_038300	QRC93631.1	MYND-type zinc finger protein samB
JI435_038310	QRC93632.1	MYND-type zinc finger protein samB
JI435_038320	QRC93634.1	hypothetical protein
JI435_038330	QRC93636.1	hypothetical protein
JI435_038360	QRC93637.1	hypothetical protein
JI435_038390	QRC93639.1	hypothetical protein
JI435_038410	QRC93640.1	hypothetical protein
JI435_038430	QRC93641.1	hypothetical protein
JI435_038440	QRC93642.1	hypothetical protein
JI435_038460	QRC93644.1	hypothetical protein
JI435_038470	QRC93645.1	hypothetical protein
JI435_038490	QRC93646.1	1-alkyl-2-acetylglycerophosphocholine esterase
JI435_038500	QRC93647.1	hypothetical protein
JI435_038520	QRC93648.1	hypothetical protein
JI435_038550	QRC93649.1	hypothetical protein
JI435_038560	QRC93650.1	hypothetical protein
JI435_038570	QRC93651.1	hypothetical protein
JI435_038580	QRC93652.1	hypothetical protein
JI435_038590	QRC93653.1	hypothetical protein
JI435_038600	QRC93654.1	hypothetical protein
JI435_038610	QRC93655.1	hypothetical protein
JI435_038620	QRC93656.1	hypothetical protein
JI435_038650	QRC93658.1	hypothetical protein
JI435_038660	QRC93659.1	hypothetical protein
JI435_038670	QRC93660.1	hypothetical protein
JI435_038690	QRC93661.1	hypothetical protein
JI435_038700	QRC93662.1	hypothetical protein
JI435_038710	QRC93663.1	diacylglycerol O-acyltransferase
JI435_038720	QRC93664.1	hypothetical protein
JI435_038730	QRC93665.1	hypothetical protein
JI435_038740	QRC93666.1	hypothetical protein
JI435_038750	QRC93667.1	U6 snRNA-associated Sm-like protein LSm6
JI435_038760	QRC93669.1	hypothetical protein
JI435_038770	QRC93670.1	hypothetical protein
JI435_038800	QRC93672.1	hypothetical protein
JI435_038820	QRC93675.1	hypothetical protein
JI435_038830	QRC93677.1	hypothetical protein
JI435_038840	QRC93678.1	hypothetical protein
JI435_038850	QRC93680.1	hypothetical protein
JI435_038860	QRC93681.1	hypothetical protein
JI435_038870	QRC93682.1	hypothetical protein
JI435_038880	QRC93684.1	ATP phosphoribosyltransferase isoform A
JI435_038890	QRC93685.1	hypothetical protein
JI435_038900	QRC93687.1	hypothetical protein
JI435_038910	QRC93689.1	hypothetical protein
JI435_038930	QRC93690.1	phospho-2-dehydro-3-deoxyheptonate aldolase
JI435_038940	QRC93692.1	hypothetical protein
JI435_038960	QRC93693.1	hypothetical protein
JI435_038970	QRC93694.1	hypothetical protein
JI435_038980	QRC93697.1	hypothetical protein
JI435_039000	QRC93699.1	hypothetical protein
JI435_039010	QRC93702.1	hypothetical protein
JI435_039020	QRC93705.1	hypothetical protein
JI435_039030	QRC93706.1	hypothetical protein
JI435_039040	QRC93707.1	hypothetical protein
JI435_039060	QRC93709.1	hypothetical protein
JI435_039070	QRC93710.1	hypothetical protein
JI435_039080	QRC93712.1	protein PXR1
JI435_039090	QRC93713.1	hypothetical protein
JI435_039100	QRC93714.1	eukaryotic translation initiation factor 3 subunit J
JI435_039110	QRC93716.1	hypothetical protein
JI435_039120	QRC93718.1	hypothetical protein
JI435_039130	QRC93720.1	cytochrome c oxidase-assembly factor COX23 isoform A
JI435_039140	QRC93721.1	hypothetical protein
JI435_039160	QRC93722.1	hypothetical protein
JI435_039180	QRC93724.1	hypothetical protein
JI435_039190	QRC93725.1	hypothetical protein
JI435_039200	QRC93726.1	hypothetical protein
JI435_039210	QRC93727.1	hypothetical protein
JI435_039220	QRC93728.1	hypothetical protein
JI435_039230	QRC93729.1	hypothetical protein
JI435_039250	QRC93730.1	hypothetical protein
JI435_039260	QRC93731.1	hypothetical protein
JI435_039270	QRC93732.1	hypothetical protein
JI435_039280	QRC93734.1	hypothetical protein
JI435_039290	QRC93735.1	hypothetical protein
JI435_039310	QRC93737.1	hypothetical protein
JI435_039320	QRC93740.1	hypothetical protein
JI435_039330	QRC93743.1	hypothetical protein
JI435_039340	QRC93745.1	hypothetical protein
JI435_039350	QRC93746.1	hypothetical protein
JI435_039360	QRC93748.1	pre-mRNA-splicing ATP-dependent RNA helicase PRP28
JI435_039370	QRC93749.1	proteasome endopeptidase complex
JI435_039380	QRC93750.1	hypothetical protein
JI435_039390	QRC93751.1	hypothetical protein
JI435_039400	QRC93752.1	proteasome subunit alpha type
JI435_039410	QRC93753.1	hypothetical protein
JI435_039420	QRC93754.1	hypothetical protein
JI435_039430	QRC93758.1	hypothetical protein
JI435_039450	QRC93759.1	hypothetical protein
JI435_039460	QRC93760.1	hypothetical protein
JI435_039470	QRC93761.1	hypothetical protein
JI435_039490	QRC93762.1	hypothetical protein
JI435_039510	QRC93763.1	enoyl-CoA hydratase
JI435_039530	QRC93765.1	hypothetical protein
JI435_039550	QRC93766.1	hypothetical protein
JI435_039560	QRC93767.1	hypothetical protein
JI435_039570	QRC93768.1	hypothetical protein
JI435_039580	QRC93771.1	ATP-dependent RNA helicase DED1
JI435_039590	QRC93772.1	hypothetical protein
JI435_039600	QRC93773.1	hypothetical protein
JI435_039630	QRC93774.1	hypothetical protein
JI435_039650	QRC93775.1	hypothetical protein
JI435_039660	QRC93776.1	hypothetical protein
JI435_039680	QRC93777.1	hypothetical protein
JI435_040860	QRC97978.1	hypothetical protein
JI435_040870	QRC97979.1	hypothetical protein
JI435_040880	QRC97981.1	hypothetical protein
JI435_040890	QRC97982.1	amine oxidase
JI435_040900	QRC97983.1	hypothetical protein
JI435_040910	QRC97986.1	hypothetical protein
JI435_040920	QRC97987.1	hypothetical protein
JI435_040930	QRC97988.1	ribosome production factor 2
JI435_040940	QRC97989.1	MMS19 nucleotide excision repair protein
JI435_040950	QRC97990.1	hypothetical protein
JI435_040960	QRC97991.1	hypothetical protein
JI435_040970	QRC97992.1	hypothetical protein
JI435_040980	QRC97993.1	hypothetical protein
JI435_041000	QRC97994.1	hypothetical protein
JI435_041010	QRC97995.1	hypothetical protein
JI435_041020	QRC97996.1	hypothetical protein
JI435_041040	QRC97998.1	hypothetical protein
JI435_041060	QRC97999.1	hypothetical protein
JI435_041070	QRC98000.1	hypothetical protein
JI435_041080	QRC98001.1	hypothetical protein
JI435_041090	QRC98003.1	phosphoinositide phospholipase
JI435_041130	QRC98006.1	hypothetical protein
JI435_041150	QRC98007.1	hypothetical protein
JI435_041160	QRC98008.1	hypothetical protein
JI435_041170	QRC98009.1	hypothetical protein
JI435_041180	QRC98010.1	hypothetical protein
JI435_041210	QRC98012.1	hypothetical protein
JI435_041220	QRC98015.1	hypothetical protein
JI435_041230	QRC98016.1	ER-associated degradation protein OS9-like protein
JI435_041240	QRC98017.1	hypothetical protein
JI435_041270	QRC98020.1	hypothetical protein
JI435_041320	QRC98022.1	hypothetical protein
JI435_041340	QRC98024.1	ER membrane protein complex subunit 6
JI435_041350	QRC98026.1	cyclin
JI435_041360	QRC98027.1	pyridoxal kinase
JI435_041370	QRC98028.1	deoxyuridine 5'-triphosphate nucleotidohydrolase
JI435_041380	QRC98029.1	hypothetical protein
JI435_041390	QRC98030.1	hypothetical protein
JI435_041400	QRC98031.1	hypothetical protein
JI435_041410	QRC98032.1	hypothetical protein
JI435_041420	QRC98033.1	hypothetical protein
JI435_041430	QRC98034.1	hypothetical protein
JI435_041440	QRC98035.1	hypothetical protein
JI435_041450	QRC98036.1	hypothetical protein
JI435_041460	QRC98037.1	hypothetical protein
JI435_041470	QRC98038.1	hypothetical protein
JI435_041480	QRC98039.1	hypothetical protein
JI435_041490	QRC98040.1	homogentisate dioxygenase
JI435_041500	QRC98041.1	hypothetical protein
JI435_041510	QRC98042.1	hypothetical protein
JI435_041520	QRC98043.1	hypothetical protein
JI435_041530	QRC98044.1	succinyl-CoA 3-ketoacid-coenzyme A transferase
JI435_041540	QRC98045.1	hypothetical protein
JI435_041550	QRC98046.1	hypothetical protein
JI435_041570	QRC98047.1	hypothetical protein
JI435_041590	QRC98049.1	hypothetical protein
JI435_041600	QRC98050.1	hypothetical protein
JI435_041610	QRC98051.1	pyruvate decarboxylase
JI435_041620	QRC98052.1	hypothetical protein
JI435_041640	QRC98053.1	hypothetical protein
JI435_041650	QRC98054.1	hypothetical protein
JI435_041670	QRC98055.1	hypothetical protein
JI435_041680	QRC98056.1	hypothetical protein
JI435_041690	QRC98057.1	hypothetical protein
JI435_041700	QRC98059.1	hypothetical protein
JI435_041710	QRC98061.1	hypothetical protein
JI435_041730	QRC98062.1	hypothetical protein
JI435_041740	QRC98063.1	hypothetical protein
JI435_041750	QRC98064.1	hypothetical protein
JI435_041760	QRC98065.1	hypothetical protein
JI435_041770	QRC98066.1	hypothetical protein
JI435_041780	QRC98067.1	hypothetical protein
JI435_041790	QRC98068.1	hypothetical protein
JI435_041800	QRC98069.1	hypothetical protein
JI435_041810	QRC98070.1	hypothetical protein
JI435_041820	QRC98071.1	hypothetical protein
JI435_041830	QRC98072.1	hypothetical protein
JI435_041840	QRC98073.1	hypothetical protein
JI435_041850	QRC98074.1	hypothetical protein
JI435_041860	QRC98075.1	hypothetical protein
JI435_041870	QRC98076.1	hypothetical protein
JI435_041880	QRC98077.1	hypothetical protein
JI435_041890	QRC98078.1	hypothetical protein
JI435_041900	QRC98079.1	hypothetical protein
JI435_041910	QRC98081.1	hypothetical protein
JI435_041920	QRC98082.1	hypothetical protein
JI435_041950	QRC98083.1	hypothetical protein
JI435_041960	QRC98085.1	hypothetical protein
JI435_041970	QRC98086.1	hypothetical protein
JI435_041980	QRC98087.1	hypothetical protein
JI435_041990	QRC98088.1	hypothetical protein
JI435_042010	QRC98089.1	hypothetical protein
JI435_042030	QRC98090.1	hypothetical protein
JI435_042050	QRC98092.1	hypothetical protein
JI435_042060	QRC98094.1	ATP-dependent (S)-NAD(P)H-hydrate dehydratase
JI435_042070	QRC98095.1	dipeptidyl-aminopeptidase B
JI435_042080	QRC98096.1	hypothetical protein
JI435_042090	QRC98097.1	hypothetical protein
JI435_042100	QRC98099.1	hypothetical protein
JI435_042130	QRC98101.1	ATP synthase subunit alpha
JI435_042140	QRC98105.1	golgi apparatus membrane protein TVP38
JI435_042160	QRC98107.1	hypothetical protein
JI435_042170	QRC98109.1	hypothetical protein
JI435_042180	QRC98110.1	hypothetical protein
JI435_042190	QRC98112.1	hypothetical protein
JI435_042200	QRC98114.1	hypothetical protein
JI435_042210	QRC98115.1	hypothetical protein
JI435_042220	QRC98116.1	protein phosphatase
JI435_042230	QRC98117.1	hypothetical protein
JI435_042240	QRC98122.1	hypothetical protein
JI435_042250	QRC98123.1	hypothetical protein
JI435_042260	QRC98125.1	hypothetical protein
JI435_042270	QRC98127.1	hypothetical protein
JI435_042280	QRC98128.1	hypothetical protein
JI435_042290	QRC98129.1	hypothetical protein
JI435_042300	QRC98130.1	hypothetical protein
JI435_042310	QRC98131.1	hypothetical protein
JI435_042320	QRC98132.1	hypothetical protein
JI435_042330	QRC98133.1	hypothetical protein
JI435_042340	QRC98134.1	chromatin modification-related protein EAF6
JI435_042350	QRC98138.1	hypothetical protein
JI435_042380	QRC98140.1	hypothetical protein
JI435_042400	QRC98141.1	hypothetical protein
JI435_042410	QRC98143.1	hypothetical protein
JI435_042420	QRC98146.1	hypothetical protein
JI435_042430	QRC98149.1	endonuclease LCL3
JI435_042450	QRC98151.1	hypothetical protein
JI435_042460	QRC98152.1	hypothetical protein
JI435_042470	QRC98153.1	eukaryotic translation initiation factor 3 subunit D
JI435_042480	QRC98154.1	hypothetical protein
JI435_042490	QRC98155.1	hypothetical protein
JI435_042500	QRC98156.1	hypothetical protein
JI435_042520	QRC98157.1	hypothetical protein
JI435_042530	QRC98159.1	hypothetical protein
JI435_042540	QRC98160.1	hypothetical protein
JI435_042550	QRC98161.1	hypothetical protein
JI435_042570	QRC98162.1	chitin synthase
JI435_042580	QRC98164.1	hypothetical protein
JI435_042590	QRC98165.1	hypothetical protein
JI435_042600	QRC98166.1	dolichyl-diphosphooligosaccharide--protein glycosyltransferase subunit OST2
JI435_042620	QRC98168.1	hypothetical protein
JI435_042630	QRC98169.1	hypothetical protein
JI435_042640	QRC98170.1	hypothetical protein
JI435_042660	QRC98172.1	hypothetical protein
JI435_042670	QRC98173.1	aspartate--tRNA (Asp) ligase
JI435_042680	QRC98174.1	hypothetical protein
JI435_042690	QRC98175.1	tubulin subunit alpha-2
JI435_042700	QRC98176.1	mechanosensitive ion channel
JI435_042720	QRC98178.1	hypothetical protein
JI435_042730	QRC98179.1	hypothetical protein
JI435_042740	QRC98181.1	hypothetical protein
JI435_042750	QRC98182.1	hypothetical protein
JI435_042760	QRC98183.1	hypothetical protein
JI435_042780	QRC98184.1	hypothetical protein
JI435_042790	QRC98185.1	hypothetical protein
JI435_042800	QRC98186.1	hypothetical protein
JI435_042810	QRC98190.1	hypothetical protein
JI435_042820	QRC98191.1	hypothetical protein
JI435_042830	QRC98193.1	rRNA-processing protein CGR1
JI435_042840	QRC98194.1	hypothetical protein
JI435_042850	QRC98195.1	hypothetical protein
JI435_042860	QRC98196.1	hypothetical protein
JI435_042870	QRC98197.1	hypothetical protein
JI435_042890	QRC98198.1	hypothetical protein
JI435_042910	QRC98199.1	tRNA methyltransferase
JI435_042930	QRC98201.1	hypothetical protein
JI435_042940	QRC98203.1	hypothetical protein
JI435_042950	QRC98205.1	hypothetical protein
JI435_042960	QRC98208.1	hypothetical protein
JI435_042970	QRC98210.1	hypothetical protein
JI435_042990	QRC98212.1	hypothetical protein
JI435_043000	QRC98214.1	hypothetical protein
JI435_043010	QRC98215.1	hypothetical protein
JI435_043020	QRC98216.1	hypothetical protein
JI435_043030	QRC98218.1	hypothetical protein
JI435_043040	QRC98219.1	hypothetical protein
JI435_043060	QRC98220.1	hypothetical protein
JI435_043070	QRC98222.1	hypothetical protein
JI435_043090	QRC98223.1	hypothetical protein
JI435_043100	QRC98225.1	hypothetical protein
JI435_043110	QRC98226.1	hypothetical protein
JI435_043120	QRC98227.1	hypothetical protein
JI435_043130	QRC98228.1	ATP synthase subunit 4
JI435_043140	QRC98229.1	hypothetical protein
JI435_043160	QRC98230.1	hypothetical protein
JI435_043170	QRC98231.1	COP9 signalosome complex subunit 4
JI435_043180	QRC98232.1	hypothetical protein
JI435_043190	QRC98233.1	ribosome biogenesis protein NSA2
JI435_043200	QRC98235.1	hypothetical protein
JI435_043210	QRC98236.1	hypothetical protein
JI435_043220	QRC98237.1	hypothetical protein
JI435_043230	QRC98240.1	hypothetical protein
JI435_043240	QRC98242.1	hypothetical protein
JI435_043250	QRC98244.1	hypothetical protein
JI435_043260	QRC98245.1	hypothetical protein
JI435_043270	QRC98246.1	hypothetical protein
JI435_043280	QRC98247.1	hypothetical protein
JI435_043290	QRC98248.1	hypothetical protein
JI435_043300	QRC98249.1	calcium-transporting ATPase
JI435_043320	QRC98250.1	hypothetical protein
JI435_043330	QRC98252.1	hypothetical protein
JI435_043340	QRC98253.1	hypothetical protein
JI435_043360	QRC98255.1	hypothetical protein
JI435_043370	QRC98257.1	hypothetical protein
JI435_043380	QRC98258.1	hypothetical protein
JI435_043390	QRC98259.1	hypothetical protein
JI435_043410	QRC98260.1	alpha-galactosidase
JI435_043440	QRC98262.1	hypothetical protein
JI435_043450	QRC98264.1	hypothetical protein
JI435_043460	QRC98268.1	hypothetical protein
JI435_043470	QRC98269.1	hypothetical protein
JI435_043480	QRC98270.1	hypothetical protein
JI435_043500	QRC98272.1	nuclear protein localization protein isoform A
JI435_043520	QRC98274.1	hypothetical protein
JI435_043530	QRC98275.1	hypothetical protein
JI435_043540	QRC98276.1	hypothetical protein
JI435_043560	QRC98277.1	hypothetical protein
JI435_043570	QRC98278.1	hypothetical protein
JI435_043580	QRC98279.1	NEDD8-activating enzyme E1 catalytic subunit
JI435_043590	QRC98280.1	hypothetical protein
JI435_043600	QRC98281.1	hypothetical protein
JI435_043620	QRC98282.1	hypothetical protein
JI435_043650	QRC98286.1	hypothetical protein
JI435_043680	QRC98288.1	hypothetical protein
JI435_043690	QRC98289.1	hypothetical protein
JI435_043700	QRC98290.1	hypothetical protein
JI435_043710	QRC98291.1	golgi apparatus membrane protein TVP23
JI435_043720	QRC98292.1	protein arginine methyltransferase NDUFAF7
JI435_043730	QRC98293.1	hypothetical protein
JI435_043740	QRC98294.1	hypothetical protein
JI435_043750	QRC98296.1	hypothetical protein
JI435_043760	QRC98297.1	RNA cytidine acetyltransferase
JI435_043770	QRC98298.1	hypothetical protein
JI435_043790	QRC98299.1	hypothetical protein
JI435_043800	QRC98301.1	hypothetical protein
JI435_043810	QRC98302.1	hypothetical protein
JI435_043820	QRC98303.1	hypothetical protein
JI435_043830	QRC98304.1	hypothetical protein
JI435_043840	QRC98307.1	hypothetical protein
JI435_043850	QRC98310.1	hypothetical protein
JI435_043860	QRC98312.1	methylmalonate-semialdehyde dehydrogenase
JI435_043870	QRC98313.1	hypothetical protein
JI435_043880	QRC98314.1	ATPase assembly protein VMA21
JI435_043890	QRC98315.1	hypothetical protein
JI435_043900	QRC98316.1	hypothetical protein
JI435_043910	QRC98317.1	hypothetical protein
JI435_043930	QRC98318.1	hypothetical protein
JI435_043940	QRC98319.1	hypothetical protein
JI435_043950	QRC98320.1	hypothetical protein
JI435_043970	QRC98321.1	hypothetical protein
JI435_043980	QRC98323.1	hypothetical protein
JI435_043990	QRC98324.1	hypothetical protein
JI435_044000	QRC98327.1	hypothetical protein
JI435_044010	QRC98328.1	hypothetical protein
JI435_044020	QRC98329.1	hypothetical protein
JI435_044040	QRC98330.1	ribosome-associated molecular chaperone SSB1
JI435_044060	QRC98331.1	hypothetical protein
JI435_044070	QRC98333.1	hypothetical protein
JI435_044080	QRC98334.1	hypothetical protein
JI435_044090	QRC98336.1	L-ornithine N(5)-monooxygenase
JI435_044110	QRC98338.1	hypothetical protein
JI435_044120	QRC98339.1	hypothetical protein
JI435_044140	QRC98340.1	hypothetical protein
JI435_044150	QRC98342.1	hypothetical protein
JI435_044160	QRC98345.1	hypothetical protein
JI435_044170	QRC98347.1	hypothetical protein
JI435_044180	QRC98348.1	telomere capping restricting protein 4
JI435_044190	QRC98349.1	hypothetical protein
JI435_044200	QRC98350.1	hypothetical protein
JI435_044210	QRC98352.1	hypothetical protein
JI435_044220	QRC98353.1	hypothetical protein
JI435_044230	QRC98355.1	hypothetical protein
JI435_044240	QRC98356.1	hypothetical protein
JI435_044250	QRC98357.1	hypothetical protein
JI435_044260	QRC98359.1	hypothetical protein
JI435_044270	QRC98360.1	hypothetical protein
JI435_044280	QRC98361.1	inorganic diphosphatase
JI435_044290	QRC98362.1	hypothetical protein
JI435_044300	QRC98364.1	hypothetical protein
JI435_044310	QRC98365.1	hypothetical protein
JI435_044320	QRC98366.1	hypothetical protein
JI435_044330	QRC98367.1	hypothetical protein
JI435_044340	QRC98368.1	hypothetical protein
JI435_044350	QRC98369.1	hypothetical protein
JI435_044360	QRC98370.1	hypothetical protein
JI435_044370	QRC98371.1	hypothetical protein
JI435_044380	QRC98372.1	hypothetical protein
JI435_044390	QRC98373.1	hypothetical protein
JI435_044410	QRC98375.1	ribonucleoprotein G
JI435_044430	QRC98377.1	COX assembly mitochondrial protein
JI435_044440	QRC98378.1	hypothetical protein
JI435_044460	QRC98380.1	hypothetical protein
JI435_044470	QRC98381.1	palmitoyltransferase PFA4
JI435_044480	QRC98382.1	mannosyltransferase
JI435_044500	QRC98383.1	hypothetical protein
JI435_044510	QRC98384.1	hypothetical protein
JI435_044530	QRC98386.1	hypothetical protein
JI435_044540	QRC98387.1	hypothetical protein
JI435_044550	QRC98388.1	hypothetical protein
JI435_044560	QRC98389.1	hypothetical protein
JI435_044570	QRC98390.1	hypothetical protein
JI435_044590	QRC98394.1	hypothetical protein
JI435_044600	QRC98395.1	hypothetical protein
JI435_044610	QRC98397.1	hypothetical protein
JI435_044620	QRC98398.1	hypothetical protein
JI435_044630	QRC98399.1	hypothetical protein
JI435_044640	QRC98400.1	hypothetical protein
JI435_044650	QRC98401.1	hypothetical protein
JI435_044660	QRC98402.1	hypothetical protein
JI435_044670	QRC98403.1	hypothetical protein
JI435_044680	QRC98404.1	hypothetical protein
JI435_044690	QRC98405.1	hypothetical protein
JI435_044700	QRC98406.1	alpha-mannosidase
JI435_044720	QRC98407.1	hypothetical protein
JI435_044730	QRC98408.1	hypothetical protein
JI435_044740	QRC98409.1	hypothetical protein
JI435_044750	QRC98410.1	hypothetical protein
JI435_044760	QRC98411.1	hypothetical protein
JI435_044770	QRC98412.1	hypothetical protein
JI435_044790	QRC98414.1	hypothetical protein
JI435_044810	QRC98415.1	hypothetical protein
JI435_044820	QRC98416.1	protein phosphatase
JI435_044830	QRC98417.1	hypothetical protein
JI435_044860	QRC98420.1	hypothetical protein
JI435_044870	QRC98426.1	hypothetical protein
JI435_044880	QRC98427.1	hypothetical protein
JI435_044890	QRC98428.1	hypothetical protein
JI435_044900	QRC98429.1	hypothetical protein
JI435_044910	QRC98430.1	hypothetical protein
JI435_044920	QRC98431.1	hypothetical protein
JI435_044930	QRC98432.1	hypothetical protein
JI435_044940	QRC98433.1	hypothetical protein
JI435_044950	QRC98434.1	hypothetical protein
JI435_044960	QRC98435.1	hypothetical protein
JI435_045050	QRC98440.1	hypothetical protein
JI435_045060	QRC98441.1	hypothetical protein
JI435_045070	QRC98443.1	hypothetical protein
JI435_045080	QRC98445.1	hypothetical protein
JI435_045090	QRC98446.1	hypothetical protein
JI435_045100	QRC98447.1	hypothetical protein
JI435_045120	QRC98449.1	hypothetical protein
JI435_045130	QRC98450.1	hypothetical protein
JI435_045140	QRC98451.1	hypothetical protein
JI435_045150	QRC98452.1	hypothetical protein
JI435_045160	QRC98453.1	casein kinase II subunit alpha
JI435_045170	QRC98455.1	valine--tRNA (Val) ligase
JI435_045190	QRC98457.1	hypothetical protein
JI435_045200	QRC98458.1	hypothetical protein
JI435_045210	QRC98459.1	hypothetical protein
JI435_045220	QRC98460.1	hypothetical protein
JI435_045230	QRC98462.1	hypothetical protein
JI435_045240	QRC98463.1	hypothetical protein
JI435_045250	QRC98464.1	cytochrome c oxidase assembly factor 3
JI435_045260	QRC98465.1	hypothetical protein
JI435_045270	QRC98466.1	hypothetical protein
JI435_045280	QRC98467.1	methylthioribulose-1-phosphate dehydratase
JI435_045290	QRC98468.1	hypothetical protein
JI435_045310	QRC98470.1	hypothetical protein
JI435_045320	QRC98471.1	hypothetical protein
JI435_045330	QRC98473.1	hypothetical protein
JI435_045340	QRC98475.1	hypothetical protein
JI435_045350	QRC98476.1	hypothetical protein
JI435_045380	QRC98479.1	hypothetical protein
JI435_045390	QRC98481.1	hypothetical protein
JI435_045400	QRC98483.1	hypothetical protein
JI435_045410	QRC98484.1	hypothetical protein
JI435_045430	QRC98485.1	hypothetical protein
JI435_045440	QRC98488.1	hypothetical protein
JI435_045450	QRC98493.1	hypothetical protein
JI435_045460	QRC98494.1	non-reducing end alpha-L-arabinofuranosidase
JI435_045470	QRC98496.1	hypothetical protein
JI435_045490	QRC98497.1	hypothetical protein
JI435_045510	QRC98499.1	hypothetical protein
JI435_045520	QRC98500.1	hypothetical protein
JI435_045530	QRC98501.1	hypothetical protein
JI435_045550	QRC98502.1	hypothetical protein
JI435_045560	QRC98503.1	hypothetical protein
JI435_045570	QRC98504.1	hypothetical protein
JI435_045580	QRC98505.1	hypothetical protein
JI435_045590	QRC98506.1	hypothetical protein
JI435_045600	QRC98507.1	hypothetical protein
JI435_045620	QRC98508.1	hypothetical protein
JI435_045630	QRC98509.1	hypothetical protein
JI435_045640	QRC98510.1	hypothetical protein
JI435_045650	QRC98511.1	hypothetical protein
JI435_045660	QRC98512.1	hypothetical protein
JI435_045680	QRC98514.1	hypothetical protein
JI435_045700	QRC98515.1	hypothetical protein
JI435_045710	QRC98516.1	hypothetical protein
JI435_045720	QRC98519.1	hypothetical protein
JI435_045730	QRC98520.1	transcription initiation factor TFIID subunit 2
JI435_045740	QRC98521.1	hypothetical protein
JI435_045750	QRC98523.1	hypothetical protein
JI435_045760	QRC98526.1	hypothetical protein
JI435_045770	QRC98527.1	hypothetical protein
JI435_045780	QRC98529.1	hypothetical protein
JI435_045800	QRC98530.1	hypothetical protein
JI435_045810	QRC98531.1	hypothetical protein
JI435_045840	QRC98532.1	hypothetical protein
JI435_045850	QRC98533.1	hypothetical protein
JI435_045870	QRC98534.1	hypothetical protein
JI435_045880	QRC98535.1	thioredoxin-like fold-containing protein
JI435_045890	QRC98536.1	hypothetical protein
JI435_045900	QRC98539.1	hypothetical protein
JI435_045920	QRC98540.1	hypothetical protein
JI435_045930	QRC98541.1	thiamine pyrophosphate carrier
JI435_045940	QRC98542.1	hypothetical protein
JI435_045950	QRC98544.1	hypothetical protein
JI435_045960	QRC98545.1	hypothetical protein
JI435_045980	QRC98546.1	hypothetical protein
JI435_045990	QRC98547.1	hypothetical protein
JI435_046000	QRC98548.1	hypothetical protein
JI435_046030	QRC98549.1	hypothetical protein
JI435_046050	QRC98551.1	hypothetical protein
JI435_046060	QRC98552.1	hypothetical protein
JI435_046070	QRC98553.1	hypothetical protein
JI435_046090	QRC98557.1	hypothetical protein
JI435_046100	QRC98559.1	hypothetical protein
JI435_046110	QRC98560.1	uroporphyrinogen decarboxylase
JI435_046120	QRC98561.1	DNA mismatch repair protein Mut3-like protein
JI435_046130	QRC98562.1	hypothetical protein
JI435_046140	QRC98563.1	hypothetical protein
JI435_046150	QRC98564.1	hypothetical protein
JI435_046160	QRC98565.1	hypothetical protein
JI435_046170	QRC98566.1	hypothetical protein
JI435_046180	QRC98567.1	hypothetical protein
JI435_046190	QRC98568.1	fanconi-associated nuclease
JI435_046200	QRC98569.1	hypothetical protein
JI435_046220	QRC98571.1	cleavage factor two protein CFT1
JI435_046230	QRC98572.1	lysosomal cobalamin transporter
JI435_046240	QRC98573.1	hypothetical protein
JI435_046260	QRC98574.1	hypothetical protein
JI435_046270	QRC98575.1	hypothetical protein
JI435_046280	QRC98577.1	hypothetical protein
JI435_046300	QRC98578.1	hypothetical protein
JI435_046310	QRC98579.1	hypothetical protein
JI435_046320	QRC98580.1	Arp2/3 complex subunit
JI435_046330	QRC98581.1	hypothetical protein
JI435_046340	QRC98582.1	hypothetical protein
JI435_046350	QRC98584.1	hypothetical protein
JI435_046360	QRC98586.1	hypothetical protein
JI435_046370	QRC98587.1	hypothetical protein
JI435_046380	QRC98588.1	hypothetical protein
JI435_046390	QRC98589.1	hypothetical protein
JI435_046400	QRC98590.1	protein phosphatase methylesterase 1
JI435_046410	QRC98591.1	hypothetical protein
JI435_046420	QRC98592.1	hypothetical protein
JI435_046430	QRC98593.1	U6 snRNA phosphodiesterase
JI435_046440	QRC98594.1	hypothetical protein
JI435_046450	QRC98595.1	hypothetical protein
JI435_046460	QRC98598.1	hypothetical protein
JI435_046470	QRC98599.1	hypothetical protein
JI435_046490	QRC98600.1	hypothetical protein
JI435_046500	QRC98601.1	hypothetical protein
JI435_046510	QRC98602.1	hypothetical protein
JI435_046530	QRC98605.1	hypothetical protein
JI435_046540	QRC98606.1	DNA topoisomerase
JI435_046560	QRC98607.1	ATP synthase subunit gamma
JI435_046570	QRC98609.1	hypothetical protein
JI435_046580	QRC98610.1	DNA-directed RNA polymerases I and III subunit RPAC1
JI435_046590	QRC98611.1	hypothetical protein
JI435_046600	QRC98612.1	hypothetical protein
JI435_046610	QRC98613.1	hypothetical protein
JI435_046620	QRC98614.1	hypothetical protein
JI435_046630	QRC98615.1	hypothetical protein
JI435_046660	QRC98618.1	hypothetical protein
JI435_046670	QRC98619.1	hypothetical protein
JI435_046680	QRC98620.1	hypothetical protein
JI435_046690	QRC98621.1	GTP/AMP phosphotransferase
JI435_046700	QRC98623.1	hypothetical protein
JI435_046710	QRC98624.1	hypothetical protein
JI435_046720	QRC98625.1	hypothetical protein
JI435_046730	QRC98626.1	hypothetical protein
JI435_046740	QRC98627.1	di/tri peptide transporter 2
JI435_046750	QRC98628.1	hypothetical protein
JI435_046760	QRC98629.1	hypothetical protein
JI435_046770	QRC98630.1	hypothetical protein
JI435_046780	QRC98632.1	ATP-dependent RNA helicase eIF4A
JI435_046790	QRC98633.1	tRNA wybutosine-synthesis-related protein 4
JI435_046800	QRC98634.1	hypothetical protein
JI435_046810	QRC98635.1	hypothetical protein
JI435_046820	QRC98636.1	serine/threonine-protein kinase
JI435_046830	QRC98637.1	class I unconventional myosin
JI435_046850	QRC98638.1	beta-glucosidase
JI435_046860	QRC98640.1	hypothetical protein
JI435_046870	QRC98641.1	hypothetical protein
JI435_046880	QRC98642.1	hypothetical protein
JI435_046890	QRC98643.1	hypothetical protein
JI435_046910	QRC98644.1	hypothetical protein
JI435_046920	QRC98646.1	hypothetical protein
JI435_046930	QRC98648.1	hypothetical protein
JI435_046940	QRC98649.1	hypothetical protein
JI435_046950	QRC98650.1	hypothetical protein
JI435_046960	QRC98651.1	hypothetical protein
JI435_046970	QRC98652.1	ATP-dependent DNA helicase
JI435_046980	QRC98653.1	hypothetical protein
JI435_047000	QRC98654.1	hypothetical protein
JI435_047010	QRC98655.1	hypothetical protein
JI435_047020	QRC98656.1	hypothetical protein
JI435_047030	QRC98657.1	hypothetical protein
JI435_047040	QRC98658.1	alanine--tRNA (Ala) ligase
JI435_047050	QRC98659.1	hypothetical protein
JI435_047060	QRC98660.1	hypothetical protein
JI435_047070	QRC98661.1	hypothetical protein
JI435_047080	QRC98662.1	hypothetical protein
JI435_047090	QRC98663.1	hypothetical protein
JI435_047100	QRC98664.1	hypothetical protein
JI435_047110	QRC98665.1	copper transporter
JI435_047120	QRC98667.1	hypothetical protein
JI435_047130	QRC98668.1	hypothetical protein
JI435_047140	QRC98672.1	hypothetical protein
JI435_047150	QRC98673.1	hypothetical protein
JI435_047160	QRC98676.1	hypothetical protein
JI435_047170	QRC98677.1	hypothetical protein
JI435_047180	QRC98678.1	hypothetical protein
JI435_047190	QRC98680.1	hypothetical protein
JI435_047210	QRC98681.1	hypothetical protein
JI435_047230	QRC98683.1	hypothetical protein
JI435_047250	QRC98684.1	hypothetical protein
JI435_047260	QRC98685.1	ditrans polycis-polyprenyl diphosphate synthase
JI435_047270	QRC98686.1	40S ribosomal protein S15
JI435_047280	QRC98688.1	60S acidic ribosomal protein P2
JI435_047290	QRC98689.1	hypothetical protein
JI435_047300	QRC98690.1	hypothetical protein
JI435_047330	QRC98691.1	hypothetical protein
JI435_047340	QRC98692.1	hypothetical protein
JI435_047350	QRC98693.1	hypothetical protein
JI435_047360	QRC98694.1	hypothetical protein
JI435_047370	QRC98695.1	hypothetical protein
JI435_047380	QRC98696.1	cyclin-dependent kinase regulatory subunit
JI435_047390	QRC98697.1	hypothetical protein
JI435_047400	QRC98698.1	hypothetical protein
JI435_047410	QRC98700.1	hypothetical protein
JI435_047420	QRC98702.1	hypothetical protein
JI435_047430	QRC98703.1	hypothetical protein
JI435_047440	QRC98704.1	hypothetical protein
JI435_047450	QRC98705.1	hypothetical protein
JI435_047460	QRC98706.1	U5 small nuclear ribonucleoprotein component
JI435_047470	QRC98707.1	hypothetical protein
JI435_047480	QRC98708.1	hypothetical protein
JI435_047490	QRC98709.1	hypothetical protein
JI435_047510	QRC98710.1	hypothetical protein
JI435_047520	QRC98711.1	hypothetical protein
JI435_047530	QRC98712.1	hypothetical protein
JI435_047550	QRC98713.1	hypothetical protein
JI435_047560	QRC98714.1	hypothetical protein
JI435_047570	QRC98716.1	hypothetical protein
JI435_047580	QRC98717.1	hypothetical protein
JI435_047590	QRC98718.1	ubiquinone biosynthesis monooxygenase COQ6
JI435_047600	QRC98719.1	gamma-glutamylcyclotransferase
JI435_047620	QRC98721.1	hypothetical protein
JI435_047630	QRC98722.1	hypothetical protein
JI435_047640	QRC98723.1	hypothetical protein
JI435_047660	QRC98725.1	hypothetical protein
JI435_047670	QRC98726.1	hypothetical protein
JI435_047720	QRC98728.1	hypothetical protein
JI435_047740	QRD01791.1	hypothetical protein
JI435_047760	QRD01792.1	hypothetical protein
JI435_047780	QRD01793.1	hypothetical protein
JI435_047790	QRD01794.1	hypothetical protein
JI435_047800	QRD01795.1	hypothetical protein
JI435_047810	QRD01796.1	hypothetical protein
JI435_047820	QRD01797.1	hypothetical protein
JI435_047830	QRD01798.1	hypothetical protein
JI435_047860	QRD01800.1	hypothetical protein
JI435_047870	QRD01801.1	hypothetical protein
JI435_047880	QRD01802.1	hypothetical protein
JI435_047890	QRD01804.1	hypothetical protein
JI435_047900	QRD01806.1	hypothetical protein
JI435_047910	QRD01807.1	hypothetical protein
JI435_047920	QRD01808.1	hypothetical protein
JI435_047930	QRD01809.1	hypothetical protein
JI435_047940	QRD01811.1	hypothetical protein
JI435_047950	QRD01812.1	hypothetical protein
JI435_047960	QRD01814.1	hypothetical protein
JI435_047970	QRD01815.1	hypothetical protein
JI435_047980	QRD01816.1	hypothetical protein
JI435_047990	QRD01817.1	hypothetical protein
JI435_048000	QRD01818.1	hypothetical protein
JI435_048010	QRD01819.1	hypothetical protein
JI435_048020	QRD01820.1	hypothetical protein
JI435_048030	QRD01821.1	hypothetical protein
JI435_048040	QRD01822.1	hypothetical protein
JI435_048050	QRD01824.1	hypothetical protein
JI435_048060	QRD01825.1	hypothetical protein
JI435_048070	QRD01826.1	hypothetical protein
JI435_048100	QRD01828.1	hypothetical protein
JI435_048130	QRD01829.1	hypothetical protein
JI435_048140	QRD01830.1	hypothetical protein
JI435_048150	QRD01831.1	ribonucleoside-diphosphate reductase
JI435_048170	QRD01832.1	hypothetical protein
JI435_048180	QRD01834.1	hypothetical protein
JI435_048190	QRD01836.1	hypothetical protein
JI435_048200	QRD01837.1	hypothetical protein
JI435_048210	QRD01838.1	hypothetical protein
JI435_048220	QRD01839.1	hypothetical protein
JI435_048240	QRD01840.1	hypothetical protein
JI435_048250	QRD01841.1	hypothetical protein
JI435_048270	QRD01844.1	hypothetical protein
JI435_048290	QRD01845.1	hypothetical protein
JI435_048300	QRD01846.1	hypothetical protein
JI435_048310	QRD01847.1	cytochrome c heme lyase
JI435_048320	QRD01848.1	diphosphomevalonate decarboxylase
JI435_048330	QRD01849.1	hypothetical protein
JI435_048340	QRD01850.1	hypothetical protein
JI435_048350	QRD01851.1	peptidylprolyl isomerase
JI435_048360	QRD01852.1	hypothetical protein
JI435_048370	QRD01853.1	GTP-binding protein rhoA
JI435_048380	QRD01854.1	hypothetical protein
JI435_048390	QRD01855.1	hypothetical protein
JI435_048400	QRD01856.1	hypothetical protein
JI435_048430	QRD01861.1	hypothetical protein
JI435_048440	QRD01862.1	hypothetical protein
JI435_048460	QRD01864.1	hypothetical protein
JI435_048470	QRD01865.1	hypothetical protein
JI435_048480	QRD01866.1	hypothetical protein
JI435_048490	QRD01867.1	MYND-type zinc finger protein samB
JI435_048500	QRD01868.1	hypothetical protein
JI435_048510	QRD01869.1	hypothetical protein
JI435_048520	QRD01870.1	hypothetical protein
JI435_048530	QRD01871.1	hypothetical protein
JI435_048540	QRD01874.1	hypothetical protein
JI435_048550	QRD01876.1	hypothetical protein
JI435_048560	QRD01878.1	protein secretion-related protein kish
JI435_048570	QRD01879.1	hypothetical protein
JI435_048580	QRD01880.1	eukaryotic translation initiation factor 3 subunit F
JI435_048590	QRD01881.1	U3 small nucleolar RNA-associated protein 25
JI435_048600	QRD01882.1	hypothetical protein
JI435_048610	QRD01883.1	hypothetical protein
JI435_048630	QRD01885.1	hypothetical protein
JI435_048640	QRD01886.1	hypothetical protein
JI435_048650	QRD01887.1	hypothetical protein
JI435_048660	QRD01888.1	phomenoic acid biosynthesis cluster cytochrome P450 monooxygenase
JI435_048680	QRD01889.1	hypothetical protein
JI435_048690	QRD01890.1	hypothetical protein
JI435_048710	QRD01892.1	hypothetical protein
JI435_048720	QRD01893.1	hypothetical protein
JI435_048730	QRD01894.1	hypothetical protein
JI435_048740	QRD01896.1	hypothetical protein
JI435_048750	QRD01897.1	hypothetical protein
JI435_048760	QRD01900.1	hypothetical protein
JI435_048770	QRD01902.1	lipoate-protein ligase A
JI435_048790	QRD01904.1	hypothetical protein
JI435_048800	QRD01905.1	hypothetical protein
JI435_048810	QRD01906.1	hypothetical protein
JI435_048830	QRD01907.1	hypothetical protein
JI435_048850	QRD01910.1	hypothetical protein
JI435_048860	QRD01911.1	hypothetical protein
JI435_048870	QRD01912.1	hypothetical protein
JI435_048880	QRD01914.1	hypothetical protein
JI435_048890	QRD01916.1	hypothetical protein
JI435_048900	QRD01917.1	hypothetical protein
JI435_048910	QRD01918.1	hypothetical protein
JI435_048920	QRD01919.1	hypothetical protein
JI435_048930	QRD01920.1	hypothetical protein
JI435_048940	QRD01921.1	hypothetical protein
JI435_048960	QRD01923.1	UDP-N-acetylglucosamine transferase subunit ALG13
JI435_048970	QRD01924.1	hypothetical protein
JI435_048980	QRD01925.1	hypothetical protein
JI435_048990	QRD01926.1	hypothetical protein
JI435_049000	QRD01927.1	hypothetical protein
JI435_049020	QRD01928.1	histone chaperone
JI435_049040	QRD01929.1	hypothetical protein
JI435_049060	QRD01932.1	hypothetical protein
JI435_049080	QRD01934.1	hypothetical protein
JI435_049090	QRD01935.1	hypothetical protein
JI435_049100	QRD01937.1	hypothetical protein
JI435_049110	QRD01938.1	hypothetical protein
JI435_049160	QRD01940.1	hypothetical protein
JI435_049170	QRD01941.1	hypothetical protein
JI435_049180	QRD01942.1	hypothetical protein
JI435_049190	QRD01944.1	hypothetical protein
JI435_049210	QRD01945.1	chorismate synthase
JI435_049230	QRD01947.1	hypothetical protein
JI435_049240	QRD01948.1	hypothetical protein
JI435_049250	QRD01949.1	methionine aminopeptidase
JI435_049260	QRD01950.1	hypothetical protein
JI435_049270	QRD01951.1	hypothetical protein
JI435_049280	QRD01952.1	hypothetical protein
JI435_049310	QRD01955.1	guided entry of tail-anchored proteins 1 protein GET1
JI435_049320	QRD01956.1	hypothetical protein
JI435_049340	QRD01958.1	hypothetical protein
JI435_049350	QRD01959.1	hypothetical protein
JI435_049360	QRD01960.1	hypothetical protein
JI435_049370	QRD01961.1	hypothetical protein
JI435_049380	QRD01962.1	hypothetical protein
JI435_049390	QRD01963.1	hypothetical protein
JI435_049400	QRD01964.1	hypothetical protein
JI435_049410	QRD01965.1	peroxidase
JI435_049420	QRD01966.1	hypothetical protein
JI435_049430	QRD01968.1	hypothetical protein
JI435_049440	QRD01969.1	hypothetical protein
JI435_049450	QRD01970.1	40S ribosomal protein S23
JI435_049460	QRD01972.1	hypothetical protein
JI435_049470	QRD01973.1	hypothetical protein
JI435_049480	QRD01974.1	UDP-N-acetylglucosamine transferase subunit ALG14
JI435_049490	QRD01975.1	hypothetical protein
JI435_049510	QRD01976.1	hypothetical protein
JI435_049520	QRD01977.1	hypothetical protein
JI435_049530	QRD01979.1	hypothetical protein
JI435_049540	QRD01980.1	hypothetical protein
JI435_049550	QRD01981.1	hypothetical protein
JI435_049560	QRD01982.1	hypothetical protein
JI435_049590	QRD01983.1	hypothetical protein
JI435_049600	QRD01984.1	hypothetical protein
JI435_049610	QRD01985.1	hypothetical protein
JI435_049620	QRD01986.1	hypothetical protein
JI435_049630	QRD01987.1	hypothetical protein
JI435_049640	QRD01988.1	hypothetical protein
JI435_049650	QRD01989.1	hypothetical protein
JI435_049660	QRD01990.1	hypothetical protein
JI435_049670	QRD01991.1	hypothetical protein
JI435_049700	QRD01993.1	hypothetical protein
JI435_049710	QRD01994.1	hypothetical protein
JI435_049720	QRD01996.1	alpha-1,2-glucosyltransferase
JI435_049730	QRD01997.1	DNA replication complex GINS protein PSF2
JI435_049750	QRD02000.1	hypothetical protein
JI435_049760	QRD02001.1	hypothetical protein
JI435_049770	QRD02003.1	hypothetical protein
JI435_049780	QRD02005.1	hypothetical protein
JI435_049790	QRD02007.1	hypothetical protein
JI435_049800	QRD02008.1	hypothetical protein
JI435_049810	QRD02009.1	mannosyltransferase
JI435_049840	QRD02012.1	hypothetical protein
JI435_049860	QRD02016.1	hypothetical protein
JI435_049870	QRD02018.1	delta-aminolevulinic acid dehydratase
JI435_049880	QRD02019.1	hypothetical protein
JI435_049900	QRD02020.1	hypothetical protein
JI435_049910	QRD02021.1	hypothetical protein
JI435_049930	QRD02022.1	hypothetical protein
JI435_049960	QRD02025.1	hypothetical protein
JI435_049970	QRD02026.1	hypothetical protein
JI435_049980	QRD02027.1	hypothetical protein
JI435_049990	QRD02029.1	hypothetical protein
JI435_050000	QRD02030.1	hypothetical protein
JI435_050010	QRD02031.1	hypothetical protein
JI435_050020	QRD02033.1	hypothetical protein
JI435_050030	QRD02034.1	hypothetical protein
JI435_050040	QRD02035.1	hypothetical protein
JI435_050050	QRD02036.1	asparagine synthase
JI435_050060	QRD02037.1	hypothetical protein
JI435_050070	QRD02038.1	hypothetical protein
JI435_050080	QRD02039.1	ATP-dependent DNA helicase
JI435_050090	QRD02040.1	hypothetical protein
JI435_050100	QRD02041.1	hypothetical protein
JI435_050120	QRD02042.1	iron-sulfur cluster assembly protein DRE2
JI435_050130	QRD02043.1	hypothetical protein
JI435_050150	QRD02044.1	hypothetical protein
JI435_050170	QRD02045.1	hypothetical protein
JI435_050180	QRD02046.1	SWR1-complex protein 4
JI435_050190	QRD02047.1	hypothetical protein
JI435_050200	QRD02049.1	hypothetical protein
JI435_050220	QRD02050.1	hypothetical protein
JI435_050230	QRD02051.1	beta-galactosidase
JI435_050270	QRD02054.1	hypothetical protein
JI435_050300	QRD02056.1	hypothetical protein
JI435_050320	QRD02057.1	hypothetical protein
JI435_050340	QRD02059.1	hypothetical protein
JI435_050370	QRD02063.1	hypothetical protein
JI435_050380	QRD02064.1	hypothetical protein
JI435_050390	QRD02066.1	hypothetical protein
JI435_050400	QRD02067.1	hypothetical protein
JI435_050410	QRD02068.1	hypothetical protein
JI435_050420	QRD02069.1	hypothetical protein
JI435_050430	QRD02073.1	protein sorting-associated protein 29
JI435_050440	QRD02074.1	hypothetical protein
JI435_050450	QRD02076.1	hypothetical protein
JI435_050460	QRD02077.1	hypothetical protein
JI435_050470	QRD02079.1	hypothetical protein
JI435_050480	QRD02080.1	hypothetical protein
JI435_050490	QRD02081.1	hypothetical protein
JI435_050500	QRD02082.1	hypothetical protein
JI435_050510	QRD02083.1	hypothetical protein
JI435_050520	QRD02084.1	hypothetical protein
JI435_050530	QRD02085.1	hypothetical protein
JI435_050550	QRD02086.1	hypothetical protein
JI435_050560	QRD02088.1	hypothetical protein
JI435_050570	QRD02090.1	hypothetical protein
JI435_050590	QRD02091.1	hypothetical protein
JI435_050620	QRD02093.1	hypothetical protein
JI435_050630	QRD02094.1	hypothetical protein
JI435_050640	QRD02095.1	hypothetical protein
JI435_050670	QRD02096.1	hypothetical protein
JI435_050700	QRD02097.1	hypothetical protein
JI435_050720	QRD02098.1	hypothetical protein
JI435_050730	QRD02099.1	hypothetical protein
JI435_050740	QRD02100.1	hypothetical protein
JI435_050750	QRD02101.1	hypothetical protein
JI435_050760	QRD02102.1	hypothetical protein
JI435_050770	QRD02103.1	hypothetical protein
JI435_050780	QRD02104.1	hypothetical protein
JI435_050790	QRD02105.1	hypothetical protein
JI435_050860	QRD02110.1	hypothetical protein
JI435_050870	QRD02111.1	hypothetical protein
JI435_050880	QRD02112.1	hypothetical protein
JI435_050900	QRD02113.1	glucanase
JI435_050920	QRD02114.1	hypothetical protein
JI435_050940	QRD02116.1	hypothetical protein
JI435_050950	QRD02118.1	hypothetical protein
JI435_050970	QRD02119.1	E3 ubiquitin protein ligase
JI435_050980	QRD02121.1	hypothetical protein
JI435_050990	QRD02122.1	hypothetical protein
JI435_051020	QRD02123.1	hypothetical protein
JI435_051030	QRD02124.1	hypothetical protein
JI435_051040	QRD02125.1	hypothetical protein
JI435_051050	QRD02126.1	hypothetical protein
JI435_051060	QRD02127.1	hypothetical protein
JI435_051080	QRD02128.1	branched chain amino acid aminotransferase
JI435_051090	QRD02129.1	hypothetical protein
JI435_051100	QRD02131.1	hypothetical protein
JI435_051120	QRD02135.1	hypothetical protein
JI435_051130	QRD02136.1	hypothetical protein
JI435_051140	QRD02137.1	hypothetical protein
JI435_051150	QRD02138.1	hypothetical protein
JI435_051180	QRD02140.1	hypothetical protein
JI435_051190	QRD02141.1	hypothetical protein
JI435_051200	QRD02142.1	37S ribosomal protein RSMS25
JI435_051210	QRD02143.1	hypothetical protein
JI435_051220	QRD02144.1	hypothetical protein
JI435_051240	QRD02146.1	hypothetical protein
JI435_051260	QRD02147.1	hypothetical protein
JI435_051270	QRD02149.1	hypothetical protein
JI435_051280	QRD02150.1	hypothetical protein
JI435_051290	QRD02151.1	hypothetical protein
JI435_051300	QRD02152.1	hypothetical protein
JI435_051310	QRD02154.1	hypothetical protein
JI435_051350	QRD02156.1	hypothetical protein
JI435_051360	QRD02157.1	hypothetical protein
JI435_051380	QRD02158.1	hypothetical protein
JI435_051390	QRD02159.1	hypothetical protein
JI435_051400	QRD02160.1	hypothetical protein
JI435_051410	QRD02164.1	mRNA stability protein
JI435_051420	QRD02166.1	hypothetical protein
JI435_051430	QRD02167.1	hypothetical protein
JI435_051440	QRD02168.1	pheromone-processing carboxypeptidase KEX1
JI435_051450	QRD02169.1	hypothetical protein
JI435_051460	QRD02170.1	hypothetical protein
JI435_051470	QRD02172.1	guanylate kinase
JI435_051480	QRD02173.1	hypothetical protein
JI435_051490	QRD02174.1	hypothetical protein
JI435_051500	QRD02175.1	hypothetical protein
JI435_051520	QRD02177.1	hypothetical protein
JI435_051530	QRD02178.1	hypothetical protein
JI435_051540	QRD02179.1	hypothetical protein
JI435_051550	QRD02180.1	hypothetical protein
JI435_051570	QRD02182.1	hypothetical protein
JI435_051580	QRD02185.1	hypothetical protein
JI435_051590	QRD02186.1	hypothetical protein
JI435_051600	QRD02187.1	hypothetical protein
JI435_051610	QRD02188.1	hypothetical protein
JI435_051620	QRD02189.1	hypothetical protein
JI435_051630	QRD02190.1	hypothetical protein
JI435_051640	QRD02191.1	hypothetical protein
JI435_051650	QRD02192.1	hypothetical protein
JI435_051660	QRD02193.1	hypothetical protein
JI435_051670	QRD02195.1	hypothetical protein
JI435_051680	QRD02196.1	hypothetical protein
JI435_051690	QRD02197.1	hypothetical protein
JI435_051700	QRD02198.1	hypothetical protein
JI435_051710	QRD02199.1	hypothetical protein
JI435_051720	QRD02201.1	hypothetical protein
JI435_051740	QRD02202.1	hypothetical protein
JI435_051750	QRD02203.1	hypothetical protein
JI435_051760	QRD02205.1	hypothetical protein
JI435_051770	QRD02206.1	hypothetical protein
JI435_051780	QRD02207.1	hypothetical protein
JI435_051790	QRD02208.1	hypothetical protein
JI435_051800	QRD02211.1	hypothetical protein
JI435_051850	QRD02214.1	hypothetical protein
JI435_051880	QRD02218.1	MICOS complex subunit MIC12
JI435_051890	QRD02219.1	hypothetical protein
JI435_051910	QRD02221.1	hypothetical protein
JI435_051940	QRD02223.1	hypothetical protein
JI435_051950	QRD02224.1	hypothetical protein
JI435_051960	QRD02225.1	hypothetical protein
JI435_051970	QRD02226.1	hypothetical protein
JI435_051980	QRD02227.1	hypothetical protein
JI435_051990	QRD02228.1	hypothetical protein
JI435_052000	QRD02229.1	glycerol-3-phosphate dehydrogenase
JI435_052010	QRD02230.1	hypothetical protein
JI435_052030	QRD02232.1	acetohydroxy-acid synthase small subunit
JI435_052040	QRD02233.1	hypothetical protein
JI435_052050	QRD02234.1	hypothetical protein
JI435_052060	QRD02235.1	ornithine transcarbamylase
JI435_052070	QRD02236.1	hypothetical protein
JI435_052080	QRD02237.1	hypothetical protein
JI435_052090	QRD02238.1	hypothetical protein
JI435_052100	QRD02239.1	hypothetical protein
JI435_052120	QRD02241.1	hypothetical protein
JI435_052130	QRD02242.1	hypothetical protein
JI435_052140	QRD02244.1	hypothetical protein
JI435_052150	QRD02245.1	hypothetical protein
JI435_052170	QRD02247.1	hypothetical protein
JI435_052180	QRD02248.1	hypothetical protein
JI435_052200	QRD02252.1	hypothetical protein
JI435_052230	QRD02254.1	mediator of RNA polymerase II transcription subunit 5
JI435_052250	QRD02255.1	hypothetical protein
JI435_052300	QRD02257.1	hypothetical protein
JI435_052310	QRD02258.1	hypothetical protein
JI435_052320	QRD02260.1	hypothetical protein
JI435_052340	QRD02262.1	hypothetical protein
JI435_052360	QRD02263.1	hypothetical protein
JI435_052370	QRD02264.1	phosphate transporter
JI435_052390	QRD02265.1	hypothetical protein
JI435_052400	QRD02266.1	hypothetical protein
JI435_052410	QRD02267.1	sphingolipid 4-desaturase
JI435_052420	QRD02268.1	hypothetical protein
JI435_052440	QRD02271.1	hypothetical protein
JI435_052450	QRD02274.1	hypothetical protein
JI435_052460	QRD02275.1	hypothetical protein
JI435_052470	QRD02276.1	elongator complex subunit 1
JI435_052480	QRD02277.1	hypothetical protein
JI435_052490	QRD02278.1	hypothetical protein
JI435_052500	QRD02279.1	proteasome tethering factor STS1
JI435_052510	QRD02280.1	hypothetical protein
JI435_052520	QRD02281.1	hypothetical protein
JI435_052530	QRD02282.1	hypothetical protein
JI435_052540	QRD02283.1	hypothetical protein
JI435_052560	QRD02285.1	hypothetical protein
JI435_052590	QRD02286.1	hypothetical protein
JI435_052600	QRD02287.1	hypothetical protein
JI435_052610	QRD02289.1	hypothetical protein
JI435_052640	QRD02290.1	hypothetical protein
JI435_052650	QRD02291.1	hypothetical protein
JI435_052680	QRD02292.1	hypothetical protein
JI435_052690	QRD02293.1	hypothetical protein
JI435_052700	QRD02294.1	hypothetical protein
JI435_052710	QRD02295.1	hypothetical protein
JI435_052720	QRD02296.1	hypothetical protein
JI435_052730	QRD02297.1	hypothetical protein
JI435_052740	QRD02298.1	hypothetical protein
JI435_052750	QRD02300.1	hypothetical protein
JI435_052780	QRD02303.1	hypothetical protein
JI435_052790	QRD02306.1	hypothetical protein
JI435_052800	QRD02307.1	hypothetical protein
JI435_052820	QRD02308.1	hypothetical protein
JI435_052840	QRD02309.1	hypothetical protein
JI435_052850	QRD02310.1	hypothetical protein
JI435_052860	QRD02311.1	methionine--tRNA (Met) ligase
JI435_052870	QRD02312.1	hypothetical protein
JI435_052880	QRD02314.1	hypothetical protein
JI435_052890	QRD02315.1	hypothetical protein
JI435_052900	QRD02316.1	hypothetical protein
JI435_052910	QRD02318.1	hypothetical protein
JI435_052930	QRD02319.1	hypothetical protein
JI435_052940	QRD02320.1	hypothetical protein
JI435_052950	QRD02321.1	hypothetical protein
JI435_052960	QRD02322.1	hypothetical protein
JI435_052970	QRD02323.1	hypothetical protein
JI435_052980	QRD02324.1	hypothetical protein
JI435_052990	QRD02325.1	hypothetical protein
JI435_053000	QRD02326.1	hypothetical protein
JI435_053010	QRD02328.1	hypothetical protein
JI435_053020	QRD02329.1	cytosolic iron-sulfur protein assembly protein 1
JI435_053030	QRD02330.1	hypothetical protein
JI435_053040	QRD02331.1	hypothetical protein
JI435_053050	QRD02332.1	hypothetical protein
JI435_053060	QRD02333.1	hypothetical protein
JI435_053070	QRD02334.1	hypothetical protein
JI435_053080	QRD02335.1	hypothetical protein
JI435_053090	QRD02336.1	hypothetical protein
JI435_053100	QRD02337.1	hypothetical protein
JI435_053110	QRD02338.1	DASH complex subunit DAD2
JI435_053120	QRD02339.1	type 1 phosphatase regulator YPI1
JI435_053140	QRD02340.1	hypothetical protein
JI435_053150	QRD02341.1	hypothetical protein
JI435_053160	QRD02343.1	hypothetical protein
JI435_053180	QRD02346.1	hypothetical protein
JI435_053200	QRD02347.1	hypothetical protein
JI435_053210	QRD02348.1	hypothetical protein
JI435_053230	QRD02351.1	cytochrome b-c1 complex subunit 7
JI435_053240	QRD02352.1	hypothetical protein
JI435_053260	QRD02353.1	hypothetical protein
JI435_053270	QRD02354.1	hypothetical protein
JI435_053290	QRD02355.1	hypothetical protein
JI435_053300	QRD02357.1	hypothetical protein
JI435_053310	QRD02358.1	hypothetical protein
JI435_053320	QRD02359.1	hypothetical protein
JI435_053330	QRD02360.1	hypothetical protein
JI435_053340	QRD02362.1	hypothetical protein
JI435_053350	QRD02363.1	hypothetical protein
JI435_053360	QRD02364.1	hypothetical protein
JI435_053370	QRD02365.1	hypothetical protein
JI435_053380	QRD02366.1	hypothetical protein
JI435_053390	QRD02367.1	hypothetical protein
JI435_053400	QRD02368.1	hypothetical protein
JI435_053420	QRD02369.1	hypothetical protein
JI435_053430	QRD02370.1	hypothetical protein
JI435_053450	QRD02373.1	hypothetical protein
JI435_053470	QRD02375.1	protein-tyrosine-phosphatase
JI435_053480	QRD02377.1	hypothetical protein
JI435_053490	QRD02379.1	hypothetical protein
JI435_053500	QRD02380.1	hypothetical protein
JI435_053510	QRD02381.1	hypothetical protein
JI435_053520	QRD02382.1	hypothetical protein
JI435_053530	QRD02384.1	hypothetical protein
JI435_053540	QRD02385.1	hypothetical protein
JI435_053550	QRD02387.1	hypothetical protein
JI435_053560	QRD02390.1	hypothetical protein
JI435_053570	QRD02391.1	hypothetical protein
JI435_053580	QRD02392.1	hypothetical protein
JI435_053590	QRD02394.1	hypothetical protein
JI435_053600	QRD02396.1	hypothetical protein
JI435_053610	QRD02397.1	hypothetical protein
JI435_053620	QRD02401.1	hypothetical protein
JI435_053630	QRD02402.1	hypothetical protein
JI435_053640	QRD02404.1	mediator of RNA polymerase II transcription subunit 18
JI435_053650	QRD02405.1	hypothetical protein
JI435_053660	QRD02407.1	hypothetical protein
JI435_053690	QRD02408.1	hypothetical protein
JI435_053700	QRD02410.1	hypothetical protein
JI435_053710	QRD02411.1	hypothetical protein
JI435_053720	QRD02412.1	hypothetical protein
JI435_053730	QRD02414.1	hypothetical protein
JI435_053740	QRD02415.1	hypothetical protein
JI435_053760	QRD02416.1	hypothetical protein
JI435_053780	QRD02417.1	hypothetical protein
JI435_053790	QRD02418.1	hypothetical protein
JI435_053800	QRD02419.1	hypothetical protein
JI435_053810	QRD02423.1	hypothetical protein
JI435_053820	QRD02424.1	hypothetical protein
JI435_053830	QRD02428.1	hypothetical protein
JI435_053850	QRD02429.1	hypothetical protein
JI435_053860	QRD02431.1	hypothetical protein
JI435_053870	QRD02432.1	hypothetical protein
JI435_053880	QRD02433.1	hypothetical protein
JI435_053900	QRD02434.1	non-specific serine/threonine protein kinase
JI435_053910	QRD02435.1	hypothetical protein
JI435_053920	QRD02436.1	hypothetical protein
JI435_053940	QRD02438.1	hypothetical protein
JI435_053950	QRD02441.1	hypothetical protein
JI435_053960	QRD02443.1	hypothetical protein
JI435_053970	QRD02444.1	60S acidic ribosomal protein P1
JI435_053980	QRD02445.1	hypothetical protein
JI435_053990	QRD02446.1	hypothetical protein
JI435_054000	QRD02447.1	hypothetical protein
JI435_054010	QRD02450.1	hypothetical protein
JI435_054020	QRD02451.1	asparagine-linked glycosylation protein 11
JI435_054030	QRD02452.1	hypothetical protein
JI435_054040	QRD02453.1	hypothetical protein
JI435_054070	QRD02455.1	hypothetical protein
JI435_054080	QRD02456.1	hypothetical protein
JI435_054090	QRD02457.1	hypothetical protein
JI435_054100	QRD02458.1	hypothetical protein
JI435_054110	QRD02459.1	1,3-beta-glucanosyltransferase
JI435_054120	QRD02460.1	hypothetical protein
JI435_054190	QRD02465.1	hypothetical protein
JI435_054200	QRD02466.1	glutathione reductase
JI435_054220	QRD02468.1	hypothetical protein
JI435_054240	QRD02471.1	hypothetical protein
JI435_054250	QRD02472.1	hypothetical protein
JI435_054280	QRD02477.1	hypothetical protein
JI435_054300	QRD02485.1	hypothetical protein
JI435_054320	QRD02491.1	hypothetical protein
JI435_054330	QRD02492.1	hypothetical protein
JI435_054340	QRD02493.1	hypothetical protein
JI435_054360	QRD02494.1	hypothetical protein
JI435_054370	QRD02495.1	hypothetical protein
JI435_054390	QRD02497.1	protein transporter SEC23
JI435_054400	QRD02499.1	hypothetical protein
JI435_054410	QRD02500.1	hypothetical protein
JI435_054420	QRD02501.1	hypothetical protein
JI435_054430	QRD02502.1	hypothetical protein
JI435_054440	QRD02503.1	hypothetical protein
JI435_054450	QRD02504.1	peptide hydrolase
JI435_054460	QRD02505.1	hypothetical protein
JI435_054470	QRD02506.1	hypothetical protein
JI435_054480	QRD02507.1	hypothetical protein
JI435_054490	QRD02509.1	hypothetical protein
JI435_054510	QRD02510.1	hypothetical protein
JI435_054520	QRD02511.1	hypothetical protein
JI435_054550	QRC95807.1	hypothetical protein
JI435_054580	QRC95808.1	hypothetical protein
JI435_054590	QRC95809.1	hypothetical protein
JI435_054600	QRC95810.1	hypothetical protein
JI435_054610	QRC95811.1	alpha-L-arabinofuranosidase
JI435_054620	QRC95812.1	tryptophan--tRNA (Trp) ligase
JI435_054630	QRC95813.1	hypothetical protein
JI435_054640	QRC95814.1	hypothetical protein
JI435_054660	QRC95815.1	hypothetical protein
JI435_054670	QRC95816.1	spindle pole body subunit
JI435_054680	QRC95817.1	hypothetical protein
JI435_054720	QRC95819.1	hypothetical protein
JI435_054730	QRC95820.1	hypothetical protein
JI435_054740	QRC95821.1	hypothetical protein
JI435_054750	QRC95823.1	hypothetical protein
JI435_054760	QRC95824.1	hypothetical protein
JI435_054770	QRC95825.1	hypothetical protein
JI435_054780	QRC95826.1	hypothetical protein
JI435_054800	QRC95828.1	hypothetical protein
JI435_054810	QRC95829.1	hypothetical protein
JI435_054820	QRC95830.1	hypothetical protein
JI435_054840	QRC95832.1	hypothetical protein
JI435_054860	QRC95836.1	hypothetical protein
JI435_054870	QRC95839.1	hypothetical protein
JI435_054880	QRC95840.1	hypothetical protein
JI435_054890	QRC95841.1	hypothetical protein
JI435_054900	QRC95845.1	hypothetical protein
JI435_054910	QRC95846.1	hypothetical protein
JI435_054920	QRC95847.1	hypothetical protein
JI435_054930	QRC95848.1	hypothetical protein
JI435_054940	QRC95849.1	hypothetical protein
JI435_054950	QRC95850.1	non-specific serine/threonine protein kinase
JI435_054960	QRC95851.1	hypothetical protein
JI435_054970	QRC95852.1	hypothetical protein
JI435_054980	QRC95853.1	phosphatase
JI435_054990	QRC95854.1	chitin synthase
JI435_055000	QRC95855.1	hypothetical protein
JI435_055020	QRC95856.1	hypothetical protein
JI435_055030	QRC95857.1	hypothetical protein
JI435_055040	QRC95858.1	hypothetical protein
JI435_055050	QRC95859.1	hypothetical protein
JI435_055060	QRC95860.1	hypothetical protein
JI435_055080	QRC95861.1	hypothetical protein
JI435_055090	QRC95862.1	hypothetical protein
JI435_055100	QRC95864.1	tRNA pseudouridine synthase
JI435_055110	QRC95865.1	ubiquitin-like modifier HUB1
JI435_055120	QRC95866.1	phosphatidylinositol N-acetylglucosaminyltransferase
JI435_055130	QRC95867.1	spliceosomal protein DIB1
JI435_055140	QRC95870.1	hypothetical protein
JI435_055150	QRC95871.1	hypothetical protein
JI435_055160	QRC95872.1	cutinase
JI435_055170	QRC95873.1	hypothetical protein
JI435_055180	QRC95874.1	hypothetical protein
JI435_055190	QRC95875.1	hypothetical protein
JI435_055200	QRC95877.1	hypothetical protein
JI435_055210	QRC95878.1	hypothetical protein
JI435_055220	QRC95879.1	hypothetical protein
JI435_055240	QRC95883.1	hypothetical protein
JI435_055250	QRC95884.1	hypothetical protein
JI435_055260	QRC95886.1	hypothetical protein
JI435_055270	QRC95888.1	hypothetical protein
JI435_055280	QRC95890.1	hypothetical protein
JI435_055290	QRC95891.1	hypothetical protein
JI435_055300	QRC95892.1	hypothetical protein
JI435_055320	QRC95893.1	hypothetical protein
JI435_055330	QRC95895.1	hypothetical protein
JI435_055340	QRC95896.1	hypothetical protein
JI435_055370	QRC95899.1	hypothetical protein
JI435_055380	QRC95900.1	hypothetical protein
JI435_055390	QRC95901.1	hypothetical protein
JI435_055400	QRC95902.1	hypothetical protein
JI435_055410	QRC95903.1	hypothetical protein
JI435_055450	QRC95907.1	hypothetical protein
JI435_055460	QRC95908.1	hypothetical protein
JI435_055470	QRC95909.1	hypothetical protein
JI435_055480	QRC95910.1	hypothetical protein
JI435_055490	QRC95911.1	hypothetical protein
JI435_055500	QRC95912.1	hypothetical protein
JI435_055510	QRC95913.1	selenoprotein O
JI435_055520	QRC95914.1	hypothetical protein
JI435_055530	QRC95915.1	hypothetical protein
JI435_055540	QRC95916.1	hypothetical protein
JI435_055550	QRC95917.1	hypothetical protein
JI435_055560	QRC95918.1	hypothetical protein
JI435_055570	QRC95919.1	hypothetical protein
JI435_055580	QRC95920.1	hypothetical protein
JI435_055590	QRC95921.1	protease
JI435_055600	QRC95922.1	hypothetical protein
JI435_055610	QRC95923.1	hypothetical protein
JI435_055620	QRC95924.1	hypothetical protein
JI435_055630	QRC95925.1	hypothetical protein
JI435_055640	QRC95926.1	hypothetical protein
JI435_055650	QRC95927.1	hypothetical protein
JI435_055660	QRC95929.1	hypothetical protein
JI435_055670	QRC95930.1	hypothetical protein
JI435_055680	QRC95931.1	hypothetical protein
JI435_055700	QRC95932.1	hypothetical protein
JI435_055710	QRC95933.1	hypothetical protein
JI435_055720	QRC95934.1	hypothetical protein
JI435_055770	QRC95937.1	hypothetical protein
JI435_055790	QRC95941.1	hypothetical protein
JI435_055810	QRC95943.1	hypothetical protein
JI435_055820	QRC95944.1	hypothetical protein
JI435_055850	QRC95945.1	hypothetical protein
JI435_055860	QRC95946.1	hypothetical protein
JI435_055870	QRC95947.1	hypothetical protein
JI435_055880	QRC95948.1	hypothetical protein
JI435_055890	QRC95949.1	hypothetical protein
JI435_055910	QRC95951.1	hypothetical protein
JI435_055920	QRC95952.1	hypothetical protein
JI435_055950	QRC95955.1	hypothetical protein
JI435_055960	QRC95956.1	hypothetical protein
JI435_055970	QRC95957.1	hypothetical protein
JI435_056010	QRC95960.1	ADP/ATP carrier protein
JI435_056020	QRC95961.1	hypothetical protein
JI435_056040	QRC95962.1	hypothetical protein
JI435_056050	QRC95964.1	hypothetical protein
JI435_056120	QRC95971.1	GTP-binding protein ypt1
JI435_056140	QRC95972.1	hypothetical protein
JI435_056160	QRC95976.1	hypothetical protein
JI435_056170	QRC95977.1	hypothetical protein
JI435_056180	QRC95978.1	hypothetical protein
JI435_056200	QRC95979.1	hypothetical protein
JI435_056210	QRC95980.1	hypothetical protein
JI435_056220	QRC95981.1	hypothetical protein
JI435_056230	QRC95982.1	hypothetical protein
JI435_056240	QRC95983.1	hypothetical protein
JI435_056250	QRC95984.1	hypothetical protein
JI435_056260	QRC95985.1	isocitrate lyase
JI435_056270	QRC95986.1	hypothetical protein
JI435_056290	QRC95988.1	hypothetical protein
JI435_056310	QRC95989.1	hypothetical protein
JI435_056320	QRC95990.1	hypothetical protein
JI435_056330	QRC95992.1	hypothetical protein
JI435_056340	QRC95993.1	hypothetical protein
JI435_056360	QRC95995.1	hypothetical protein
JI435_056370	QRC95996.1	hypothetical protein
JI435_056390	QRC95997.1	hypothetical protein
JI435_056400	QRC95999.1	hypothetical protein
JI435_056450	QRC96001.1	hypothetical protein
JI435_056460	QRC96002.1	hypothetical protein
JI435_056470	QRC96003.1	hypothetical protein
JI435_056480	QRC96005.1	hypothetical protein
JI435_056490	QRC96007.1	hypothetical protein
JI435_056500	QRC96008.1	hypothetical protein
JI435_056510	QRC96009.1	hypothetical protein
JI435_056520	QRC96011.1	hypothetical protein
JI435_056530	QRC96012.1	transcription elongation factor Spt6
JI435_056540	QRC96014.1	hypothetical protein
JI435_056560	QRC96016.1	hypothetical protein
JI435_056570	QRC96017.1	hypothetical protein
JI435_056580	QRC96018.1	hypothetical protein
JI435_056590	QRC96020.1	hypothetical protein
JI435_056600	QRC96021.1	hypothetical protein
JI435_056640	QRC96023.1	hypothetical protein
JI435_056660	QRC96024.1	hypothetical protein
JI435_056670	QRC96026.1	proteasome subunit alpha type
JI435_056680	QRC96027.1	hypothetical protein
JI435_056690	QRC96028.1	hypothetical protein
JI435_056710	QRC96029.1	hypothetical protein
JI435_056720	QRC96030.1	hypothetical protein
JI435_056730	QRC96031.1	hypothetical protein
JI435_056740	QRC96032.1	hypothetical protein
JI435_056750	QRC96033.1	hypothetical protein
JI435_056760	QRC96034.1	hypothetical protein
JI435_056770	QRC96036.1	hypothetical protein
JI435_056780	QRC96038.1	5-hydroxyisourate hydrolase
JI435_056790	QRC96040.1	hypothetical protein
JI435_056810	QRC96042.1	hypothetical protein
JI435_056820	QRC96043.1	T-complex protein 1 subunit gamma
JI435_056830	QRC96044.1	hypothetical protein
JI435_056850	QRC96046.1	hypothetical protein
JI435_056860	QRC96047.1	hypothetical protein
JI435_056870	QRC96048.1	hypothetical protein
JI435_056880	QRC96049.1	hypothetical protein
JI435_056890	QRC96050.1	hypothetical protein
JI435_056900	QRC96051.1	hypothetical protein
JI435_056910	QRC96052.1	hypothetical protein
JI435_056930	QRC96053.1	hypothetical protein
JI435_056940	QRC96054.1	hypothetical protein
JI435_056960	QRC96055.1	hypothetical protein
JI435_056970	QRC96056.1	hypothetical protein
JI435_056980	QRC96057.1	hypothetical protein
JI435_056990	QRC96058.1	1-alkyl-2-acetylglycerophosphocholine esterase
JI435_057010	QRC96059.1	hypothetical protein
JI435_057020	QRC96060.1	hypothetical protein
JI435_057030	QRC96062.1	hypothetical protein
JI435_057040	QRC96064.1	hypothetical protein
JI435_057050	QRC96065.1	hypothetical protein
JI435_057060	QRC96066.1	hypothetical protein
JI435_057070	QRC96067.1	hypothetical protein
JI435_057080	QRC96068.1	hypothetical protein
JI435_057090	QRC96069.1	hypothetical protein
JI435_057100	QRC96070.1	hypothetical protein
JI435_057110	QRC96071.1	hypothetical protein
JI435_057120	QRC96072.1	hypothetical protein
JI435_057140	QRC96073.1	hypothetical protein
JI435_057150	QRC96074.1	hypothetical protein
JI435_057160	QRC96075.1	hypothetical protein
JI435_057170	QRC96077.1	hypothetical protein
JI435_057180	QRC96079.1	hypothetical protein
JI435_057190	QRC96080.1	40S ribosomal protein RPS0
JI435_057200	QRC96082.1	1,3-beta-glucanosyltransferase
JI435_057210	QRC96084.1	hypothetical protein
JI435_057220	QRC96085.1	hypothetical protein
JI435_057230	QRC96087.1	hypothetical protein
JI435_057240	QRC96088.1	hypothetical protein
JI435_057250	QRC96089.1	hypothetical protein
JI435_057280	QRC96092.1	hypothetical protein
JI435_057290	QRC96094.1	hypothetical protein
JI435_057300	QRC96095.1	hypothetical protein
JI435_057330	QRC96096.1	hypothetical protein
JI435_057350	QRC96098.1	hypothetical protein
JI435_057360	QRC96099.1	hypothetical protein
JI435_057370	QRC96100.1	hypothetical protein
JI435_057400	QRC96103.1	hypothetical protein
JI435_057410	QRC96104.1	hypothetical protein
JI435_057450	QRC96108.1	hypothetical protein
JI435_057460	QRC96109.1	hypothetical protein
JI435_057470	QRC96110.1	hypothetical protein
JI435_057480	QRC96111.1	hypothetical protein
JI435_057490	QRC96112.1	hypothetical protein
JI435_057500	QRC96113.1	hypothetical protein
JI435_057520	QRC96114.1	hypothetical protein
JI435_057530	QRC96115.1	hypothetical protein
JI435_057540	QRC96116.1	hypothetical protein
JI435_057550	QRC96118.1	hypothetical protein
JI435_057560	QRC96119.1	hypothetical protein
JI435_057570	QRC96120.1	hypothetical protein
JI435_057580	QRC96121.1	hypothetical protein
JI435_057600	QRC96123.1	hypothetical protein
JI435_057610	QRC96124.1	hypothetical protein
JI435_057620	QRC96125.1	hypothetical protein
JI435_057630	QRC96126.1	hypothetical protein
JI435_057640	QRC96128.1	hypothetical protein
JI435_057660	QRC96130.1	ATP-dependent RNA helicase HAS1
JI435_057670	QRC96132.1	transaldolase
JI435_057680	QRC96133.1	hypothetical protein
JI435_057700	QRC96134.1	hypothetical protein
JI435_057710	QRC96135.1	hypothetical protein
JI435_057720	QRC96136.1	hypothetical protein
JI435_057730	QRC96137.1	hypothetical protein
JI435_057750	QRC96139.1	hypothetical protein
JI435_057770	QRC96140.1	aldehyde dehydrogenase
JI435_057780	QRC96141.1	hypothetical protein
JI435_057790	QRC96142.1	hypothetical protein
JI435_057800	QRC96143.1	hypothetical protein
JI435_057810	QRC96145.1	hypothetical protein
JI435_057820	QRC96146.1	hypothetical protein
JI435_057830	QRC96147.1	hypothetical protein
JI435_057840	QRC96149.1	hypothetical protein
JI435_057850	QRC96150.1	40S ribosomal protein RPS7
JI435_057860	QRC96151.1	hypothetical protein
JI435_057870	QRC96153.1	hypothetical protein
JI435_057880	QRC96154.1	hypothetical protein
JI435_057890	QRC96156.1	hypothetical protein
JI435_057900	QRC96157.1	chitinase
JI435_057910	QRD05508.1	hypothetical protein
JI435_057930	QRD05509.1	hypothetical protein
JI435_057950	QRD05510.1	cytochrome P450 monooxygenase alt3
JI435_057970	QRD05512.1	hypothetical protein
JI435_057980	QRD05513.1	hypothetical protein
JI435_057990	QRD05514.1	hypothetical protein
JI435_058000	QRD05515.1	hypothetical protein
JI435_058010	QRD05516.1	hypothetical protein
JI435_058020	QRD05517.1	hypothetical protein
JI435_058030	QRD05518.1	hypothetical protein
JI435_058040	QRD05520.1	hypothetical protein
JI435_058050	QRD05521.1	hypothetical protein
JI435_058060	QRD05522.1	hypothetical protein
JI435_058070	QRD05523.1	hypothetical protein
JI435_058080	QRD05524.1	hypothetical protein
JI435_058090	QRD05525.1	hypothetical protein
JI435_058100	QRD05527.1	hypothetical protein
JI435_058120	QRD05529.1	hypothetical protein
JI435_058130	QRD05531.1	hypothetical protein
JI435_058140	QRD05532.1	hypothetical protein
JI435_058150	QRD05533.1	hypothetical protein
JI435_058170	QRD05535.1	hypothetical protein
JI435_058180	QRD05536.1	ADP-ribose phosphatase
JI435_058200	QRD05537.1	hypothetical protein
JI435_058220	QRD05538.1	hypothetical protein
JI435_058230	QRD05539.1	hypothetical protein
JI435_058250	QRD05540.1	hypothetical protein
JI435_058270	QRD05541.1	hypothetical protein
JI435_058280	QRD05543.1	hypothetical protein
JI435_058290	QRD05544.1	hypothetical protein
JI435_058310	QRD05547.1	hypothetical protein
JI435_058320	QRD05548.1	hypothetical protein
JI435_058340	QRD05549.1	hypothetical protein
JI435_058350	QRD05550.1	hypothetical protein
JI435_058360	QRD05551.1	hypothetical protein
JI435_058370	QRD05552.1	hypothetical protein
JI435_058380	QRD05553.1	hypothetical protein
JI435_058390	QRD05554.1	cation-transporting ATPase
JI435_058400	QRD05555.1	hypothetical protein
JI435_058410	QRD05556.1	hypothetical protein
JI435_058420	QRD05557.1	hypothetical protein
JI435_058450	QRD05559.1	hypothetical protein
JI435_058460	QRD05560.1	hypothetical protein
JI435_058470	QRD05561.1	hypothetical protein
JI435_058480	QRD05563.1	glutamine--tRNA (Gln) ligase
JI435_058490	QRD05564.1	hypothetical protein
JI435_058500	QRD05565.1	precorrin-2 dehydrogenase
JI435_058510	QRD05566.1	hypothetical protein
JI435_058520	QRD05568.1	hypothetical protein
JI435_058530	QRD05569.1	hypothetical protein
JI435_058550	QRD05571.1	hypothetical protein
JI435_058560	QRD05572.1	hypothetical protein
JI435_058580	QRD05575.1	GPI inositol-deacylase
JI435_058590	QRD05576.1	hypothetical protein
JI435_058610	QRD05577.1	hypothetical protein
JI435_058620	QRD05578.1	protein-serine/threonine kinase
JI435_058630	QRD05579.1	hypothetical protein
JI435_058640	QRD05580.1	hypothetical protein
JI435_058650	QRD05581.1	hypothetical protein
JI435_058660	QRD05582.1	hypothetical protein
JI435_058670	QRD05583.1	hypothetical protein
JI435_058680	QRD05584.1	eukaryotic translation initiation factor 5 subunit A
JI435_058690	QRD05585.1	hypothetical protein
JI435_058700	QRD05586.1	hypothetical protein
JI435_058710	QRD05589.1	hypothetical protein
JI435_058720	QRD05590.1	hypothetical protein
JI435_058730	QRD05591.1	palmitoyl-protein hydrolase
JI435_058740	QRD05592.1	acetyl-CoA deacylase
JI435_058750	QRD05593.1	hypothetical protein
JI435_058760	QRD05594.1	hypothetical protein
JI435_058770	QRD05595.1	hypothetical protein
JI435_058780	QRD05597.1	hypothetical protein
JI435_058790	QRD05598.1	hypothetical protein
JI435_058800	QRD05599.1	hypothetical protein
JI435_058810	QRD05600.1	hypothetical protein
JI435_058820	QRD05601.1	hypothetical protein
JI435_058830	QRD05602.1	hypothetical protein
JI435_058850	QRD05604.1	hypothetical protein
JI435_058870	QRD05605.1	hypothetical protein
JI435_058880	QRD05607.1	hypothetical protein
JI435_058890	QRD05609.1	hypothetical protein
JI435_058900	QRD05610.1	hypothetical protein
JI435_058910	QRD05611.1	mitochondrial fission 1 protein
JI435_058920	QRD05612.1	kinetochore protein SPC24
JI435_058950	QRD05613.1	hypothetical protein
JI435_058960	QRD05614.1	hypothetical protein
JI435_058970	QRD05616.1	hypothetical protein
JI435_058980	QRD05617.1	hypothetical protein
JI435_059000	QRD05618.1	hypothetical protein
JI435_059010	QRD05619.1	hypothetical protein
JI435_059020	QRD05620.1	hypothetical protein
JI435_059030	QRD05621.1	hypothetical protein
JI435_059040	QRD05623.1	hypothetical protein
JI435_059050	QRD05624.1	hypothetical protein
JI435_059060	QRD05625.1	hypothetical protein
JI435_059080	QRD05628.1	hypothetical protein
JI435_059090	QRD05630.1	hypothetical protein
JI435_059100	QRD05631.1	hypothetical protein
JI435_059110	QRD05632.1	hypothetical protein
JI435_059120	QRD05633.1	hypothetical protein
JI435_059130	QRD05634.1	translocation protein SEC62
JI435_059140	QRD05636.1	hypothetical protein
JI435_059150	QRD05637.1	hypothetical protein
JI435_059160	QRD05639.1	hypothetical protein
JI435_059170	QRD05641.1	hypothetical protein
JI435_059180	QRD05642.1	hypothetical protein
JI435_059190	QRD05643.1	hypothetical protein
JI435_059200	QRD05644.1	hypothetical protein
JI435_059210	QRD05646.1	hypothetical protein
JI435_059220	QRD05647.1	hypothetical protein
JI435_059250	QRD05648.1	chitin synthase
JI435_059260	QRD05649.1	hypothetical protein
JI435_059280	QRD05650.1	hypothetical protein
JI435_059300	QRD05652.1	hypothetical protein
JI435_059330	QRD05656.1	hypothetical protein
JI435_059350	QRD05657.1	thiamine pyrophosphokinase
JI435_059360	QRD05658.1	hypothetical protein
JI435_059370	QRD05659.1	hypothetical protein
JI435_059390	QRD05661.1	hypothetical protein
JI435_059420	QRD05662.1	hypothetical protein
JI435_059430	QRD05663.1	hypothetical protein
JI435_059440	QRD05664.1	hypothetical protein
JI435_059460	QRD05666.1	rhamnogalacturonate lyase
JI435_059470	QRD05667.1	hypothetical protein
JI435_059480	QRD05668.1	hypothetical protein
JI435_059490	QRD05669.1	hypothetical protein
JI435_059500	QRD05670.1	hypothetical protein
JI435_059510	QRD05671.1	hypothetical protein
JI435_059520	QRD05672.1	hypothetical protein
JI435_059530	QRD05673.1	hypothetical protein
JI435_059540	QRD05674.1	hypothetical protein
JI435_059550	QRD05675.1	hypothetical protein
JI435_059570	QRD05677.1	electron transfer flavoprotein subunit alpha
JI435_059580	QRD05679.1	hypothetical protein
JI435_059590	QRD05680.1	mitochondrial import inner membrane translocase TIM40
JI435_059600	QRD05681.1	hypothetical protein
JI435_059620	QRD05683.1	hypothetical protein
JI435_059640	QRD05684.1	hypothetical protein
JI435_059650	QRD05688.1	thiamine thiazole synthase
JI435_059660	QRD05689.1	microtubule binding protein STU1
JI435_059680	QRD05690.1	hypothetical protein
JI435_059690	QRD05691.1	hypothetical protein
JI435_059700	QRD05692.1	hypothetical protein
JI435_059720	QRD05694.1	hypothetical protein
JI435_059730	QRD05695.1	hypothetical protein
JI435_059740	QRD05697.1	malate dehydrogenase
JI435_059750	QRD05698.1	hypothetical protein
JI435_059770	QRD05701.1	hypothetical protein
JI435_059780	QRD05702.1	hypothetical protein
JI435_059790	QRD05703.1	hypothetical protein
JI435_059800	QRD05706.1	hypothetical protein
JI435_059810	QRD05707.1	hypothetical protein
JI435_059820	QRD05708.1	hypothetical protein
JI435_059830	QRD05709.1	non-reducing end alpha-L-arabinofuranosidase
JI435_059840	QRD05710.1	hypothetical protein
JI435_059850	QRD05711.1	spindle pole body subunit
JI435_059860	QRD05712.1	hypothetical protein
JI435_059870	QRD05713.1	hypothetical protein
JI435_059910	QRD05715.1	hypothetical protein
JI435_059920	QRD05716.1	hypothetical protein
JI435_059930	QRD05718.1	hypothetical protein
JI435_059940	QRD05720.1	hypothetical protein
JI435_059950	QRD05721.1	hypothetical protein
JI435_059960	QRD05722.1	hypothetical protein
JI435_059970	QRD05723.1	adenylyl cyclase-associated protein
JI435_059980	QRD05724.1	hypothetical protein
JI435_060000	QRD05725.1	hypothetical protein
JI435_060010	QRD05726.1	hypothetical protein
JI435_060020	QRD05727.1	hypothetical protein
JI435_060030	QRD05729.1	hypothetical protein
JI435_060040	QRD05730.1	hypothetical protein
JI435_060050	QRD05731.1	hypothetical protein
JI435_060060	QRD05734.1	hypothetical protein
JI435_060070	QRD05735.1	hypothetical protein
JI435_060100	QRD05738.1	hypothetical protein
JI435_060110	QRD05740.1	hypothetical protein
JI435_060120	QRD05741.1	hypothetical protein
JI435_060130	QRD05742.1	hypothetical protein
JI435_060140	QRD05743.1	hypothetical protein
JI435_060150	QRD05744.1	hypothetical protein
JI435_060170	QRD05745.1	hypothetical protein
JI435_060180	QRD05746.1	pectinesterase
JI435_060190	QRD05748.1	hypothetical protein
JI435_060200	QRD05749.1	hypothetical protein
JI435_060210	QRD05750.1	hypothetical protein
JI435_060220	QRD05752.1	nitrate reductase
JI435_060230	QRD05753.1	hypothetical protein
JI435_060240	QRD05754.1	hypothetical protein
JI435_060260	QRD05755.1	hypothetical protein
JI435_060270	QRD05756.1	hypothetical protein
JI435_060280	QRD05757.1	hypothetical protein
JI435_060320	QRD05758.1	peptide hydrolase
JI435_060330	QRD05759.1	hypothetical protein
JI435_060340	QRD05761.1	hypothetical protein
JI435_060350	QRD05763.1	hypothetical protein
JI435_060360	QRD05764.1	hypothetical protein
JI435_060370	QRD05765.1	hypothetical protein
JI435_060380	QRD05766.1	elongation factor 2
JI435_060390	QRD05767.1	hypothetical protein
JI435_060400	QRD05768.1	hypothetical protein
JI435_060410	QRD05769.1	DNA helicase
JI435_060420	QRD05770.1	hypothetical protein
JI435_060430	QRD05771.1	arabinan endo-1,5-alpha-L-arabinosidase
JI435_060450	QRD05772.1	hypothetical protein
JI435_060470	QRD05773.1	hypothetical protein
JI435_060480	QRD05774.1	hypothetical protein
JI435_060490	QRD05775.1	hypothetical protein
JI435_060510	QRD05777.1	hypothetical protein
JI435_060520	QRD05778.1	hypothetical protein
JI435_060530	QRD05779.1	hypothetical protein
JI435_060540	QRD05782.1	hypothetical protein
JI435_060550	QRD05783.1	hypothetical protein
JI435_060570	QRD05785.1	hypothetical protein
JI435_060580	QRD05786.1	hypothetical protein
JI435_060590	QRD05787.1	hypothetical protein
JI435_060600	QRD05788.1	pyruvate dehydrogenase complex acetyltransferase
JI435_060610	QRD05789.1	hypothetical protein
JI435_060620	QRD05790.1	hypothetical protein
JI435_060630	QRD05791.1	hypothetical protein
JI435_060660	QRD05795.1	hypothetical protein
JI435_060670	QRD05796.1	non-reducing end alpha-L-arabinofuranosidase
JI435_060680	QRD05797.1	hypothetical protein
JI435_060720	QRD05800.1	hypothetical protein
JI435_060730	QRD05801.1	alpha-galactosidase
JI435_060740	QRD05802.1	hypothetical protein
JI435_060760	QRD05803.1	hypothetical protein
JI435_060770	QRD05804.1	hypothetical protein
JI435_060790	QRD05805.1	hypothetical protein
JI435_060810	QRD05807.1	hypothetical protein
JI435_060820	QRD05808.1	isocitrate dehydrogenase subunit
JI435_060830	QRD05809.1	mitochondrial inner membrane protease subunit
JI435_060840	QRD05810.1	D-malate dehydrogenase
JI435_060850	QRD05811.1	hypothetical protein
JI435_060880	QRD05812.1	hypothetical protein
JI435_060890	QRD05813.1	hypothetical protein
JI435_060900	QRD05814.1	hypothetical protein
JI435_060910	QRD05816.1	hypothetical protein
JI435_060920	QRD05817.1	hypothetical protein
JI435_060930	QRD05818.1	hypothetical protein
JI435_060940	QRD05819.1	hypothetical protein
JI435_060950	QRD05820.1	pyruvate decarboxylase
JI435_060960	QRD05821.1	hypothetical protein
JI435_060980	QRD05822.1	hypothetical protein
JI435_060990	QRD05823.1	hypothetical protein
JI435_061010	QRC98729.1	hypothetical protein
JI435_061020	QRC98730.1	hypothetical protein
JI435_061030	QRC98731.1	hypothetical protein
JI435_061050	QRC98733.1	hypothetical protein
JI435_061090	QRC98737.1	hypothetical protein
JI435_061100	QRC98740.1	hypothetical protein
JI435_061110	QRC98741.1	hypothetical protein
JI435_061120	QRC98743.1	hypothetical protein
JI435_061130	QRC98744.1	hypothetical protein
JI435_061150	QRC98745.1	hypothetical protein
JI435_061160	QRC98746.1	hypothetical protein
JI435_061170	QRC98747.1	5-demethoxyubiquinone hydroxylase
JI435_061180	QRC98748.1	hypothetical protein
JI435_061200	QRC92202.1	hypothetical protein
JI435_061210	QRC98749.1	hypothetical protein
JI435_061220	QRC98750.1	hypothetical protein
JI435_061230	QRC98751.1	hypothetical protein
JI435_061250	QRC98753.1	hypothetical protein
JI435_061280	QRC98754.1	hypothetical protein
JI435_061290	QRC98755.1	hypothetical protein
JI435_061300	QRC98757.1	hypothetical protein
JI435_061310	QRC98758.1	hypothetical protein
JI435_061320	QRC98759.1	hypothetical protein
JI435_061330	QRC98761.1	hypothetical protein
JI435_061340	QRC98762.1	hypothetical protein
JI435_061350	QRC98764.1	hypothetical protein
JI435_061360	QRC98765.1	hypothetical protein
JI435_061370	QRC98766.1	hypothetical protein
JI435_061380	QRC98767.1	hypothetical protein
JI435_061400	QRC98769.1	hypothetical protein
JI435_061410	QRC98770.1	hypothetical protein
JI435_061420	QRC98771.1	hypothetical protein
JI435_061450	QRC98772.1	hypothetical protein
JI435_061460	QRC98773.1	cysteine proteinase
JI435_061470	QRC98774.1	hypothetical protein
JI435_061480	QRC98776.1	hypothetical protein
JI435_061490	QRC98777.1	hypothetical protein
JI435_061500	QRC98778.1	hypothetical protein
JI435_061520	QRC98779.1	hypothetical protein
JI435_061530	QRC98780.1	hypothetical protein
JI435_061540	QRC98781.1	hypothetical protein
JI435_061560	QRC98782.1	hypothetical protein
JI435_061580	QRC98783.1	hypothetical protein
JI435_061590	QRC98784.1	hypothetical protein
JI435_061600	QRC98785.1	hypothetical protein
JI435_061610	QRC98788.1	hypothetical protein
JI435_061630	QRC98789.1	hypothetical protein
JI435_061640	QRC98791.1	hypothetical protein
JI435_061660	QRC98792.1	hypothetical protein
JI435_061670	QRC98793.1	hypothetical protein
JI435_061680	QRC98794.1	hypothetical protein
JI435_061690	QRC98795.1	D-malate dehydrogenase
JI435_061700	QRC98796.1	hypothetical protein
JI435_061710	QRC98798.1	hypothetical protein
JI435_061730	QRC98801.1	hypothetical protein
JI435_061740	QRC98802.1	hypothetical protein
JI435_061750	QRC98804.1	hypothetical protein
JI435_061760	QRC98805.1	hypothetical protein
JI435_061770	QRC98807.1	hypothetical protein
JI435_061790	QRC98809.1	nitric oxide dioxygenase
JI435_061800	QRC98815.1	hypothetical protein
JI435_061810	QRC98816.1	hypothetical protein
JI435_061830	QRC98818.1	hypothetical protein
JI435_061860	QRC98820.1	4-amino-5-hydroxymethyl-2-methylpyrimidine phosphate synthase
JI435_061870	QRC98821.1	hypothetical protein
JI435_061880	QRC98822.1	2-oxoisovalerate dehydrogenase subunit alpha
JI435_061890	QRC98823.1	2-methoxy-6-polyprenyl-1,4-benzoquinol methylase
JI435_061900	QRC98824.1	autophagy-related protein
JI435_061910	QRC98826.1	hypothetical protein
JI435_061920	QRC98827.1	hypothetical protein
JI435_061940	QRC98829.1	hypothetical protein
JI435_061960	QRC98831.1	glycerol kinase
JI435_061970	QRC98835.1	hypothetical protein
JI435_061990	QRC98837.1	hypothetical protein
JI435_062020	QRC98838.1	hypothetical protein
JI435_062030	QRC98839.1	hypothetical protein
JI435_062040	QRC98840.1	hypothetical protein
JI435_062060	QRC98843.1	hypothetical protein
JI435_062070	QRC98844.1	hypothetical protein
JI435_062080	QRC98845.1	alkyl transferase
JI435_062090	QRC98846.1	hypothetical protein
JI435_062100	QRC98847.1	DNA replication complex GINS protein PSF3
JI435_062110	QRC98848.1	hypothetical protein
JI435_062120	QRC98849.1	hypothetical protein
JI435_062130	QRC98850.1	60S ribosomal protein L8
JI435_062140	QRC98851.1	GPI mannosyltransferase 2
JI435_062180	QRC98853.1	hypothetical protein
JI435_062190	QRC98855.1	hypothetical protein
JI435_062200	QRC98856.1	hypothetical protein
JI435_062220	QRC98859.1	hypothetical protein
JI435_062230	QRC98860.1	hypothetical protein
JI435_062240	QRC98861.1	hypothetical protein
JI435_062260	QRC98862.1	hypothetical protein
JI435_062290	QRC98865.1	hypothetical protein
JI435_062310	QRC98867.1	NADH dehydrogenase flavoprotein
JI435_062320	QRC98868.1	hypothetical protein
JI435_062330	QRC98869.1	hypothetical protein
JI435_062340	QRC98871.1	hypothetical protein
JI435_062350	QRC98873.1	hypothetical protein
JI435_062360	QRC98874.1	hypothetical protein
JI435_062370	QRC98875.1	60S ribosomal protein L15
JI435_062380	QRC98876.1	hypothetical protein
JI435_062390	QRC98878.1	hypothetical protein
JI435_062420	QRC98880.1	hypothetical protein
JI435_062430	QRC98882.1	hypothetical protein
JI435_062440	QRC98883.1	hypothetical protein
JI435_062450	QRC98884.1	hypothetical protein
JI435_062460	QRC98887.1	hypothetical protein
JI435_062470	QRC98888.1	hypothetical protein
JI435_062480	QRC98889.1	hypothetical protein
JI435_062490	QRC98891.1	hypothetical protein
JI435_062500	QRC98892.1	hypothetical protein
JI435_062520	QRC98893.1	hypothetical protein
JI435_062530	QRC98894.1	hypothetical protein
JI435_062540	QRC98895.1	hypothetical protein
JI435_062550	QRC98896.1	hypothetical protein
JI435_062570	QRC98897.1	hypothetical protein
JI435_062580	QRC98898.1	hypothetical protein
JI435_062590	QRC98899.1	hypothetical protein
JI435_062600	QRC98900.1	hypothetical protein
JI435_062610	QRC98901.1	hypothetical protein
JI435_062640	QRC98902.1	hypothetical protein
JI435_062650	QRC98903.1	hypothetical protein
JI435_062660	QRC98904.1	hypothetical protein
JI435_062670	QRC98905.1	hypothetical protein
JI435_062680	QRC98906.1	hypothetical protein
JI435_062690	QRC98907.1	hypothetical protein
JI435_062710	QRC98909.1	hypothetical protein
JI435_062720	QRC98910.1	hypothetical protein
JI435_062730	QRC98911.1	hypothetical protein
JI435_062740	QRC98912.1	hypothetical protein
JI435_062750	QRC98914.1	hypothetical protein
JI435_062760	QRC98915.1	hypothetical protein
JI435_062770	QRC98918.1	hypothetical protein
JI435_062780	QRC98919.1	hypothetical protein
JI435_062800	QRC98920.1	hypothetical protein
JI435_062810	QRC98922.1	glutamine-dependent NAD(+) synthetase
JI435_062820	QRC98923.1	hypothetical protein
JI435_062830	QRC98925.1	reticulon-like protein
JI435_062840	QRC98926.1	hypothetical protein
JI435_062850	QRC98927.1	hypothetical protein
JI435_062860	QRC98928.1	tRNA wybutosine-synthesis-related protein 4
JI435_062870	QRC98930.1	hypothetical protein
JI435_062880	QRC98931.1	hypothetical protein
JI435_062890	QRC98932.1	hypothetical protein
JI435_062900	QRC98933.1	phosphoenolpyruvate carboxykinase
JI435_062910	QRC98935.1	hypothetical protein
JI435_062930	QRC98936.1	hypothetical protein
JI435_062940	QRC98937.1	hypothetical protein
JI435_062950	QRC98938.1	hypothetical protein
JI435_062960	QRC98940.1	hypothetical protein
JI435_062970	QRC98943.1	hypothetical protein
JI435_062990	QRC98945.1	PAN2-PAN3 deadenylation complex catalytic subunit PAN2
JI435_063000	QRC98946.1	hypothetical protein
JI435_063010	QRC98947.1	hypothetical protein
JI435_063020	QRC98948.1	hypothetical protein
JI435_063030	QRC98949.1	hypothetical protein
JI435_063050	QRC98951.1	hypothetical protein
JI435_063060	QRC98952.1	hypothetical protein
JI435_063070	QRC98953.1	hypothetical protein
JI435_063080	QRC98954.1	hypothetical protein
JI435_063090	QRC98956.1	hypothetical protein
JI435_063110	QRC98957.1	hypothetical protein
JI435_063130	QRC98961.1	hypothetical protein
JI435_063140	QRC98962.1	hypothetical protein
JI435_063150	QRC98963.1	hypothetical protein
JI435_063160	QRC98964.1	hypothetical protein
JI435_063170	QRC98965.1	hypothetical protein
JI435_063180	QRC98967.1	hypothetical protein
JI435_063190	QRC98968.1	hypothetical protein
JI435_063200	QRC98969.1	GPI-anchor transamidase
JI435_063210	QRC98970.1	hypothetical protein
JI435_063220	QRC98971.1	hypothetical protein
JI435_063230	QRC98972.1	hypothetical protein
JI435_063240	QRC98974.1	hypothetical protein
JI435_063250	QRC98975.1	CDP-diacylglycerol synthase
JI435_063260	QRC98976.1	hypothetical protein
JI435_063280	QRC98977.1	hypothetical protein
JI435_063290	QRC98978.1	hypothetical protein
JI435_063300	QRC98980.1	hypothetical protein
JI435_063320	QRC98981.1	hypothetical protein
JI435_063340	QRC98982.1	hypothetical protein
JI435_063350	QRC98985.1	hypothetical protein
JI435_063360	QRC98986.1	hypothetical protein
JI435_063410	QRC98990.1	hypothetical protein
JI435_063430	QRC98991.1	hypothetical protein
JI435_063440	QRC98993.1	hypothetical protein
JI435_063460	QRC98994.1	hypothetical protein
JI435_063480	QRC98996.1	hypothetical protein
JI435_063490	QRC98997.1	hypothetical protein
JI435_063500	QRC98998.1	histone acetyltransferase
JI435_063510	QRC99000.1	NADH dehydrogenase 1 alpha subcomplex subunit 1 isoform B
JI435_063520	QRC99002.1	arylamine N-acetyltransferase
JI435_063530	QRC99003.1	hypothetical protein
JI435_063540	QRC99004.1	hypothetical protein
JI435_063550	QRC99005.1	DNA topoisomerase
JI435_063570	QRC99007.1	hypothetical protein
JI435_063590	QRC99008.1	hypothetical protein
JI435_063600	QRC99009.1	hypothetical protein
JI435_063610	QRC99010.1	hypothetical protein
JI435_063620	QRC99011.1	hypothetical protein
JI435_063630	QRC99014.1	hypothetical protein
JI435_063640	QRC99015.1	hypothetical protein
JI435_063650	QRC99016.1	hypothetical protein
JI435_063670	QRC99018.1	hypothetical protein
JI435_063680	QRC99021.1	hypothetical protein
JI435_063690	QRC99023.1	hypothetical protein
JI435_063710	QRC99022.1	hypothetical protein
JI435_063720	QRC99024.1	adenylosuccinate lyase
JI435_063730	QRC99026.1	hypothetical protein
JI435_063740	QRC99027.1	superoxide dismutase
JI435_063760	QRC99028.1	hypothetical protein
JI435_063770	QRC99029.1	37S ribosomal protein mrp10
JI435_063780	QRC99030.1	hypothetical protein
JI435_063790	QRC99031.1	hypothetical protein
JI435_063800	QRC99032.1	hypothetical protein
JI435_063820	QRC99034.1	hypothetical protein
JI435_063830	QRC99035.1	hypothetical protein
JI435_063840	QRC99036.1	hypothetical protein
JI435_063850	QRC99037.1	hypothetical protein
JI435_063860	QRC99038.1	GDP-mannose pyrophosphorylase
JI435_063870	QRC99039.1	hypothetical protein
JI435_063880	QRC99040.1	hypothetical protein
JI435_063890	QRC99041.1	hypothetical protein
JI435_063900	QRC99042.1	hypothetical protein
JI435_063920	QRC99044.1	hypothetical protein
JI435_063930	QRC99045.1	hypothetical protein
JI435_063940	QRC99047.1	hypothetical protein
JI435_063960	QRC99050.1	hypothetical protein
JI435_063970	QRC99051.1	hypothetical protein
JI435_063990	QRC99053.1	hypothetical protein
JI435_064000	QRC99054.1	hypothetical protein
JI435_064010	QRC99055.1	hypothetical protein
JI435_064020	QRC99056.1	hypothetical protein
JI435_064030	QRC99057.1	hypothetical protein
JI435_064050	QRC99059.1	hypothetical protein
JI435_064060	QRC99060.1	hypothetical protein
JI435_064070	QRC99061.1	hypothetical protein
JI435_064080	QRC99062.1	hypothetical protein
JI435_064090	QRC99063.1	glucanase
JI435_064100	QRC99064.1	hypothetical protein
JI435_064110	QRC99065.1	hypothetical protein
JI435_064120	QRC99067.1	hypothetical protein
JI435_064130	QRC99068.1	hypothetical protein
JI435_064140	QRC99069.1	hypothetical protein
JI435_064150	QRC99070.1	3'(2'),5'-bisphosphate nucleotidase
JI435_064160	QRC99071.1	hypothetical protein
JI435_064180	QRC99072.1	hypothetical protein
JI435_064190	QRC99074.1	hypothetical protein
JI435_064200	QRC99076.1	hypothetical protein
JI435_064210	QRC99077.1	hypothetical protein
JI435_064230	QRC99078.1	hypothetical protein
JI435_064240	QRC99079.1	hypothetical protein
JI435_064250	QRC99080.1	hypothetical protein
JI435_064260	QRC99081.1	hypothetical protein
JI435_064270	QRC99082.1	hypothetical protein
JI435_064290	QRC99083.1	hypothetical protein
JI435_064300	QRC99085.1	hypothetical protein
JI435_064330	QRC99089.1	hypothetical protein
JI435_064340	QRC99090.1	hypothetical protein
JI435_064350	QRC99093.1	lysophospholipase
JI435_064360	QRC99094.1	2-(3-amino-3-carboxypropyl)histidine synthase subunit 2
JI435_064370	QRC99095.1	hypothetical protein
JI435_064380	QRC99096.1	hypothetical protein
JI435_064390	QRC99097.1	hypothetical protein
JI435_064400	QRC99098.1	hypothetical protein
JI435_064410	QRC99099.1	hypothetical protein
JI435_064420	QRC99100.1	hypothetical protein
JI435_064430	QRC99102.1	hypothetical protein
JI435_064440	QRC99103.1	hypothetical protein
JI435_064450	QRC99104.1	hypothetical protein
JI435_064460	QRC99105.1	hypothetical protein
JI435_064470	QRC99106.1	hypothetical protein
JI435_064480	QRC99107.1	hypothetical protein
JI435_064490	QRC99108.1	hypothetical protein
JI435_064500	QRC99109.1	hypothetical protein
JI435_064510	QRC99112.1	hypothetical protein
JI435_064550	QRC99114.1	hypothetical protein
JI435_064560	QRC99115.1	hypothetical protein
JI435_064570	QRC99116.1	hypothetical protein
JI435_064580	QRC99117.1	hypothetical protein
JI435_064590	QRC99118.1	hypothetical protein
JI435_064600	QRC99120.1	hypothetical protein
JI435_064610	QRC99122.1	hypothetical protein
JI435_064640	QRC99125.1	hypothetical protein
JI435_064650	QRC99126.1	hypothetical protein
JI435_064660	QRC99127.1	hypothetical protein
JI435_064670	QRC99128.1	hypothetical protein
JI435_064680	QRC99129.1	hypothetical protein
JI435_064690	QRC99130.1	ATP-dependent rRNA helicase SPB4
JI435_064700	QRC99131.1	hypothetical protein
JI435_064710	QRC99132.1	hypothetical protein
JI435_064720	QRC99133.1	hypothetical protein
JI435_064730	QRC99134.1	hypothetical protein
JI435_064750	QRC99135.1	hypothetical protein
JI435_064760	QRC99136.1	hypothetical protein
JI435_064770	QRC99137.1	hypothetical protein
JI435_064780	QRC99140.1	hypothetical protein
JI435_064790	QRC99141.1	hypothetical protein
JI435_064800	QRC99142.1	hypothetical protein
JI435_064810	QRC99143.1	hypothetical protein
JI435_064820	QRC99145.1	hypothetical protein
JI435_064830	QRC99146.1	enoyl-CoA hydratase
JI435_064840	QRC99147.1	guanine nucleotide-binding protein subunit beta-like protein
JI435_064850	QRC99148.1	hypothetical protein
JI435_064860	QRC99150.1	hypothetical protein
JI435_064880	QRC99154.1	hypothetical protein
JI435_064890	QRC99155.1	NADH dehydrogenase 1 alpha subcomplex subunit
JI435_064900	QRC99156.1	hypothetical protein
JI435_064910	QRC99157.1	hypothetical protein
JI435_064920	QRC99158.1	hypothetical protein
JI435_064940	QRC99159.1	hypothetical protein
JI435_064950	QRC99160.1	hypothetical protein
JI435_064960	QRC99161.1	hypothetical protein
JI435_064970	QRC99163.1	hypothetical protein
JI435_064980	QRC99164.1	hypothetical protein
JI435_064990	QRC99165.1	hypothetical protein
JI435_065000	QRC99166.1	hypothetical protein
JI435_065010	QRC99169.1	hypothetical protein
JI435_065020	QRC99170.1	hypothetical protein
JI435_065030	QRC99171.1	ATPase GET3
JI435_065050	QRC99172.1	hypothetical protein
JI435_065060	QRC99173.1	hypothetical protein
JI435_065070	QRC99174.1	hypothetical protein
JI435_065090	QRC99175.1	hypothetical protein
JI435_065100	QRC99177.1	hypothetical protein
JI435_065110	QRC99178.1	hypothetical protein
JI435_065120	QRC99179.1	hypothetical protein
JI435_065130	QRC99180.1	hypothetical protein
JI435_065140	QRC99181.1	hypothetical protein
JI435_065150	QRC99183.1	hypothetical protein
JI435_065160	QRC99184.1	tyrosinase
JI435_065170	QRC99185.1	hypothetical protein
JI435_065190	QRC99186.1	hypothetical protein
JI435_065210	QRC99189.1	hypothetical protein
JI435_065220	QRC99190.1	hypothetical protein
JI435_065230	QRC99191.1	hypothetical protein
JI435_065240	QRC99192.1	hypothetical protein
JI435_065250	QRC99193.1	hypothetical protein
JI435_065260	QRC99194.1	hypothetical protein
JI435_065270	QRC99195.1	hypothetical protein
JI435_065300	QRC99197.1	hypothetical protein
JI435_065310	QRC99198.1	hypothetical protein
JI435_065320	QRC99199.1	hypothetical protein
JI435_065330	QRC99200.1	hypothetical protein
JI435_065340	QRC99201.1	hypothetical protein
JI435_065350	QRC99202.1	hypothetical protein
JI435_065380	QRC99204.1	hypothetical protein
JI435_065390	QRC99205.1	hypothetical protein
JI435_065400	QRC99206.1	hypothetical protein
JI435_065410	QRC99207.1	hypothetical protein
JI435_065420	QRC99208.1	hypothetical protein
JI435_065430	QRC99209.1	hypothetical protein
JI435_065440	QRC99210.1	hypothetical protein
JI435_065450	QRC99211.1	hypothetical protein
JI435_065470	QRC99214.1	hypothetical protein
JI435_065480	QRC99215.1	hypothetical protein
JI435_065490	QRC99217.1	kinesin-like protein
JI435_065500	QRC99218.1	hypothetical protein
JI435_065510	QRC99220.1	hypothetical protein
JI435_065520	QRC99221.1	hypothetical protein
JI435_065530	QRC99223.1	ubiquitin-like protein ATG12
JI435_065540	QRC99224.1	hypothetical protein
JI435_065550	QRC99225.1	chitin synthase
JI435_065570	QRC99227.1	hypothetical protein
JI435_065610	QRC99230.1	hypothetical protein
JI435_065620	QRC99231.1	hypothetical protein
JI435_065630	QRC99233.1	hypothetical protein
JI435_065640	QRC99235.1	hypothetical protein
JI435_065650	QRC99236.1	hypothetical protein
JI435_065680	QRC99238.1	hypothetical protein
JI435_065690	QRC99239.1	hypothetical protein
JI435_065710	QRC99240.1	hypothetical protein
JI435_065720	QRC99241.1	hypothetical protein
JI435_065730	QRC99243.1	hypothetical protein
JI435_065740	QRC99244.1	hypothetical protein
JI435_065750	QRC99245.1	ketol-acid reductoisomerase
JI435_065760	QRC99246.1	hypothetical protein
JI435_065770	QRC99247.1	2,5-diamino-6-(5-phospho-D-ribosylamino)pyrimidin-4(3H)-one reductase
JI435_065780	QRC99248.1	hypothetical protein
JI435_065820	QRC99252.1	hypothetical protein
JI435_065830	QRC99253.1	hypothetical protein
JI435_065840	QRC99254.1	hypothetical protein
JI435_065850	QRC99255.1	hypothetical protein
JI435_065860	QRC99256.1	hypothetical protein
JI435_065870	QRC99257.1	hypothetical protein
JI435_065880	QRC99258.1	hypothetical protein
JI435_065890	QRC99259.1	hypothetical protein
JI435_065900	QRC99260.1	zinc metalloprotease
JI435_065910	QRC99261.1	hypothetical protein
JI435_065920	QRC99262.1	hypothetical protein
JI435_065930	QRC99263.1	hypothetical protein
JI435_065940	QRC99264.1	hypothetical protein
JI435_065950	QRC99265.1	hypothetical protein
JI435_065970	QRC99266.1	hypothetical protein
JI435_065980	QRC99267.1	hypothetical protein
JI435_065990	QRC99268.1	hypothetical protein
JI435_066010	QRC99269.1	hypothetical protein
JI435_066030	QRC99270.1	hypothetical protein
JI435_066040	QRC99271.1	hypothetical protein
JI435_066050	QRC99273.1	hypothetical protein
JI435_066060	QRC99274.1	hypothetical protein
JI435_066070	QRC99276.1	hypothetical protein
JI435_066080	QRC99278.1	hypothetical protein
JI435_066100	QRC99280.1	tRNA 2-thiolation protein
JI435_066110	QRC99281.1	hypothetical protein
JI435_066140	QRC99284.1	hypothetical protein
JI435_066150	QRC99285.1	hypothetical protein
JI435_066160	QRC99286.1	hypothetical protein
JI435_066170	QRC99287.1	hypothetical protein
JI435_066180	QRC99288.1	hypothetical protein
JI435_066190	QRC99289.1	UDP-N-acetylglucosamine transferase subunit ALG13
JI435_066200	QRC99290.1	alpha/beta-glucosidase agdC
JI435_066210	QRC99292.1	hypothetical protein
JI435_066230	QRC99294.1	hypothetical protein
JI435_066240	QRC99295.1	hypothetical protein
JI435_066250	QRC99296.1	hypothetical protein
JI435_066260	QRC99297.1	hypothetical protein
JI435_066270	QRC99298.1	hypothetical protein
JI435_066280	QRC99299.1	hypothetical protein
JI435_066290	QRC99302.1	hypothetical protein
JI435_066300	QRC99303.1	hypothetical protein
JI435_066310	QRC99304.1	hypothetical protein
JI435_066330	QRC99305.1	hypothetical protein
JI435_066340	QRC99306.1	hypothetical protein
JI435_066350	QRC99307.1	hypothetical protein
JI435_066360	QRC99308.1	glucose-6-phosphate 1-epimerase
JI435_066370	QRC99310.1	hypothetical protein
JI435_066390	QRC99311.1	hypothetical protein
JI435_066400	QRC99313.1	hypothetical protein
JI435_066410	QRC99314.1	3-methyl-2-oxobutanoate hydroxymethyltransferase
JI435_066430	QRC99315.1	hypothetical protein
JI435_066440	QRC99316.1	hypothetical protein
JI435_066460	QRC99317.1	hypothetical protein
JI435_066480	QRC99318.1	hypothetical protein
JI435_066530	QRC99319.1	hypothetical protein
JI435_066540	QRC99320.1	hypothetical protein
JI435_066550	QRC99321.1	hypothetical protein
JI435_066570	QRC99322.1	hypothetical protein
JI435_066590	QRC99325.1	hypothetical protein
JI435_066610	QRC99330.1	hypothetical protein
JI435_066630	QRC99331.1	protein farnesyltransferase subunit beta
JI435_066640	QRC99332.1	hypothetical protein
JI435_066650	QRC99335.1	hypothetical protein
JI435_066660	QRC99337.1	hypothetical protein
JI435_066670	QRC99338.1	polyubiquitin
JI435_066680	QRC99339.1	hypothetical protein
JI435_066690	QRC99340.1	mannose-1-phosphate guanyltransferase
JI435_066700	QRC99341.1	carbonic anhydrase
JI435_066720	QRC99345.1	efflux pump DEP3
JI435_066760	QRC99347.1	hypothetical protein
JI435_066770	QRC99348.1	hypothetical protein
JI435_066780	QRC99349.1	hypothetical protein
JI435_066790	QRC99350.1	hypothetical protein
JI435_066800	QRC99351.1	hypothetical protein
JI435_066810	QRC99352.1	hypothetical protein
JI435_066820	QRC99353.1	hypothetical protein
JI435_066830	QRC99354.1	hypothetical protein
JI435_066840	QRC99355.1	hypothetical protein
JI435_066850	QRC99356.1	hypothetical protein
JI435_066860	QRC99357.1	hypothetical protein
JI435_066870	QRC99358.1	hypothetical protein
JI435_066880	QRC99746.1	hypothetical protein
JI435_066890	QRC99748.1	hypothetical protein
JI435_066900	QRC99749.1	hypothetical protein
JI435_066910	QRC99750.1	hypothetical protein
JI435_066920	QRC99751.1	hypothetical protein
JI435_066940	QRC99752.1	hypothetical protein
JI435_066960	QRC99753.1	carboxylic ester hydrolase
JI435_066970	QRC99754.1	hypothetical protein
JI435_066980	QRC99756.1	hypothetical protein
JI435_066990	QRC99757.1	hypothetical protein
JI435_067000	QRC99758.1	hypothetical protein
JI435_067010	QRC99759.1	hypothetical protein
JI435_067020	QRC99760.1	hypothetical protein
JI435_067050	QRC99763.1	hypothetical protein
JI435_067060	QRC99764.1	hypothetical protein
JI435_067070	QRC99765.1	hypothetical protein
JI435_067080	QRC99766.1	hypothetical protein
JI435_067110	QRC99771.1	hypothetical protein
JI435_067120	QRC99772.1	serine/threonine-protein phosphatase
JI435_067130	QRC99773.1	dipeptidase
JI435_067140	QRC99775.1	hypothetical protein
JI435_067150	QRC99776.1	hypothetical protein
JI435_067160	QRC99778.1	hypothetical protein
JI435_067170	QRC99779.1	hypothetical protein
JI435_067180	QRC99780.1	hypothetical protein
JI435_067190	QRC99781.1	hypothetical protein
JI435_067200	QRC99782.1	hypothetical protein
JI435_067210	QRC99783.1	alpha-1,2-Mannosidase
JI435_067220	QRC99784.1	hypothetical protein
JI435_067230	QRC99785.1	hypothetical protein
JI435_067240	QRC99787.1	hypothetical protein
JI435_067250	QRC99788.1	hypothetical protein
JI435_067260	QRC99789.1	hypothetical protein
JI435_067270	QRC99790.1	hypothetical protein
JI435_067290	QRC99791.1	hypothetical protein
JI435_067310	QRC99793.1	hypothetical protein
JI435_067320	QRC99795.1	hypothetical protein
JI435_067340	QRC99796.1	hypothetical protein
JI435_067350	QRC99797.1	hypothetical protein
JI435_067360	QRC99798.1	hypothetical protein
JI435_067370	QRC99799.1	hypothetical protein
JI435_067380	QRC99800.1	chromatin assembly-related protein HIR1
JI435_067390	QRC99801.1	hypothetical protein
JI435_067400	QRC99802.1	hypothetical protein
JI435_067410	QRC99803.1	hypothetical protein
JI435_067420	QRC99805.1	hypothetical protein
JI435_067430	QRC99806.1	hypothetical protein
JI435_067440	QRC99807.1	hypothetical protein
JI435_067450	QRC99808.1	hypothetical protein
JI435_067460	QRC99809.1	adenylyl-sulfate kinase
JI435_067470	QRC99810.1	hypothetical protein
JI435_067480	QRC99812.1	hypothetical protein
JI435_067500	QRC99815.1	hypothetical protein
JI435_067510	QRC99816.1	hypothetical protein
JI435_067520	QRC99817.1	hypothetical protein
JI435_067530	QRC99818.1	hypothetical protein
JI435_067540	QRC99819.1	hypothetical protein
JI435_067550	QRC99820.1	protein transporter SEC13
JI435_067560	QRC99821.1	hypothetical protein
JI435_067570	QRC99822.1	hypothetical protein
JI435_067600	NA	NA
JI435_067610	QRC99827.1	hypothetical protein
JI435_067620	QRC99828.1	hypothetical protein
JI435_067630	QRC99829.1	hypothetical protein
JI435_067640	QRC99831.1	hypothetical protein
JI435_067660	QRC99833.1	hypothetical protein
JI435_067670	QRC99835.1	hypothetical protein
JI435_067680	QRC99836.1	hypothetical protein
JI435_067690	QRC99837.1	hypothetical protein
JI435_067710	QRC99839.1	hypothetical protein
JI435_067720	QRC99840.1	hypothetical protein
JI435_067730	QRC99841.1	hypothetical protein
JI435_067750	QRC99842.1	hypothetical protein
JI435_067780	QRC99844.1	hypothetical protein
JI435_067790	QRC99845.1	hypothetical protein
JI435_067810	QRC99846.1	hypothetical protein
JI435_067820	QRC99847.1	hypothetical protein
JI435_067830	QRC99848.1	phosphatidyl-N-methylethanolamine N-methyltransferase
JI435_067840	QRC99849.1	hypothetical protein
JI435_067860	QRC99850.1	hypothetical protein
JI435_067870	QRC99851.1	hypothetical protein
JI435_067880	QRC99852.1	hypothetical protein
JI435_067890	QRC99853.1	chloride channel protein
JI435_067910	QRC99854.1	tubulin subunit beta
JI435_067920	QRC99855.1	hypothetical protein
JI435_067930	QRC99856.1	hypothetical protein
JI435_067940	QRC99857.1	hypothetical protein
JI435_067950	QRC99859.1	hypothetical protein
JI435_067960	QRC99860.1	casein kinase II subunit beta
JI435_067970	QRC99862.1	hypothetical protein
JI435_067980	QRC99865.1	hypothetical protein
JI435_067990	QRC99866.1	hypothetical protein
JI435_068000	QRC99867.1	hypothetical protein
JI435_068010	QRC99868.1	hypothetical protein
JI435_068020	QRC99869.1	hypothetical protein
JI435_068040	QRC99870.1	hypothetical protein
JI435_068050	QRC99871.1	hypothetical protein
JI435_068060	QRC99872.1	DNA replication complex GINS protein PSF1
JI435_068070	QRC99875.1	pre-mRNA-processing ATP-dependent RNA helicase PRP5
JI435_068080	QRC99877.1	ribosome biogenesis protein ERB1
JI435_068100	QRC99878.1	hypothetical protein
JI435_068110	QRC99879.1	hypothetical protein
JI435_068120	QRC99880.1	hypothetical protein
JI435_068140	QRC99881.1	hypothetical protein
JI435_068160	QRC99883.1	hypothetical protein
JI435_068170	QRC99884.1	hypothetical protein
JI435_068180	QRC99886.1	hypothetical protein
JI435_068190	QRC99888.1	hypothetical protein
JI435_068200	QRC99889.1	hypothetical protein
JI435_068210	QRC99891.1	hypothetical protein
JI435_068220	QRC99892.1	hypothetical protein
JI435_068250	QRC99894.1	hypothetical protein
JI435_068260	QRC99896.1	hypothetical protein
JI435_068270	QRC99900.1	hypothetical protein
JI435_068280	QRC99901.1	hypothetical protein
JI435_068290	QRC99902.1	hypothetical protein
JI435_068310	QRC99903.1	hypothetical protein
JI435_068320	QRC99904.1	ATP citrate synthase
JI435_068330	QRC99906.1	ATP citrate synthase
JI435_068350	QRC99907.1	hypothetical protein
JI435_068360	QRC99908.1	hypothetical protein
JI435_068370	QRC99910.1	hypothetical protein
JI435_068380	QRC99911.1	hypothetical protein
JI435_068410	QRC99915.1	hypothetical protein
JI435_068420	QRC99916.1	hypothetical protein
JI435_068440	QRC99918.1	hypothetical protein
JI435_068450	QRC99922.1	hypothetical protein
JI435_068460	QRC99923.1	DNA-directed DNA polymerase
JI435_068470	QRC99924.1	hypothetical protein
JI435_068480	QRC99925.1	golgi SNAP receptor complex member 1
JI435_068490	QRC99926.1	hypothetical protein
JI435_068500	QRC99927.1	phosphomevalonate kinase
JI435_068510	QRC99929.1	hypothetical protein
JI435_068530	QRC99931.1	hypothetical protein
JI435_068540	QRC99932.1	hypothetical protein
JI435_068550	QRC99933.1	hypothetical protein
JI435_068560	QRC99934.1	endopolyphosphatase
JI435_068570	QRC99935.1	hypothetical protein
JI435_068590	QRC99936.1	translation initiation factor RLI1
JI435_068600	QRC99937.1	hypothetical protein
JI435_068610	QRC99938.1	hypothetical protein
JI435_068620	QRC99939.1	hypothetical protein
JI435_068630	QRC99940.1	hypothetical protein
JI435_068640	QRC99941.1	hypothetical protein
JI435_068650	QRC99942.1	hypothetical protein
JI435_068660	QRC99943.1	hypothetical protein
JI435_068670	QRC99946.1	hypothetical protein
JI435_068690	QRC99947.1	hypothetical protein
JI435_068700	QRC99948.1	3'-phosphate/5'-hydroxy nucleic acid ligase
JI435_068720	QRC99949.1	hypothetical protein
JI435_068730	QRC99950.1	hypothetical protein
JI435_068740	QRC99951.1	fumarylacetoacetase
JI435_068760	QRC99952.1	homogentisate dioxygenase
JI435_068770	QRC99953.1	hypothetical protein
JI435_068780	QRC99954.1	hypothetical protein
JI435_068790	QRC99956.1	ADP ribosylation factor
JI435_068800	QRC99957.1	hypothetical protein
JI435_068810	QRC99958.1	hypothetical protein
JI435_068820	QRC99959.1	amidase
JI435_068830	QRC99960.1	hypothetical protein
JI435_068840	QRC99961.1	hypothetical protein
JI435_068850	QRC99962.1	hypothetical protein
JI435_068860	QRC99963.1	threonine synthase
JI435_068870	QRC99965.1	hypothetical protein
JI435_068880	QRC99966.1	hypothetical protein
JI435_068900	QRC99968.1	hypothetical protein
JI435_068930	QRC99969.1	hypothetical protein
JI435_068940	QRC99971.1	hypothetical protein
JI435_068950	QRC99972.1	hypothetical protein
JI435_068960	QRC99973.1	hypothetical protein
JI435_068970	QRC99974.1	hypothetical protein
JI435_068980	QRC99975.1	hypothetical protein
JI435_068990	QRC99977.1	hypothetical protein
JI435_069000	QRC99978.1	hypothetical protein
JI435_069020	QRC99979.1	hypothetical protein
JI435_069030	QRC99981.1	hypothetical protein
JI435_069040	QRC99983.1	hypothetical protein
JI435_069050	QRC99984.1	hypothetical protein
JI435_069060	QRC99985.1	hypothetical protein
JI435_069070	QRC99986.1	hypothetical protein
JI435_069080	QRC99987.1	hypothetical protein
JI435_069090	QRC99988.1	hypothetical protein
JI435_069100	QRC99990.1	hypothetical protein
JI435_069110	QRC99992.1	hypothetical protein
JI435_069120	QRC99993.1	hypothetical protein
JI435_069130	QRC99994.1	hypothetical protein
JI435_069140	QRC99995.1	hypothetical protein
JI435_069150	QRC99996.1	hypothetical protein
JI435_069160	QRC99997.1	mediator of RNA polymerase II transcription subunit 16
JI435_069170	QRC99999.1	hypothetical protein
JI435_069180	QRD00001.1	hypothetical protein
JI435_069190	QRD00002.1	hypothetical protein
JI435_069200	QRD00003.1	hypothetical protein
JI435_069210	QRD00004.1	hypothetical protein
JI435_069220	QRD00006.1	E3 ubiquitin protein ligase PEP5
JI435_069250	QRD00008.1	hypothetical protein
JI435_069260	QRD00011.1	hypothetical protein
JI435_069270	QRD00012.1	hypothetical protein
JI435_069290	QRD00016.1	hypothetical protein
JI435_069300	QRD00017.1	hypothetical protein
JI435_069310	QRD00018.1	origin recognition complex subunit 1
JI435_069330	QRD00019.1	hypothetical protein
JI435_069340	QRD00020.1	hypothetical protein
JI435_069350	QRD00021.1	translation machinery-associated protein 20
JI435_069380	QRD00024.1	hypothetical protein
JI435_069400	QRD00027.1	DNA ligase
JI435_069410	QRD00028.1	hypothetical protein
JI435_069420	QRD00030.1	ribosomal protein
JI435_069430	QRD00032.1	hypothetical protein
JI435_069450	QRD00033.1	non-specific serine/threonine protein kinase
JI435_069470	QRD00034.1	hypothetical protein
JI435_069490	QRD00035.1	hypothetical protein
JI435_069520	QRD00038.1	hypothetical protein
JI435_069530	QRD00040.1	hypothetical protein
JI435_069540	QRD00041.1	hypothetical protein
JI435_069550	QRD00042.1	fumarate dihydroorotate dehydrogenase
JI435_069560	QRD00043.1	hypothetical protein
JI435_069570	QRD00045.1	hypothetical protein
JI435_069580	QRD00046.1	hypothetical protein
JI435_069590	QRD00047.1	arylamine N-acetyltransferase
JI435_069600	QRD00048.1	hypothetical protein
JI435_069610	QRD00050.1	hypothetical protein
JI435_069620	QRD00051.1	ammonium transporter
JI435_069630	QRD00052.1	hypothetical protein
JI435_069640	QRD00054.1	hypothetical protein
JI435_069650	QRD00055.1	hypothetical protein
JI435_069660	QRD00057.1	hypothetical protein
JI435_069670	QRD00058.1	hypothetical protein
JI435_069680	QRD00060.1	hypothetical protein
JI435_069710	QRD00062.1	hypothetical protein
JI435_069740	QRD00063.1	hypothetical protein
JI435_069750	QRD00064.1	hypothetical protein
JI435_069760	QRD00067.1	hypothetical protein
JI435_069770	QRD00068.1	hypothetical protein
JI435_069780	QRD00069.1	hypothetical protein
JI435_069800	QRD00072.1	beta-xylanase
JI435_069810	QRD00073.1	hypothetical protein
JI435_069820	QRD00074.1	hypothetical protein
JI435_069830	QRD00075.1	hypothetical protein
JI435_069840	QRD00077.1	hypothetical protein
JI435_069850	QRD00078.1	hypothetical protein
JI435_069870	QRD00079.1	hypothetical protein
JI435_069880	QRD00080.1	hypothetical protein
JI435_069890	QRD00081.1	hypothetical protein
JI435_069900	QRD00082.1	hypothetical protein
JI435_069910	QRD00083.1	hypothetical protein
JI435_069930	QRD00085.1	hypothetical protein
JI435_069950	QRD00086.1	hypothetical protein
JI435_069960	QRD00088.1	hypothetical protein
JI435_069970	QRD00091.1	hypothetical protein
JI435_069990	QRD00093.1	glycine transporter
JI435_070010	QRD00095.1	hypothetical protein
JI435_070020	QRD00096.1	hypothetical protein
JI435_070030	QRD00099.1	hypothetical protein
JI435_070040	QRD00103.1	hypothetical protein
JI435_070070	QRD00108.1	hypothetical protein
JI435_070080	QRD00109.1	hypothetical protein
JI435_070090	QRD00111.1	hypothetical protein
JI435_070110	QRD00112.1	hypothetical protein
JI435_070140	QRD00113.1	hypothetical protein
JI435_070150	QRD00115.1	hypothetical protein
JI435_070160	QRD00116.1	hypothetical protein
JI435_070170	QRD00117.1	hypothetical protein
JI435_070190	QRD00118.1	hypothetical protein
JI435_070200	QRD00119.1	hypothetical protein
JI435_070210	QRD00120.1	hypothetical protein
JI435_070220	QRD00121.1	hypothetical protein
JI435_070230	QRD00122.1	hypothetical protein
JI435_070250	QRD00123.1	hypothetical protein
JI435_070260	QRD00124.1	hypothetical protein
JI435_070280	QRD00126.1	hypothetical protein
JI435_070290	QRD00127.1	hypothetical protein
JI435_070300	QRD00128.1	hypothetical protein
JI435_070310	QRD00129.1	hypothetical protein
JI435_070320	QRD00130.1	hypothetical protein
JI435_070330	QRD00131.1	hypothetical protein
JI435_070360	QRD00134.1	hypothetical protein
JI435_070370	QRD00136.1	hypothetical protein
JI435_070390	QRD00137.1	hypothetical protein
JI435_070400	QRD00138.1	hypothetical protein
JI435_070410	QRD00139.1	hypothetical protein
JI435_070420	QRD00140.1	hypothetical protein
JI435_070430	QRD00141.1	hypothetical protein
JI435_070440	QRD00142.1	hypothetical protein
JI435_070450	QRD00144.1	hypothetical protein
JI435_070460	QRD00145.1	hypothetical protein
JI435_070470	QRD00146.1	hypothetical protein
JI435_070480	QRD00147.1	hypothetical protein
JI435_070510	QRD00149.1	hypothetical protein
JI435_070520	QRD00152.1	hypothetical protein
JI435_070540	QRD00153.1	hypothetical protein
JI435_070550	QRD00154.1	hypothetical protein
JI435_070560	QRD00156.1	hypothetical protein
JI435_070570	QRD00157.1	hypothetical protein
JI435_070580	QRD00160.1	hypothetical protein
JI435_070590	QRD00161.1	hypothetical protein
JI435_070600	QRD00162.1	hypothetical protein
JI435_070620	QRD00163.1	hypothetical protein
JI435_070640	QRD00164.1	hypothetical protein
JI435_070650	QRD00165.1	hypothetical protein
JI435_070660	QRD00166.1	2',3'-cyclic-nucleotide 3'-phosphodiesterase
JI435_070670	QRD00167.1	hypothetical protein
JI435_070690	QRD00169.1	beta-galactosidase
JI435_070700	QRD00170.1	hypothetical protein
JI435_070710	QRD00172.1	hypothetical protein
JI435_070720	QRD00173.1	hypothetical protein
JI435_070730	QRD00175.1	protein kinase C
JI435_070740	QRD00177.1	hypothetical protein
JI435_070750	QRD00178.1	GPN-loop GTPase
JI435_070760	QRD00180.1	hypothetical protein
JI435_070790	QRD00181.1	hypothetical protein
JI435_070800	QRD00182.1	hypothetical protein
JI435_070810	QRD00183.1	hypothetical protein
JI435_070820	QRD00185.1	kinase
JI435_070830	QRD00186.1	hypothetical protein
JI435_070840	QRD00187.1	hypothetical protein
JI435_070850	QRD00189.1	hypothetical protein
JI435_070870	QRD00192.1	hypothetical protein
JI435_070880	QRD00194.1	hypothetical protein
JI435_070890	QRD00195.1	hypothetical protein
JI435_070900	QRD00196.1	hypothetical protein
JI435_070910	QRD00197.1	hypothetical protein
JI435_070920	QRD00199.1	hypothetical protein
JI435_070930	QRD00200.1	hypothetical protein
JI435_070940	QRD00201.1	hypothetical protein
JI435_070950	QRD00202.1	ATP-dependent RNA helicase DBP4
JI435_070960	QRD00203.1	hypothetical protein
JI435_070970	QRD00206.1	hypothetical protein
JI435_070980	QRD00209.1	ATP-dependent RNA helicase DBP10
JI435_070990	QRD00210.1	hypothetical protein
JI435_071000	QRD00212.1	hypothetical protein
JI435_071010	QRD00213.1	hypothetical protein
JI435_071020	QRD00214.1	hypothetical protein
JI435_071040	QRD00216.1	hypothetical protein
JI435_071050	QRD00218.1	hypothetical protein
JI435_071060	QRD00219.1	hypothetical protein
JI435_071070	QRD00220.1	hypothetical protein
JI435_071080	QRD00222.1	hypothetical protein
JI435_071100	QRD00223.1	hypothetical protein
JI435_071110	QRD00224.1	hypothetical protein
JI435_071120	QRD00225.1	hypothetical protein
JI435_071130	QRD00226.1	hypothetical protein
JI435_071140	QRD00228.1	hypothetical protein
JI435_071160	QRD00229.1	hypothetical protein
JI435_071170	QRD00234.1	adenosylhomocysteinase
JI435_071180	QRD00236.1	hypothetical protein
JI435_071190	QRD00238.1	hypothetical protein
JI435_071210	QRD00240.1	hypothetical protein
JI435_071220	QRD00242.1	hypothetical protein
JI435_071240	QRD00243.1	hypothetical protein
JI435_071250	QRD00245.1	hypothetical protein
JI435_071260	QRD00247.1	hypothetical protein
JI435_071280	QRD00248.1	hypothetical protein
JI435_071310	QRD00251.1	hypothetical protein
JI435_071320	QRD00253.1	hypothetical protein
JI435_071340	QRD00255.1	inclusion body clearance protein IML2
JI435_071350	QRD00256.1	hypothetical protein
JI435_071360	QRD00257.1	phosphoglycerate kinase
JI435_071370	QRD00258.1	hypothetical protein
JI435_071380	QRD00259.1	hypothetical protein
JI435_071390	QRD00260.1	cytosolic Fe-S cluster assembly factor NAR1
JI435_071410	QRD00262.1	hypothetical protein
JI435_071430	QRD00265.1	hypothetical protein
JI435_071440	QRD00266.1	hypothetical protein
JI435_071450	QRD00267.1	hypothetical protein
JI435_071460	QRD00268.1	hypothetical protein
JI435_071470	QRD00269.1	hypothetical protein
JI435_071490	QRD00270.1	sterol regulatory element-binding protein cleavage-activating protein
JI435_071500	QRD00271.1	hypothetical protein
JI435_071510	QRD00272.1	hypothetical protein
JI435_071520	QRD00274.1	hypothetical protein
JI435_071530	QRD00275.1	hypothetical protein
JI435_071540	QRD00277.1	hypothetical protein
JI435_071560	QRD00278.1	hypothetical protein
JI435_071570	QRD00279.1	casein kinase II subunit beta
JI435_071590	QRD00281.1	hypothetical protein
JI435_071600	QRD00282.1	hypothetical protein
JI435_071610	QRD00284.1	hypothetical protein
JI435_071620	QRD00286.1	peptidyl-prolyl cis-trans isomerase
JI435_071630	QRD00287.1	hypothetical protein
JI435_071640	QRD00288.1	hypothetical protein
JI435_071650	QRD00289.1	hypothetical protein
JI435_071660	QRD00290.1	hypothetical protein
JI435_071670	QRD00292.1	hypothetical protein
JI435_071680	QRD00293.1	hypothetical protein
JI435_071690	QRD00294.1	mitochondrial import inner membrane translocase subunit TIM54
JI435_071730	QRD00300.1	hypothetical protein
JI435_071740	QRD00301.1	hypothetical protein
JI435_071750	QRD00302.1	hypothetical protein
JI435_071760	QRD00303.1	hypothetical protein
JI435_071770	QRD00305.1	hypothetical protein
JI435_071780	QRD00306.1	hypothetical protein
JI435_071790	QRD00307.1	hypothetical protein
JI435_071800	QRD00308.1	hypothetical protein
JI435_071810	QRD00309.1	pre-mRNA-splicing factor SYF2
JI435_071820	QRD00310.1	pre-rRNA-processing protein ESF2
JI435_071830	QRD00311.1	hypothetical protein
JI435_071840	QRD00314.1	hypothetical protein
JI435_071850	QRD00315.1	hypothetical protein
JI435_071880	QRD00316.1	hypothetical protein
JI435_071890	QRD00317.1	hypothetical protein
JI435_071900	QRD00319.1	hypothetical protein
JI435_071910	QRD00321.1	hypothetical protein
JI435_071920	QRD00322.1	hypothetical protein
JI435_071940	QRD00324.1	hypothetical protein
JI435_071960	QRD00325.1	MAP kinase kinase kinase
JI435_071970	QRD00327.1	hypothetical protein
JI435_071990	QRD00328.1	DNA replication ATP-dependent helicase/nuclease
JI435_072000	QRD00329.1	hypothetical protein
JI435_072010	QRD00330.1	hypothetical protein
JI435_072020	QRD00335.1	hypothetical protein
JI435_072030	QRD00337.1	hypothetical protein
JI435_072040	QRD00340.1	hypothetical protein
JI435_072050	QRD00341.1	hypothetical protein
JI435_072060	QRD00342.1	hypothetical protein
JI435_072070	QRD00343.1	hypothetical protein
JI435_072080	QRD00344.1	hypothetical protein
JI435_072090	QRD00346.1	hypothetical protein
JI435_072110	QRD00348.1	hypothetical protein
JI435_072120	QRD00349.1	hypothetical protein
JI435_072130	QRD00350.1	hypothetical protein
JI435_072140	QRD00354.1	hypothetical protein
JI435_072170	QRD00355.1	hypothetical protein
JI435_072180	QRD00357.1	hypothetical protein
JI435_072190	QRD00358.1	tRNA(Ile)-2-lysyl-cytidine synthase
JI435_072200	QRD00359.1	hypothetical protein
JI435_072210	QRD00360.1	hypothetical protein
JI435_072230	QRD00362.1	hypothetical protein
JI435_072240	QRD00363.1	hypothetical protein
JI435_072250	QRD00365.1	hypothetical protein
JI435_072270	QRD00366.1	hypothetical protein
JI435_072280	QRD00367.1	hypothetical protein
JI435_072290	QRD00370.1	hypothetical protein
JI435_072300	QRD00371.1	V-type proton ATPase subunit C
JI435_072310	QRD00372.1	aminomethyltransferase
JI435_072320	QRD00374.1	carboxylic ester hydrolase
JI435_072330	QRD00375.1	hypothetical protein
JI435_072340	QRD00377.1	hypothetical protein
JI435_072400	QRD00381.1	hypothetical protein
JI435_072410	QRD00382.1	hypothetical protein
JI435_072430	QRD00383.1	hypothetical protein
JI435_072440	QRD00384.1	hypothetical protein
JI435_072450	QRD00385.1	hypothetical protein
JI435_072460	QRD00386.1	protein arginine N-methyltransferase
JI435_072470	QRD00387.1	hypothetical protein
JI435_072480	QRD00388.1	hypothetical protein
JI435_072490	QRD00389.1	hypothetical protein
JI435_072500	QRD00390.1	hypothetical protein
JI435_072510	QRD00391.1	hypothetical protein
JI435_072530	QRD00392.1	hypothetical protein
JI435_072540	QRD00394.1	hypothetical protein
JI435_072560	QRD00395.1	hypothetical protein
JI435_072570	QRD00396.1	hypothetical protein
JI435_072580	QRD00397.1	hypothetical protein
JI435_072590	QRD00398.1	hypothetical protein
JI435_072600	QRD00399.1	hypothetical protein
JI435_072610	QRD00400.1	hypothetical protein
JI435_072620	QRD00401.1	hypothetical protein
JI435_072630	QRD00402.1	hypothetical protein
JI435_072650	QRD00403.1	ubiquitin-activating enzyme E1-like
JI435_072670	QRD00404.1	queuosine salvage protein
JI435_072680	QRD00405.1	hypothetical protein
JI435_072690	QRD00406.1	hypothetical protein
JI435_072750	QRD00409.1	hypothetical protein
JI435_072760	QRD00410.1	hypothetical protein
JI435_072810	QRC93988.1	hypothetical protein
JI435_072830	QRC93989.1	hypothetical protein
JI435_072840	QRC93991.1	hypothetical protein
JI435_072850	QRC93992.1	hypothetical protein
JI435_072870	QRC93994.1	hypothetical protein
JI435_072880	QRC93996.1	hypothetical protein
JI435_072890	QRC93997.1	peptidyl-prolyl cis-trans isomerase
JI435_072900	QRC93998.1	hypothetical protein
JI435_072920	QRC94001.1	hypothetical protein
JI435_072940	QRC94003.1	hypothetical protein
JI435_072960	QRC94005.1	hypothetical protein
JI435_072970	QRC94007.1	hypothetical protein
JI435_072980	QRC94008.1	hypothetical protein
JI435_072990	QRC94009.1	hypothetical protein
JI435_073000	QRC94010.1	hypothetical protein
JI435_073010	QRC94011.1	hypothetical protein
JI435_073030	QRC94014.1	hypothetical protein
JI435_073040	QRC94016.1	hypothetical protein
JI435_073050	QRC94017.1	hypothetical protein
JI435_073060	QRC94018.1	amidophosphoribosyltransferase
JI435_073070	QRC94024.1	hypothetical protein
JI435_073100	QRC94025.1	hypothetical protein
JI435_073110	QRC94026.1	hypothetical protein
JI435_073130	QRC94028.1	hypothetical protein
JI435_073140	QRC94029.1	hypothetical protein
JI435_073160	QRC94030.1	hypothetical protein
JI435_073180	QRC94032.1	hypothetical protein
JI435_073190	QRC94033.1	hypothetical protein
JI435_073200	QRC94034.1	hypothetical protein
JI435_073210	QRC94036.1	hypothetical protein
JI435_073220	QRC94038.1	hypothetical protein
JI435_073240	QRC94039.1	hypothetical protein
JI435_073250	QRC94040.1	hypothetical protein
JI435_073260	QRC94041.1	hypothetical protein
JI435_073270	QRC94043.1	hypothetical protein
JI435_073280	QRC94044.1	hypothetical protein
JI435_073290	QRC94046.1	hypothetical protein
JI435_073300	QRC94047.1	hypothetical protein
JI435_073310	QRC94049.1	hypothetical protein
JI435_073320	QRC94051.1	hypothetical protein
JI435_073330	QRC94052.1	hypothetical protein
JI435_073340	QRC94053.1	hypothetical protein
JI435_073360	QRC94055.1	hypothetical protein
JI435_073370	QRC94056.1	hypothetical protein
JI435_073380	QRC94060.1	hypothetical protein
JI435_073400	QRC94063.1	hypothetical protein
JI435_073420	QRC94064.1	hypothetical protein
JI435_073490	QRC94066.1	hypothetical protein
JI435_073500	QRC94067.1	hypothetical protein
JI435_073510	QRC94069.1	non-specific serine/threonine protein kinase
JI435_073520	QRC94070.1	hypothetical protein
JI435_073540	QRC94072.1	hypothetical protein
JI435_073550	QRC94073.1	hypothetical protein
JI435_073560	QRC94074.1	hypothetical protein
JI435_073570	QRC94075.1	hypothetical protein
JI435_073580	QRC94076.1	hypothetical protein
JI435_073590	QRC94077.1	tryptophan synthase
JI435_073600	QRC94078.1	hypothetical protein
JI435_073610	QRC94079.1	hypothetical protein
JI435_073640	QRC94082.1	hypothetical protein
JI435_073690	QRC94085.1	hypothetical protein
JI435_073700	QRC94087.1	hypothetical protein
JI435_073710	QRC94089.1	hypothetical protein
JI435_073730	QRC94093.1	hypothetical protein
JI435_073740	QRC94096.1	hypothetical protein
JI435_073750	QRC94097.1	hypothetical protein
JI435_073760	QRC94099.1	hypothetical protein
JI435_073770	QRC94100.1	hypothetical protein
JI435_073780	QRC94101.1	hypothetical protein
JI435_073790	QRC94103.1	amine oxidase
JI435_073810	QRC94104.1	hypothetical protein
JI435_073820	QRC94105.1	hypothetical protein
JI435_073830	QRC94107.1	hypothetical protein
JI435_073850	QRC94108.1	hypothetical protein
JI435_073900	QRC94112.1	hypothetical protein
JI435_073920	QRC94114.1	hypothetical protein
JI435_073930	QRC94115.1	hypothetical protein
JI435_073950	QRC94116.1	hypothetical protein
JI435_073970	QRC94118.1	hypothetical protein
JI435_073990	QRC94119.1	hypothetical protein
JI435_074000	QRC94121.1	hypothetical protein
JI435_074020	QRC94122.1	hypothetical protein
JI435_074040	QRC94124.1	hypothetical protein
JI435_074050	QRC94125.1	hypothetical protein
JI435_074060	QRC94126.1	hypothetical protein
JI435_074070	QRC94129.1	hypothetical protein
JI435_074090	QRC94133.1	protein transporter SEC31
JI435_074100	QRC94134.1	hypothetical protein
JI435_074120	QRC94139.1	cytochrome c oxidase subunit 12 isoform A
JI435_074130	QRC94140.1	hypothetical protein
JI435_074160	QRC94142.1	hypothetical protein
JI435_074170	QRC94144.1	hypothetical protein
JI435_074200	QRC94146.1	hypothetical protein
JI435_074210	QRC94147.1	anaphase-promoting complex subunit 11
JI435_074230	QRC94148.1	fumarate hydratase
JI435_074240	QRC94149.1	chromosome structural maintenance protein 5
JI435_074250	QRC94150.1	hypothetical protein
JI435_074260	QRC94151.1	hypothetical protein
JI435_074270	QRC94152.1	hypothetical protein
JI435_074280	QRC94153.1	hypothetical protein
JI435_074290	QRC94154.1	hypothetical protein
JI435_074300	QRC94155.1	hypothetical protein
JI435_074310	QRC94156.1	hypothetical protein
JI435_074320	QRC94158.1	ribosomal RNA-processing protein 43
JI435_074330	QRC94159.1	hypothetical protein
JI435_074340	QRC94160.1	nascent polypeptide-associated complex subunit beta
JI435_074350	QRC94161.1	hypothetical protein
JI435_074370	QRC94164.1	hypothetical protein
JI435_074380	QRC94165.1	hypothetical protein
JI435_074390	QRC94166.1	hypothetical protein
JI435_074410	QRC94167.1	hypothetical protein
JI435_074420	QRC94168.1	hypothetical protein
JI435_074430	QRC94169.1	hypothetical protein
JI435_074440	QRC94170.1	hypothetical protein
JI435_074450	QRC94171.1	eukaryotic translation initiation factor 4 subunit C
JI435_074460	QRC94172.1	hypothetical protein
JI435_074470	QRC94173.1	assembly factor CBP4
JI435_074480	QRC94174.1	hypothetical protein
JI435_074490	QRC94175.1	hypothetical protein
JI435_074500	QRC94177.1	hypothetical protein
JI435_074510	QRC94180.1	hypothetical protein
JI435_074530	QRC94181.1	hypothetical protein
JI435_074540	QRC94182.1	hypothetical protein
JI435_074550	QRC94183.1	hypothetical protein
JI435_074560	QRC94185.1	hypothetical protein
JI435_074570	QRC94186.1	hypothetical protein
JI435_074590	QRC94188.1	hypothetical protein
JI435_074600	QRC94189.1	hypothetical protein
JI435_074610	QRC94190.1	hypothetical protein
JI435_074630	QRC94191.1	hypothetical protein
JI435_074640	QRC94192.1	hypothetical protein
JI435_074650	QRC94194.1	hypothetical protein
JI435_074660	QRC94195.1	hypothetical protein
JI435_074670	QRC94196.1	hypothetical protein
JI435_074680	QRC94199.1	hypothetical protein
JI435_074690	QRC94201.1	hypothetical protein
JI435_074710	QRC94202.1	hypothetical protein
JI435_074730	QRC94204.1	hypothetical protein
JI435_074750	QRC94206.1	hypothetical protein
JI435_074760	QRC94207.1	inositol oxygenase
JI435_074770	QRC94208.1	hypothetical protein
JI435_074780	QRC94209.1	hypothetical protein
JI435_074790	QRC94211.1	hypothetical protein
JI435_074800	QRC94212.1	hypothetical protein
JI435_074810	QRC94214.1	hypothetical protein
JI435_074820	QRC94215.1	hypothetical protein
JI435_074840	QRC94217.1	hypothetical protein
JI435_074860	QRC94220.1	hypothetical protein
JI435_074880	QRC94221.1	hydroxymethylglutaryl-CoA lyase
JI435_074890	QRC94222.1	hypothetical protein
JI435_074930	QRC94225.1	hypothetical protein
JI435_074940	QRC94228.1	hypothetical protein
JI435_074950	QRC94230.1	hypothetical protein
JI435_074960	QRC94231.1	hypothetical protein
JI435_074970	QRC94233.1	hypothetical protein
JI435_074980	QRC94234.1	hypothetical protein
JI435_074990	QRC94235.1	hypothetical protein
JI435_075000	QRC94236.1	hypothetical protein
JI435_075010	QRC94237.1	hypothetical protein
JI435_075020	QRC94240.1	hypothetical protein
JI435_075030	QRC94241.1	hypothetical protein
JI435_075040	QRC94242.1	hypothetical protein
JI435_075050	QRC94243.1	hypothetical protein
JI435_075060	QRC94244.1	hypothetical protein
JI435_075070	QRC94246.1	hypothetical protein
JI435_075090	QRC94248.1	hypothetical protein
JI435_075100	QRC94249.1	hypothetical protein
JI435_075110	QRC94250.1	hypothetical protein
JI435_075120	QRC94251.1	hypothetical protein
JI435_075130	QRC94253.1	hypothetical protein
JI435_075140	QRC94254.1	hypothetical protein
JI435_075150	QRC94255.1	hypothetical protein
JI435_075160	QRC94256.1	hypothetical protein
JI435_075170	QRC94257.1	hypothetical protein
JI435_075180	QRC94259.1	mannose-6-phosphate isomerase
JI435_075190	QRC94260.1	hypothetical protein
JI435_075200	QRC94261.1	acetylornithine transaminase
JI435_075230	QRC94263.1	hypothetical protein
JI435_075250	QRC94265.1	hypothetical protein
JI435_075270	QRC94266.1	hypothetical protein
JI435_075290	QRC94268.1	hypothetical protein
JI435_075300	QRC94270.1	ribose-phosphate diphosphokinase
JI435_075310	QRC94273.1	hypothetical protein
JI435_075320	QRC94274.1	GrpE-like protein
JI435_075330	QRC94276.1	hypothetical protein
JI435_075340	QRC94278.1	hypothetical protein
JI435_075350	QRC94279.1	40S ribosomal protein RPS6
JI435_075360	QRC94280.1	hypothetical protein
JI435_075370	QRC94281.1	hypothetical protein
JI435_075380	QRC94282.1	hypothetical protein
JI435_075390	QRC94283.1	hypothetical protein
JI435_075400	QRC94284.1	hypothetical protein
JI435_075410	QRC94285.1	proteasome subunit alpha type-2
JI435_075420	QRC94286.1	Dicer-like protein 2
JI435_075430	QRC94288.1	hypothetical protein
JI435_075450	QRC94289.1	hypothetical protein
JI435_075460	QRC94290.1	N-acetylglucosamine-6-phosphate deacetylase
JI435_075480	QRC94293.1	malate synthase
JI435_075490	QRC94295.1	hypothetical protein
JI435_075500	QRC94297.1	hypothetical protein
JI435_075510	QRC94298.1	hypothetical protein
JI435_075520	QRC94299.1	hypothetical protein
JI435_075530	QRC94300.1	hypothetical protein
JI435_075540	QRC94301.1	hypothetical protein
JI435_075550	QRC94302.1	hypothetical protein
JI435_075560	QRC94304.1	hypothetical protein
JI435_075570	QRC94305.1	hypothetical protein
JI435_075590	QRC94306.1	hypothetical protein
JI435_075600	QRC94308.1	hypothetical protein
JI435_075610	QRC94309.1	hypothetical protein
JI435_075620	QRC94310.1	hypothetical protein
JI435_075630	QRC94311.1	hypothetical protein
JI435_075650	QRC94315.1	hypothetical protein
JI435_075660	QRC94317.1	hypothetical protein
JI435_075670	QRC94318.1	hypothetical protein
JI435_075680	QRC94319.1	hypothetical protein
JI435_075690	QRC94322.1	hypothetical protein
JI435_075710	QRC94325.1	hypothetical protein
JI435_075720	QRC94326.1	hypothetical protein
JI435_075730	QRC94327.1	hypothetical protein
JI435_075740	QRC94330.1	hypothetical protein
JI435_075750	QRC94332.1	hypothetical protein
JI435_075760	QRC94333.1	hypothetical protein
JI435_075770	QRC94334.1	hypothetical protein
JI435_075780	QRC94335.1	hypothetical protein
JI435_075790	QRC94336.1	hypothetical protein
JI435_075800	QRC94337.1	hypothetical protein
JI435_075810	QRC94338.1	hypothetical protein
JI435_075820	QRC94339.1	hypothetical protein
JI435_075840	QRC94341.1	hypothetical protein
JI435_075850	QRC94342.1	hypothetical protein
JI435_075860	QRC94343.1	ubiquitin carboxyl-terminal hydrolase
JI435_075870	QRC94344.1	actin-related protein 2/3 complex subunit 4
JI435_075880	QRC94345.1	hypothetical protein
JI435_075890	QRC94347.1	hypothetical protein
JI435_075900	QRC94348.1	hypothetical protein
JI435_075910	QRC94349.1	pre-rRNA-processing protein IPI1
JI435_075920	QRC94350.1	hypothetical protein
JI435_075930	QRC94351.1	hypothetical protein
JI435_075940	QRC94352.1	hypothetical protein
JI435_075950	QRC94353.1	hypothetical protein
JI435_075960	QRC94354.1	hypothetical protein
JI435_075970	QRC94355.1	hypothetical protein
JI435_075980	QRC94356.1	hypothetical protein
JI435_075990	QRC94357.1	hypothetical protein
JI435_076010	QRC94358.1	hypothetical protein
JI435_076030	QRC94359.1	hypothetical protein
JI435_076040	QRC94360.1	hypothetical protein
JI435_076060	QRC94361.1	hypothetical protein
JI435_076070	QRC94362.1	hypothetical protein
JI435_076080	QRC94363.1	hypothetical protein
JI435_076090	QRC94364.1	hypothetical protein
JI435_076100	QRC94365.1	hypothetical protein
JI435_076110	QRC94366.1	hypothetical protein
JI435_076120	QRC94367.1	hypothetical protein
JI435_076130	QRC94368.1	hypothetical protein
JI435_076150	QRC94369.1	hypothetical protein
JI435_076170	QRC94371.1	hypothetical protein
JI435_076180	QRC94372.1	aminoacyl-tRNA hydrolase
JI435_076190	QRC94374.1	hypothetical protein
JI435_076200	QRC94375.1	hypothetical protein
JI435_076210	QRC94376.1	hypothetical protein
JI435_076220	QRC94377.1	hypothetical protein
JI435_076230	QRC94379.1	hypothetical protein
JI435_076250	QRC94382.1	hypothetical protein
JI435_076260	QRC94384.1	hypothetical protein
JI435_076270	QRC94385.1	hypothetical protein
JI435_076280	QRC94386.1	hypothetical protein
JI435_076290	QRC94388.1	hypothetical protein
JI435_076330	QRC94390.1	hypothetical protein
JI435_076360	QRC94393.1	hypothetical protein
JI435_076380	QRC94394.1	hypothetical protein
JI435_076390	QRC94395.1	hypothetical protein
JI435_076420	QRC94396.1	replication factor C subunit 1
JI435_076430	QRC94397.1	hypothetical protein
JI435_076440	QRC94398.1	hypothetical protein
JI435_076450	QRC94399.1	hypothetical protein
JI435_076460	QRC94401.1	hypothetical protein
JI435_076470	QRC94402.1	hypothetical protein
JI435_076480	QRC94403.1	leucine--tRNA (Leu) ligase
JI435_076490	QRC94404.1	hypothetical protein
JI435_076510	QRC94406.1	proton pump subunit B
JI435_076530	QRC94407.1	hypothetical protein
JI435_076540	QRC94408.1	hypothetical protein
JI435_076550	QRC94409.1	hypothetical protein
JI435_076560	QRC94410.1	hypothetical protein
JI435_076570	QRC94412.1	hypothetical protein
JI435_076580	QRC94413.1	hypothetical protein
JI435_076590	QRC94414.1	hypothetical protein
JI435_076600	QRC94415.1	replication factor C subunit 5
JI435_076610	QRC94416.1	hypothetical protein
JI435_076620	QRC94417.1	hypothetical protein
JI435_076640	QRC94419.1	hypothetical protein
JI435_076650	QRC94421.1	hypothetical protein
JI435_076660	QRC94424.1	hypothetical protein
JI435_076670	QRC94425.1	hypothetical protein
JI435_076680	QRC94426.1	hypothetical protein
JI435_076690	QRC94427.1	hypothetical protein
JI435_076700	QRC94428.1	hypothetical protein
JI435_076710	QRC94430.1	hypothetical protein
JI435_076720	QRC94431.1	hypothetical protein
JI435_076730	QRC94432.1	hypothetical protein
JI435_076750	QRC94433.1	hypothetical protein
JI435_076760	QRC94435.1	hypothetical protein
JI435_076770	QRC94436.1	hypothetical protein
JI435_076780	QRC94437.1	hypothetical protein
JI435_076790	QRC94438.1	hypothetical protein
JI435_076800	QRC94439.1	Rab proteins geranylgeranyltransferase
JI435_076810	QRC94441.1	hypothetical protein
JI435_076820	QRC94443.1	hypothetical protein
JI435_076830	QRC94445.1	hypothetical protein
JI435_076870	QRC94447.1	tRNA(Phe) 7-((3-amino-3-carboxypropyl)-4-demethylwyosine(37)-N(4))-methyltransferase
JI435_076880	QRC94448.1	hypothetical protein
JI435_076890	QRC94449.1	isocitrate lyase
JI435_076900	QRC94451.1	citrate synthase
JI435_076910	QRC94452.1	hypothetical protein
JI435_076930	QRC94456.1	hypothetical protein
JI435_076940	QRC94458.1	hypothetical protein
JI435_076950	QRC94460.1	hypothetical protein
JI435_076960	QRC94463.1	hypothetical protein
JI435_076990	QRC94465.1	hypothetical protein
JI435_077000	QRC94466.1	hypothetical protein
JI435_077010	QRC94467.1	hypothetical protein
JI435_077020	QRC94468.1	hypothetical protein
JI435_077030	QRC94469.1	hypothetical protein
JI435_077040	QRC94470.1	hypothetical protein
JI435_077050	QRC94471.1	hypothetical protein
JI435_077060	QRC94472.1	hypothetical protein
JI435_077070	QRC94473.1	hypothetical protein
JI435_077080	QRC94474.1	hypothetical protein
JI435_077090	QRC94475.1	hypothetical protein
JI435_077100	QRC94476.1	glutamate decarboxylase
JI435_077110	QRC94477.1	hypothetical protein
JI435_077120	QRC94478.1	hypothetical protein
JI435_077160	QRC94482.1	hypothetical protein
JI435_077180	QRC94484.1	hypothetical protein
JI435_077230	QRC94486.1	hypothetical protein
JI435_077250	QRC94487.1	hypothetical protein
JI435_077260	QRC94488.1	hypothetical protein
JI435_077270	QRC94489.1	hypothetical protein
JI435_077300	QRC94490.1	hypothetical protein
JI435_077310	QRC94493.1	hypothetical protein
JI435_077330	QRC94495.1	hypothetical protein
JI435_077340	QRC94497.1	hypothetical protein
JI435_077350	QRC94499.1	hypothetical protein
JI435_077360	QRC94500.1	hypothetical protein
JI435_077370	QRC94501.1	pyruvate carrier
JI435_077400	QRC94503.1	hypothetical protein
JI435_077410	QRC94506.1	hypothetical protein
JI435_077420	QRC94508.1	biogenesis of lysosome-related organelles complex 1 subunit CNL1
JI435_077430	QRC94509.1	hypothetical protein
JI435_077440	QRC94511.1	hypothetical protein
JI435_077450	QRC94512.1	hypothetical protein
JI435_077470	QRC94515.1	hypothetical protein
JI435_077480	QRC94516.1	hypothetical protein
JI435_077490	QRC94517.1	hypothetical protein
JI435_077500	QRC94518.1	hypothetical protein
JI435_077530	QRC94520.1	glucosamine 6-phosphate N-acetyltransferase
JI435_077540	QRC94521.1	hypothetical protein
JI435_077560	QRC94523.1	hypothetical protein
JI435_077570	QRC94525.1	phospholipid-transporting ATPase
JI435_077590	QRC94528.1	hypothetical protein
JI435_077600	QRC94529.1	hypothetical protein
JI435_077640	QRC94530.1	hypothetical protein
JI435_077650	QRC94532.1	hypothetical protein
JI435_077680	QRC94535.1	hypothetical protein
JI435_077690	QRC94536.1	hypothetical protein
JI435_077700	QRC94538.1	hypothetical protein
JI435_077720	QRC94539.1	hypothetical protein
JI435_077730	QRC94540.1	hypothetical protein
JI435_077740	QRC94541.1	hypothetical protein
JI435_077760	QRC94543.1	hypothetical protein
JI435_077770	QRC94544.1	hypothetical protein
JI435_077780	QRC94545.1	hypothetical protein
JI435_077790	QRC94546.1	hypothetical protein
JI435_077800	QRC94547.1	hypothetical protein
JI435_077820	QRC94548.1	hypothetical protein
JI435_077830	QRC94549.1	hypothetical protein
JI435_077840	QRC94550.1	alpha-aminoadipate reductase
JI435_077850	QRC94551.1	hypothetical protein
JI435_077860	QRC94552.1	hypothetical protein
JI435_077870	QRC94554.1	hypothetical protein
JI435_077880	QRC94555.1	cellulase
JI435_077890	QRC94559.1	hypothetical protein
JI435_077900	QRC94560.1	hypothetical protein
JI435_077910	QRC94561.1	hypothetical protein
JI435_077930	QRC94562.1	hypothetical protein
JI435_077940	QRC94563.1	small COPII coat GTPase SAR1
JI435_077950	QRC94564.1	hypothetical protein
JI435_077960	QRC94565.1	hypothetical protein
JI435_077980	QRC94567.1	hypothetical protein
JI435_077990	QRC94568.1	nascent polypeptide-associated complex subunit alpha
JI435_078000	QRC94569.1	hypothetical protein
JI435_078030	QRC94572.1	hypothetical protein
JI435_078040	QRC94574.1	hypothetical protein
JI435_078050	QRC94575.1	hypothetical protein
JI435_078060	QRC94576.1	hypothetical protein
JI435_078070	QRC94577.1	hypothetical protein
JI435_078080	QRC94580.1	hypothetical protein
JI435_078090	QRC94581.1	hypothetical protein
JI435_078100	QRC94582.1	hypothetical protein
JI435_078110	QRC94583.1	hypothetical protein
JI435_078120	QRC94584.1	hypothetical protein
JI435_078130	QRC94585.1	hypothetical protein
JI435_078140	QRC94586.1	hypothetical protein
JI435_078150	QRC94587.1	hypothetical protein
JI435_078180	QRC94589.1	hypothetical protein
JI435_078190	QRC94590.1	hypothetical protein
JI435_078200	QRC94591.1	hypothetical protein
JI435_078230	QRC94594.1	hypothetical protein
JI435_078250	QRC94595.1	hypothetical protein
JI435_078270	QRC94599.1	hypothetical protein
JI435_078280	QRC94600.1	hypothetical protein
JI435_078290	QRC94603.1	hypothetical protein
JI435_078300	QRC94604.1	hypothetical protein
JI435_078310	QRC94605.1	hypothetical protein
JI435_078330	QRC94606.1	hypothetical protein
JI435_078340	QRC94607.1	hypothetical protein
JI435_078350	QRC94608.1	hypothetical protein
JI435_078370	QRC94610.1	hypothetical protein
JI435_078390	QRC94611.1	hypothetical protein
JI435_078400	QRC94612.1	hypothetical protein
JI435_078410	QRC94613.1	hypothetical protein
JI435_078420	QRC94615.1	hypothetical protein
JI435_078430	QRC94616.1	hypothetical protein
JI435_078440	QRC94617.1	hypothetical protein
JI435_078460	QRC94619.1	hypothetical protein
JI435_078470	QRC94620.1	hypothetical protein
JI435_078480	QRC94621.1	hypothetical protein
JI435_078490	QRC94623.1	hypothetical protein
JI435_078500	QRC94624.1	copper transporter
JI435_078510	QRC94626.1	hypothetical protein
JI435_078520	QRC94627.1	hypothetical protein
JI435_078530	QRC94628.1	hypothetical protein
JI435_078540	QRC94629.1	hypothetical protein
JI435_078550	QRC94630.1	beta-galactosidase
JI435_078560	QRC94631.1	hypothetical protein
JI435_078580	QRC94632.1	hypothetical protein
JI435_078590	QRC94633.1	hypothetical protein
JI435_078610	QRC94635.1	hypothetical protein
JI435_078620	QRC94636.1	short-chain dehydrogenase/reductase sthC
JI435_078630	QRC94637.1	cytochrome P450 monooxygenase sthD
JI435_078640	QRC94638.1	trans-enoyl reductase sthE
JI435_078650	QRC94639.1	cytochrome P450 monooxygenase sthF
JI435_078660	QRC94640.1	highly reducing polyketide synthase sthA
JI435_078670	QRC94641.1	hypothetical protein
JI435_078680	QRC94644.1	hypothetical protein
JI435_078690	QRC94645.1	hypothetical protein
JI435_078710	QRC94646.1	histidinol dehydrogenase
JI435_078720	QRC94647.1	hypothetical protein
JI435_078730	QRC93083.1	hypothetical protein
JI435_078740	QRC93082.1	hypothetical protein
JI435_078750	QRC93080.1	hypothetical protein
JI435_078770	QRC93079.1	hypothetical protein
JI435_078780	QRC93078.1	hypothetical protein
JI435_078790	QRC93077.1	hypothetical protein
JI435_078800	QRC93076.1	hypothetical protein
JI435_078810	QRC93075.1	hypothetical protein
JI435_078820	QRC93074.1	hypothetical protein
JI435_078830	QRC93073.1	hypothetical protein
JI435_078850	QRC93071.1	hypothetical protein
JI435_078860	QRC93070.1	hypothetical protein
JI435_078870	QRC93069.1	hypothetical protein
JI435_078880	QRC93068.1	hypothetical protein
JI435_078900	QRC93066.1	hypothetical protein
JI435_078910	QRC93065.1	hypothetical protein
JI435_078920	QRC93063.1	hypothetical protein
JI435_078930	QRC93062.1	hypothetical protein
JI435_078940	QRC93061.1	hypothetical protein
JI435_078950	QRC93060.1	hypothetical protein
JI435_078960	QRC93058.1	hypothetical protein
JI435_078970	QRC93057.1	hypothetical protein
JI435_078980	QRC93056.1	hypothetical protein
JI435_078990	QRC93055.1	hypothetical protein
JI435_079000	QRC93051.1	hypothetical protein
JI435_079010	QRC93050.1	hypothetical protein
JI435_079020	QRC93049.1	ATP-dependent rRNA helicase RRP3
JI435_079030	QRC93048.1	hypothetical protein
JI435_079040	QRC93047.1	hypothetical protein
JI435_079050	QRC93046.1	hypothetical protein
JI435_079060	QRC93045.1	hypothetical protein
JI435_079070	QRC93044.1	hypothetical protein
JI435_079080	QRC93043.1	thiamine-triphosphatase
JI435_079090	QRC93042.1	hypothetical protein
JI435_079100	QRC93041.1	hypothetical protein
JI435_079110	QRC93040.1	hypothetical protein
JI435_079120	QRC93039.1	hypothetical protein
JI435_079130	QRC93038.1	hypothetical protein
JI435_079140	QRC93037.1	hypothetical protein
JI435_079150	QRC93036.1	hypothetical protein
JI435_079160	QRC93034.1	hypothetical protein
JI435_079170	QRC93033.1	hypothetical protein
JI435_079180	QRC93032.1	hypothetical protein
JI435_079190	QRC93031.1	hypothetical protein
JI435_079200	QRC93030.1	hypothetical protein
JI435_079210	QRC93029.1	hypothetical protein
JI435_079220	QRC93028.1	hypothetical protein
JI435_079230	QRC93027.1	hypothetical protein
JI435_079240	QRC93026.1	hypothetical protein
JI435_079250	QRC93025.1	hypothetical protein
JI435_079260	QRC93024.1	hypothetical protein
JI435_079270	QRC93023.1	hypothetical protein
JI435_079280	QRC93022.1	hypothetical protein
JI435_079300	QRC93020.1	hypothetical protein
JI435_079320	QRC93019.1	hypothetical protein
JI435_079350	QRC93017.1	hypothetical protein
JI435_079360	QRC93016.1	hypothetical protein
JI435_079370	QRC93015.1	hypothetical protein
JI435_079380	QRC93014.1	hypothetical protein
JI435_079390	QRC93013.1	hypothetical protein
JI435_079400	QRC93012.1	quinate repressor protein
JI435_079410	QRC93011.1	hypothetical protein
JI435_079420	QRC93010.1	hypothetical protein
JI435_079440	QRC93008.1	hypothetical protein
JI435_079460	QRC93007.1	hypothetical protein
JI435_079470	QRC93006.1	hypothetical protein
JI435_079500	QRC93004.1	non-specific serine/threonine protein kinase
JI435_079510	QRC93001.1	hypothetical protein
JI435_079530	QRC93000.1	hypothetical protein
JI435_079540	QRC92999.1	hypothetical protein
JI435_079560	QRC92998.1	hypothetical protein
JI435_079570	QRC92997.1	hypothetical protein
JI435_079580	QRC92995.1	hypothetical protein
JI435_079620	QRC92994.1	hypothetical protein
JI435_079650	QRC92993.1	hypothetical protein
JI435_079660	QRC92992.1	galactokinase
JI435_079670	QRC92991.1	hypothetical protein
JI435_079680	QRC92990.1	hypothetical protein
JI435_079690	QRC92989.1	ribonuclease H2 subunit B
JI435_079700	QRC92988.1	hypothetical protein
JI435_079710	QRC92987.1	hypothetical protein
JI435_079740	QRC92984.1	hypothetical protein
JI435_079750	QRC92983.1	hypothetical protein
JI435_079760	QRC92981.1	hypothetical protein
JI435_079770	QRC92980.1	hypothetical protein
JI435_079780	QRC92979.1	hypothetical protein
JI435_079790	QRC92978.1	hypothetical protein
JI435_079800	QRC92977.1	hypothetical protein
JI435_079820	QRC92976.1	hypothetical protein
JI435_079830	QRC92975.1	hypothetical protein
JI435_079840	QRC92974.1	hypothetical protein
JI435_079850	QRC92972.1	hypothetical protein
JI435_079860	QRC92971.1	hypothetical protein
JI435_079870	QRC92969.1	hypothetical protein
JI435_079890	QRC92966.1	hypothetical protein
JI435_079900	QRC92964.1	hypothetical protein
JI435_079910	QRC92962.1	succinate--CoA ligase subunit beta
JI435_079950	QRC92960.1	hypothetical protein
JI435_079960	QRC92959.1	hypothetical protein
JI435_079970	QRC92958.1	hypothetical protein
JI435_079980	QRC92957.1	hypothetical protein
JI435_079990	QRC92956.1	hypothetical protein
JI435_080000	QRC92955.1	hypothetical protein
JI435_080010	QRC92954.1	hypothetical protein
JI435_080020	QRC92953.1	hypothetical protein
JI435_080030	QRC92952.1	hypothetical protein
JI435_080040	QRC92951.1	hypothetical protein
JI435_080060	QRC92950.1	hypothetical protein
JI435_080070	QRC92949.1	hypothetical protein
JI435_080090	QRC92948.1	hypothetical protein
JI435_080100	QRC92947.1	hypothetical protein
JI435_080110	QRC92946.1	hypothetical protein
JI435_080120	QRC92945.1	hypothetical protein
JI435_080130	QRC92943.1	hypothetical protein
JI435_080140	QRC92942.1	hypothetical protein
JI435_080150	QRC92941.1	hypothetical protein
JI435_080160	QRC92940.1	hypothetical protein
JI435_080170	QRC92939.1	hypothetical protein
JI435_080180	QRC92938.1	hypothetical protein
JI435_080190	QRC92937.1	hypothetical protein
JI435_080200	QRC92936.1	hypothetical protein
JI435_080210	QRC92935.1	hypothetical protein
JI435_080220	QRC92934.1	hypothetical protein
JI435_080230	QRC92933.1	hypothetical protein
JI435_080240	QRC92932.1	hypothetical protein
JI435_080260	QRC92931.1	hypothetical protein
JI435_080270	QRC92930.1	hypothetical protein
JI435_080280	QRC92929.1	hypothetical protein
JI435_080290	QRC92928.1	hypothetical protein
JI435_080300	QRC92927.1	hypothetical protein
JI435_080310	QRC92925.1	hypothetical protein
JI435_080320	QRC92924.1	hypothetical protein
JI435_080330	QRC92923.1	hypothetical protein
JI435_080340	QRC92922.1	hypothetical protein
JI435_080350	QRC92920.1	hypothetical protein
JI435_080360	QRC92918.1	hypothetical protein
JI435_080370	QRC92917.1	hypothetical protein
JI435_080380	QRC92914.1	actin-related protein 8
JI435_080390	QRC92913.1	hypothetical protein
JI435_080400	QRC92912.1	hypothetical protein
JI435_080410	QRC92911.1	hypothetical protein
JI435_080420	QRC92910.1	hypothetical protein
JI435_080430	QRC92909.1	hypothetical protein
JI435_080440	QRC92907.1	hypothetical protein
JI435_080450	QRC92906.1	hypothetical protein
JI435_080460	QRC92905.1	hypothetical protein
JI435_080470	QRC92904.1	hypothetical protein
JI435_080480	QRC92900.1	hypothetical protein
JI435_080490	QRC92899.1	YOP1-like protein
JI435_080500	QRC92898.1	mitochondrial genome maintenance protein
JI435_080510	QRC92897.1	hypothetical protein
JI435_080520	QRC92895.1	hypothetical protein
JI435_080530	QRC92894.1	hypothetical protein
JI435_080540	QRC92893.1	hypothetical protein
JI435_080550	QRC92892.1	hypothetical protein
JI435_080560	QRC92891.1	hypothetical protein
JI435_080590	QRC92888.1	hypothetical protein
JI435_080600	QRC92887.1	hypothetical protein
JI435_080620	QRC92886.1	hypothetical protein
JI435_080630	QRC92885.1	hypothetical protein
JI435_080640	QRC92884.1	hypothetical protein
JI435_080660	QRC92882.1	phosphoacetylglucosamine mutase
JI435_080670	QRC92881.1	stress response protein NST1
JI435_080680	QRC92880.1	hypothetical protein
JI435_080690	QRC92879.1	hypothetical protein
JI435_080710	QRC92878.1	hypothetical protein
JI435_080730	QRC92876.1	hypothetical protein
JI435_080740	QRC92875.1	hypothetical protein
JI435_080750	QRC92872.1	hypothetical protein
JI435_080760	QRC92871.1	hypothetical protein
JI435_080780	QRC92870.1	hypothetical protein
JI435_080790	QRC92869.1	hypothetical protein
JI435_080800	QRC92868.1	hypothetical protein
JI435_080810	QRC92867.1	hypothetical protein
JI435_080830	QRC92864.1	hypothetical protein
JI435_080840	QRC92862.1	hypothetical protein
JI435_080850	QRC92861.1	hypothetical protein
JI435_080860	QRC92860.1	hypothetical protein
JI435_080890	QRC92857.1	hypothetical protein
JI435_080900	QRC92855.1	hypothetical protein
JI435_080910	QRC92854.1	hypothetical protein
JI435_080920	QRC92853.1	hypothetical protein
JI435_080940	QRC92852.1	hypothetical protein
JI435_080960	QRC92851.1	hypothetical protein
JI435_080970	QRC92850.1	hypothetical protein
JI435_080980	QRC92848.1	hypothetical protein
JI435_081000	QRC92846.1	hypothetical protein
JI435_081010	QRC92845.1	hypothetical protein
JI435_081020	QRC92844.1	hypothetical protein
JI435_081030	QRC92843.1	hypothetical protein
JI435_081040	QRC92842.1	hypothetical protein
JI435_081060	QRC92841.1	peroxin
JI435_081070	QRC92840.1	hypothetical protein
JI435_081080	QRC92839.1	hypothetical protein
JI435_081090	QRC92838.1	hypothetical protein
JI435_081100	QRC92837.1	hypothetical protein
JI435_081110	QRC92836.1	topoisomerase 1-associated factor 1
JI435_081120	QRC92835.1	hypothetical protein
JI435_081150	QRC92833.1	RNA polymerase II transcription factor B subunit 2
JI435_081160	QRC92832.1	hypothetical protein
JI435_081170	QRC92831.1	enoyl-CoA hydratase
JI435_081180	QRC92830.1	hypothetical protein
JI435_081190	QRC92829.1	hypothetical protein
JI435_081200	QRC92828.1	hypothetical protein
JI435_081210	QRC92827.1	hypothetical protein
JI435_081220	QRC92826.1	hypothetical protein
JI435_081230	QRC92825.1	hypothetical protein
JI435_081250	QRC92823.1	hypothetical protein
JI435_081280	QRC92819.1	hypothetical protein
JI435_081290	QRC92816.1	hypothetical protein
JI435_081300	QRC92814.1	hypothetical protein
JI435_081310	QRC92813.1	hypothetical protein
JI435_081320	QRC92812.1	AP-2 complex subunit alpha
JI435_081330	QRC92810.1	hypothetical protein
JI435_081340	QRC92809.1	hypothetical protein
JI435_081350	QRC92808.1	dolichol phosphate mannosyltransferase subunit 3
JI435_081360	QRC92807.1	hypothetical protein
JI435_081370	QRC92806.1	hypothetical protein
JI435_081380	QRC92805.1	hypothetical protein
JI435_081400	QRC92804.1	hypothetical protein
JI435_081410	QRC92803.1	protein SIP5
JI435_081420	QRC92801.1	hypothetical protein
JI435_081430	QRC92799.1	hypothetical protein
JI435_081440	QRC92798.1	pyridoxal phosphate homeostasis protein
JI435_081450	QRC92797.1	hypothetical protein
JI435_081460	QRC92796.1	hypothetical protein
JI435_081480	QRC92795.1	hypothetical protein
JI435_081490	QRC92794.1	hypothetical protein
JI435_081500	QRC92791.1	hypothetical protein
JI435_081510	QRC92790.1	hypothetical protein
JI435_081520	QRC92789.1	acetolactate synthase
JI435_081530	QRC92788.1	hypothetical protein
JI435_081540	QRC92787.1	hypothetical protein
JI435_081550	QRC92786.1	hypothetical protein
JI435_081560	QRC92785.1	hypothetical protein
JI435_081570	QRC92784.1	hypothetical protein
JI435_081580	QRC92783.1	dolichol phosphate mannosyltransferase subunit 1
JI435_081590	QRC92782.1	hypothetical protein
JI435_081600	QRC92781.1	hypothetical protein
JI435_081620	QRC92780.1	hypothetical protein
JI435_081630	QRC92779.1	hypothetical protein
JI435_081650	QRC92778.1	hypothetical protein
JI435_081660	QRC92776.1	hypothetical protein
JI435_081670	QRC92775.1	hypothetical protein
JI435_081680	QRC92774.1	hypothetical protein
JI435_081700	QRC92773.1	hypothetical protein
JI435_081710	QRC92772.1	hypothetical protein
JI435_081720	QRC92771.1	hypothetical protein
JI435_081730	QRC92770.1	hypothetical protein
JI435_081760	QRC92769.1	hypothetical protein
JI435_081770	QRC92767.1	hypothetical protein
JI435_081780	QRC92766.1	hypothetical protein
JI435_081790	QRC92765.1	hypothetical protein
JI435_081800	QRC92764.1	60S ribosomal protein L13
JI435_081820	QRC92763.1	hypothetical protein
JI435_081830	QRC92761.1	hypothetical protein
JI435_081840	QRC92760.1	hypothetical protein
JI435_081850	QRC92758.1	hypothetical protein
JI435_081860	QRC92755.1	hypothetical protein
JI435_081870	QRC92754.1	hypothetical protein
JI435_081880	QRC92753.1	hypothetical protein
JI435_081890	QRC92752.1	pectate lyase
JI435_081900	QRC92751.1	40S ribosomal protein S28
JI435_081910	QRC92750.1	hypothetical protein
JI435_081920	QRC92749.1	hypothetical protein
JI435_081930	QRC92748.1	hypothetical protein
JI435_081940	QRC92747.1	hypothetical protein
JI435_081950	QRC92746.1	hypothetical protein
JI435_081960	QRC92745.1	hypothetical protein
JI435_081990	QRC92744.1	hypothetical protein
JI435_082000	QRC92743.1	hypothetical protein
JI435_082010	QRC92742.1	hypothetical protein
JI435_082020	QRC92741.1	hypothetical protein
JI435_082030	QRC92740.1	hypothetical protein
JI435_082060	QRC92737.1	hypothetical protein
JI435_082110	QRC92735.1	hypothetical protein
JI435_082120	QRC92734.1	histone transcription regulator 3
JI435_082130	QRC92733.1	hypothetical protein
JI435_082140	QRC92731.1	40S ribosomal protein S16-A
JI435_082150	QRC92730.1	hypothetical protein
JI435_082160	QRC92729.1	hypothetical protein
JI435_082170	QRC92728.1	hypothetical protein
JI435_082180	QRC92727.1	hypothetical protein
JI435_082190	QRC92726.1	hypothetical protein
JI435_082210	QRC92725.1	glycine cleavage system P protein
JI435_082220	QRC92724.1	lysophospholipase
JI435_082230	QRC92723.1	hypothetical protein
JI435_082240	QRC92722.1	hypothetical protein
JI435_082250	QRC92721.1	hypothetical protein
JI435_082260	QRC92720.1	fructose-bisphosphate aldolase
JI435_082270	QRC92719.1	hypothetical protein
JI435_082280	QRC92718.1	hypothetical protein
JI435_082290	QRC92717.1	hypothetical protein
JI435_082300	QRC92716.1	hypothetical protein
JI435_082310	QRC92715.1	hypothetical protein
JI435_082320	QRC92714.1	hypothetical protein
JI435_082330	QRC92713.1	hypothetical protein
JI435_082340	QRC92711.1	hypothetical protein
JI435_082370	QRC92707.1	hypothetical protein
JI435_082380	QRC92704.1	hypothetical protein
JI435_082390	QRC92703.1	chromosome segregation in meiosis protein 3
JI435_082400	QRC92702.1	hypothetical protein
JI435_082420	QRC92701.1	hypothetical protein
JI435_082430	QRC92699.1	hypothetical protein
JI435_082440	QRC92697.1	hypothetical protein
JI435_082460	QRC92696.1	hypothetical protein
JI435_082470	QRC92695.1	hypothetical protein
JI435_082500	QRC92691.1	hypothetical protein
JI435_082510	QRC92689.1	pre-mRNA-splicing factor
JI435_082520	QRC92688.1	hypothetical protein
JI435_082530	QRC92687.1	hypothetical protein
JI435_082550	QRC92686.1	hypothetical protein
JI435_082590	QRC92685.1	hypothetical protein
JI435_082610	QRC92683.1	hypothetical protein
JI435_082620	QRC92682.1	hypothetical protein
JI435_082630	QRC92681.1	hypothetical protein
JI435_082650	QRC92680.1	hypothetical protein
JI435_082660	QRC92679.1	hypothetical protein
JI435_082670	QRC92678.1	hypothetical protein
JI435_082680	QRC92677.1	hypothetical protein
JI435_082690	QRC92676.1	hypothetical protein
JI435_082700	QRC92675.1	hypothetical protein
JI435_082740	QRC92673.1	hypothetical protein
JI435_082750	QRC92672.1	hypothetical protein
JI435_082760	QRC92671.1	hypothetical protein
JI435_082770	QRC92670.1	hypothetical protein
JI435_082800	QRC92668.1	hypothetical protein
JI435_082810	QRC92667.1	hypothetical protein
JI435_082820	QRC92666.1	short-chain dehydrogenase Sch3
JI435_082840	QRC92664.1	hypothetical protein
JI435_082850	QRC92663.1	hypothetical protein
JI435_082860	QRC92662.1	hypothetical protein
JI435_082870	QRC92661.1	hypothetical protein
JI435_082880	QRC92660.1	hypothetical protein
JI435_082890	QRC92657.1	pectate lyase
JI435_082910	QRC92655.1	hypothetical protein
JI435_082920	QRC92654.1	hypothetical protein
JI435_082930	QRC92653.1	hypothetical protein
JI435_082940	QRC92652.1	cytochrome c heme lyase
JI435_082950	QRC92651.1	protein YIP
JI435_082960	QRC92650.1	hypothetical protein
JI435_082970	QRC92648.1	hypothetical protein
JI435_082980	QRC92647.1	hypothetical protein
JI435_082990	QRC92645.1	hypothetical protein
JI435_083000	QRC92644.1	hypothetical protein
JI435_083010	QRC92643.1	inositol-1-monophosphatase
JI435_083020	QRC92640.1	hypothetical protein
JI435_083040	QRC92639.1	hypothetical protein
JI435_083050	QRC92638.1	hypothetical protein
JI435_083060	QRC92637.1	hypothetical protein
JI435_083080	QRC92636.1	hypothetical protein
JI435_083120	QRC92632.1	hypothetical protein
JI435_083130	QRC92631.1	hypothetical protein
JI435_083140	QRC92630.1	hypothetical protein
JI435_083150	QRC92629.1	hypothetical protein
JI435_083170	QRC92628.1	hypothetical protein
JI435_083180	QRC92627.1	eukaryotic translation initiation factor 3 subunit L
JI435_083190	QRC92626.1	hypothetical protein
JI435_083200	QRC92625.1	hypothetical protein
JI435_083210	QRC92624.1	hypothetical protein
JI435_083220	QRC92623.1	hypothetical protein
JI435_083230	QRC92622.1	hypothetical protein
JI435_083240	QRC92621.1	hypothetical protein
JI435_083270	QRC92619.1	hypothetical protein
JI435_083280	QRC92618.1	hypothetical protein
JI435_083290	QRC92617.1	hypothetical protein
JI435_083300	QRC92615.1	hypothetical protein
JI435_083320	QRC92614.1	uricase
JI435_083330	QRC92613.1	hypothetical protein
JI435_083340	QRC92611.1	hypothetical protein
JI435_083350	QRC92610.1	superoxide dismutase 1 copper chaperone
JI435_083360	QRC92609.1	hypothetical protein
JI435_083370	QRC92608.1	hypothetical protein
JI435_083380	QRC92607.1	hypothetical protein
JI435_083390	QRC92606.1	hypothetical protein
JI435_083400	QRC92605.1	hypothetical protein
JI435_083410	QRC92604.1	hypothetical protein
JI435_083420	QRC92603.1	hypothetical protein
JI435_083440	QRC92602.1	hypothetical protein
JI435_083450	QRC92601.1	hypothetical protein
JI435_083460	QRC92600.1	hypothetical protein
JI435_083470	QRC92599.1	hypothetical protein
JI435_083490	QRC92598.1	hypothetical protein
JI435_083500	QRC92597.1	hypothetical protein
JI435_083510	QRC92596.1	cytochrome c oxidase assembly protein COX16
JI435_083520	QRC92595.1	3-hydroxy-3-methylglutaryl coenzyme A synthase
JI435_083530	QRC92594.1	hypothetical protein
JI435_083550	QRC92592.1	hypothetical protein
JI435_083560	QRC92591.1	hypothetical protein
JI435_083570	QRC92590.1	hypothetical protein
JI435_083590	QRC92589.1	hypothetical protein
JI435_083600	QRC92587.1	hypothetical protein
JI435_083610	QRC92586.1	hypothetical protein
JI435_083620	QRC92585.1	C2H2 zinc finger transcription factor PnCon7 isoform A
JI435_083630	QRC92582.1	hypothetical protein
JI435_083670	QRC92579.1	ATP-dependent RNA helicase dbp2
JI435_083680	QRC92577.1	hypothetical protein
JI435_083690	QRC92576.1	DNA repair protein rad9
JI435_083700	QRC92575.1	hypothetical protein
JI435_083730	QRC92574.1	signal peptidase complex catalytic subunit sec11
JI435_083740	QRC92572.1	hypothetical protein
JI435_083750	QRC92570.1	hypothetical protein
JI435_083760	QRC92569.1	hypothetical protein
JI435_083770	QRC92568.1	autophagy-related protein
JI435_083780	QRC92564.1	hypothetical protein
JI435_083790	QRC92561.1	homoserine dehydrogenase
JI435_083800	QRC92560.1	hypothetical protein
JI435_083810	QRC92558.1	hypothetical protein
JI435_083820	QRC92557.1	kynureninase
JI435_083830	QRC92556.1	DNA polymerase
JI435_083870	QRC92552.1	hypothetical protein
JI435_083890	QRC92549.1	hypothetical protein
JI435_083900	QRC92547.1	hypothetical protein
JI435_083910	QRC92546.1	protein sorting-associated protein 35
JI435_083930	QRC92544.1	hypothetical protein
JI435_083940	QRC92543.1	hypothetical protein
JI435_083950	QRC92542.1	hypothetical protein
JI435_083970	QRC92540.1	hypothetical protein
JI435_083980	QRC92539.1	hypothetical protein
JI435_083990	QRC92538.1	hypothetical protein
JI435_084000	QRC92537.1	hypothetical protein
JI435_084020	QRC92534.1	hypothetical protein
JI435_084030	QRC92532.1	hypothetical protein
JI435_084040	QRC92531.1	hypothetical protein
JI435_084050	QRC92530.1	hypothetical protein
JI435_084060	QRC92529.1	polynucleotide adenylyltransferase
JI435_084070	QRC92527.1	transcription initiation factor IIF subunit alpha
JI435_084080	QRC92525.1	hypothetical protein
JI435_084090	QRC92524.1	HGH1-like protein
JI435_084120	QRC92523.1	hypothetical protein
JI435_084130	QRC92522.1	hypothetical protein
JI435_084140	QRC92521.1	hypothetical protein
JI435_084150	QRC92520.1	hypothetical protein
JI435_084160	QRC92519.1	hypothetical protein
JI435_084170	QRC92517.1	hypothetical protein
JI435_084180	QRC92514.1	hypothetical protein
JI435_084190	QRC92513.1	hypothetical protein
JI435_084210	QRC92512.1	hypothetical protein
JI435_084220	QRC92510.1	hypothetical protein
JI435_084230	QRC92509.1	hypothetical protein
JI435_084240	QRC92508.1	hypothetical protein
JI435_084250	QRC92506.1	hypothetical protein
JI435_084260	QRC92505.1	hypothetical protein
JI435_084270	QRC92504.1	hypothetical protein
JI435_084280	QRC92503.1	hypothetical protein
JI435_084290	QRC92502.1	hypothetical protein
JI435_084310	QRC92500.1	hypothetical protein
JI435_084320	QRC92499.1	hypothetical protein
JI435_084330	QRC92498.1	hypothetical protein
JI435_084340	QRC92497.1	hypothetical protein
JI435_084350	QRC92496.1	hypothetical protein
JI435_084360	QRC92495.1	hypothetical protein
JI435_084370	QRC92494.1	hypothetical protein
JI435_084380	QRC92493.1	hypothetical protein
JI435_084390	QRC92492.1	hypothetical protein
JI435_084400	QRC92490.1	hypothetical protein
JI435_084410	QRC92489.1	hypothetical protein
JI435_084420	QRC92484.1	pyruvate dehydrogenase E1 component subunit beta
JI435_084430	QRC92483.1	sterol 24-C-methyltransferase
JI435_084440	QRC92482.1	hypothetical protein
JI435_084450	QRC92481.1	zinc maintenance protein
JI435_084460	QRC92480.1	endoplasmic reticulum junction formation protein lunapark
JI435_084470	QRC92479.1	hypothetical protein
JI435_084480	QRC92477.1	electron transfer flavoprotein-ubiquinone oxidoreductase
JI435_084500	QRC92473.1	hypothetical protein
JI435_084520	QRC92472.1	hypothetical protein
JI435_084540	QRC92471.1	inositol hexakisphosphate and diphosphoinositol-pentakisphosphate kinase
JI435_084550	QRC92470.1	hypothetical protein
JI435_084560	QRC92468.1	hypothetical protein
JI435_084570	QRC92467.1	hypothetical protein
JI435_084580	QRC92466.1	hypothetical protein
JI435_084590	QRC92465.1	hypothetical protein
JI435_084600	QRC92463.1	hypothetical protein
JI435_084610	QRC92462.1	peptide hydrolase
JI435_084620	QRC92461.1	hypothetical protein
JI435_084640	QRC92458.1	hypothetical protein
JI435_084660	QRC92456.1	hypothetical protein
JI435_084670	QRC92455.1	peptide hydrolase
JI435_084690	QRC92453.1	hypothetical protein
JI435_084700	QRC97771.1	carboxylic ester hydrolase
JI435_084710	QRC97770.1	hypothetical protein
JI435_084720	QRC97769.1	bifunctional ribonuclease P subunit/MRP protein subunit POP5
JI435_084730	QRC97767.1	hypothetical protein
JI435_084740	QRC97766.1	hypothetical protein
JI435_084750	QRC97765.1	hypothetical protein
JI435_084760	QRC97764.1	hypothetical protein
JI435_084780	QRC97762.1	hypothetical protein
JI435_084790	QRC97760.1	hypothetical protein
JI435_084800	QRC97759.1	phosphotransferase
JI435_084810	QRC97758.1	hypothetical protein
JI435_084820	QRC97757.1	hypothetical protein
JI435_084830	QRC97755.1	hypothetical protein
JI435_084860	QRC97753.1	hypothetical protein
JI435_084880	QRC97752.1	high expression sensitive protein 9
JI435_084890	QRC97751.1	hypothetical protein
JI435_084900	QRC97750.1	hypothetical protein
JI435_084910	QRC97748.1	hypothetical protein
JI435_084920	QRC97747.1	hypothetical protein
JI435_084930	QRC97746.1	hypothetical protein
JI435_084940	QRC97744.1	hypothetical protein
JI435_084950	QRC97743.1	hypothetical protein
JI435_084960	QRC97741.1	hypothetical protein
JI435_084970	QRC97740.1	hypothetical protein
JI435_084980	QRC97739.1	AP-3 complex subunit beta
JI435_084990	QRC97738.1	hypothetical protein
JI435_085000	QRC97737.1	hypothetical protein
JI435_085010	QRC97735.1	hypothetical protein
JI435_085020	QRC97731.1	hypothetical protein
JI435_085030	QRC97730.1	hypothetical protein
JI435_085040	QRC97729.1	hypothetical protein
JI435_085050	QRC97728.1	hypothetical protein
JI435_085060	QRC97727.1	aspartate carbamoyltransferase
JI435_085070	QRC97725.1	hypothetical protein
JI435_085090	QRC97724.1	hypothetical protein
JI435_085100	QRC97723.1	tRNA 4-demethylwyosine synthase
JI435_085110	QRC97722.1	serine/threonine-protein phosphatase
JI435_085120	QRC97721.1	hypothetical protein
JI435_085130	QRC97720.1	hypothetical protein
JI435_085140	QRC97718.1	hypothetical protein
JI435_085150	QRC97717.1	hypothetical protein
JI435_085160	QRC97715.1	hypothetical protein
JI435_085170	QRC97712.1	hypothetical protein
JI435_085180	QRC97710.1	1,3-beta-glucanosyltransferase
JI435_085190	QRC97709.1	hypothetical protein
JI435_085200	QRC97708.1	hypothetical protein
JI435_085210	QRC97707.1	Dicer-like protein 1
JI435_085220	QRC97706.1	hypothetical protein
JI435_085230	QRC97705.1	hypothetical protein
JI435_085240	QRC97704.1	hypothetical protein
JI435_085260	QRC97702.1	hypothetical protein
JI435_085270	QRC97700.1	hypothetical protein
JI435_085280	QRC97699.1	hypothetical protein
JI435_085290	QRC97698.1	hypothetical protein
JI435_085310	QRC97697.1	hypothetical protein
JI435_085320	QRC97694.1	hypothetical protein
JI435_085330	QRC97693.1	hypothetical protein
JI435_085340	QRC97692.1	hypothetical protein
JI435_085360	QRC97691.1	hypothetical protein
JI435_085380	QRC97690.1	hypothetical protein
JI435_085390	QRC97689.1	hypothetical protein
JI435_085400	QRC97688.1	hypothetical protein
JI435_085410	QRC97687.1	hypothetical protein
JI435_085420	QRC97686.1	hypothetical protein
JI435_085430	QRC97685.1	hypothetical protein
JI435_085440	QRC97684.1	hypothetical protein
JI435_085460	QRC97681.1	hypothetical protein
JI435_085470	QRC97679.1	hypothetical protein
JI435_085480	QRC97677.1	hypothetical protein
JI435_085490	QRC97676.1	hypothetical protein
JI435_085500	QRC97675.1	hypothetical protein
JI435_085510	QRC97674.1	hypothetical protein
JI435_085520	QRC97673.1	hypothetical protein
JI435_085550	QRC97672.1	hypothetical protein
JI435_085570	QRC97670.1	hypothetical protein
JI435_085580	QRC97669.1	cytosolic Fe-S cluster assembly factor NBP35
JI435_085590	QRC97668.1	hypothetical protein
JI435_085600	QRC97667.1	hypothetical protein
JI435_085650	QRC97664.1	hypothetical protein
JI435_085660	QRC97662.1	hypothetical protein
JI435_085670	QRC97661.1	hypothetical protein
JI435_085680	QRC97659.1	hypothetical protein
JI435_085700	QRC97657.1	hypothetical protein
JI435_085710	QRC97656.1	hypothetical protein
JI435_085720	QRC97655.1	hypothetical protein
JI435_085730	QRC97654.1	hypothetical protein
JI435_085740	QRC97653.1	hypothetical protein
JI435_085750	QRC97652.1	hypothetical protein
JI435_085760	QRC97651.1	hypothetical protein
JI435_085770	QRC97650.1	hypothetical protein
JI435_085780	QRC97649.1	hypothetical protein
JI435_085800	QRC97648.1	hypothetical protein
JI435_085810	QRC97645.1	hypothetical protein
JI435_085820	QRC97643.1	hypothetical protein
JI435_085830	QRC97641.1	hypothetical protein
JI435_085840	QRC97640.1	hypothetical protein
JI435_085870	QRC97638.1	hypothetical protein
JI435_085880	QRC97637.1	hypothetical protein
JI435_085900	QRC97636.1	hypothetical protein
JI435_085910	QRC97635.1	hypothetical protein
JI435_085920	QRC97633.1	hypothetical protein
JI435_085930	QRC97632.1	hypothetical protein
JI435_085940	QRC97631.1	hypothetical protein
JI435_085960	QRC97630.1	hypothetical protein
JI435_085980	QRC97628.1	hypothetical protein
JI435_085990	QRC97627.1	hypothetical protein
JI435_086000	QRC97626.1	hypothetical protein
JI435_086010	QRC97625.1	FAD-dependent monooxygenase elcH
JI435_086020	QRC97624.1	hypothetical protein
JI435_086030	QRC97623.1	hypothetical protein
JI435_086040	QRC97622.1	endo-1,4-beta-xylanase
JI435_086050	QRC97621.1	hypothetical protein
JI435_086060	QRC97619.1	hypothetical protein
JI435_086090	QRC97617.1	elsinochrome C biosynthesis regulatory protein elcR
JI435_086100	QRC97616.1	O-methyltransferase elcB
JI435_086110	QRC97615.1	MFS-type efflux pump elcC
JI435_086120	QRC97614.1	elsinochrome C biosynthesis cluster protein B elcB
JI435_086130	QRC97613.1	elsinochrome C biosynthesis cluster protein
JI435_086140	QRC97612.1	non-reducing polyketide synthase elcA
JI435_086150	QRC97611.1	fasciclin-like arabinogalactan protein elcF
JI435_086160	QRC97610.1	multicopper oxidase elcG
JI435_086180	QRC97608.1	hypothetical protein
JI435_086200	QRC97607.1	hypothetical protein
JI435_086210	QRC97606.1	hypothetical protein
JI435_086240	QRC97604.1	hypothetical protein
JI435_086260	QRC97602.1	hypothetical protein
JI435_086270	QRC97600.1	hypothetical protein
JI435_086280	QRC97598.1	hypothetical protein
JI435_086290	QRC97596.1	hypothetical protein
JI435_086300	QRC97595.1	hypothetical protein
JI435_086320	QRC97594.1	hypothetical protein
JI435_086330	QRC97593.1	hypothetical protein
JI435_086340	QRC97592.1	tRNA wybutosine-synthesis-related protein 2
JI435_086350	QRC97591.1	hypothetical protein
JI435_086360	QRC97590.1	DNA-directed RNA polymerases I/II/III subunit RPABC3
JI435_086370	QRC97589.1	hypothetical protein
JI435_086380	QRC97588.1	calcium-transporting ATPase
JI435_086410	QRC97587.1	hypothetical protein
JI435_086420	QRC97585.1	hypothetical protein
JI435_086430	QRC97584.1	hypothetical protein
JI435_086440	QRC97583.1	hypothetical protein
JI435_086450	QRC97582.1	hypothetical protein
JI435_086460	QRC97581.1	hypothetical protein
JI435_086470	QRC97580.1	hypothetical protein
JI435_086480	QRC97579.1	hypothetical protein
JI435_086490	QRC97578.1	GPN-loop GTPase 2
JI435_086500	QRC97577.1	hypothetical protein
JI435_086510	QRC97576.1	hypothetical protein
JI435_086520	QRC97575.1	hypothetical protein
JI435_086530	QRC97574.1	hypothetical protein
JI435_086560	QRC97573.1	glucanase
JI435_086570	QRC97572.1	hypothetical protein
JI435_086580	QRC97571.1	hypothetical protein
JI435_086590	QRC97570.1	hypothetical protein
JI435_086600	QRC97569.1	hypothetical protein
JI435_086610	QRC97568.1	hypothetical protein
JI435_086620	QRC97567.1	spliceosomal protein DIB1
JI435_086630	QRC97566.1	hypothetical protein
JI435_086640	QRC97565.1	hypothetical protein
JI435_086650	QRC97564.1	hypothetical protein
JI435_086660	QRC97563.1	hypothetical protein
JI435_086670	QRC97562.1	hypothetical protein
JI435_086680	QRC97561.1	hypothetical protein
JI435_086690	QRC97560.1	hypothetical protein
JI435_086700	QRC97559.1	hypothetical protein
JI435_086710	QRC97558.1	hypothetical protein
JI435_086720	QRC97557.1	hypothetical protein
JI435_086730	QRC97556.1	hypothetical protein
JI435_086740	QRC97555.1	hypothetical protein
JI435_086750	QRC97552.1	hypothetical protein
JI435_086760	QRC97551.1	hypothetical protein
JI435_086770	QRC97550.1	uridine/cytidine kinase
JI435_086780	QRC97549.1	serine/threonine-protein phosphatase
JI435_086790	QRC97547.1	hypothetical protein
JI435_086800	QRC97545.1	hypothetical protein
JI435_086810	QRC97544.1	hypothetical protein
JI435_086840	QRC97541.1	hypothetical protein
JI435_086850	QRC97540.1	hypothetical protein
JI435_086860	QRC97539.1	hypothetical protein
JI435_086870	QRC97538.1	hypothetical protein
JI435_086880	QRC97537.1	hypothetical protein
JI435_086900	QRC97534.1	hypothetical protein
JI435_086920	QRC97532.1	hypothetical protein
JI435_086930	QRC97531.1	hypothetical protein
JI435_086940	QRC97530.1	hypothetical protein
JI435_086950	QRC97529.1	hypothetical protein
JI435_086970	QRC97526.1	hypothetical protein
JI435_086980	QRC97525.1	hypothetical protein
JI435_086990	QRC97523.1	hypothetical protein
JI435_087000	QRC97522.1	assimilatory sulfite reductase
JI435_087010	QRC97521.1	pyridoxal 5'-phosphate synthase
JI435_087020	QRC97520.1	hypothetical protein
JI435_087030	QRC97519.1	hypothetical protein
JI435_087040	QRC97518.1	hypothetical protein
JI435_087050	QRC97517.1	hypothetical protein
JI435_087060	QRC97516.1	hypothetical protein
JI435_087070	QRC97515.1	hypothetical protein
JI435_087080	QRC97514.1	hypothetical protein
JI435_087090	QRC97512.1	hypothetical protein
JI435_087100	QRC97511.1	hypothetical protein
JI435_087120	QRC97509.1	hypothetical protein
JI435_087130	QRC97508.1	hypothetical protein
JI435_087140	QRC97507.1	transcription initiation factor IIA subunit 2
JI435_087150	QRC97506.1	hypothetical protein
JI435_087170	QRC97505.1	DNA damage-binding protein
JI435_087180	QRC97504.1	hypothetical protein
JI435_087200	QRC97500.1	hypothetical protein
JI435_087210	QRC97499.1	hypothetical protein
JI435_087220	QRC97498.1	hypothetical protein
JI435_087240	QRC97497.1	hypothetical protein
JI435_087250	QRC97496.1	hypothetical protein
JI435_087290	QRC97491.1	hypothetical protein
JI435_087310	QRC97490.1	hypothetical protein
JI435_087320	QRC97489.1	hypothetical protein
JI435_087330	QRC97486.1	hypothetical protein
JI435_087350	QRC97485.1	hypothetical protein
JI435_087360	QRC97484.1	pantoate--beta-alanine ligase Pbl1
JI435_087370	QRC97483.1	ATP-dependent RNA helicase DBP7
JI435_087380	QRC97481.1	hypothetical protein
JI435_087390	QRC97479.1	hypothetical protein
JI435_087400	QRC97474.1	hypothetical protein
JI435_087420	QRC97472.1	hypothetical protein
JI435_087430	QRC97471.1	hypothetical protein
JI435_087440	QRC97470.1	sister chromatid cohesion protein
JI435_087450	QRC97469.1	hypothetical protein
JI435_087460	QRC97468.1	deoxyhypusine hydroxylase
JI435_087480	QRC97467.1	hypothetical protein
JI435_087500	QRC97465.1	hypothetical protein
JI435_087510	QRC97464.1	hypothetical protein
JI435_087520	QRC97463.1	hypothetical protein
JI435_087530	QRC97462.1	histone H4
JI435_087540	QRC97461.1	hypothetical protein
JI435_087550	QRC97460.1	hypothetical protein
JI435_087560	QRC97459.1	hypothetical protein
JI435_087570	QRC97457.1	hypothetical protein
JI435_087580	QRC97455.1	hypothetical protein
JI435_087600	QRC97454.1	hypothetical protein
JI435_087610	QRC97453.1	hypothetical protein
JI435_087620	QRC97452.1	hypothetical protein
JI435_087630	QRC97450.1	hypothetical protein
JI435_087640	QRC97449.1	hypothetical protein
JI435_087650	QRC97448.1	amine oxidase
JI435_087670	QRC97447.1	hypothetical protein
JI435_087680	QRC97445.1	hypothetical protein
JI435_087690	QRC97444.1	hypothetical protein
JI435_087700	QRC97443.1	hypothetical protein
JI435_087720	QRC97442.1	hypothetical protein
JI435_087730	QRC97441.1	hypothetical protein
JI435_087740	QRC97440.1	hypothetical protein
JI435_087750	QRC97439.1	hypothetical protein
JI435_087770	QRC97437.1	hypothetical protein
JI435_087780	QRC97436.1	peptide hydrolase
JI435_087790	QRC97434.1	hypothetical protein
JI435_087800	QRC97433.1	hypothetical protein
JI435_087810	QRC97432.1	hypothetical protein
JI435_087830	QRC97431.1	hypothetical protein
JI435_087840	QRC97430.1	hypothetical protein
JI435_087850	QRC97429.1	hypothetical protein
JI435_087870	QRC97427.1	hypothetical protein
JI435_087880	QRC97426.1	hypothetical protein
JI435_087890	QRC97425.1	hypothetical protein
JI435_087900	QRC97424.1	hypothetical protein
JI435_087910	QRC97423.1	hypothetical protein
JI435_087920	QRC97422.1	hypothetical protein
JI435_087930	QRC97421.1	hypothetical protein
JI435_087940	QRC97420.1	hypothetical protein
JI435_087970	QRC97417.1	hypothetical protein
JI435_087980	QRC97416.1	hypothetical protein
JI435_087990	QRC97415.1	hypothetical protein
JI435_088000	QRC97414.1	hypothetical protein
JI435_088010	QRC97413.1	hypothetical protein
JI435_088020	QRC97412.1	alpha-glucuronidase
JI435_088050	QRC97409.1	hypothetical protein
JI435_088070	QRC97408.1	dipeptidase
JI435_088080	QRC97407.1	hypothetical protein
JI435_088110	QRC97406.1	hypothetical protein
JI435_088120	QRC97404.1	hypothetical protein
JI435_088160	QRC97401.1	hypothetical protein
JI435_088180	QRC97400.1	hypothetical protein
JI435_088190	QRC97399.1	hypothetical protein
JI435_088200	QRC97398.1	hypothetical protein
JI435_088210	QRC97397.1	hypothetical protein
JI435_088230	QRC97396.1	hypothetical protein
JI435_088240	QRC97394.1	hypothetical protein
JI435_088250	QRC97393.1	hypothetical protein
JI435_088270	QRC97392.1	hypothetical protein
JI435_088280	QRC97391.1	hypothetical protein
JI435_088290	QRC97390.1	hypothetical protein
JI435_088320	QRC97388.1	hypothetical protein
JI435_088330	QRC97387.1	hypothetical protein
JI435_088340	QRC97386.1	hypothetical protein
JI435_088350	QRC97385.1	hypothetical protein
JI435_088360	QRC97384.1	hypothetical protein
JI435_088370	QRC97383.1	carboxypeptidase
JI435_088380	QRC97382.1	hypothetical protein
JI435_088390	QRC97381.1	chloride channel protein
JI435_088400	QRC97380.1	GMP synthase
JI435_088410	QRC97379.1	tubulin-binding protein BCP1
JI435_088420	QRC97378.1	cytochrome b-c1 complex subunit Rieske
JI435_088440	QRC97377.1	hypothetical protein
JI435_088460	QRC97376.1	dynein heavy chain
JI435_088470	QRC97375.1	hypothetical protein
JI435_088480	QRC97374.1	hypothetical protein
JI435_088490	QRC97373.1	hypothetical protein
JI435_088510	QRC97371.1	hypothetical protein
JI435_088520	QRC97369.1	hypothetical protein
JI435_088530	QRC97368.1	hypothetical protein
JI435_088540	QRC97367.1	hypothetical protein
JI435_088550	QRC97366.1	hypothetical protein
JI435_088570	QRC97364.1	hypothetical protein
JI435_088580	QRC97363.1	hypothetical protein
JI435_088590	QRC97362.1	hypothetical protein
JI435_088600	QRC97360.1	hypothetical protein
JI435_088610	QRC97358.1	hypothetical protein
JI435_088620	QRC97357.1	hypothetical protein
JI435_088630	QRC97356.1	hypothetical protein
JI435_088640	QRC97354.1	dipeptidase
JI435_088650	QRC97353.1	hypothetical protein
JI435_088670	QRC97351.1	hypothetical protein
JI435_088680	QRC97350.1	hypothetical protein
JI435_088690	QRC97349.1	hypothetical protein
JI435_088700	QRC97348.1	hypothetical protein
JI435_088710	QRC97347.1	hypothetical protein
JI435_088720	QRC97346.1	hypothetical protein
JI435_088740	QRC97343.1	hypothetical protein
JI435_088750	QRC97342.1	hypothetical protein
JI435_088760	QRC97340.1	hypothetical protein
JI435_088770	QRC97339.1	hypothetical protein
JI435_088780	QRC97338.1	hypothetical protein
JI435_088800	QRC97336.1	hypothetical protein
JI435_088820	QRC97334.1	hypothetical protein
JI435_088830	QRC97333.1	hypothetical protein
JI435_088850	QRC97332.1	hypothetical protein
JI435_088860	QRC97331.1	hypothetical protein
JI435_088870	QRC97330.1	hypothetical protein
JI435_088880	QRC97329.1	hypothetical protein
JI435_088890	QRC97328.1	hypothetical protein
JI435_088900	QRC97327.1	hypothetical protein
JI435_088910	QRC97326.1	hypothetical protein
JI435_088920	QRC97325.1	hypothetical protein
JI435_088930	QRC97324.1	hypothetical protein
JI435_088940	QRC97323.1	hypothetical protein
JI435_088950	QRC97322.1	hypothetical protein
JI435_088960	QRC97321.1	hypothetical protein
JI435_088980	QRC97320.1	hypothetical protein
JI435_088990	QRC97317.1	hypothetical protein
JI435_089000	QRC97316.1	hypothetical protein
JI435_089010	QRC97315.1	hypothetical protein
JI435_089020	QRC97314.1	hypothetical protein
JI435_089030	QRC97313.1	hypothetical protein
JI435_089040	QRC97312.1	hypothetical protein
JI435_089060	QRC97311.1	hypothetical protein
JI435_089070	QRC97310.1	hypothetical protein
JI435_089080	QRC97309.1	hypothetical protein
JI435_089090	QRC97308.1	hypothetical protein
JI435_089110	QRC97307.1	hypothetical protein
JI435_089120	QRC97306.1	hypothetical protein
JI435_089130	QRC97305.1	hypothetical protein
JI435_089150	QRC97303.1	hypothetical protein
JI435_089160	QRC97302.1	hypothetical protein
JI435_089170	QRC97301.1	hypothetical protein
JI435_089180	QRC97300.1	hypothetical protein
JI435_089200	QRC97299.1	hypothetical protein
JI435_089210	QRC97297.1	hypothetical protein
JI435_089230	QRC97296.1	hypothetical protein
JI435_089240	QRC97294.1	hypothetical protein
JI435_089260	QRC97292.1	hypothetical protein
JI435_089270	QRC97291.1	hypothetical protein
JI435_089280	QRC97289.1	hypothetical protein
JI435_089300	QRC97288.1	hypothetical protein
JI435_089310	QRC97287.1	hypothetical protein
JI435_089320	QRC97286.1	hypothetical protein
JI435_089330	QRC97285.1	hypothetical protein
JI435_089350	QRC97283.1	hypothetical protein
JI435_089370	QRC97282.1	hypothetical protein
JI435_089380	QRC97281.1	hypothetical protein
JI435_089390	QRC97280.1	hypothetical protein
JI435_089400	QRC97279.1	hypothetical protein
JI435_089410	QRC97278.1	hypothetical protein
JI435_089420	QRC97277.1	hypothetical protein
JI435_089440	QRC97274.1	peptide hydrolase
JI435_089450	QRC97271.1	kinetochore protein NUF2
JI435_089460	QRC97270.1	hypothetical protein
JI435_089480	QRC97267.1	hypothetical protein
JI435_089490	QRC97265.1	ammonium transporter
JI435_089500	QRC97262.1	hypothetical protein
JI435_089510	QRC97261.1	peroxin
JI435_089520	QRC97259.1	hypothetical protein
JI435_089540	QRC97257.1	hypothetical protein
JI435_089550	QRC97255.1	isopentenyl-diphosphate Delta-isomerase
JI435_089560	QRC97254.1	homocitrate synthase
JI435_089570	QRC97252.1	hypothetical protein
JI435_089580	QRC97251.1	hypothetical protein
JI435_089600	QRC97250.1	hypothetical protein
JI435_089610	QRC97248.1	hypothetical protein
JI435_089620	QRC97247.1	hypothetical protein
JI435_089640	QRC97245.1	hypothetical protein
JI435_089650	QRC97242.1	hypothetical protein
JI435_089660	QRC97241.1	NADH dehydrogenase
JI435_089670	QRC97239.1	hypothetical protein
JI435_089680	QRC97238.1	hypothetical protein
JI435_089700	QRC97236.1	hypothetical protein
JI435_089710	QRC97235.1	hypothetical protein
JI435_089730	QRC97234.1	hypothetical protein
JI435_089740	QRC97233.1	hypothetical protein
JI435_089750	QRC97232.1	hypothetical protein
JI435_089770	QRC97231.1	hypothetical protein
JI435_089780	QRC97230.1	hypothetical protein
JI435_089800	QRC97229.1	spindle pole body subunit
JI435_089810	QRD00412.1	necrotrophic effector SnTox3 isoform B
JI435_089820	QRD00414.1	protein disulfide-isomerase
JI435_089830	QRD00415.1	hypothetical protein
JI435_089840	QRD00416.1	hypothetical protein
JI435_089850	QRD00417.1	hypothetical protein
JI435_089870	QRD00418.1	hypothetical protein
JI435_089890	QRD00420.1	hypothetical protein
JI435_089900	QRD00421.1	pre-mRNA-splicing factor CWC2
JI435_089910	QRD00423.1	hypothetical protein
JI435_089920	QRD00424.1	hypothetical protein
JI435_089930	QRD00426.1	hypothetical protein
JI435_089940	QRD00427.1	hypothetical protein
JI435_089950	QRD00428.1	hypothetical protein
JI435_089960	QRD00429.1	hypothetical protein
JI435_089970	QRD00431.1	hypothetical protein
JI435_089980	QRD00432.1	hypothetical protein
JI435_089990	QRD00433.1	hypothetical protein
JI435_090000	QRD00434.1	hypothetical protein
JI435_090010	QRD00435.1	hypothetical protein
JI435_090020	QRD00436.1	hypothetical protein
JI435_090030	QRD00437.1	hypothetical protein
JI435_090040	QRD00438.1	hypothetical protein
JI435_090060	QRD00440.1	hypothetical protein
JI435_090070	QRD00441.1	hypothetical protein
JI435_090080	QRD00444.1	hypothetical protein
JI435_090090	QRD00445.1	hypothetical protein
JI435_090110	QRD00447.1	25S rRNA adenine-N(1) methyltransferase
JI435_090120	QRD00448.1	hypothetical protein
JI435_090130	QRD00449.1	mitochondrial import inner membrane translocase subunit
JI435_090140	QRD00450.1	hypothetical protein
JI435_090160	QRD00451.1	hypothetical protein
JI435_090170	QRD00452.1	hypothetical protein
JI435_090180	QRD00453.1	hypothetical protein
JI435_090190	QRD00454.1	hypothetical protein
JI435_090200	QRD00455.1	hypothetical protein
JI435_090210	QRD00456.1	hypothetical protein
JI435_090220	QRD00458.1	hypothetical protein
JI435_090230	QRD00459.1	hypothetical protein
JI435_090240	QRD00460.1	purine nucleoside phosphorylase
JI435_090250	QRD00461.1	hypothetical protein
JI435_090260	QRD00462.1	hypothetical protein
JI435_090270	QRD00464.1	malate dehydrogenase
JI435_090280	QRD00465.1	hypothetical protein
JI435_090300	QRD00467.1	hypothetical protein
JI435_090310	QRD00468.1	hypothetical protein
JI435_090320	QRD00469.1	hypothetical protein
JI435_090330	QRD00470.1	hypothetical protein
JI435_090340	QRD00471.1	hypothetical protein
JI435_090350	QRD00473.1	hypothetical protein
JI435_090360	QRD00474.1	hypothetical protein
JI435_090370	QRD00475.1	hypothetical protein
JI435_090380	QRD00476.1	hypothetical protein
JI435_090390	QRD00479.1	hypothetical protein
JI435_090400	QRD00481.1	hypothetical protein
JI435_090410	QRD00483.1	hypothetical protein
JI435_090420	QRD00484.1	hypothetical protein
JI435_090430	QRD00485.1	hypothetical protein
JI435_090440	QRD00486.1	hypothetical protein
JI435_090450	QRD00487.1	hypothetical protein
JI435_090460	QRD00489.1	hypothetical protein
JI435_090470	QRD00490.1	hypothetical protein
JI435_090480	QRD00491.1	hypothetical protein
JI435_090490	QRD00492.1	hypothetical protein
JI435_090500	QRD00493.1	derlin
JI435_090510	QRD00494.1	hypothetical protein
JI435_090520	QRD00495.1	hypothetical protein
JI435_090530	QRD00496.1	hypothetical protein
JI435_090540	QRD00497.1	cation-transporting ATPase
JI435_090550	QRD00498.1	hypothetical protein
JI435_090560	QRD00499.1	hypothetical protein
JI435_090570	QRD00500.1	hypothetical protein
JI435_090580	QRD00501.1	hypothetical protein
JI435_090590	QRD00503.1	hypothetical protein
JI435_090600	QRD00505.1	hypothetical protein
JI435_090610	QRD00506.1	hypothetical protein
JI435_090620	QRD00507.1	hypothetical protein
JI435_090630	QRD00508.1	hypothetical protein
JI435_090660	QRD00510.1	hypothetical protein
JI435_090670	QRD00511.1	hypothetical protein
JI435_090680	QRD00512.1	hypothetical protein
JI435_090690	QRD00513.1	hypothetical protein
JI435_090700	QRD00515.1	E2 ubiquitin-conjugating enzyme
JI435_090710	QRD00516.1	hypothetical protein
JI435_090730	QRD00518.1	hypothetical protein
JI435_090740	QRD00519.1	hypothetical protein
JI435_090750	QRD00520.1	hypothetical protein
JI435_090770	QRD00521.1	hypothetical protein
JI435_090800	QRD00522.1	hypothetical protein
JI435_090810	QRD00523.1	hypothetical protein
JI435_090830	QRD00524.1	hypothetical protein
JI435_090840	QRD00525.1	hypothetical protein
JI435_090850	QRD00526.1	hypothetical protein
JI435_090860	QRD00527.1	hypothetical protein
JI435_090870	QRD00529.1	hypothetical protein
JI435_090880	QRD00530.1	hypothetical protein
JI435_090890	QRD00533.1	hypothetical protein
JI435_090900	QRD00534.1	hypothetical protein
JI435_090910	QRD00535.1	hypothetical protein
JI435_090920	QRD00536.1	hypothetical protein
JI435_090930	QRD00537.1	hypothetical protein
JI435_090940	QRD00538.1	hypothetical protein
JI435_090950	QRD00539.1	hypothetical protein
JI435_090970	QRD00540.1	hypothetical protein
JI435_090990	QRD00542.1	hypothetical protein
JI435_091000	QRD00543.1	tryptophan--tRNA (Trp) ligase
JI435_091010	QRD00544.1	hypothetical protein
JI435_091020	QRD00545.1	hypothetical protein
JI435_091030	QRD00546.1	hypothetical protein
JI435_091040	QRD00547.1	hypothetical protein
JI435_091050	QRD00548.1	hypothetical protein
JI435_091060	QRD00549.1	hypothetical protein
JI435_091070	QRD00550.1	hypothetical protein
JI435_091080	QRD00551.1	hypothetical protein
JI435_091090	QRD00552.1	hypothetical protein
JI435_091100	QRD00554.1	hypothetical protein
JI435_091120	QRD00555.1	hypothetical protein
JI435_091130	QRD00556.1	hypothetical protein
JI435_091140	QRD00557.1	hypothetical protein
JI435_091150	QRD00558.1	hypothetical protein
JI435_091160	QRD00560.1	exocyst complex component Sec8
JI435_091170	QRD00561.1	hypothetical protein
JI435_091180	QRD00562.1	hypothetical protein
JI435_091190	QRD00563.1	hypothetical protein
JI435_091200	QRD00564.1	hypothetical protein
JI435_091210	QRD00565.1	hypothetical protein
JI435_091220	QRD00566.1	hypothetical protein
JI435_091230	QRD00567.1	hypothetical protein
JI435_091240	QRD00568.1	hypothetical protein
JI435_091250	QRD00569.1	hypothetical protein
JI435_091260	QRD00570.1	hypothetical protein
JI435_091280	QRD00571.1	hypothetical protein
JI435_091290	QRD00572.1	hypothetical protein
JI435_091300	QRD00574.1	hypothetical protein
JI435_091310	QRD00575.1	hypothetical protein
JI435_091320	QRD00576.1	hypothetical protein
JI435_091330	QRD00577.1	hypothetical protein
JI435_091350	QRD00579.1	hypothetical protein
JI435_091360	QRD00580.1	hypothetical protein
JI435_091370	QRD00581.1	hypothetical protein
JI435_091380	QRD00582.1	hypothetical protein
JI435_091420	QRD00584.1	hypothetical protein
JI435_091430	QRD00585.1	hypothetical protein
JI435_091440	QRD00586.1	diadenosine tetraphosphate synthetase
JI435_091450	QRD00587.1	hypothetical protein
JI435_091460	QRD00589.1	hypothetical protein
JI435_091470	QRD00590.1	hypothetical protein
JI435_091480	QRD00592.1	hypothetical protein
JI435_091490	QRD00593.1	poly-A-specific ribonuclease
JI435_091500	QRD00595.1	decapping nuclease isoform A
JI435_091510	QRD00596.1	hypothetical protein
JI435_091550	QRD00598.1	hypothetical protein
JI435_091560	QRD00599.1	hypothetical protein
JI435_091570	QRD00601.1	hypothetical protein
JI435_091580	QRD00602.1	hypothetical protein
JI435_091590	QRD00605.1	hypothetical protein
JI435_091600	QRD00611.1	hypothetical protein
JI435_091620	QRD00613.1	hypothetical protein
JI435_091630	QRD00614.1	hypothetical protein
JI435_091720	QRD00625.1	hypothetical protein
JI435_091740	QRD00626.1	hypothetical protein
JI435_091760	QRD00627.1	hypothetical protein
JI435_091770	QRD00628.1	hypothetical protein
JI435_091780	QRD00629.1	hypothetical protein
JI435_091790	QRD00630.1	hypothetical protein
JI435_091800	QRD00631.1	hypothetical protein
JI435_091830	QRD00633.1	hypothetical protein
JI435_091840	QRD00635.1	hypothetical protein
JI435_091850	QRD00636.1	hypothetical protein
JI435_091860	QRD00637.1	hypothetical protein
JI435_091880	QRD00639.1	hypothetical protein
JI435_091890	QRD00640.1	hypothetical protein
JI435_091900	QRD00641.1	hypothetical protein
JI435_091910	QRD00642.1	hypothetical protein
JI435_091920	QRD00643.1	hypothetical protein
JI435_091930	QRD00644.1	hypothetical protein
JI435_091940	QRD00645.1	hypothetical protein
JI435_091950	QRD00649.1	hypothetical protein
JI435_091960	QRD00650.1	hypothetical protein
JI435_091970	QRD00651.1	trafficking protein particle complex subunit
JI435_091980	QRD00652.1	hypothetical protein
JI435_091990	QRD00653.1	hypothetical protein
JI435_092020	QRD00654.1	hypothetical protein
JI435_092030	QRD00656.1	hypothetical protein
JI435_092050	QRD00658.1	hypothetical protein
JI435_092060	QRD00660.1	hypothetical protein
JI435_092070	QRD00661.1	hypothetical protein
JI435_092080	QRD00662.1	hypothetical protein
JI435_092090	QRD00663.1	hypothetical protein
JI435_092100	QRD00664.1	hypothetical protein
JI435_092110	QRD00665.1	non-specific serine/threonine protein kinase
JI435_092120	QRD00666.1	hypothetical protein
JI435_092130	QRD00667.1	hypothetical protein
JI435_092140	QRD00668.1	hypothetical protein
JI435_092150	QRD00669.1	hypothetical protein
JI435_092160	QRD00670.1	hypothetical protein
JI435_092170	QRD00671.1	hypothetical protein
JI435_092180	QRD00673.1	hypothetical protein
JI435_092190	QRD00674.1	hypothetical protein
JI435_092200	QRD00675.1	hypothetical protein
JI435_092210	QRD00677.1	histone H2A.Z
JI435_092220	QRD00678.1	hypothetical protein
JI435_092230	QRD00679.1	1,2-dihydroxy-3-keto-5-methylthiopentene dioxygenase
JI435_092240	QRD00680.1	hypothetical protein
JI435_092250	QRD00681.1	GDP-mannose transporter
JI435_092260	QRD00683.1	hypothetical protein
JI435_092270	QRD00685.1	hypothetical protein
JI435_092280	QRD00686.1	hypothetical protein
JI435_092290	QRD00688.1	hypothetical protein
JI435_092310	QRD00689.1	hypothetical protein
JI435_092320	QRD00690.1	chromatin-remodeling ATPase INO80
JI435_092330	QRD00691.1	hypothetical protein
JI435_092340	QRD00692.1	hypothetical protein
JI435_092350	QRD00693.1	hypothetical protein
JI435_092360	QRD00694.1	ADP-ribose phosphatase
JI435_092370	QRD00695.1	hypothetical protein
JI435_092380	QRD00697.1	hypothetical protein
JI435_092390	QRD00699.1	hypothetical protein
JI435_092400	QRD00700.1	hypothetical protein
JI435_092410	QRD00701.1	hypothetical protein
JI435_092420	QRD00702.1	hypothetical protein
JI435_092440	QRD00703.1	hypothetical protein
JI435_092450	QRD00704.1	hypothetical protein
JI435_092460	QRD00705.1	hypothetical protein
JI435_092470	QRD00707.1	hypothetical protein
JI435_092480	QRD00708.1	hypothetical protein
JI435_092490	QRD00709.1	hypothetical protein
JI435_092500	QRD00710.1	hypothetical protein
JI435_092520	QRD00712.1	hypothetical protein
JI435_092560	QRD00715.1	non-specific serine/threonine protein kinase
JI435_092570	QRD00718.1	hypothetical protein
JI435_092580	QRD00719.1	hypothetical protein
JI435_092610	QRD00721.1	hypothetical protein
JI435_092620	QRD00722.1	hypothetical protein
JI435_092630	QRD00723.1	hypothetical protein
JI435_092650	QRD00724.1	hypothetical protein
JI435_092670	QRD00727.1	hypothetical protein
JI435_092680	QRD00728.1	H/ACA ribonucleoprotein complex subunit CBF5
JI435_092700	QRD00730.1	hypothetical protein
JI435_092720	QRD00731.1	hypothetical protein
JI435_092740	QRD00734.1	hypothetical protein
JI435_092760	QRD00735.1	hypothetical protein
JI435_092770	QRD00736.1	chitinase
JI435_092780	QRD00737.1	hypothetical protein
JI435_092790	QRD00738.1	hypothetical protein
JI435_092800	QRD00740.1	hypothetical protein
JI435_092810	QRD00742.1	hypothetical protein
JI435_092820	QRD00745.1	hypothetical protein
JI435_092830	QRD00747.1	hypothetical protein
JI435_092860	QRD00751.1	hypothetical protein
JI435_092870	QRD00752.1	hypothetical protein
JI435_092880	QRD00753.1	hypothetical protein
JI435_092890	QRD00754.1	hypothetical protein
JI435_092900	QRD00755.1	hypothetical protein
JI435_092910	QRD00756.1	hypothetical protein
JI435_092920	QRD00757.1	hypothetical protein
JI435_092930	QRD00759.1	hypothetical protein
JI435_092940	QRD00760.1	hypothetical protein
JI435_092960	QRD00762.1	hypothetical protein
JI435_092970	QRD00763.1	hypothetical protein
JI435_092990	QRD00764.1	hypothetical protein
JI435_093000	QRD00765.1	hypothetical protein
JI435_093010	QRD00766.1	hypothetical protein
JI435_093020	QRD00768.1	hypothetical protein
JI435_093030	QRD00769.1	hypothetical protein
JI435_093040	QRD00770.1	hypothetical protein
JI435_093050	QRD00771.1	hypothetical protein
JI435_093060	QRD00772.1	hypothetical protein
JI435_093080	QRD00774.1	hypothetical protein
JI435_093090	QRD00775.1	hypothetical protein
JI435_093100	QRD00776.1	hypothetical protein
JI435_093110	QRD00777.1	hypothetical protein
JI435_093120	QRD00778.1	hypothetical protein
JI435_093130	QRD00779.1	amidase
JI435_093140	QRD00780.1	ATP-dependent RNA helicase
JI435_093150	QRD00781.1	hypothetical protein
JI435_093170	QRD00782.1	hypothetical protein
JI435_093210	QRD00785.1	hypothetical protein
JI435_093220	QRD00787.1	hypothetical protein
JI435_093230	QRD00789.1	exocyst complex component SEC15
JI435_093240	QRD00790.1	hypothetical protein
JI435_093250	QRD00791.1	hypothetical protein
JI435_093260	QRD00792.1	phospholipase
JI435_093270	QRD00793.1	GPI ethanolamine phosphate transferase 2
JI435_093280	QRD00794.1	hypothetical protein
JI435_093290	QRD00795.1	hypothetical protein
JI435_093300	QRD00796.1	Xaa-Pro aminopeptidase P
JI435_093310	QRD00798.1	pyridoxal 5'-phosphate synthase
JI435_093320	QRD00799.1	E3 ubiquitin ligase complex SCF subunit
JI435_093330	QRD00800.1	mannosyltransferase
JI435_093340	QRD00801.1	CDP-diacylglycerol--glycerol-3-phosphate 3-phosphatidyltransferase
JI435_093350	QRD00802.1	NADH dehydrogenase 1 alpha subcomplex subunit
JI435_093360	QRD00803.1	hypothetical protein
JI435_093370	QRD00804.1	hypothetical protein
JI435_093380	QRD00805.1	hypothetical protein
JI435_093390	QRD00806.1	hypothetical protein
JI435_093400	QRD00807.1	hypothetical protein
JI435_093420	QRD00810.1	hypothetical protein
JI435_093430	QRD00812.1	hypothetical protein
JI435_093440	QRD00815.1	hypothetical protein
JI435_093450	QRD00816.1	hypothetical protein
JI435_093460	QRD00817.1	hypothetical protein
JI435_093470	QRD00819.1	hypothetical protein
JI435_093480	QRD00821.1	hypothetical protein
JI435_093490	QRD00822.1	hypothetical protein
JI435_093500	QRD00823.1	hypothetical protein
JI435_093510	QRD00824.1	hypothetical protein
JI435_093520	QRD00826.1	hypothetical protein
JI435_093530	QRD00829.1	hypothetical protein
JI435_093540	QRD00830.1	glutathione synthetase
JI435_093550	QRD00831.1	hypothetical protein
JI435_093570	QRD00832.1	5-aminolevulinate synthase Als1
JI435_093580	QRD00833.1	THO complex subunit 2
JI435_093600	QRD00836.1	hypothetical protein
JI435_093610	QRD00837.1	hypothetical protein
JI435_093620	QRD00838.1	hypothetical protein
JI435_093640	QRD00840.1	hypothetical protein
JI435_093650	QRD00841.1	feruloyl esterase
JI435_093670	QRD00842.1	hypothetical protein
JI435_093680	QRD00844.1	hypothetical protein
JI435_093690	QRD00845.1	imidazoleglycerol-phosphate dehydratase
JI435_093700	QRD00846.1	hypothetical protein
JI435_093710	QRD00847.1	hypothetical protein
JI435_093720	QRD00848.1	hypothetical protein
JI435_093730	QRD00849.1	hypothetical protein
JI435_093750	QRD00850.1	arginine biosynthesis bifunctional protein ArgJ
JI435_093770	QRD00852.1	hypothetical protein
JI435_093780	QRD00853.1	hypothetical protein
JI435_093790	QRD00855.1	hypothetical protein
JI435_093800	QRD00856.1	hypothetical protein
JI435_093810	QRD00857.1	hypothetical protein
JI435_093830	QRD00859.1	hypothetical protein
JI435_093840	QRD00860.1	hypothetical protein
JI435_093850	QRD00861.1	hypothetical protein
JI435_093870	QRD00862.1	hypothetical protein
JI435_093880	QRD00863.1	hypothetical protein
JI435_093890	QRD00864.1	hypothetical protein
JI435_093900	QRD00865.1	glycinamide ribonucleotide synthetase
JI435_093910	QRD00866.1	hypothetical protein
JI435_093920	QRD00867.1	hypothetical protein
JI435_093930	QRD00868.1	hypothetical protein
JI435_093940	QRD00869.1	hypothetical protein
JI435_093950	QRD00870.1	hypothetical protein
JI435_093960	QRD00871.1	hypothetical protein
JI435_093980	QRD00872.1	hypothetical protein
JI435_094020	QRD00875.1	hypothetical protein
JI435_094030	QRD00876.1	hypothetical protein
JI435_094040	QRD00877.1	hypothetical protein
JI435_094050	QRD00878.1	aspartokinase
JI435_094060	QRD00879.1	hypothetical protein
JI435_094070	QRD00880.1	hypothetical protein
JI435_094080	QRD00881.1	hypothetical protein
JI435_094090	QRD00882.1	hypothetical protein
JI435_094100	QRD00883.1	hypothetical protein
JI435_094110	QRD00884.1	hypothetical protein
JI435_094120	QRD00885.1	hypothetical protein
JI435_094130	QRD00886.1	hypothetical protein
JI435_094140	QRD00887.1	hypothetical protein
JI435_094150	QRD00888.1	D-3-phosphoglycerate dehydrogenase
JI435_094160	QRD00890.1	glucose-6-phosphate 1-dehydrogenase
JI435_094170	QRD00892.1	hypothetical protein
JI435_094180	QRD00894.1	hypothetical protein
JI435_094190	QRD00895.1	hypothetical protein
JI435_094200	QRD00897.1	adenylate kinase isoenzyme 6-like protein
JI435_094210	QRD00898.1	inosine triphosphate pyrophosphatase
JI435_094220	QRD00899.1	hypothetical protein
JI435_094230	QRD00900.1	40S ribosomal protein RPS1
JI435_094240	QRD00902.1	hypothetical protein
JI435_094250	QRD00904.1	hypothetical protein
JI435_094260	QRD00905.1	transcription elongation factor 1
JI435_094270	QRD00906.1	hypothetical protein
JI435_094280	QRD00907.1	hypothetical protein
JI435_094290	QRD00908.1	hypothetical protein
JI435_094300	QRD00910.1	serine--tRNA (Ser) ligase
JI435_094320	QRD00911.1	hypothetical protein
JI435_094330	QRD00912.1	hypothetical protein
JI435_094340	QRD00913.1	hypothetical protein
JI435_094350	QRD00914.1	hypothetical protein
JI435_094360	QRD00915.1	hypothetical protein
JI435_094370	QRD00916.1	hypothetical protein
JI435_094380	QRD00917.1	amine oxidase
JI435_094390	QRD00918.1	hypothetical protein
JI435_094400	QRD00919.1	hypothetical protein
JI435_094410	QRD00920.1	hypothetical protein
JI435_094420	QRD00921.1	hypothetical protein
JI435_094430	QRD00922.1	hypothetical protein
JI435_094440	QRD00923.1	hypothetical protein
JI435_094450	QRD00924.1	hypothetical protein
JI435_094460	QRC90020.1	hypothetical protein
JI435_094470	QRC90021.1	hypothetical protein
JI435_094490	QRC90022.1	hypothetical protein
JI435_094500	QRC90023.1	hypothetical protein
JI435_094510	QRC90024.1	hypothetical protein
JI435_094520	QRC90026.1	hypothetical protein
JI435_094530	QRC90027.1	hypothetical protein
JI435_094560	QRC90028.1	hypothetical protein
JI435_094570	QRC90029.1	hypothetical protein
JI435_094580	QRC90031.1	peptidylprolyl isomerase
JI435_094590	QRC90032.1	hypothetical protein
JI435_094600	QRC90033.1	hypothetical protein
JI435_094610	QRC90035.1	hypothetical protein
JI435_094620	QRC90037.1	hypothetical protein
JI435_094630	QRC90038.1	hypothetical protein
JI435_094640	QRC90039.1	hypothetical protein
JI435_094660	QRC90040.1	hypothetical protein
JI435_094680	QRC90042.1	hypothetical protein
JI435_094690	QRC90043.1	hypothetical protein
JI435_094700	QRC90044.1	hypothetical protein
JI435_094720	QRC90047.1	hypothetical protein
JI435_094730	QRC90049.1	hypothetical protein
JI435_094740	QRC90051.1	hypothetical protein
JI435_094750	QRC90052.1	general transcription and DNA repair factor IIH helicase subunit XPD
JI435_094760	QRC90053.1	E3 ubiquitin protein ligase listerin
JI435_094770	QRC90056.1	hypothetical protein
JI435_094780	QRC90057.1	hypothetical protein
JI435_094800	QRC90059.1	hypothetical protein
JI435_094810	QRC90060.1	hypothetical protein
JI435_094820	QRC90061.1	hypothetical protein
JI435_094830	QRC90062.1	hypothetical protein
JI435_094840	QRC90064.1	hypothetical protein
JI435_094850	QRC90066.1	hypothetical protein
JI435_094860	QRC90067.1	hypothetical protein
JI435_094870	QRC90068.1	hypothetical protein
JI435_094880	QRC90069.1	hypothetical protein
JI435_094900	QRC90072.1	hypothetical protein
JI435_094930	QRC90073.1	hypothetical protein
JI435_094940	QRC90074.1	hypothetical protein
JI435_094950	QRC90075.1	hypothetical protein
JI435_094960	QRC90076.1	hypothetical protein
JI435_094980	QRC90080.1	hypothetical protein
JI435_094990	QRC90081.1	hypothetical protein
JI435_095000	QRC90082.1	hypothetical protein
JI435_095020	QRC90084.1	hypothetical protein
JI435_095030	QRC90085.1	hypothetical protein
JI435_095050	QRC90086.1	hypothetical protein
JI435_095060	QRC90087.1	hypothetical protein
JI435_095080	QRC90088.1	hypothetical protein
JI435_095090	QRC90090.1	hypothetical protein
JI435_095100	QRC90092.1	hypothetical protein
JI435_095120	QRC90093.1	hypothetical protein
JI435_095130	QRC90095.1	hypothetical protein
JI435_095150	QRC90096.1	hypothetical protein
JI435_095160	QRC90097.1	hypothetical protein
JI435_095170	QRC90098.1	hypothetical protein
JI435_095180	QRC90099.1	hypothetical protein
JI435_095190	QRC90100.1	hypothetical protein
JI435_095200	QRC90101.1	hypothetical protein
JI435_095210	QRC90103.1	hypothetical protein
JI435_095220	QRC90104.1	hypothetical protein
JI435_095230	QRC90105.1	hypothetical protein
JI435_095240	QRC90106.1	mannan endo-1,6-alpha-mannosidase
JI435_095250	QRC90108.1	hypothetical protein
JI435_095260	QRC90109.1	hypothetical protein
JI435_095270	QRC90110.1	hypothetical protein
JI435_095280	QRC90111.1	hypothetical protein
JI435_095290	QRC90112.1	hypothetical protein
JI435_095300	QRC90113.1	hypothetical protein
JI435_095310	QRC90114.1	hypothetical protein
JI435_095320	QRC90115.1	hypothetical protein
JI435_095330	QRC90116.1	hypothetical protein
JI435_095340	QRC90118.1	hypothetical protein
JI435_095360	QRC90119.1	hypothetical protein
JI435_095370	QRC90120.1	hypothetical protein
JI435_095380	QRC90121.1	lysyl--tRNA (Lys) ligase
JI435_095390	QRC90124.1	hypothetical protein
JI435_095400	QRC90125.1	hypothetical protein
JI435_095410	QRC90126.1	hypothetical protein
JI435_095420	QRC90127.1	hypothetical protein
JI435_095430	QRC90128.1	hypothetical protein
JI435_095440	QRC90130.1	hypothetical protein
JI435_095450	QRC90131.1	hypothetical protein
JI435_095460	QRC90132.1	ER membrane protein complex subunit 1
JI435_095470	QRC90135.1	hypothetical protein
JI435_095490	QRC90140.1	hypothetical protein
JI435_095500	QRC90143.1	hypothetical protein
JI435_095510	QRC90145.1	hypothetical protein
JI435_095520	QRC90147.1	hypothetical protein
JI435_095530	QRC90149.1	hypothetical protein
JI435_095550	QRC90150.1	hypothetical protein
JI435_095560	QRC90151.1	hypothetical protein
JI435_095570	QRC90152.1	hypothetical protein
JI435_095580	QRC90153.1	hypothetical protein
JI435_095630	QRC90157.1	hypothetical protein
JI435_095640	QRC90158.1	54S ribosomal protein MRPL31
JI435_095650	QRC90159.1	hypothetical protein
JI435_095660	QRC90160.1	hypothetical protein
JI435_095670	QRC90161.1	hypothetical protein
JI435_095680	QRC90162.1	hypothetical protein
JI435_095690	QRC90163.1	hypothetical protein
JI435_095700	QRC90164.1	beta-hexosaminidase isoform B
JI435_095710	QRC90166.1	hypothetical protein
JI435_095720	QRC90167.1	hypothetical protein
JI435_095730	QRC90168.1	hypothetical protein
JI435_095740	QRC90169.1	hypothetical protein
JI435_095750	QRC90170.1	hypothetical protein
JI435_095770	QRC90171.1	hypothetical protein
JI435_095800	QRC90174.1	hypothetical protein
JI435_095810	QRC90175.1	hypothetical protein
JI435_095820	QRC90176.1	hypothetical protein
JI435_095830	QRC90177.1	hypothetical protein
JI435_095840	QRC90178.1	inositol-pentakisphosphate 2-kinase
JI435_095850	QRC90179.1	hypothetical protein
JI435_095860	QRC90180.1	hypothetical protein
JI435_095870	QRC90181.1	hypothetical protein
JI435_095880	QRC90182.1	hypothetical protein
JI435_095890	QRC90183.1	hypothetical protein
JI435_095900	QRC90184.1	hypothetical protein
JI435_095910	QRC90185.1	hypothetical protein
JI435_095920	QRC90186.1	hypothetical protein
JI435_095930	QRC90187.1	hypothetical protein
JI435_095940	QRC90188.1	hypothetical protein
JI435_095950	QRC90189.1	hypothetical protein
JI435_095960	QRC90190.1	hypothetical protein
JI435_095970	QRC90191.1	glutaminase
JI435_095980	QRC90192.1	nuclear cap-binding protein subunit 2
JI435_095990	QRC90193.1	hypothetical protein
JI435_096000	QRC90194.1	hypothetical protein
JI435_096020	QRC90195.1	hypothetical protein
JI435_096030	QRC90196.1	glycosyltransferase family 20 protein Tps1
JI435_096040	QRC90198.1	hypothetical protein
JI435_096060	QRC90200.1	hypothetical protein
JI435_096070	QRC90201.1	coatomer subunit zeta
JI435_096080	QRC90202.1	hypothetical protein
JI435_096090	QRC90203.1	hypothetical protein
JI435_096100	QRC90204.1	hypothetical protein
JI435_096110	QRC90205.1	hypothetical protein
JI435_096130	QRC90207.1	hypothetical protein
JI435_096140	QRC90208.1	hypothetical protein
JI435_096160	QRC90209.1	hypothetical protein
JI435_096170	QRC90210.1	hypothetical protein
JI435_096180	QRC90211.1	hypothetical protein
JI435_096190	QRC90212.1	hypothetical protein
JI435_096200	QRC90213.1	hypothetical protein
JI435_096210	QRC90214.1	hypothetical protein
JI435_096220	QRC90215.1	hypothetical protein
JI435_096230	QRC90216.1	hypothetical protein
JI435_096240	QRC90217.1	hypothetical protein
JI435_096250	QRC90218.1	hypothetical protein
JI435_096260	QRC90219.1	hypothetical protein
JI435_096270	QRC90222.1	hypothetical protein
JI435_096290	QRC90224.1	hypothetical protein
JI435_096320	QRC90225.1	hypothetical protein
JI435_096330	QRC90226.1	hypothetical protein
JI435_096340	QRC90227.1	hypothetical protein
JI435_096350	QRC90228.1	hypothetical protein
JI435_096360	QRC90231.1	hypothetical protein
JI435_096370	QRC90232.1	hypothetical protein
JI435_096380	QRC90233.1	hypothetical protein
JI435_096390	QRC90234.1	hypothetical protein
JI435_096400	QRC90235.1	hypothetical protein
JI435_096410	QRC90236.1	hypothetical protein
JI435_096420	QRC90237.1	ubiquitin-40S ribosomal protein S27a
JI435_096430	QRC90238.1	hypothetical protein
JI435_096440	QRC90239.1	prohibitin
JI435_096450	QRC90240.1	DNA primase
JI435_096460	QRC90241.1	hypothetical protein
JI435_096480	QRC90242.1	hypothetical protein
JI435_096490	QRC90243.1	hypothetical protein
JI435_096500	QRC90244.1	endo-1,4-beta-xylanase
JI435_096520	QRC90245.1	hypothetical protein
JI435_096540	QRC90246.1	hypothetical protein
JI435_096550	QRC90247.1	hypothetical protein
JI435_096560	QRC90248.1	chitobiosyldiphosphodolichol beta-mannosyltransferase
JI435_096570	QRC90249.1	hypothetical protein
JI435_096590	QRC90250.1	hypothetical protein
JI435_096600	QRC90251.1	hypothetical protein
JI435_096610	QRC90252.1	phosphoribosylaminoimidazole carboxylase
JI435_096620	QRC90253.1	hypothetical protein
JI435_096630	QRC90255.1	hypothetical protein
JI435_096640	QRC90256.1	hypothetical protein
JI435_096650	QRC90257.1	glutamate-5-semialdehyde dehydrogenase
JI435_096670	QRC90258.1	hypothetical protein
JI435_096680	QRC90260.1	hypothetical protein
JI435_096710	QRC90263.1	hypothetical protein
JI435_096720	QRC90264.1	hypothetical protein
JI435_096740	QRC90265.1	hypothetical protein
JI435_096750	QRC90266.1	hypothetical protein
JI435_096760	QRC90267.1	hypothetical protein
JI435_096770	QRC90268.1	hypothetical protein
JI435_096780	QRC90269.1	hypothetical protein
JI435_096790	QRC90270.1	hypothetical protein
JI435_096800	QRC90272.1	NADH-cytochrome b5 reductase 1
JI435_096810	QRC90273.1	superoxide dismutase
JI435_096820	QRC90274.1	transaldolase
JI435_096840	QRC90276.1	hypothetical protein
JI435_096850	QRC90277.1	hypothetical protein
JI435_096860	QRC90278.1	1-acyl-sn-glycerol-3-phosphate acyltransferase
JI435_096870	QRC90279.1	hypothetical protein
JI435_096880	QRC90280.1	hypothetical protein
JI435_096900	QRC90283.1	hypothetical protein
JI435_096910	QRC90285.1	serine/threonine-protein kinase RIO1
JI435_096920	QRC90286.1	hypothetical protein
JI435_096930	QRC90287.1	hypothetical protein
JI435_096950	QRC90289.1	hypothetical protein
JI435_096970	QRC90291.1	hypothetical protein
JI435_096980	QRC90292.1	hypothetical protein
JI435_097000	QRC90294.1	hypothetical protein
JI435_097010	QRC90295.1	chromatin organization and DNA repair-related protein YAF9-like protein
JI435_097020	QRC90296.1	hypothetical protein
JI435_097040	QRC90297.1	hypothetical protein
JI435_097050	QRC90298.1	hypothetical protein
JI435_097060	QRC90299.1	hypothetical protein
JI435_097070	QRC90301.1	hypothetical protein
JI435_097080	QRC90302.1	hypothetical protein
JI435_097090	QRC90303.1	hypothetical protein
JI435_097100	QRC90307.1	hypothetical protein
JI435_097110	QRC90308.1	hypothetical protein
JI435_097130	QRC90311.1	hypothetical protein
JI435_097140	QRC90312.1	hypothetical protein
JI435_097150	QRC90313.1	hypothetical protein
JI435_097170	QRC90314.1	hypothetical protein
JI435_097180	QRC90315.1	hypothetical protein
JI435_097190	QRC90316.1	hypothetical protein
JI435_097200	QRC90317.1	GPN-loop GTPase 3
JI435_097210	QRC90318.1	S-adenosylmethionine synthase
JI435_097220	QRC90319.1	hypothetical protein
JI435_097230	QRC90320.1	NAD-specific glutamate dehydrogenase
JI435_097250	QRC90322.1	hypothetical protein
JI435_097260	QRC90323.1	oligosaccharide translocation protein RFT1
JI435_097270	QRC90324.1	hypothetical protein
JI435_097280	QRC90325.1	hypothetical protein
JI435_097290	QRC90326.1	hypothetical protein
JI435_097300	QRC90327.1	hypothetical protein
JI435_097310	QRC90328.1	hypothetical protein
JI435_097320	QRC90329.1	amino acid transporter
JI435_097330	QRC90330.1	hypothetical protein
JI435_097340	QRC90333.1	hypothetical protein
JI435_097350	QRC90334.1	hypothetical protein
JI435_097360	QRC90335.1	hypothetical protein
JI435_097370	QRC90336.1	hypothetical protein
JI435_097380	QRC90337.1	hypothetical protein
JI435_097390	QRC90338.1	hypothetical protein
JI435_097400	QRC90339.1	hypothetical protein
JI435_097410	QRC90340.1	hypothetical protein
JI435_097420	QRC90341.1	hypothetical protein
JI435_097440	QRC90343.1	hypothetical protein
JI435_097450	QRC90344.1	hypothetical protein
JI435_097460	QRC90345.1	hypothetical protein
JI435_097470	QRC90346.1	hypothetical protein
JI435_097480	QRC90347.1	hypothetical protein
JI435_097490	QRC90348.1	hypothetical protein
JI435_097500	QRC90349.1	hypothetical protein
JI435_097510	QRC90350.1	hypothetical protein
JI435_097520	QRC90351.1	hypothetical protein
JI435_097530	QRC90352.1	hypothetical protein
JI435_097540	QRC90353.1	hypothetical protein
JI435_097550	QRC90354.1	hypothetical protein
JI435_097560	QRC90355.1	hypothetical protein
JI435_097570	QRC90356.1	hypothetical protein
JI435_097580	QRC90358.1	hypothetical protein
JI435_097590	QRC90359.1	hypothetical protein
JI435_097600	QRC90360.1	hypothetical protein
JI435_097610	QRC90361.1	hypothetical protein
JI435_097630	QRC90362.1	hypothetical protein
JI435_097640	QRC90363.1	hypothetical protein
JI435_097660	QRC90364.1	hypothetical protein
JI435_097670	QRC90365.1	hypothetical protein
JI435_097680	QRC90366.1	hypothetical protein
JI435_097690	QRC90367.1	hypothetical protein
JI435_097700	QRC90368.1	hypothetical protein
JI435_097720	QRC90369.1	hypothetical protein
JI435_097730	QRC90370.1	hypothetical protein
JI435_097740	QRC90371.1	hypothetical protein
JI435_097760	QRC90372.1	hypothetical protein
JI435_097770	QRC90373.1	hypothetical protein
JI435_097780	QRC90374.1	hypothetical protein
JI435_097790	QRC90375.1	hypothetical protein
JI435_097810	QRC90376.1	hypothetical protein
JI435_097840	QRC90378.1	hypothetical protein
JI435_097850	QRC90379.1	MYND-type zinc finger protein samB
JI435_097860	QRC90380.1	hypothetical protein
JI435_097870	QRC90381.1	hypothetical protein
JI435_097880	QRC90382.1	hypothetical protein
JI435_097890	QRC90383.1	hypothetical protein
JI435_097900	QRC90384.1	hypothetical protein
JI435_097910	QRC90385.1	EKC/KEOPS complex subunit
JI435_097920	QRC90386.1	hypothetical protein
JI435_097930	QRC90387.1	hypothetical protein
JI435_097940	QRC90388.1	hypothetical protein
JI435_097950	QRC90389.1	hypothetical protein
JI435_097960	QRC90391.1	hypothetical protein
JI435_097980	QRC90394.1	hypothetical protein
JI435_098000	QRC90395.1	hypothetical protein
JI435_098040	QRC90397.1	hypothetical protein
JI435_098050	QRC90398.1	hypothetical protein
JI435_098060	QRC90399.1	hypothetical protein
JI435_098070	QRC90400.1	hypothetical protein
JI435_098080	QRC90401.1	hypothetical protein
JI435_098090	QRC90403.1	malic enzyme
JI435_098100	QRC90404.1	hypothetical protein
JI435_098110	QRC90405.1	hypothetical protein
JI435_098130	QRC90406.1	hypothetical protein
JI435_098140	QRC90408.1	hypothetical protein
JI435_098170	QRC90410.1	hypothetical protein
JI435_098180	QRC90411.1	hypothetical protein
JI435_098190	QRC90412.1	hypothetical protein
JI435_098210	QRC90413.1	hypothetical protein
JI435_098220	QRC90414.1	hypothetical protein
JI435_098230	QRC90415.1	hypothetical protein
JI435_098240	QRC90416.1	hypothetical protein
JI435_098270	QRC90418.1	hypothetical protein
JI435_098280	QRC90419.1	hypothetical protein
JI435_098290	QRC90420.1	hypothetical protein
JI435_098300	QRC90421.1	3-hydroxy-3-methylglutaryl coenzyme A reductase
JI435_098310	QRC90423.1	hypothetical protein
JI435_098330	QRC90424.1	hypothetical protein
JI435_098340	QRC90425.1	hypothetical protein
JI435_098350	QRC90426.1	hypothetical protein
JI435_098360	QRC90427.1	hypothetical protein
JI435_098370	QRC90428.1	hypothetical protein
JI435_098390	QRC90430.1	hypothetical protein
JI435_098400	QRC90431.1	hypothetical protein
JI435_098420	QRC90432.1	hypothetical protein
JI435_098430	QRC90433.1	hypothetical protein
JI435_098440	QRC90434.1	hypothetical protein
JI435_098450	QRC90435.1	UTP--glucose-1-phosphate uridylyltransferase
JI435_098460	QRC90437.1	hypothetical protein
JI435_098480	QRC90438.1	hypothetical protein
JI435_098490	QRC90439.1	hypothetical protein
JI435_098500	QRC90440.1	hypothetical protein
JI435_098520	QRC90442.1	hypothetical protein
JI435_098530	QRC90443.1	hypothetical protein
JI435_098540	QRC90444.1	hypothetical protein
JI435_098550	QRC90445.1	hypothetical protein
JI435_098560	QRC90446.1	hypothetical protein
JI435_098570	QRC90447.1	hypothetical protein
JI435_098580	QRC90449.1	hypothetical protein
JI435_098590	QRC90450.1	hypothetical protein
JI435_098610	QRC90451.1	hypothetical protein
JI435_098640	QRC90452.1	hypothetical protein
JI435_098650	QRC90453.1	hypothetical protein
JI435_098660	QRC90454.1	hypothetical protein
JI435_098670	QRC90455.1	hypothetical protein
JI435_098680	QRC90456.1	hypothetical protein
JI435_098690	QRC90457.1	hypothetical protein
JI435_098700	QRC90458.1	hypothetical protein
JI435_098710	QRC90459.1	hypothetical protein
JI435_098720	QRC90460.1	hypothetical protein
JI435_098730	QRC90461.1	hypothetical protein
JI435_098740	QRC90462.1	hypothetical protein
JI435_098750	QRC90463.1	hypothetical protein
JI435_098760	QRC90464.1	hypothetical protein
JI435_098770	QRC90465.1	hypothetical protein
JI435_098780	QRC90466.1	hypothetical protein
JI435_098790	QRC90467.1	hypothetical protein
JI435_098800	QRC90468.1	hypothetical protein
JI435_098820	QRC90469.1	hypothetical protein
JI435_098840	QRC90470.1	hypothetical protein
JI435_098850	QRC90471.1	hypothetical protein
JI435_098860	QRC90472.1	hypothetical protein
JI435_098870	QRC90473.1	adenine phosphoribosyltransferase
JI435_098890	QRC90474.1	AIR synthase
JI435_098900	QRC90475.1	hypothetical protein
JI435_098910	QRC90476.1	hypothetical protein
JI435_098920	QRC90477.1	hypothetical protein
JI435_098930	QRC90478.1	hypothetical protein
JI435_098940	QRC90479.1	hypothetical protein
JI435_098950	QRC90480.1	hypothetical protein
JI435_098960	QRC90481.1	hypothetical protein
JI435_098970	QRC90482.1	hypothetical protein
JI435_098980	QRC90483.1	mannitol 2-dehydrogenase
JI435_098990	QRC90484.1	hypothetical protein
JI435_099000	QRC90485.1	hypothetical protein
JI435_099010	QRC90486.1	hypothetical protein
JI435_099020	QRC90487.1	hypothetical protein
JI435_099030	QRC90488.1	hypothetical protein
JI435_099040	QRC90489.1	hypothetical protein
JI435_099050	QRC90490.1	hypothetical protein
JI435_099090	QRD03140.1	hypothetical protein
JI435_099100	QRD03141.1	hypothetical protein
JI435_099110	QRD03142.1	hypothetical protein
JI435_099120	QRD03143.1	hypothetical protein
JI435_099130	QRD03144.1	hypothetical protein
JI435_099140	QRD03146.1	hypothetical protein
JI435_099150	QRD03147.1	hypothetical protein
JI435_099160	QRD03148.1	hypothetical protein
JI435_099170	QRD03149.1	hypothetical protein
JI435_099180	QRD03150.1	hypothetical protein
JI435_099190	QRD03151.1	hypothetical protein
JI435_099200	QRD03152.1	hypothetical protein
JI435_099210	QRD03153.1	hypothetical protein
JI435_099220	QRD03154.1	hypothetical protein
JI435_099230	QRD03155.1	hypothetical protein
JI435_099250	QRD03157.1	hypothetical protein
JI435_099260	QRD03159.1	hypothetical protein
JI435_099270	QRD03160.1	hypothetical protein
JI435_099280	QRD03161.1	hypothetical protein
JI435_099290	QRD03162.1	hypothetical protein
JI435_099300	QRD03163.1	hypothetical protein
JI435_099310	QRD03164.1	hypothetical protein
JI435_099320	QRD03165.1	hypothetical protein
JI435_099340	QRD03166.1	hypothetical protein
JI435_099350	QRD03167.1	hypothetical protein
JI435_099360	QRD03168.1	hypothetical protein
JI435_099370	QRD03169.1	hypothetical protein
JI435_099380	QRD03170.1	Ypt/Rab-type GTPase ypt7
JI435_099390	QRD03171.1	hypothetical protein
JI435_099400	QRD03172.1	hypothetical protein
JI435_099410	QRD03173.1	hypothetical protein
JI435_099420	QRD03174.1	hypothetical protein
JI435_099430	QRD03175.1	hypothetical protein
JI435_099440	QRD03176.1	phosphoinositide phospholipase
JI435_099460	QRD03177.1	hypothetical protein
JI435_099470	QRD03178.1	hypothetical protein
JI435_099490	QRD03179.1	hypothetical protein
JI435_099500	QRD03180.1	hypothetical protein
JI435_099510	QRD03181.1	hypothetical protein
JI435_099520	QRD03182.1	hypothetical protein
JI435_099550	QRD03183.1	hypothetical protein
JI435_099580	QRD03184.1	hypothetical protein
JI435_099600	QRD03186.1	hypothetical protein
JI435_099610	QRD03187.1	hypothetical protein
JI435_099620	QRD03188.1	MYND-type zinc finger protein samB
JI435_099630	QRD03189.1	hypothetical protein
JI435_099670	QRD03191.1	hypothetical protein
JI435_099680	QRD03192.1	hypothetical protein
JI435_099690	QRD03193.1	hypothetical protein
JI435_099700	QRD03194.1	hypothetical protein
JI435_099710	QRD03195.1	hypothetical protein
JI435_099720	QRD03196.1	hypothetical protein
JI435_099730	QRD03198.1	prohibitin
JI435_099740	QRD03201.1	hypothetical protein
JI435_099750	QRD03204.1	hypothetical protein
JI435_099770	QRD03205.1	hypothetical protein
JI435_099780	QRD03206.1	hypothetical protein
JI435_099800	QRD03207.1	hypothetical protein
JI435_099810	QRD03208.1	N-acetylglucosaminylphosphatidylinositol deacetylase
JI435_099820	QRD03211.1	hypothetical protein
JI435_099830	QRD03212.1	hypothetical protein
JI435_099840	QRD03214.1	hypothetical protein
JI435_099850	QRD03215.1	hypothetical protein
JI435_099860	QRD03216.1	hypothetical protein
JI435_099870	QRD03217.1	hypothetical protein
JI435_099880	QRD03218.1	hypothetical protein
JI435_099890	QRD03219.1	transferase CAF17
JI435_099900	QRD03220.1	hypothetical protein
JI435_099910	QRD03221.1	hypothetical protein
JI435_099920	QRD03222.1	hypothetical protein
JI435_099930	QRD03223.1	hypothetical protein
JI435_099940	QRD03224.1	hypothetical protein
JI435_099950	QRD03225.1	hypothetical protein
JI435_099960	QRD03226.1	hypothetical protein
JI435_099970	QRD03227.1	hypothetical protein
JI435_099980	QRD03228.1	hypothetical protein
JI435_099990	QRD03230.1	hypothetical protein
JI435_100010	QRD03231.1	hypothetical protein
JI435_100020	QRD03232.1	hypothetical protein
JI435_100030	QRD03233.1	hypothetical protein
JI435_100050	QRD03234.1	hypothetical protein
JI435_100060	QRD03236.1	hypothetical protein
JI435_100070	QRD03237.1	hypothetical protein
JI435_100080	QRD03239.1	hypothetical protein
JI435_100090	QRD03240.1	hypothetical protein
JI435_100130	QRD03244.1	hypothetical protein
JI435_100140	QRD03245.1	hypothetical protein
JI435_100150	QRD03246.1	hypothetical protein
JI435_100160	QRD03247.1	hypothetical protein
JI435_100180	QRD03249.1	hypothetical protein
JI435_100200	QRD03250.1	hypothetical protein
JI435_100210	QRD03251.1	hypothetical protein
JI435_100230	QRD03253.1	hypothetical protein
JI435_100260	QRD03255.1	hypothetical protein
JI435_100290	QRD03256.1	hypothetical protein
JI435_100300	QRD03257.1	hypothetical protein
JI435_100310	QRD03258.1	hypothetical protein
JI435_100330	QRD03260.1	hypothetical protein
JI435_100350	QRD03261.1	hypothetical protein
JI435_100360	QRD03262.1	chitin synthase export chaperone
JI435_100370	QRD03263.1	hypothetical protein
JI435_100380	QRD03264.1	hypothetical protein
JI435_100390	QRD03265.1	hypothetical protein
JI435_100400	QRD03266.1	hypothetical protein
JI435_100410	QRD03267.1	hypothetical protein
JI435_100430	QRD03268.1	hypothetical protein
JI435_100460	QRD03271.1	hypothetical protein
JI435_100470	QRD03272.1	hypothetical protein
JI435_100480	QRD03273.1	hypothetical protein
JI435_100490	QRD03274.1	hypothetical protein
JI435_100500	QRD03275.1	hypothetical protein
JI435_100510	QRD03276.1	hypothetical protein
JI435_100520	QRD03277.1	hypothetical protein
JI435_100530	QRD03278.1	hypothetical protein
JI435_100570	QRD03279.1	hypothetical protein
JI435_100580	QRD03280.1	hypothetical protein
JI435_100590	QRD03281.1	hypothetical protein
JI435_100620	QRD03284.1	hypothetical protein
JI435_100640	QRD03285.1	hypothetical protein
JI435_100680	QRD03288.1	hypothetical protein
JI435_100690	QRD03290.1	hypothetical protein
JI435_100700	QRD03291.1	hypothetical protein
JI435_100710	QRD03292.1	hypothetical protein
JI435_100730	QRD03296.1	hypothetical protein
JI435_100750	QRD03298.1	hypothetical protein
JI435_100760	QRD03299.1	hypothetical protein
JI435_100770	QRD03300.1	hypothetical protein
JI435_100780	QRD03301.1	hypothetical protein
JI435_100810	QRD03303.1	hypothetical protein
JI435_100820	QRD03304.1	hypothetical protein
JI435_100830	QRD03306.1	transketolase
JI435_100840	QRD03307.1	hypothetical protein
JI435_100860	QRD03308.1	guanine nucleotide-binding protein subunit alpha
JI435_100900	QRD03311.1	hypothetical protein
JI435_100910	QRD03312.1	hypothetical protein
JI435_100920	QRD03313.1	hypothetical protein
JI435_100930	QRD03314.1	hypothetical protein
JI435_100990	QRD03319.1	hypothetical protein
JI435_101010	QRD03320.1	hypothetical protein
JI435_101020	QRD03321.1	hypothetical protein
JI435_101030	QRD03322.1	hypothetical protein
JI435_101050	QRD03323.1	hypothetical protein
JI435_101060	QRD03324.1	hypothetical protein
JI435_101070	QRD03325.1	hypothetical protein
JI435_101080	QRD03326.1	hypothetical protein
JI435_101090	QRD03327.1	hypothetical protein
JI435_101100	QRD03328.1	hypothetical protein
JI435_101110	QRD03329.1	hypothetical protein
JI435_101120	QRD03330.1	hypothetical protein
JI435_101130	QRD03331.1	hypothetical protein
JI435_101140	QRD03332.1	hypothetical protein
JI435_101150	QRD03333.1	hypothetical protein
JI435_101160	QRD03334.1	hypothetical protein
JI435_101170	QRD03335.1	hypothetical protein
JI435_101180	QRD03336.1	hypothetical protein
JI435_101190	QRD03340.1	hypothetical protein
JI435_101200	QRD03341.1	hypothetical protein
JI435_101220	QRD03342.1	hypothetical protein
JI435_101250	QRD03343.1	hypothetical protein
JI435_101290	QRD03345.1	hypothetical protein
JI435_101300	QRD03346.1	hypothetical protein
JI435_101310	QRD03347.1	hypothetical protein
JI435_101320	QRD03348.1	hypothetical protein
JI435_101330	QRD03349.1	hypothetical protein
JI435_101340	QRD03350.1	hypothetical protein
JI435_101350	QRD03352.1	hypothetical protein
JI435_101360	QRD03353.1	hypothetical protein
JI435_101370	QRD03354.1	hypothetical protein
JI435_101380	QRD03355.1	hypothetical protein
JI435_101390	QRD03356.1	hypothetical protein
JI435_101400	QRD03357.1	hypothetical protein
JI435_101410	QRD03358.1	hypothetical protein
JI435_101430	QRD03359.1	hypothetical protein
JI435_101440	QRD03360.1	hypothetical protein
JI435_101450	QRD03361.1	hypothetical protein
JI435_101460	QRD03362.1	hypothetical protein
JI435_101470	QRD03364.1	anaphase-promoting complex subunit 13
JI435_101480	QRD03366.1	hypothetical protein
JI435_101490	QRD03367.1	hypothetical protein
JI435_101500	QRD03368.1	hypothetical protein
JI435_101510	QRD03369.1	hypothetical protein
JI435_101520	QRD03370.1	hypothetical protein
JI435_101540	QRD03371.1	hypothetical protein
JI435_101550	QRD03372.1	hypothetical protein
JI435_101560	QRD03373.1	hypothetical protein
JI435_101570	QRD03374.1	hypothetical protein
JI435_101630	QRD03375.1	hypothetical protein
JI435_101640	QRD03376.1	hypothetical protein
JI435_101650	QRD03377.1	hypothetical protein
JI435_101670	QRD03380.1	hypothetical protein
JI435_101680	QRD03381.1	hypothetical protein
JI435_101690	QRD03382.1	hypothetical protein
JI435_101700	QRD03383.1	hypothetical protein
JI435_101710	QRD03384.1	hypothetical protein
JI435_101720	QRD03386.1	hypothetical protein
JI435_101730	QRD03388.1	hypothetical protein
JI435_101740	QRD03389.1	hypothetical protein
JI435_101750	QRD03390.1	hypothetical protein
JI435_101760	QRD03391.1	hypothetical protein
JI435_101770	QRD03392.1	hypothetical protein
JI435_101780	QRD03393.1	hypothetical protein
JI435_101800	QRD03394.1	hypothetical protein
JI435_101810	QRD03395.1	hypothetical protein
JI435_101820	QRD03396.1	peroxidase
JI435_101830	QRD03400.1	hypothetical protein
JI435_101840	QRD03401.1	pseudouridine synthase
JI435_101850	QRD03402.1	hypothetical protein
JI435_101870	QRD03404.1	hypothetical protein
JI435_101880	QRD03405.1	hypothetical protein
JI435_101900	QRD03406.1	hypothetical protein
JI435_101920	QRD03409.1	hydroxymethylbilane synthase
JI435_101930	QRD03410.1	tRNA 2-thiolation protein
JI435_101950	QRD03411.1	hypothetical protein
JI435_101960	QRD03412.1	hypothetical protein
JI435_101980	QRD03413.1	hypothetical protein
JI435_101990	QRD03415.1	hypothetical protein
JI435_102000	QRD03416.1	calcium-transporting ATPase
JI435_102010	QRD03419.1	phosphatidylserine decarboxylase proenzyme
JI435_102020	QRD03420.1	hypothetical protein
JI435_102030	QRD03421.1	hypothetical protein
JI435_102040	QRD03422.1	inositol-3-phosphate synthase
JI435_102060	QRD03425.1	hypothetical protein
JI435_102080	QRD03427.1	hypothetical protein
JI435_102090	QRD03429.1	hypothetical protein
JI435_102100	QRD03430.1	methionine aminopeptidase
JI435_102120	QRD03433.1	hypothetical protein
JI435_102150	QRD03434.1	hypothetical protein
JI435_102170	QRD03435.1	short-chain dehydrogenase Sch1
JI435_102190	QRD03436.1	hypothetical protein
JI435_102210	QRD03437.1	hypothetical protein
JI435_102220	QRD03438.1	hypothetical protein
JI435_102230	QRD03439.1	hypothetical protein
JI435_102240	QRC99377.1	hypothetical protein
JI435_102250	QRD03440.1	hypothetical protein
JI435_102260	QRD03441.1	hypothetical protein
JI435_102280	QRD03442.1	ribonucleoprotein Sm D3
JI435_102290	QRD03443.1	hypothetical protein
JI435_102300	QRD03444.1	hypothetical protein
JI435_102310	QRD03446.1	hypothetical protein
JI435_102320	QRD03447.1	hypothetical protein
JI435_102330	QRD03448.1	hypothetical protein
JI435_102350	QRD03449.1	hypothetical protein
JI435_102360	QRD03451.1	hypothetical protein
JI435_102370	QRD03452.1	hypothetical protein
JI435_102380	QRD03453.1	hypothetical protein
JI435_102390	QRD03454.1	hypothetical protein
JI435_102400	QRD03456.1	hypothetical protein
JI435_102410	QRD03457.1	hypothetical protein
JI435_102420	QRD03458.1	hypothetical protein
JI435_102430	QRD03459.1	hypothetical protein
JI435_102450	QRD03460.1	hypothetical protein
JI435_102460	QRD03461.1	hypothetical protein
JI435_102470	QRD03462.1	hypothetical protein
JI435_102480	QRD03465.1	hypothetical protein
JI435_102490	QRD03466.1	hypothetical protein
JI435_102500	QRD03467.1	hypothetical protein
JI435_102510	QRD03468.1	elongation factor Tu
JI435_102520	QRD03469.1	3-hydroxyisobutyryl-CoA hydrolase
JI435_102530	QRD03470.1	hypothetical protein
JI435_102540	QRD03471.1	hypothetical protein
JI435_102550	QRD03472.1	hypothetical protein
JI435_102580	QRD03473.1	hypothetical protein
JI435_102600	QRD03476.1	hypothetical protein
JI435_102610	QRD03477.1	hypothetical protein
JI435_102620	QRD03478.1	hypothetical protein
JI435_102630	QRD03480.1	hypothetical protein
JI435_102650	QRD03484.1	hypothetical protein
JI435_102660	QRD03486.1	hypothetical protein
JI435_102670	QRD03487.1	hypothetical protein
JI435_102680	QRD03488.1	hypothetical protein
JI435_102690	QRD03490.1	hypothetical protein
JI435_102700	QRD03491.1	hypothetical protein
JI435_102710	QRD03492.1	hypothetical protein
JI435_102730	QRD03493.1	hypothetical protein
JI435_102740	QRD03494.1	hypothetical protein
JI435_102750	QRD03495.1	hypothetical protein
JI435_102760	QRD03496.1	hypothetical protein
JI435_102770	QRD03497.1	hypothetical protein
JI435_102780	QRD03498.1	protection of telomeres protein 1
JI435_102790	QRD03499.1	importin subunit alpha
JI435_102800	QRD03501.1	hypothetical protein
JI435_102810	QRD03502.1	hypothetical protein
JI435_102820	QRD03503.1	hypothetical protein
JI435_102830	QRD03504.1	hypothetical protein
JI435_102840	QRD03506.1	glyoxalase
JI435_102850	QRD03507.1	hypothetical protein
JI435_102860	QRD03509.1	choline monooxygenase
JI435_102880	QRD03511.1	hypothetical protein
JI435_102900	QRD03513.1	hypothetical protein
JI435_102910	QRD03514.1	hypothetical protein
JI435_102920	QRD03517.1	hypothetical protein
JI435_102930	QRD03518.1	hypothetical protein
JI435_102940	QRD03519.1	hypothetical protein
JI435_102950	QRD03520.1	hypothetical protein
JI435_102960	QRD03521.1	hypothetical protein
JI435_102970	QRD03522.1	hypothetical protein
JI435_102980	QRD03523.1	hypothetical protein
JI435_102990	QRD03524.1	hypothetical protein
JI435_103020	QRD03526.1	hypothetical protein
JI435_103030	QRD03527.1	hypothetical protein
JI435_103050	QRD03528.1	hypothetical protein
JI435_103100	QRD03532.1	hypothetical protein
JI435_103110	QRD03536.1	hypothetical protein
JI435_103120	QRD03538.1	hypothetical protein
JI435_103130	QRD03540.1	hypothetical protein
JI435_103140	QRD03541.1	hypothetical protein
JI435_103150	QRD03545.1	hypothetical protein
JI435_103160	QRD03547.1	hypothetical protein
JI435_103170	QRD03548.1	hypothetical protein
JI435_103180	QRD03551.1	hypothetical protein
JI435_103190	QRD03552.1	hypothetical protein
JI435_103200	QRD03554.1	hypothetical protein
JI435_103210	QRD03555.1	hypothetical protein
JI435_103220	QRD03556.1	hypothetical protein
JI435_103230	QRD03557.1	hypothetical protein
JI435_103260	QRD03560.1	hypothetical protein
JI435_103270	QRD03562.1	hypothetical protein
JI435_103280	QRD03564.1	hypothetical protein
JI435_103290	QRD03565.1	hypothetical protein
JI435_103300	QRD03566.1	hypothetical protein
JI435_103310	QRD03567.1	hypothetical protein
JI435_103320	QRD03568.1	hypothetical protein
JI435_103330	QRD03570.1	cell division control protein 48
JI435_103340	QRD03572.1	hypothetical protein
JI435_103350	QRD03575.1	hypothetical protein
JI435_103360	QRD03579.1	hypothetical protein
JI435_103370	QRD03580.1	hypothetical protein
JI435_103380	QRD03581.1	hypothetical protein
JI435_103390	QRD03582.1	hypothetical protein
JI435_103400	QRD03586.1	hypothetical protein
JI435_103410	QRD03587.1	hypothetical protein
JI435_103420	QRD03589.1	hypothetical protein
JI435_103430	QRD03590.1	hypothetical protein
JI435_103440	QRD03591.1	hypothetical protein
JI435_103460	QRD03595.1	hypothetical protein
JI435_103470	QRD03596.1	hypothetical protein
JI435_103480	QRD03597.1	hypothetical protein
JI435_103490	QRD03598.1	hypothetical protein
JI435_103500	QRD03599.1	hypothetical protein
JI435_103510	QRD03601.1	DNA polymerase alpha subunit B
JI435_103520	QRD03603.1	hypothetical protein
JI435_103540	QRD03604.1	hypothetical protein
JI435_103550	QRD03608.1	hypothetical protein
JI435_103560	QRD03611.1	hypothetical protein
JI435_103590	QRD03613.1	serine/threonine-protein kinase Tel1
JI435_103600	QRD03614.1	hypothetical protein
JI435_103610	QRD03615.1	hypothetical protein
JI435_103620	QRD03616.1	glycine cleavage system H protein
JI435_103630	QRD03617.1	hypothetical protein
JI435_103640	QRD03618.1	hypothetical protein
JI435_103650	QRD03619.1	hypothetical protein
JI435_103660	QRD03620.1	hypothetical protein
JI435_103670	QRD03622.1	hypothetical protein
JI435_103680	QRD03623.1	kinesin-like protein
JI435_103690	QRD03624.1	vacuolar protein sorting-associated protein 16-like protein
JI435_103700	QRD03625.1	hypothetical protein
JI435_103710	QRD03626.1	MICOS complex subunit MIC10
JI435_103730	QRD03627.1	hypothetical protein
JI435_103740	QRD03629.1	hypothetical protein
JI435_103750	QRD03630.1	hypothetical protein
JI435_103760	QRD04398.1	hypothetical protein
JI435_103780	QRD04401.1	hypothetical protein
JI435_103790	QRD04402.1	hypothetical protein
JI435_103800	QRD04403.1	hypothetical protein
JI435_103810	QRD04405.1	hypothetical protein
JI435_103820	QRD04406.1	hypothetical protein
JI435_103830	QRD04407.1	hypothetical protein
JI435_103850	QRD04409.1	hypothetical protein
JI435_103860	QRD04410.1	hypothetical protein
JI435_103870	QRD04412.1	hypothetical protein
JI435_103890	QRD04413.1	hypothetical protein
JI435_103900	QRD04414.1	hypothetical protein
JI435_103910	QRD04415.1	NADH dehydrogenase 1 beta subcomplex subunit 7
JI435_103920	QRD04416.1	hypothetical protein
JI435_103930	QRD04417.1	hypothetical protein
JI435_103940	QRD04418.1	hypothetical protein
JI435_103960	QRD04423.1	hypothetical protein
JI435_103970	QRD04426.1	glutathione peroxidase
JI435_103980	QRD04427.1	serine/threonine-protein phosphatase 2A activator
JI435_104010	QRD04428.1	hypothetical protein
JI435_104030	QRD04432.1	hypothetical protein
JI435_104040	QRD04433.1	hypothetical protein
JI435_104050	QRD04434.1	hypothetical protein
JI435_104060	QRD04435.1	hypothetical protein
JI435_104070	QRD04438.1	hypothetical protein
JI435_104080	QRD04440.1	actin-related protein 2
JI435_104090	QRD04441.1	hypothetical protein
JI435_104100	QRD04444.1	hypothetical protein
JI435_104110	QRD04445.1	hypothetical protein
JI435_104120	QRD04446.1	hypothetical protein
JI435_104130	QRD04447.1	hypothetical protein
JI435_104140	QRD04448.1	hypothetical protein
JI435_104150	QRD04449.1	hypothetical protein
JI435_104160	QRD04450.1	hypothetical protein
JI435_104180	QRD04451.1	hypothetical protein
JI435_104190	QRD04452.1	hypothetical protein
JI435_104210	QRD04453.1	hypothetical protein
JI435_104220	QRD04454.1	AdoMet-dependent rRNA methyltransferase SPB1
JI435_104230	QRD04455.1	hypothetical protein
JI435_104240	QRD04456.1	hypothetical protein
JI435_104250	QRD04457.1	hypothetical protein
JI435_104260	QRD04458.1	hypothetical protein
JI435_104270	QRD04460.1	hypothetical protein
JI435_104280	QRD04464.1	hypothetical protein
JI435_104290	QRD04466.1	hypothetical protein
JI435_104310	QRD04477.1	hypothetical protein
JI435_104330	QRD04479.1	gamma-glutamylcysteine synthetase
JI435_104340	QRD04480.1	hypothetical protein
JI435_104350	QRD04481.1	hypothetical protein
JI435_104360	QRD04482.1	hypothetical protein
JI435_104380	QRD04487.1	hypothetical protein
JI435_104390	QRD04490.1	hypothetical protein
JI435_104400	QRD04493.1	hypothetical protein
JI435_104410	QRD04495.1	hypothetical protein
JI435_104420	QRD04496.1	mRNA-decapping-enhancer protein 3
JI435_104430	QRD04497.1	hypothetical protein
JI435_104440	QRD04499.1	hypothetical protein
JI435_104460	QRD04500.1	hypothetical protein
JI435_104470	QRD04502.1	U6 snRNA-associated Sm-like protein LSm3
JI435_104480	QRD04503.1	hypothetical protein
JI435_104490	QRD04504.1	hypothetical protein
JI435_104510	QRD04506.1	hypothetical protein
JI435_104520	QRD04507.1	ribonucleoprotein Sm D2
JI435_104530	QRD04508.1	hypothetical protein
JI435_104540	QRD04509.1	hypothetical protein
JI435_104560	QRD04511.1	hypothetical protein
JI435_104570	QRD04514.1	hypothetical protein
JI435_104580	QRD04516.1	hypothetical protein
JI435_104590	QRD04517.1	hypothetical protein
JI435_104600	QRD04519.1	hypothetical protein
JI435_104610	QRD04520.1	hypothetical protein
JI435_104620	QRD04521.1	hypothetical protein
JI435_104630	QRD04522.1	hypothetical protein
JI435_104640	QRD04524.1	hypothetical protein
JI435_104670	QRD04526.1	hypothetical protein
JI435_104680	QRD04527.1	hypothetical protein
JI435_104690	QRD04528.1	hypothetical protein
JI435_104700	QRD04529.1	hypothetical protein
JI435_104710	QRD04531.1	S-(hydroxymethyl)glutathione dehydrogenase
JI435_104720	QRD04532.1	hypothetical protein
JI435_104730	QRD04533.1	hypothetical protein
JI435_104740	QRD04534.1	hypothetical protein
JI435_104750	QRD04535.1	hypothetical protein
JI435_104760	QRD04536.1	hypothetical protein
JI435_104770	QRD04537.1	hypothetical protein
JI435_104780	QRD04538.1	hypothetical protein
JI435_104800	QRD04539.1	hypothetical protein
JI435_104810	QRD04540.1	hypothetical protein
JI435_104820	QRD04541.1	hypothetical protein
JI435_104830	QRD04542.1	hypothetical protein
JI435_104840	QRD04543.1	hypothetical protein
JI435_104850	QRD04545.1	hypothetical protein
JI435_104860	QRD04546.1	hypothetical protein
JI435_104870	QRD04547.1	hypothetical protein
JI435_104900	QRD04548.1	mitochondrial DNA polymerase catalytic subunit
JI435_104910	QRD04549.1	hypothetical protein
JI435_104920	QRD04550.1	L-lactate dehydrogenase
JI435_104930	QRD04551.1	hypothetical protein
JI435_104950	QRD04554.1	hypothetical protein
JI435_104970	QRD04555.1	hypothetical protein
JI435_104980	QRD04557.1	hypothetical protein
JI435_104990	QRD04558.1	hypothetical protein
JI435_105000	QRD04559.1	hypothetical protein
JI435_105010	QRD04560.1	hypothetical protein
JI435_105020	QRD04561.1	hypothetical protein
JI435_105030	QRD04562.1	methanethiol oxidase
JI435_105040	QRD04563.1	hypothetical protein
JI435_105050	QRD04564.1	hypothetical protein
JI435_105060	QRD04565.1	hypothetical protein
JI435_105070	QRD04566.1	hypothetical protein
JI435_105080	QRD04567.1	hypothetical protein
JI435_105090	QRD04568.1	hypothetical protein
JI435_105100	QRD04570.1	hypothetical protein
JI435_105110	QRD04573.1	hypothetical protein
JI435_105120	QRD04574.1	hypothetical protein
JI435_105140	QRD04577.1	hypothetical protein
JI435_105150	QRD04579.1	hypothetical protein
JI435_105190	QRD04582.1	hypothetical protein
JI435_105200	QRD04583.1	hypothetical protein
JI435_105210	QRD04584.1	hypothetical protein
JI435_105220	QRD04585.1	neutral protease
JI435_105230	QRD04587.1	hypothetical protein
JI435_105240	QRD04588.1	hypothetical protein
JI435_105250	QRD04589.1	DNA ligase
JI435_105270	QRD04590.1	hypothetical protein
JI435_105280	QRD04591.1	tRNA wybutosine-synthesis-related protein 4
JI435_105290	QRD04592.1	mitochondrial inner membrane protease subunit
JI435_105300	QRD04593.1	hypothetical protein
JI435_105310	QRD04594.1	hypothetical protein
JI435_105320	QRD04595.1	hypothetical protein
JI435_105330	QRD04596.1	hypothetical protein
JI435_105340	QRD04597.1	hypothetical protein
JI435_105350	QRD04598.1	hypothetical protein
JI435_105360	QRD04599.1	hypothetical protein
JI435_105370	QRD04600.1	hypothetical protein
JI435_105380	QRD04601.1	hypothetical protein
JI435_105390	QRD04602.1	hypothetical protein
JI435_105400	QRD04603.1	hypothetical protein
JI435_105420	QRD04605.1	hypothetical protein
JI435_105430	QRD04606.1	hypothetical protein
JI435_105440	QRD04607.1	hypothetical protein
JI435_105460	QRD04608.1	hypothetical protein
JI435_105470	QRD04610.1	hypothetical protein
JI435_105480	QRD04612.1	hypothetical protein
JI435_105490	QRD04613.1	hypothetical protein
JI435_105500	QRD04614.1	hypothetical protein
JI435_105510	QRD04615.1	hypothetical protein
JI435_105520	QRD04616.1	hypothetical protein
JI435_105530	QRD04617.1	hypothetical protein
JI435_105540	QRD04618.1	hypothetical protein
JI435_105550	QRD04619.1	hypothetical protein
JI435_105570	QRD04621.1	hypothetical protein
JI435_105580	QRD04623.1	hypothetical protein
JI435_105590	QRD04624.1	hypothetical protein
JI435_105600	QRD04625.1	hypothetical protein
JI435_105620	QRD04627.1	hypothetical protein
JI435_105630	QRD04628.1	hypothetical protein
JI435_105640	QRD04629.1	multifunctional tryptophan biosynthesis protein
JI435_105650	QRD04630.1	hypothetical protein
JI435_105660	QRD04631.1	hypothetical protein
JI435_105670	QRD04632.1	hypothetical protein
JI435_105680	QRD04634.1	hypothetical protein
JI435_105690	QRD04635.1	hypothetical protein
JI435_105710	QRD04636.1	hypothetical protein
JI435_105720	QRD04638.1	hypothetical protein
JI435_105730	QRD04639.1	hypothetical protein
JI435_105740	QRD04641.1	hypothetical protein
JI435_105760	QRD04642.1	dual-specificity kinase
JI435_105770	QRD04643.1	hypothetical protein
JI435_105780	QRD04644.1	hypothetical protein
JI435_105790	QRD04645.1	hypothetical protein
JI435_105800	QRD04646.1	hypothetical protein
JI435_105810	QRD04647.1	hypothetical protein
JI435_105830	QRD04648.1	hypothetical protein
JI435_105840	QRD04649.1	hypothetical protein
JI435_105850	QRD04650.1	hypothetical protein
JI435_105860	QRD04651.1	hypothetical protein
JI435_105870	QRD04652.1	hypothetical protein
JI435_105880	QRD04653.1	protein N-terminal and lysine N-methyltransferase EFM7
JI435_105890	QRD04654.1	hypothetical protein
JI435_105900	QRD04655.1	hypothetical protein
JI435_105910	QRD04656.1	1,3-beta-glucanosyltransferase
JI435_105920	QRD04657.1	hypothetical protein
JI435_105940	QRD04659.1	hypothetical protein
JI435_105950	QRD04660.1	ATP-dependent RNA helicase DBP5
JI435_105960	QRD04661.1	hypothetical protein
JI435_105970	QRD04662.1	hypothetical protein
JI435_105990	QRD04665.1	hypothetical protein
JI435_106000	QRD04666.1	hypothetical protein
JI435_106010	QRD04667.1	hypothetical protein
JI435_106020	QRD04668.1	hypothetical protein
JI435_106030	QRD04669.1	hypothetical protein
JI435_106070	QRD04670.1	hypothetical protein
JI435_106080	QRD04671.1	hypothetical protein
JI435_106090	QRD04672.1	hypothetical protein
JI435_106120	QRD04673.1	hypothetical protein
JI435_106130	QRD04674.1	hypothetical protein
JI435_106140	QRD04675.1	cyclophilin
JI435_106150	QRD04676.1	hypothetical protein
JI435_106160	QRD04678.1	hypothetical protein
JI435_106170	QRD04679.1	hypothetical protein
JI435_106180	QRD04680.1	hypothetical protein
JI435_106200	QRD04681.1	hypothetical protein
JI435_106230	QRD04685.1	hypothetical protein
JI435_106250	QRD04686.1	mannose-1-phosphate guanylyltransferase
JI435_106260	QRD04689.1	hypothetical protein
JI435_106270	QRD04690.1	hypothetical protein
JI435_106290	QRD04691.1	hypothetical protein
JI435_106300	QRD04692.1	hypothetical protein
JI435_106310	QRD04694.1	hypothetical protein
JI435_106320	QRD04695.1	gamma-glutamylcysteine synthetase regulatory subunit
JI435_106330	QRD04697.1	AP complex subunit sigma isoform A
JI435_106340	QRD04699.1	RNA polymerase III transcription repressor MAF1
JI435_106370	QRD04701.1	hypothetical protein
JI435_106380	QRD04702.1	hypothetical protein
JI435_106390	QRD04703.1	hypothetical protein
JI435_106410	QRD04705.1	hypothetical protein
JI435_106430	QRD04706.1	hypothetical protein
JI435_106440	QRD04707.1	hypothetical protein
JI435_106450	QRD04708.1	hypothetical protein
JI435_106460	QRD04710.1	hypothetical protein
JI435_106470	QRD04711.1	hypothetical protein
JI435_106480	QRD04712.1	hypothetical protein
JI435_106490	QRD04713.1	hypothetical protein
JI435_106500	QRD04714.1	hypothetical protein
JI435_106510	QRD04715.1	hypothetical protein
JI435_106520	QRD04716.1	hypothetical protein
JI435_106530	QRD04717.1	hypothetical protein
JI435_106540	QRD04718.1	hypothetical protein
JI435_106550	QRD04719.1	hypothetical protein
JI435_106560	QRD04720.1	hypothetical protein
JI435_106580	QRD04721.1	hypothetical protein
JI435_106590	QRD04722.1	hypothetical protein
JI435_106610	QRD04724.1	hypothetical protein
JI435_106620	QRD04725.1	hypothetical protein
JI435_106630	QRD04726.1	hypothetical protein
JI435_106640	QRD04727.1	hypothetical protein
JI435_106650	QRD04728.1	hypothetical protein
JI435_106670	QRD04730.1	hypothetical protein
JI435_106690	QRD04732.1	hypothetical protein
JI435_106700	QRD04733.1	3-phytase
JI435_106710	QRD04734.1	hypothetical protein
JI435_106720	QRD04735.1	hypothetical protein
JI435_106730	QRD04736.1	hypothetical protein
JI435_106740	QRD04738.1	hypothetical protein
JI435_106750	QRD04739.1	hypothetical protein
JI435_106760	QRD04740.1	hypothetical protein
JI435_106770	QRD04741.1	hypothetical protein
JI435_106780	QRD04742.1	hypothetical protein
JI435_106790	QRD04743.1	hypothetical protein
JI435_106800	QRD04744.1	hypothetical protein
JI435_106810	QRD04745.1	hypothetical protein
JI435_106820	QRD04746.1	hypothetical protein
JI435_106830	QRD04747.1	hypothetical protein
JI435_106840	QRD04748.1	hypothetical protein
JI435_106850	QRD04749.1	hypothetical protein
JI435_106860	QRD04750.1	hypothetical protein
JI435_106880	QRD04752.1	hypothetical protein
JI435_106890	QRD04753.1	hypothetical protein
JI435_106900	QRD04754.1	hypothetical protein
JI435_106910	QRD04756.1	V-type proton ATPase proteolipid subunit
JI435_106930	QRD04757.1	ribonucloprotein
JI435_106940	QRD04758.1	hypothetical protein
JI435_106950	QRD04760.1	metalloproteinase
JI435_106960	QRD04761.1	hypothetical protein
JI435_106970	QRD04762.1	hypothetical protein
JI435_106990	QRD04763.1	carboxylic ester hydrolase
JI435_107010	QRD04765.1	hypothetical protein
JI435_107020	QRD04766.1	hypothetical protein
JI435_107030	QRD04767.1	hypothetical protein
JI435_107040	QRD04768.1	hypothetical protein
JI435_107050	QRD04769.1	palmitoyltransferase
JI435_107060	QRD04770.1	hypothetical protein
JI435_107070	QRD04771.1	hypothetical protein
JI435_107080	QRD04772.1	hypothetical protein
JI435_107090	QRD04773.1	hypothetical protein
JI435_107100	QRD04774.1	hypothetical protein
JI435_107110	QRD04775.1	hypothetical protein
JI435_107120	QRD04777.1	hypothetical protein
JI435_107130	QRD04778.1	hypothetical protein
JI435_107140	QRD04782.1	phosphoinositide phospholipase
JI435_107160	QRD04783.1	hypothetical protein
JI435_107190	QRD04784.1	hypothetical protein
JI435_107210	QRD04787.1	hypothetical protein
JI435_107220	QRD04788.1	hypothetical protein
JI435_107230	QRD04789.1	hypothetical protein
JI435_107240	QRD04792.1	hypothetical protein
JI435_107250	QRD04794.1	hypothetical protein
JI435_107260	QRD04796.1	hypothetical protein
JI435_107270	QRD04797.1	hypothetical protein
JI435_107280	QRD04798.1	hypothetical protein
JI435_107290	QRD04799.1	coatomer subunit epsilon
JI435_107300	QRD04801.1	hypothetical protein
JI435_107310	QRD04802.1	tubulin subunit gamma
JI435_107320	QRD04803.1	hypothetical protein
JI435_107330	QRD04805.1	hypothetical protein
JI435_107340	QRD04807.1	hypothetical protein
JI435_107360	QRD04808.1	hypothetical protein
JI435_107370	QRD04809.1	hypothetical protein
JI435_107390	QRD04811.1	hypothetical protein
JI435_107410	QRD04813.1	hypothetical protein
JI435_107420	QRD04814.1	hypothetical protein
JI435_107430	QRD04816.1	hypothetical protein
JI435_107440	QRD04817.1	hypothetical protein
JI435_107450	QRD04818.1	hypothetical protein
JI435_107460	QRD04819.1	hypothetical protein
JI435_107470	QRD04820.1	hypothetical protein
JI435_107480	QRD04821.1	hypothetical protein
JI435_107490	QRD04822.1	hypothetical protein
JI435_107510	QRD04823.1	hypothetical protein
JI435_107520	QRD04825.1	hypothetical protein
JI435_107530	QRD04826.1	DNA polymerase
JI435_107540	QRD04827.1	hypothetical protein
JI435_107550	QRD04828.1	hypothetical protein
JI435_107560	QRD04830.1	hypothetical protein
JI435_107570	QRD04832.1	delta-sterol reductase
JI435_107580	QRD04835.1	hypothetical protein
JI435_107590	QRD04836.1	endo-1,4-beta-xylanase
JI435_107600	QRD04837.1	hypothetical protein
JI435_107610	QRD04839.1	hypothetical protein
JI435_107620	QRD04840.1	hypothetical protein
JI435_107630	QRD04844.1	hypothetical protein
JI435_107640	QRD04846.1	hypothetical protein
JI435_107650	QRD04847.1	hypothetical protein
JI435_107660	QRD04848.1	hypothetical protein
JI435_107670	QRD04849.1	hypothetical protein
JI435_107680	QRD04850.1	hypothetical protein
JI435_107690	QRD04852.1	protein-tyrosine-phosphatase
JI435_107700	QRD04853.1	hypothetical protein
JI435_107710	QRD04854.1	hypothetical protein
JI435_107720	QRD04857.1	hypothetical protein
JI435_107730	QRD04858.1	hypothetical protein
JI435_107740	QRD04860.1	hypothetical protein
JI435_107750	QRD04862.1	phospholipase
JI435_107760	QRD04863.1	hypothetical protein
JI435_107770	QRD04864.1	hypothetical protein
JI435_107780	QRD04865.1	hypothetical protein
JI435_107790	QRD04868.1	phospholipase isoform A
JI435_107800	QRD04869.1	hypothetical protein
JI435_107810	QRD04870.1	hypothetical protein
JI435_107820	QRD04871.1	hypothetical protein
JI435_107830	QRD04872.1	hypothetical protein
JI435_107840	QRD04873.1	RHOMBOID-like protein
JI435_107860	QRD04875.1	hypothetical protein
JI435_107870	QRD04876.1	hypothetical protein
JI435_107880	QRD04877.1	hypothetical protein
JI435_107890	QRD04878.1	hypothetical protein
JI435_107900	QRD04879.1	hypothetical protein
JI435_107910	QRD04880.1	hypothetical protein
JI435_107920	QRD04881.1	hypothetical protein
JI435_107940	QRD04882.1	hypothetical protein
JI435_107960	QRD04883.1	hypothetical protein
JI435_107970	QRD04884.1	hypothetical protein
JI435_107980	QRD04885.1	hypothetical protein
JI435_107990	QRD04886.1	hypothetical protein
JI435_108000	QRD04887.1	hypothetical protein
JI435_108020	QRD04889.1	hypothetical protein
JI435_108030	QRD04890.1	hypothetical protein
JI435_108040	QRD04891.1	hypothetical protein
JI435_108050	QRD04892.1	hypothetical protein
JI435_108060	QRD04893.1	hypothetical protein
JI435_108080	QRD04896.1	hypothetical protein
JI435_108090	QRD04897.1	hypothetical protein
JI435_108100	QRD04898.1	hypothetical protein
JI435_108110	QRD04899.1	hypothetical protein
JI435_108120	QRD04900.1	hypothetical protein
JI435_108130	QRD04901.1	hypothetical protein
JI435_108140	QRD04902.1	hypothetical protein
JI435_108150	QRD04903.1	hypothetical protein
JI435_108160	QRD04904.1	hypothetical protein
JI435_108170	QRD04905.1	hypothetical protein
JI435_108190	QRD04906.1	mannan endo-1,6-alpha-mannosidase isoform B
JI435_108200	QRD04908.1	hypothetical protein
JI435_108220	QRD04909.1	hypothetical protein
JI435_108240	QRD04910.1	hypothetical protein
JI435_108250	QRD04911.1	hypothetical protein
JI435_108270	QRD04913.1	hypothetical protein
JI435_108280	QRD04914.1	glucosamine-6-phosphate isomerase
JI435_108320	QRD04916.1	phosphotransferase
JI435_108330	QRD04917.1	hypothetical protein
JI435_108360	QRD04918.1	hypothetical protein
JI435_108370	QRD04919.1	hypothetical protein
JI435_108390	QRD04920.1	hypothetical protein
JI435_108400	QRD04921.1	hypothetical protein
JI435_108430	QRD04922.1	hypothetical protein
JI435_108440	QRD04923.1	hypothetical protein
JI435_108450	QRD04924.1	hypothetical protein
JI435_108470	QRD04925.1	hypothetical protein
JI435_108480	QRD04926.1	hypothetical protein
JI435_108490	QRD04928.1	hypothetical protein
JI435_108510	QRD04929.1	hypothetical protein
JI435_108520	QRD04931.1	hypothetical protein
JI435_108530	QRD04932.1	hypothetical protein
JI435_108540	QRD04933.1	hypothetical protein
JI435_108550	QRD04934.1	hypothetical protein
JI435_108560	QRD04935.1	spindle pole body subunit
JI435_108570	QRD04936.1	hypothetical protein
JI435_108580	QRD04938.1	hypothetical protein
JI435_108590	QRD04939.1	hypothetical protein
JI435_108600	QRD04940.1	hypothetical protein
JI435_108610	QRD04941.1	hypothetical protein
JI435_108620	QRD04942.1	beta-xylanase
JI435_108630	QRD04943.1	hypothetical protein
JI435_108650	QRD04944.1	endo-1,4-beta-xylanase
JI435_108660	QRD04948.1	hypothetical protein
JI435_108670	QRD04949.1	hypothetical protein
JI435_108680	QRD04950.1	hypothetical protein
JI435_108690	QRD04952.1	ribokinase
JI435_108700	QRD04953.1	hypothetical protein
JI435_108710	QRD04954.1	hypothetical protein
JI435_108720	QRD04955.1	hypothetical protein
JI435_108730	QRD04956.1	hypothetical protein
JI435_108740	QRD04957.1	hypothetical protein
JI435_108750	QRD04958.1	hypothetical protein
JI435_108760	QRD04959.1	hypothetical protein
JI435_108770	QRD04960.1	hypothetical protein
JI435_108780	QRD04961.1	hypothetical protein
JI435_108800	QRD04962.1	hypothetical protein
JI435_108810	QRD04963.1	hypothetical protein
JI435_108820	QRD04965.1	hypothetical protein
JI435_108830	QRD04966.1	hypothetical protein
JI435_108850	QRD04967.1	hypothetical protein
JI435_108860	QRD04968.1	hypothetical protein
JI435_108870	QRD04969.1	hypothetical protein
JI435_108890	QRD04970.1	hypothetical protein
JI435_108900	QRD04971.1	hypothetical protein
JI435_108910	QRD04972.1	hypothetical protein
JI435_108920	QRD04973.1	hypothetical protein
JI435_108930	QRD04974.1	splicing factor YJU2
JI435_108940	QRD04975.1	hypothetical protein
JI435_108950	QRD04976.1	hypothetical protein
JI435_108970	QRD04977.1	hypothetical protein
JI435_108980	QRD04978.1	hypothetical protein
JI435_108990	QRD04979.1	hypothetical protein
JI435_109000	QRD04980.1	hypothetical protein
JI435_109020	QRD04981.1	hypothetical protein
JI435_109030	QRD04982.1	hypothetical protein
JI435_109040	QRD04983.1	hypothetical protein
JI435_109060	QRD04984.1	hypothetical protein
JI435_109070	QRD04985.1	hypothetical protein
JI435_109080	QRD04986.1	hypothetical protein
JI435_109090	QRD04987.1	hypothetical protein
JI435_109100	QRD04988.1	hypothetical protein
JI435_109110	QRD04990.1	ubiquitinyl hydrolase 1 isoform A
JI435_109130	QRD04992.1	protein-serine/threonine kinase
JI435_109140	QRD04993.1	hypothetical protein
JI435_109150	QRD04994.1	hypothetical protein
JI435_109160	QRD04995.1	hypothetical protein
JI435_109170	QRD04996.1	hypothetical protein
JI435_109190	QRD04998.1	hypothetical protein
JI435_109200	QRD04999.1	hypothetical protein
JI435_109210	QRD05000.1	hypothetical protein
JI435_109220	QRD05001.1	hypothetical protein
JI435_109240	QRD05002.1	hypothetical protein
JI435_109250	QRD05003.1	hypothetical protein
JI435_109260	QRD05004.1	hypothetical protein
JI435_109280	QRD05005.1	hypothetical protein
JI435_109300	QRD05007.1	hypothetical protein
JI435_109310	QRD05008.1	hypothetical protein
JI435_109320	QRD05009.1	hypothetical protein
JI435_109330	QRD05011.1	mitochondrial import inner membrane translocase subunit TIM22
JI435_109340	QRD05012.1	hypothetical protein
JI435_109350	QRD05013.1	hypothetical protein
JI435_109360	QRD05014.1	hypothetical protein
JI435_109380	QRD05015.1	hypothetical protein
JI435_109390	QRD05016.1	hypothetical protein
JI435_109400	QRD05018.1	serine/threonine-protein phosphatase 2A regulatory subunit isoform A
JI435_109410	QRD05019.1	hypothetical protein
JI435_109420	QRD05020.1	hypothetical protein
JI435_109440	QRD05021.1	hypothetical protein
JI435_109460	QRD05022.1	hypothetical protein
JI435_109470	QRD05023.1	hypothetical protein
JI435_109480	QRD05024.1	hypothetical protein
JI435_109490	QRD05026.1	hypothetical protein
JI435_109500	QRD05027.1	hypothetical protein
JI435_109510	QRD05028.1	hypothetical protein
JI435_109520	QRD05030.1	hypothetical protein
JI435_109530	QRD05031.1	hypothetical protein
JI435_109540	QRD05032.1	amidase
JI435_109550	QRD05033.1	hypothetical protein
JI435_109560	QRD05034.1	hypothetical protein
JI435_109570	QRD05035.1	tRNA-splicing endonuclease subunit Sen2
JI435_109580	QRD05036.1	hypothetical protein
JI435_109590	QRD05037.1	hypothetical protein
JI435_109600	QRD05038.1	hypothetical protein
JI435_109610	QRD05039.1	hypothetical protein
JI435_109630	QRD05040.1	hypothetical protein
JI435_109640	QRD05041.1	hypothetical protein
JI435_109660	QRD05042.1	hypothetical protein
JI435_109670	QRD05043.1	hypothetical protein
JI435_109680	QRD05044.1	hypothetical protein
JI435_109690	QRD05045.1	5'-3' exoribonuclease
JI435_109700	QRD05046.1	signal peptidase subunit 3
JI435_109720	QRD05047.1	hypothetical protein
JI435_109730	QRD05048.1	hypothetical protein
JI435_109740	QRD05049.1	hypothetical protein
JI435_109750	QRD05050.1	hypothetical protein
JI435_109760	QRD05051.1	hypothetical protein
JI435_109770	QRD05052.1	hypothetical protein
JI435_109780	QRD05053.1	hypothetical protein
JI435_109790	QRD05055.1	hypothetical protein
JI435_109800	QRD05057.1	hypothetical protein
JI435_109810	QRD05058.1	hypothetical protein
JI435_109830	QRD05060.1	hypothetical protein
JI435_109850	QRD05061.1	methylenetetrahydrofolate reductase
JI435_109860	QRD05062.1	hypothetical protein
JI435_109870	QRD05063.1	hypothetical protein
JI435_109880	QRD05064.1	hypothetical protein
JI435_109890	QRD05065.1	hypothetical protein
JI435_109900	QRD05068.1	hypothetical protein
JI435_109910	QRD05070.1	hypothetical protein
JI435_109920	QRD05071.1	cysteine--tRNA (Cys) ligase
JI435_109930	QRD05072.1	tRNA methyltransferase catalytic subunit TRM61
JI435_109940	QRD05073.1	hypothetical protein
JI435_109950	QRD05074.1	hypothetical protein
JI435_109960	QRD05075.1	hypothetical protein
JI435_109970	QRD05076.1	hypothetical protein
JI435_109980	QRD05077.1	hypothetical protein
JI435_109990	QRD05078.1	hypothetical protein
JI435_110000	QRD05079.1	hypothetical protein
JI435_110020	QRD05080.1	hypothetical protein
JI435_110040	QRD05081.1	hypothetical protein
JI435_110050	QRD05083.1	hypothetical protein
JI435_110060	QRD05084.1	hypothetical protein
JI435_110070	QRD05085.1	hypothetical protein
JI435_110080	QRD05086.1	hypothetical protein
JI435_110090	QRD05088.1	carboxylic ester hydrolase
JI435_110100	QRD05089.1	hypothetical protein
JI435_110110	QRD05091.1	hypothetical protein
JI435_110130	QRD05092.1	hypothetical protein
JI435_110140	QRD05094.1	hypothetical protein
JI435_110150	QRD05095.1	hypothetical protein
JI435_110160	QRD05097.1	hypothetical protein
JI435_110170	QRD05098.1	hypothetical protein
JI435_110180	QRD05099.1	hypothetical protein
JI435_110190	QRD05100.1	hypothetical protein
JI435_110200	QRD05101.1	hypothetical protein
JI435_110210	QRD05102.1	hydrogen-transporting two-sector ATPase
JI435_110230	QRD05103.1	hypothetical protein
JI435_110240	QRD05104.1	hypothetical protein
JI435_110260	QRD05106.1	hypothetical protein
JI435_110270	QRD05107.1	hypothetical protein
JI435_110280	QRD05108.1	hypothetical protein
JI435_110290	QRD05109.1	hypothetical protein
JI435_110300	QRD05110.1	hypothetical protein
JI435_110310	QRD05111.1	hypothetical protein
JI435_110320	QRD05114.1	hypothetical protein
JI435_110330	QRD05115.1	hypothetical protein
JI435_110340	QRD05117.1	hypothetical protein
JI435_110350	QRD05119.1	hypothetical protein
JI435_110360	QRD05120.1	hypothetical protein
JI435_110370	QRD05121.1	hypothetical protein
JI435_110380	QRD05122.1	hypothetical protein
JI435_110390	QRD05123.1	hypothetical protein
JI435_110400	QRD05124.1	hypothetical protein
JI435_110410	QRD05125.1	hypothetical protein
JI435_110420	QRD05126.1	hypothetical protein
JI435_110430	QRD05128.1	glucanase
JI435_110440	QRD05129.1	hypothetical protein
JI435_110450	QRD05130.1	hypothetical protein
JI435_110470	QRD05134.1	hypothetical protein
JI435_110480	QRD05136.1	hypothetical protein
JI435_110490	QRD05137.1	hypothetical protein
JI435_110500	QRD05138.1	hypothetical protein
JI435_110520	QRD05139.1	hypothetical protein
JI435_110530	QRD05141.1	hypothetical protein
JI435_110540	QRD05142.1	hypothetical protein
JI435_110550	QRD05143.1	hypothetical protein
JI435_110560	QRD05145.1	hypothetical protein
JI435_110570	QRD05146.1	hypothetical protein
JI435_110580	QRD05147.1	hypothetical protein
JI435_110590	QRD05148.1	hypothetical protein
JI435_110600	QRD05149.1	hypothetical protein
JI435_110630	QRD05151.1	hypothetical protein
JI435_110660	QRD05152.1	hypothetical protein
JI435_110680	QRD05155.1	hypothetical protein
JI435_110690	QRD05156.1	hypothetical protein
JI435_110700	QRD05157.1	hypothetical protein
JI435_110710	QRD05158.1	hypothetical protein
JI435_110720	QRD05159.1	hypothetical protein
JI435_110730	QRD05160.1	hypothetical protein
JI435_110740	QRD05161.1	hypothetical protein
JI435_110760	QRD05162.1	hypothetical protein
JI435_110770	QRD05164.1	hypothetical protein
JI435_110780	QRD05165.1	hypothetical protein
JI435_110790	QRD05167.1	hypothetical protein
JI435_110800	QRD05168.1	hypothetical protein
JI435_110810	QRD05169.1	hypothetical protein
JI435_110820	QRD05170.1	hypothetical protein
JI435_110840	QRD05171.1	hypothetical protein
JI435_110850	QRD05172.1	hypothetical protein
JI435_110860	QRD05173.1	hypothetical protein
JI435_110870	QRD05174.1	hypothetical protein
JI435_110880	QRD05176.1	hypothetical protein
JI435_110890	QRD05177.1	hypothetical protein
JI435_110910	QRD05178.1	hypothetical protein
JI435_110920	QRD05179.1	hypothetical protein
JI435_110930	QRD05181.1	hypothetical protein
JI435_110940	QRD05182.1	hypothetical protein
JI435_110950	QRD05183.1	hypothetical protein
JI435_110960	QRD05184.1	hypothetical protein
JI435_110970	QRD05185.1	hypothetical protein
JI435_110980	QRD05186.1	hypothetical protein
JI435_110990	QRD05187.1	hypothetical protein
JI435_111010	QRD05188.1	hypothetical protein
JI435_111020	QRD05189.1	hypothetical protein
JI435_111030	QRD05190.1	hypothetical protein
JI435_111050	QRD05193.1	hypothetical protein
JI435_111060	QRD05194.1	hypothetical protein
JI435_111070	QRD05195.1	hypothetical protein
JI435_111090	QRD05196.1	hypothetical protein
JI435_111120	QRD05199.1	hypothetical protein
JI435_111130	QRD05200.1	hypothetical protein
JI435_111140	QRD05201.1	hypothetical protein
JI435_111150	QRD05202.1	hypothetical protein
JI435_111160	QRD05203.1	hypothetical protein
JI435_111170	QRD05204.1	hypothetical protein
JI435_111180	QRD05207.1	hypothetical protein
JI435_111190	QRD05209.1	GTP-binding protein
JI435_111200	QRD05210.1	hypothetical protein
JI435_111210	QRD05211.1	hypothetical protein
JI435_111230	QRD05212.1	hypothetical protein
JI435_111240	QRD05213.1	hypothetical protein
JI435_111250	QRD05216.1	hypothetical protein
JI435_111260	QRD05219.1	hypothetical protein
JI435_111270	QRD05221.1	hypothetical protein
JI435_111280	QRD05222.1	hypothetical protein
JI435_111290	QRD05223.1	proteasome subunit alpha type
JI435_111300	QRD05224.1	hypothetical protein
JI435_111310	QRD05225.1	hypothetical protein
JI435_111320	QRD05226.1	hypothetical protein
JI435_111330	QRD05227.1	hypothetical protein
JI435_111340	QRD05228.1	ATP-dependent RNA helicase FAL1
JI435_111350	QRD05229.1	hypothetical protein
JI435_111360	QRD05230.1	hypothetical protein
JI435_111370	QRD05233.1	hypothetical protein
JI435_111380	QRD05234.1	hypothetical protein
JI435_111390	QRD05235.1	hypothetical protein
JI435_111400	QRD05236.1	hypothetical protein
JI435_111410	QRD05237.1	hypothetical protein
JI435_111420	QRD05238.1	hypothetical protein
JI435_111430	QRD05239.1	hypothetical protein
JI435_111440	QRD05240.1	hypothetical protein
JI435_111450	QRD05241.1	hypothetical protein
JI435_111460	QRD05243.1	hypothetical protein
JI435_111470	QRD05244.1	hypothetical protein
JI435_111480	QRD05246.1	hypothetical protein
JI435_111490	QRD05247.1	hypothetical protein
JI435_111500	QRD05248.1	hypothetical protein
JI435_111510	QRD05249.1	hypothetical protein
JI435_111520	QRD05250.1	hypothetical protein
JI435_111530	QRD05251.1	hypothetical protein
JI435_111550	QRD05252.1	hypothetical protein
JI435_111560	QRD05253.1	hypothetical protein
JI435_111570	QRD05254.1	hypothetical protein
JI435_111580	QRD05256.1	hypothetical protein
JI435_111590	QRD05257.1	hypothetical protein
JI435_111600	QRD05258.1	hypothetical protein
JI435_111610	QRD05262.1	hypothetical protein
JI435_111620	QRD05264.1	hypothetical protein
JI435_111630	QRD05266.1	hypothetical protein
JI435_111640	QRD05267.1	hypothetical protein
JI435_111650	QRD05268.1	hypothetical protein
JI435_111660	QRD05269.1	hypothetical protein
JI435_111670	QRD05271.1	hypothetical protein
JI435_111680	QRD05272.1	hypothetical protein
JI435_111690	QRD05273.1	hypothetical protein
JI435_111720	QRD05274.1	hypothetical protein
JI435_111740	QRD05277.1	hypothetical protein
JI435_111750	QRD05278.1	hypothetical protein
JI435_111770	QRD05279.1	hypothetical protein
JI435_111780	QRD05281.1	hypothetical protein
JI435_111790	QRD05282.1	hypothetical protein
JI435_111800	QRD05283.1	hypothetical protein
JI435_111810	QRD05284.1	hypothetical protein
JI435_111820	QRD05285.1	hypothetical protein
JI435_111860	QRD05287.1	hypothetical protein
JI435_111870	QRD05290.1	hypothetical protein
JI435_111890	QRD05291.1	hypothetical protein
JI435_111900	QRD05292.1	hypothetical protein
JI435_111910	QRD05293.1	hypothetical protein
JI435_111920	QRD05294.1	hypothetical protein
JI435_111930	QRD05296.1	nucleoside diphosphate kinase
JI435_111940	QRD05297.1	alpha/beta-glucosidase agdC
JI435_111950	QRD05298.1	hypothetical protein
JI435_111960	QRD05299.1	hypothetical protein
JI435_111980	QRD05301.1	structure-specific endonuclease subunit SLX1
JI435_112000	QRD05302.1	hypothetical protein
JI435_112020	QRD05303.1	hypothetical protein
JI435_112030	QRD05304.1	hypothetical protein
JI435_112040	QRD05306.1	hypothetical protein
JI435_112060	QRD05308.1	hypothetical protein
JI435_112070	QRD05309.1	hypothetical protein
JI435_112080	QRD05310.1	hypothetical protein
JI435_112090	QRD05311.1	hypothetical protein
JI435_112100	QRD05314.1	hypothetical protein
JI435_112110	QRD05315.1	hypothetical protein
JI435_112120	QRD05316.1	hypothetical protein
JI435_112130	QRD05317.1	hypothetical protein
JI435_112140	QRD05318.1	hypothetical protein
JI435_112160	QRD05320.1	hypothetical protein
JI435_112170	QRD05322.1	hypothetical protein
JI435_112190	QRD05323.1	hypothetical protein
JI435_112210	QRD05324.1	DNA helicase
JI435_112220	QRD05325.1	hypothetical protein
JI435_112230	QRD05326.1	hypothetical protein
JI435_112240	QRD05328.1	adenosylmethionine decarboxylase
JI435_112250	QRD05329.1	hypothetical protein
JI435_112260	QRD05331.1	cleavage and polyadenylation specificity factor subunit 5
JI435_112270	QRD05332.1	hypothetical protein
JI435_112300	QRD05333.1	hypothetical protein
JI435_112310	QRD05336.1	hypothetical protein
JI435_112320	QRD05338.1	hypothetical protein
JI435_112330	QRD05339.1	serine/threonine-protein phosphatase
JI435_112340	QRD05340.1	hypothetical protein
JI435_112350	QRD05341.1	hypothetical protein
JI435_112360	QRD05342.1	hypothetical protein
JI435_112370	QRD05343.1	hypothetical protein
JI435_112380	QRD05344.1	hypothetical protein
JI435_112390	QRD05345.1	hypothetical protein
JI435_112400	QRD05346.1	hypothetical protein
JI435_112410	QRD05347.1	hypothetical protein
JI435_112420	QRD05348.1	rhamnogalacturonan endolyase
JI435_112430	QRD05349.1	hypothetical protein
JI435_112450	QRD05350.1	hypothetical protein
JI435_112460	QRD05351.1	hypothetical protein
JI435_112470	QRD05352.1	hypothetical protein
JI435_112480	QRD05353.1	hypothetical protein
JI435_112490	QRD05355.1	hypothetical protein
JI435_112500	QRD05356.1	hypothetical protein
JI435_112510	QRD05357.1	hypothetical protein
JI435_112540	QRD05359.1	hypothetical protein
JI435_112550	QRD05360.1	hypothetical protein
JI435_112560	QRD05362.1	GTP cyclohydrolase 1
JI435_112570	QRD05363.1	hypothetical protein
JI435_112580	QRD05364.1	long chronological lifespan protein 2
JI435_112590	QRD05365.1	hypothetical protein
JI435_112610	QRD05366.1	hypothetical protein
JI435_112630	QRD05370.1	hypothetical protein
JI435_112640	QRD05371.1	hypothetical protein
JI435_112660	QRD05374.1	hypothetical protein
JI435_112680	QRD05376.1	hypothetical protein
JI435_112690	QRD05377.1	hypothetical protein
JI435_112700	QRD05378.1	hypothetical protein
JI435_112710	QRD02513.1	hypothetical protein
JI435_112720	QRD02514.1	hypothetical protein
JI435_112740	QRD02515.1	hypothetical protein
JI435_112750	QRD02516.1	hypothetical protein
JI435_112760	QRD02517.1	hypothetical protein
JI435_112770	QRD02518.1	hypothetical protein
JI435_112790	QRD02524.1	hypothetical protein
JI435_112800	QRD02525.1	hypothetical protein
JI435_112810	QRD02526.1	hypothetical protein
JI435_112820	QRD02527.1	hypothetical protein
JI435_112830	QRD02528.1	hypothetical protein
JI435_112840	QRD02529.1	hypothetical protein
JI435_112850	QRD02530.1	urease
JI435_112860	QRD02531.1	hypothetical protein
JI435_112870	QRD02532.1	hypothetical protein
JI435_112880	QRD02533.1	hypothetical protein
JI435_112890	QRD02534.1	hypothetical protein
JI435_112900	QRD02535.1	hypothetical protein
JI435_112910	QRD02537.1	hypothetical protein
JI435_112920	QRD02538.1	hypothetical protein
JI435_112930	QRD02539.1	hypothetical protein
JI435_112950	QRD02541.1	hypothetical protein
JI435_112960	QRD02542.1	hypothetical protein
JI435_112980	QRD02543.1	hypothetical protein
JI435_112990	QRD02544.1	hypothetical protein
JI435_113000	QRD02545.1	hypothetical protein
JI435_113010	QRD02546.1	hypothetical protein
JI435_113030	QRD02548.1	cellulase
JI435_113040	QRD02550.1	hypothetical protein
JI435_113060	QRD02552.1	hypothetical protein
JI435_113070	QRD02553.1	hypothetical protein
JI435_113090	QRD02554.1	hypothetical protein
JI435_113100	QRD02555.1	hypothetical protein
JI435_113110	QRD02557.1	hypothetical protein
JI435_113120	QRD02558.1	hypothetical protein
JI435_113140	QRD02559.1	hypothetical protein
JI435_113150	QRD02560.1	hypothetical protein
JI435_113160	QRD02561.1	hypothetical protein
JI435_113170	QRD02562.1	hypothetical protein
JI435_113180	QRD02563.1	carboxylic ester hydrolase
JI435_113190	QRD02564.1	hypothetical protein
JI435_113200	QRD02565.1	hypothetical protein
JI435_113210	QRD02566.1	hypothetical protein
JI435_113220	QRD02567.1	hypothetical protein
JI435_113230	QRD02568.1	hypothetical protein
JI435_113250	QRD02569.1	hypothetical protein
JI435_113260	QRD02570.1	phospholipase
JI435_113280	QRD02571.1	hypothetical protein
JI435_113290	QRD02572.1	hypothetical protein
JI435_113300	QRD02573.1	hypothetical protein
JI435_113310	QRD02574.1	hypothetical protein
JI435_113320	QRD02575.1	hypothetical protein
JI435_113330	QRD02576.1	hypothetical protein
JI435_113340	QRD02577.1	hypothetical protein
JI435_113350	QRD02578.1	hypothetical protein
JI435_113360	QRD02579.1	hypothetical protein
JI435_113370	QRD02580.1	hypothetical protein
JI435_113380	QRD02581.1	cutinase
JI435_113410	QRD02583.1	hypothetical protein
JI435_113420	QRD02584.1	hypothetical protein
JI435_113430	QRD02585.1	hypothetical protein
JI435_113440	QRD02587.1	hypothetical protein
JI435_113460	QRD02588.1	hypothetical protein
JI435_113470	QRD02589.1	hypothetical protein
JI435_113480	QRD02590.1	hypothetical protein
JI435_113490	QRD02593.1	hypothetical protein
JI435_113500	QRD02594.1	hypothetical protein
JI435_113510	QRD02595.1	hypothetical protein
JI435_113530	QRD02597.1	hypothetical protein
JI435_113540	QRD02598.1	hypothetical protein
JI435_113550	QRD02599.1	hypothetical protein
JI435_113560	QRD02600.1	alpha-glucosidase
JI435_113570	QRD02601.1	hypothetical protein
JI435_113580	QRD02602.1	hypothetical protein
JI435_113590	QRD02604.1	hypothetical protein
JI435_113600	QRD02605.1	hypothetical protein
JI435_113620	QRD02607.1	hypothetical protein
JI435_113630	QRD02608.1	hypothetical protein
JI435_113640	QRD02611.1	hypothetical protein
JI435_113650	QRD02612.1	secondary metabolism regulator LAE1
JI435_113660	QRD02613.1	hypothetical protein
JI435_113670	QRD02616.1	hypothetical protein
JI435_113680	QRD02617.1	hypothetical protein
JI435_113690	QRD02619.1	hypothetical protein
JI435_113720	QRD02622.1	hypothetical protein
JI435_113740	QRD02623.1	hypothetical protein
JI435_113750	QRD02626.1	hypothetical protein
JI435_113760	QRD02627.1	hypothetical protein
JI435_113770	QRD02628.1	hypothetical protein
JI435_113780	QRD02629.1	hypothetical protein
JI435_113800	QRD02630.1	MYND-type zinc finger protein samB
JI435_113810	QRD02631.1	hypothetical protein
JI435_113820	QRD02633.1	hypothetical protein
JI435_113830	QRD02634.1	glycine--tRNA (Gly) ligase
JI435_113840	QRD02635.1	hypothetical protein
JI435_113850	QRD02636.1	hypothetical protein
JI435_113860	QRD02637.1	hypothetical protein
JI435_113870	QRD02638.1	hypothetical protein
JI435_113880	QRD02640.1	hypothetical protein
JI435_113890	QRD02644.1	hypothetical protein
JI435_113900	QRD02647.1	xylitol dehydrogenase Xdh1
JI435_113920	QRD02649.1	hypothetical protein
JI435_113930	QRD02651.1	hypothetical protein
JI435_113940	QRD02652.1	hypothetical protein
JI435_113950	QRD02653.1	hypothetical protein
JI435_113960	QRD02654.1	hypothetical protein
JI435_113970	QRD02655.1	hypothetical protein
JI435_113990	QRD02656.1	hypothetical protein
JI435_114010	QRD02658.1	beta-xylanase
JI435_114020	QRD02661.1	histidine biosynthesis trifunctional protein
JI435_114030	QRD02662.1	hypothetical protein
JI435_114040	QRD02664.1	hypothetical protein
JI435_114050	QRD02665.1	hypothetical protein
JI435_114060	QRD02667.1	hypothetical protein
JI435_114070	QRD02669.1	hypothetical protein
JI435_114080	QRD02671.1	hypothetical protein
JI435_114090	QRD02672.1	hypothetical protein
JI435_114100	QRD02673.1	hypothetical protein
JI435_114110	QRD02674.1	hypothetical protein
JI435_114120	QRD02675.1	hypothetical protein
JI435_114130	QRD02678.1	hypothetical protein
JI435_114150	QRD02679.1	hypothetical protein
JI435_114160	QRD02680.1	hypothetical protein
JI435_114170	QRD02681.1	hypothetical protein
JI435_114180	QRD02682.1	hypothetical protein
JI435_114190	QRD02683.1	hypothetical protein
JI435_114200	QRD02684.1	hypothetical protein
JI435_114210	QRD02685.1	hypothetical protein
JI435_114220	QRD02686.1	hypothetical protein
JI435_114240	QRD02687.1	hypothetical protein
JI435_114260	QRD02688.1	hypothetical protein
JI435_114270	QRD02689.1	hypothetical protein
JI435_114290	QRD02692.1	hypothetical protein
JI435_114300	QRD02693.1	hypothetical protein
JI435_114310	QRD02694.1	hypothetical protein
JI435_114320	QRD02695.1	hypothetical protein
JI435_114340	QRD02697.1	hypothetical protein
JI435_114350	QRD02699.1	quinate repressor protein
JI435_114360	QRD02700.1	hypothetical protein
JI435_114370	QRD02701.1	hypothetical protein
JI435_114380	QRD02702.1	hypothetical protein
JI435_114390	QRD02703.1	hypothetical protein
JI435_114400	QRD02704.1	inositol-1-monophosphatase
JI435_114410	QRD02705.1	catabolic 3-dehydroquinase
JI435_114420	QRD02707.1	hypothetical protein
JI435_114430	QRD02708.1	hypothetical protein
JI435_114440	QRD02709.1	hypothetical protein
JI435_114450	QRD02710.1	hypothetical protein
JI435_114460	QRD02711.1	hypothetical protein
JI435_114480	QRD02713.1	hypothetical protein
JI435_114490	QRD02714.1	NADH-cytochrome b5 reductase 2
JI435_114500	QRD02715.1	hypothetical protein
JI435_114520	QRD02716.1	hypothetical protein
JI435_114530	QRD02717.1	hypothetical protein
JI435_114540	QRD02719.1	hypothetical protein
JI435_114550	QRD02720.1	hypothetical protein
JI435_114560	QRD02721.1	DNA-directed RNA polymerase subunit beta
JI435_114570	QRD02722.1	hypothetical protein
JI435_114580	QRD02723.1	hypothetical protein
JI435_114600	QRD02725.1	hypothetical protein
JI435_114620	QRD02727.1	hypothetical protein
JI435_114630	QRD02729.1	protein SSH4
JI435_114640	QRD02731.1	hypothetical protein
JI435_114660	QRD02732.1	hypothetical protein
JI435_114670	QRD02734.1	hypothetical protein
JI435_114690	QRD02736.1	hypothetical protein
JI435_114700	QRD02737.1	hypothetical protein
JI435_114720	QRD02738.1	hypothetical protein
JI435_114730	QRD02740.1	hypothetical protein
JI435_114740	QRD02741.1	hypothetical protein
JI435_114760	QRD02742.1	hypothetical protein
JI435_114780	QRD02744.1	hypothetical protein
JI435_114790	QRD02746.1	hypothetical protein
JI435_114800	QRD02747.1	hypothetical protein
JI435_114810	QRD02748.1	hypothetical protein
JI435_114820	QRD02750.1	hypothetical protein
JI435_114830	QRD02751.1	hypothetical protein
JI435_114840	QRD02752.1	hypothetical protein
JI435_114850	QRD02753.1	hypothetical protein
JI435_114860	QRD02754.1	hypothetical protein
JI435_114870	QRD02755.1	hypothetical protein
JI435_114880	QRD02756.1	hypothetical protein
JI435_114900	QRD02757.1	autophagy-related protein
JI435_114910	QRD02758.1	hypothetical protein
JI435_114920	QRD02759.1	hypothetical protein
JI435_114930	QRD02760.1	hypothetical protein
JI435_114970	QRD02761.1	hypothetical protein
JI435_114990	QRD02763.1	hypothetical protein
JI435_115010	QRD02766.1	hypothetical protein
JI435_115030	QRD02774.1	hypothetical protein
JI435_115040	QRD02775.1	hypothetical protein
JI435_115060	QRD02777.1	hypothetical protein
JI435_115070	QRD02779.1	hypothetical protein
JI435_115080	QRD02780.1	hypothetical protein
JI435_115090	QRD02781.1	hypothetical protein
JI435_115100	QRD02782.1	hypothetical protein
JI435_115110	QRD02783.1	hypothetical protein
JI435_115120	QRD02785.1	hypothetical protein
JI435_115150	QRD02786.1	hypothetical protein
JI435_115170	QRD02788.1	hypothetical protein
JI435_115180	QRD02790.1	hypothetical protein
JI435_115190	QRD02791.1	hypothetical protein
JI435_115200	QRD02792.1	hypothetical protein
JI435_115220	QRD02794.1	ribosome biogenesis protein SLX9
JI435_115230	QRD02795.1	hypothetical protein
JI435_115250	QRD02796.1	hypothetical protein
JI435_115260	QRD02797.1	hypothetical protein
JI435_115270	QRD02798.1	hypothetical protein
JI435_115280	QRD02799.1	hypothetical protein
JI435_115290	QRD02800.1	dolichyl-diphosphooligosaccharide-protein glycosyltransferase subunit OST5
JI435_115300	QRD02801.1	histone acetyltransferase GCN5
JI435_115310	QRD02802.1	hypothetical protein
JI435_115320	QRD02804.1	hypothetical protein
JI435_115330	QRD02805.1	hypothetical protein
JI435_115350	QRD02806.1	hypothetical protein
JI435_115360	QRD02807.1	hypothetical protein
JI435_115370	QRD02808.1	dynein light subunit
JI435_115380	QRD02809.1	hypothetical protein
JI435_115390	QRD02811.1	hypothetical protein
JI435_115400	QRD02812.1	hypothetical protein
JI435_115410	QRD02814.1	hypothetical protein
JI435_115420	QRD02815.1	hypothetical protein
JI435_115430	QRD02816.1	hypothetical protein
JI435_115450	QRD02818.1	hypothetical protein
JI435_115460	QRD02820.1	hypothetical protein
JI435_115470	QRD02821.1	hypothetical protein
JI435_115480	QRD02822.1	hypothetical protein
JI435_115490	QRD02823.1	hypothetical protein
JI435_115500	QRD02824.1	hypothetical protein
JI435_115510	QRD02825.1	hypothetical protein
JI435_115520	QRD02826.1	hypothetical protein
JI435_115530	QRD02827.1	hypothetical protein
JI435_115540	QRD02828.1	hypothetical protein
JI435_115550	QRD02829.1	hypothetical protein
JI435_115560	QRD02831.1	DNA-directed RNA polymerase subunit
JI435_115570	QRD02832.1	hypothetical protein
JI435_115580	QRD02833.1	hypothetical protein
JI435_115590	QRD02834.1	hypothetical protein
JI435_115610	QRD02835.1	hypothetical protein
JI435_115620	QRD02838.1	hypothetical protein
JI435_115630	QRD02839.1	hypothetical protein
JI435_115640	QRD02840.1	hypothetical protein
JI435_115650	QRD02841.1	hypothetical protein
JI435_115660	QRD02842.1	hypothetical protein
JI435_115670	QRD02844.1	hypothetical protein
JI435_115680	QRD02845.1	hypothetical protein
JI435_115690	QRD02846.1	hypothetical protein
JI435_115700	QRD02847.1	hypothetical protein
JI435_115710	QRD02848.1	hypothetical protein
JI435_115720	QRD02849.1	hypothetical protein
JI435_115730	QRD02850.1	hypothetical protein
JI435_115740	QRD02851.1	hypothetical protein
JI435_115750	QRD02852.1	hypothetical protein
JI435_115760	QRD02853.1	hypothetical protein
JI435_115770	QRD02854.1	hypothetical protein
JI435_115780	QRD02855.1	hypothetical protein
JI435_115790	QRD02856.1	hypothetical protein
JI435_115800	QRD02857.1	hypothetical protein
JI435_115810	QRD02858.1	hypothetical protein
JI435_115820	QRD02859.1	hypothetical protein
JI435_115830	QRD02860.1	hypothetical protein
JI435_115840	QRD02861.1	hypothetical protein
JI435_115850	QRD02862.1	hypothetical protein
JI435_115860	QRD02863.1	hypothetical protein
JI435_115870	QRD02865.1	hypothetical protein
JI435_115910	QRD02868.1	hypothetical protein
JI435_115960	QRD02870.1	hypothetical protein
JI435_115970	QRD02871.1	hypothetical protein
JI435_115980	QRD02872.1	hypothetical protein
JI435_115990	QRD02874.1	hypothetical protein
JI435_116010	QRD02875.1	hypothetical protein
JI435_116020	QRD02876.1	hypothetical protein
JI435_116030	QRD02877.1	hypothetical protein
JI435_116040	QRD02878.1	hypothetical protein
JI435_116070	QRD02880.1	hypothetical protein
JI435_116080	QRD02882.1	hypothetical protein
JI435_116110	QRD02884.1	hypothetical protein
JI435_116120	QRD02885.1	hypothetical protein
JI435_116140	QRD02887.1	hypothetical protein
JI435_116150	QRD02888.1	hypothetical protein
JI435_116160	QRD02889.1	hypothetical protein
JI435_116170	QRD02891.1	nuclear pore complex protein Nup85
JI435_116180	QRD02892.1	hypothetical protein
JI435_116190	QRD02893.1	hypothetical protein
JI435_116200	QRD02894.1	succinate dehydrogenase cytochrome b small subunit
JI435_116210	QRD02895.1	hypothetical protein
JI435_116220	QRD02898.1	hypothetical protein
JI435_116230	QRD02899.1	hypothetical protein
JI435_116240	QRD02900.1	3-phytase
JI435_116250	QRD02901.1	hypothetical protein
JI435_116260	QRD02902.1	amidase
JI435_116270	QRD02903.1	endoplasmic reticulum transmembrane protein
JI435_116280	QRD02904.1	tRNA-dihydrouridine synthase
JI435_116290	QRD02905.1	hypothetical protein
JI435_116310	QRD02906.1	histidine kinase NIK1
JI435_116320	QRD02907.1	hypothetical protein
JI435_116330	QRD02908.1	hypothetical protein
JI435_116340	QRD02909.1	hypothetical protein
JI435_116350	QRD02910.1	hypothetical protein
JI435_116360	QRD02911.1	hypothetical protein
JI435_116370	QRD02912.1	14-3-3 family protein artA
JI435_116380	QRD02914.1	hypothetical protein
JI435_116390	QRD02915.1	peroxidase
JI435_116400	QRD06249.1	hypothetical protein
JI435_116410	QRD06250.1	hypothetical protein
JI435_116420	QRD06251.1	hypothetical protein
JI435_116430	QRD06252.1	hypothetical protein
JI435_116440	QRD06253.1	hypothetical protein
JI435_116460	QRD06254.1	hypothetical protein
JI435_116480	QRD06255.1	hypothetical protein
JI435_116490	QRD06256.1	arabinogalactan endo-beta-1,4-galactanase
JI435_116500	QRD06258.1	hypothetical protein
JI435_116520	QRD06259.1	hypothetical protein
JI435_116530	QRD06261.1	hypothetical protein
JI435_116560	QRD06264.1	hypothetical protein
JI435_116570	QRD06265.1	hypothetical protein
JI435_116580	QRD06266.1	hypothetical protein
JI435_116590	QRD06267.1	hypothetical protein
JI435_116600	QRD06268.1	hypothetical protein
JI435_116610	QRD06270.1	hypothetical protein
JI435_116620	QRD06271.1	hypothetical protein
JI435_116630	QRD06272.1	elongation factor 1-alpha
JI435_116650	QRD06274.1	hypothetical protein
JI435_116660	QRD06275.1	hypothetical protein
JI435_116670	QRD06276.1	hypothetical protein
JI435_116680	QRD06277.1	hypothetical protein
JI435_116700	QRD06280.1	hypothetical protein
JI435_116710	QRD06283.1	hypothetical protein
JI435_116720	QRD06284.1	transcription initiation factor TFIID subunit 8
JI435_116730	QRD06285.1	hypothetical protein
JI435_116740	QRD06286.1	hypothetical protein
JI435_116750	QRD06288.1	hypothetical protein
JI435_116770	QRD06289.1	hypothetical protein
JI435_116780	QRD06290.1	hypothetical protein
JI435_116800	QRD06291.1	hypothetical protein
JI435_116820	QRD06292.1	hypothetical protein
JI435_116830	QRD06294.1	hypothetical protein
JI435_116840	QRD06295.1	hypothetical protein
JI435_116850	QRD06297.1	hypothetical protein
JI435_116870	QRD06299.1	hypothetical protein
JI435_116880	QRD06300.1	hypothetical protein
JI435_116890	QRD06301.1	hypothetical protein
JI435_116910	QRD06302.1	hypothetical protein
JI435_116940	QRD06304.1	hypothetical protein
JI435_116950	QRD06305.1	hypothetical protein
JI435_116960	QRD06306.1	hypothetical protein
JI435_116970	QRD06307.1	hypothetical protein
JI435_116980	QRD06308.1	hypothetical protein
JI435_117000	QRD06309.1	hypothetical protein
JI435_117010	QRD06310.1	hypothetical protein
JI435_117020	QRD06311.1	hypothetical protein
JI435_117030	QRD06312.1	hypothetical protein
JI435_117040	QRD06313.1	hypothetical protein
JI435_117060	QRD06317.1	hypothetical protein
JI435_117070	QRD06319.1	mediator of RNA polymerase II transcription subunit 31
JI435_117080	QRD06320.1	hypothetical protein
JI435_117110	QRD06322.1	hypothetical protein
JI435_117120	QRD06323.1	hypothetical protein
JI435_117140	QRD06325.1	hypothetical protein
JI435_117160	QRD06327.1	hypothetical protein
JI435_117170	QRD06329.1	hypothetical protein
JI435_117180	QRD06330.1	hypothetical protein
JI435_117190	QRD06333.1	hypothetical protein
JI435_117200	QRD06335.1	hypothetical protein
JI435_117210	QRD06336.1	hypothetical protein
JI435_117220	QRD06337.1	hypothetical protein
JI435_117230	QRD06338.1	hypothetical protein
JI435_117240	QRD06339.1	hypothetical protein
JI435_117260	QRD06340.1	hypothetical protein
JI435_117270	QRD06341.1	hypothetical protein
JI435_117280	QRD06342.1	hypothetical protein
JI435_117290	QRD06343.1	hypothetical protein
JI435_117300	QRD06344.1	hypothetical protein
JI435_117330	QRD06347.1	hypothetical protein
JI435_117340	QRD06348.1	hypothetical protein
JI435_117350	QRD06349.1	hypothetical protein
JI435_117360	QRD06350.1	hypothetical protein
JI435_117370	QRD06353.1	hypothetical protein
JI435_117380	QRD06354.1	hypothetical protein
JI435_117390	QRD06355.1	hypothetical protein
JI435_117410	QRD06358.1	beta-xylanase
JI435_117420	QRD06360.1	hypothetical protein
JI435_117430	QRD06361.1	hypothetical protein
JI435_117440	QRD06363.1	hypothetical protein
JI435_117450	QRD06364.1	40S ribosomal protein RPS12
JI435_117470	QRD06367.1	hypothetical protein
JI435_117480	QRD06368.1	O-acyltransferase
JI435_117490	QRD06369.1	AP-1 complex subunit gamma
JI435_117500	QRD06370.1	alpha-1,2-Mannosidase
JI435_117510	QRD06371.1	rRNA-processing protein EFG1
JI435_117520	QRD06372.1	hypothetical protein
JI435_117530	QRD06374.1	hypothetical protein
JI435_117550	QRD06375.1	hypothetical protein
JI435_117560	QRD06376.1	hypothetical protein
JI435_117570	QRD06377.1	hypothetical protein
JI435_117580	QRD06378.1	hypothetical protein
JI435_117590	QRD06379.1	hypothetical protein
JI435_117600	QRD06380.1	hypothetical protein
JI435_117610	QRD06381.1	splicing factor subunit
JI435_117620	QRD06382.1	hypothetical protein
JI435_117630	QRD06383.1	DNA-directed RNA polymerase subunit
JI435_117650	QRD06385.1	hypothetical protein
JI435_117660	QRD06386.1	hypothetical protein
JI435_117670	QRD06387.1	hypothetical protein
JI435_117680	QRD06388.1	hypothetical protein
JI435_117690	QRD06389.1	4-amino-5-hydroxymethyl-2-methylpyrimidine phosphate synthase
JI435_117710	QRD06391.1	hypothetical protein
JI435_117730	QRD06393.1	hypothetical protein
JI435_117740	QRD06394.1	hypothetical protein
JI435_117750	QRD06395.1	hypothetical protein
JI435_117760	QRD06397.1	hypothetical protein
JI435_117780	QRD06399.1	hypothetical protein
JI435_117790	QRD06400.1	hypothetical protein
JI435_117800	QRD06401.1	hypothetical protein
JI435_117810	QRD06402.1	hypothetical protein
JI435_117820	QRD06403.1	hypothetical protein
JI435_117830	QRD06404.1	hypothetical protein
JI435_117840	QRD06405.1	lysosomal cobalamin transporter
JI435_117850	QRD06406.1	hypothetical protein
JI435_117860	QRD06407.1	hypothetical protein
JI435_117870	QRD06408.1	amine oxidase
JI435_117880	QRD06409.1	hypothetical protein
JI435_117890	QRD06410.1	hypothetical protein
JI435_117910	QRD06412.1	hypothetical protein
JI435_117920	QRD06413.1	hypothetical protein
JI435_117930	QRD06414.1	hypothetical protein
JI435_117950	QRD06415.1	hypothetical protein
JI435_117960	QRD06416.1	hypothetical protein
JI435_117970	QRD06417.1	hypothetical protein
JI435_117980	QRD06419.1	hypothetical protein
JI435_118010	QRD06421.1	hypothetical protein
JI435_118030	QRD06423.1	hypothetical protein
JI435_118040	QRD06424.1	hypothetical protein
JI435_118060	QRD06426.1	hypothetical protein
JI435_118070	QRD06427.1	hypothetical protein
JI435_118080	QRD06428.1	hypothetical protein
JI435_118090	QRD06431.1	cysteine dioxygenase isoform B
JI435_118100	QRD06433.1	hypothetical protein
JI435_118110	QRD06435.1	hypothetical protein
JI435_118120	QRD06436.1	hypothetical protein
JI435_118140	QRD06437.1	hypothetical protein
JI435_118150	QRD06439.1	mediator of RNA polymerase II transcription subunit 10
JI435_118160	QRD06440.1	hypothetical protein
JI435_118180	QRD06442.1	hypothetical protein
JI435_118190	QRD06444.1	hypothetical protein
JI435_118200	QRD06445.1	hypothetical protein
JI435_118220	QRD06447.1	hypothetical protein
JI435_118230	QRD06448.1	hypothetical protein
JI435_118240	QRD06449.1	hypothetical protein
JI435_118250	QRD06451.1	2'-phosphotransferase
JI435_118260	QRD06452.1	hypothetical protein
JI435_118280	QRD06454.1	hypothetical protein
JI435_118290	QRD06455.1	hypothetical protein
JI435_118300	QRD06456.1	hypothetical protein
JI435_118310	QRD06457.1	hypothetical protein
JI435_118320	QRD06458.1	hypothetical protein
JI435_118330	QRD06459.1	carbonic anhydrase
JI435_118340	QRD06460.1	hypothetical protein
JI435_118350	QRD06461.1	hypothetical protein
JI435_118360	QRD06462.1	hypothetical protein
JI435_118370	QRD06463.1	hypothetical protein
JI435_118380	QRD06464.1	hypothetical protein
JI435_118390	QRD06465.1	hypothetical protein
JI435_118400	QRD06466.1	hypothetical protein
JI435_118410	QRD06467.1	isoleucine--tRNA (Ile) ligase
JI435_118420	QRD06468.1	hypothetical protein
JI435_118430	QRD06469.1	hypothetical protein
JI435_118440	QRD06470.1	hypothetical protein
JI435_118450	QRD06472.1	hypothetical protein
JI435_118460	QRD06473.1	hypothetical protein
JI435_118470	QRD06474.1	hypothetical protein
JI435_118490	QRD06475.1	hypothetical protein
JI435_118500	QRD06476.1	hypothetical protein
JI435_118510	QRD06477.1	hypothetical protein
JI435_118520	QRD06478.1	hypothetical protein
JI435_118530	QRD06481.1	hypothetical protein
JI435_118550	QRD06483.1	hypothetical protein
JI435_118560	QRD06486.1	hypothetical protein
JI435_118570	QRD06487.1	hypothetical protein
JI435_118580	QRD06488.1	hypothetical protein
JI435_118590	QRD06489.1	hypothetical protein
JI435_118600	QRD06490.1	hypothetical protein
JI435_118610	QRD06491.1	hypothetical protein
JI435_118640	QRD06492.1	hypothetical protein
JI435_118650	QRD06495.1	hypothetical protein
JI435_118670	QRD06498.1	hypothetical protein
JI435_118680	QRD06499.1	hypothetical protein
JI435_118690	QRD06500.1	hypothetical protein
JI435_118700	QRD06501.1	hypothetical protein
JI435_118710	QRD06502.1	hypothetical protein
JI435_118720	QRD06503.1	pyruvate decarboxylase
JI435_118730	QRD06504.1	hypothetical protein
JI435_118740	QRD06505.1	pre-mRNA-processing protein 45
JI435_118750	QRD06506.1	hypothetical protein
JI435_118760	QRD06508.1	hypothetical protein
JI435_118770	QRD06509.1	hypothetical protein
JI435_118780	QRD06510.1	hypothetical protein
JI435_118790	QRD06511.1	hypothetical protein
JI435_118810	QRD06514.1	hypothetical protein
JI435_118820	QRD06516.1	hypothetical protein
JI435_118830	QRD06517.1	hypothetical protein
JI435_118840	QRD06518.1	hypothetical protein
JI435_118850	QRD06519.1	hypothetical protein
JI435_118860	QRD06520.1	hypothetical protein
JI435_118890	QRD06522.1	hypothetical protein
JI435_118900	QRD06524.1	hypothetical protein
JI435_118910	QRD06525.1	hypothetical protein
JI435_118920	QRD06526.1	polyprenol reductase
JI435_118930	QRD06527.1	hypothetical protein
JI435_118940	QRD06528.1	hypothetical protein
JI435_118950	QRD06529.1	hypothetical protein
JI435_118960	QRD06530.1	hypothetical protein
JI435_118970	QRD06531.1	hypothetical protein
JI435_119000	QRD06532.1	ATP-dependent DNA helicase II subunit 2
JI435_119020	QRD06533.1	hypothetical protein
JI435_119040	QRD06535.1	hypothetical protein
JI435_119050	QRD06536.1	hypothetical protein
JI435_119060	QRD06539.1	hypothetical protein
JI435_119070	QRD06540.1	hypothetical protein
JI435_119080	QRD06541.1	hypothetical protein
JI435_119090	QRD06542.1	hypothetical protein
JI435_119110	QRD06543.1	hypothetical protein
JI435_119120	QRD06544.1	hypothetical protein
JI435_119150	QRD06546.1	hypothetical protein
JI435_119160	QRD06547.1	hypothetical protein
JI435_119170	QRD06548.1	hypothetical protein
JI435_119180	QRD06549.1	phenylalanine--tRNA (Phe) ligase beta subunit
JI435_119190	QRD06550.1	hypothetical protein
JI435_119200	QRD06551.1	hypothetical protein
JI435_119210	QRD06553.1	hypothetical protein
JI435_119220	QRD06554.1	hypothetical protein
JI435_119230	QRD06555.1	hypothetical protein
JI435_119240	QRD06556.1	hypothetical protein
JI435_119250	QRD06557.1	hypothetical protein
JI435_119260	QRD06558.1	hypothetical protein
JI435_119270	QRD06559.1	hypothetical protein
JI435_119280	QRD06560.1	hypothetical protein
JI435_119290	QRD06561.1	hypothetical protein
JI435_119310	QRD06562.1	hypothetical protein
JI435_119320	QRD06563.1	hypothetical protein
JI435_119330	QRD06564.1	hypothetical protein
JI435_119340	QRD06565.1	carboxylic ester hydrolase
JI435_119390	QRD01260.1	hypothetical protein
JI435_119420	QRD01261.1	hypothetical protein
JI435_119430	QRD01263.1	hypothetical protein
JI435_119440	QRD01264.1	hypothetical protein
JI435_119450	QRD01265.1	hypothetical protein
JI435_119460	QRD01266.1	hypothetical protein
JI435_119470	QRD01267.1	ribonucleoprotein Sm D1
JI435_119480	QRD01268.1	hypothetical protein
JI435_119490	QRD01269.1	hypothetical protein
JI435_119500	QRD01270.1	cytochrome c oxidase assembly protein COX20
JI435_119510	QRD01271.1	DNA polymerase epsilon catalytic subunit
JI435_119520	QRD01272.1	hypothetical protein
JI435_119530	QRD01274.1	hypothetical protein
JI435_119540	QRD01275.1	hypothetical protein
JI435_119550	QRD01277.1	18S rRNA aminocarboxypropyltransferase
JI435_119560	QRD01278.1	hypothetical protein
JI435_119570	QRD01279.1	hypothetical protein
JI435_119580	QRD01280.1	hypothetical protein
JI435_119590	QRD01281.1	hypothetical protein
JI435_119610	QRD01282.1	hypothetical protein
JI435_119620	QRD01283.1	hypothetical protein
JI435_119640	QRD01284.1	hypothetical protein
JI435_119650	QRD01285.1	hypothetical protein
JI435_119660	QRD01286.1	hypothetical protein
JI435_119690	QRD01288.1	hypothetical protein
JI435_119700	QRD01289.1	hypothetical protein
JI435_119730	QRD01291.1	hypothetical protein
JI435_119740	QRD01292.1	hypothetical protein
JI435_119750	QRD01293.1	hypothetical protein
JI435_119770	QRD01294.1	hypothetical protein
JI435_119780	QRD01296.1	oligomeric Golgi complex subunit 3 isoform A
JI435_119790	QRD01297.1	prefoldin subunit 3
JI435_119810	QRD01299.1	hypothetical protein
JI435_119870	QRD01301.1	hypothetical protein
JI435_119900	QRD01302.1	hypothetical protein
JI435_119910	QRD01303.1	uracil-DNA glycosylase
JI435_119920	QRD01304.1	hypothetical protein
JI435_119930	QRD01305.1	hypothetical protein
JI435_119940	QRD01306.1	hypothetical protein
JI435_119950	QRD01307.1	hypothetical protein
JI435_119960	QRD01308.1	ubiquitin thioesterase OTU1
JI435_119970	QRD01309.1	hypothetical protein
JI435_119980	QRD01310.1	hypothetical protein
JI435_120000	QRD01312.1	hypothetical protein
JI435_120010	QRD01315.1	hypothetical protein
JI435_120020	QRD01316.1	hypothetical protein
JI435_120030	QRD01317.1	hypothetical protein
JI435_120040	QRD01318.1	hypothetical protein
JI435_120050	QRD01319.1	hypothetical protein
JI435_120060	QRD01320.1	hypothetical protein
JI435_120070	QRD01321.1	hypothetical protein
JI435_120080	QRD01322.1	hypothetical protein
JI435_120110	QRD01324.1	hypothetical protein
JI435_120140	QRD01328.1	hypothetical protein
JI435_120150	QRD01329.1	hypothetical protein
JI435_120160	QRD01333.1	hypothetical protein
JI435_120170	QRD01334.1	CDP-diacylglycerol--serine O-phosphatidyltransferase
JI435_120180	QRD01335.1	hypothetical protein
JI435_120190	QRD01336.1	threonine--tRNA (Thr) ligase
JI435_120200	QRD01338.1	hypothetical protein
JI435_120210	QRD01339.1	hypothetical protein
JI435_120220	QRD01341.1	hypothetical protein
JI435_120230	QRD01343.1	hypothetical protein
JI435_120240	QRD01344.1	1,3-beta-D-glucan-UDP glucosyltransferase
JI435_120250	QRD01345.1	hypothetical protein
JI435_120260	QRD01346.1	hypothetical protein
JI435_120280	QRD01347.1	hypothetical protein
JI435_120290	QRD01348.1	hypothetical protein
JI435_120300	QRD01349.1	hypothetical protein
JI435_120310	QRD01350.1	hypothetical protein
JI435_120320	QRD01351.1	hypothetical protein
JI435_120330	QRD01352.1	hypothetical protein
JI435_120350	QRD01354.1	hypothetical protein
JI435_120360	QRD01356.1	hypothetical protein
JI435_120370	QRD01359.1	hypothetical protein
JI435_120380	QRD01360.1	hypothetical protein
JI435_120390	QRD01361.1	hypothetical protein
JI435_120400	QRD01367.1	hypothetical protein
JI435_120410	QRD01368.1	hypothetical protein
JI435_120420	QRD01369.1	hypothetical protein
JI435_120430	QRD01370.1	hypothetical protein
JI435_120440	QRD01371.1	hypothetical protein
JI435_120450	QRD01373.1	hypothetical protein
JI435_120460	QRD01374.1	hypothetical protein
JI435_120470	QRD01376.1	hypothetical protein
JI435_120480	QRD01377.1	hypothetical protein
JI435_120490	QRD01378.1	hypothetical protein
JI435_120500	QRD01379.1	hypothetical protein
JI435_120510	QRD01380.1	hypothetical protein
JI435_120520	QRD01381.1	hypothetical protein
JI435_120530	QRD01382.1	hypothetical protein
JI435_120540	QRD01383.1	hypothetical protein
JI435_120550	QRD01384.1	hypothetical protein
JI435_120560	QRD01385.1	hypothetical protein
JI435_120570	QRD01386.1	hypothetical protein
JI435_120580	QRD01387.1	hypothetical protein
JI435_120590	QRD01389.1	hypothetical protein
JI435_120600	QRD01390.1	hypothetical protein
JI435_120640	QRD01391.1	hypothetical protein
JI435_120650	QRD01392.1	hypothetical protein
JI435_120660	QRD01394.1	hypothetical protein
JI435_120670	QRD01395.1	hypothetical protein
JI435_120690	QRD01397.1	hypothetical protein
JI435_120700	QRD01398.1	hypothetical protein
JI435_120710	QRD01399.1	hypothetical protein
JI435_120720	QRD01400.1	hypothetical protein
JI435_120730	QRD01401.1	hypothetical protein
JI435_120740	QRD01402.1	hypothetical protein
JI435_120750	QRD01403.1	hypothetical protein
JI435_120770	QRD01406.1	hypothetical protein
JI435_120790	QRD01407.1	hypothetical protein
JI435_120800	QRD01408.1	hypothetical protein
JI435_120810	QRD01409.1	hypothetical protein
JI435_120820	QRD01410.1	hypothetical protein
JI435_120830	QRD01411.1	hypothetical protein
JI435_120840	QRD01413.1	hypothetical protein
JI435_120850	QRD01414.1	hypothetical protein
JI435_120860	QRD01416.1	hypothetical protein
JI435_120880	QRD01421.1	hypothetical protein
JI435_120890	QRD01424.1	hypothetical protein
JI435_120900	QRD01425.1	hypothetical protein
JI435_120910	QRD01427.1	hypothetical protein
JI435_120920	QRD01431.1	vacuolar fusion protein MON1
JI435_120930	QRD01432.1	hypothetical protein
JI435_120940	QRD01433.1	hypothetical protein
JI435_120950	QRD01434.1	hypothetical protein
JI435_120960	QRD01435.1	hypothetical protein
JI435_120970	QRD01437.1	hypothetical protein
JI435_120980	QRD01438.1	hypothetical protein
JI435_120990	QRD01439.1	polynucleotide adenylyltransferase
JI435_121000	QRD01440.1	hypothetical protein
JI435_121010	QRD01441.1	hypothetical protein
JI435_121020	QRD01442.1	hypothetical protein
JI435_121030	QRD01443.1	ubiquitin carboxyl-terminal hydrolase
JI435_121050	QRD01445.1	histone H1
JI435_121060	QRD01447.1	hypothetical protein
JI435_121080	QRD01449.1	hypothetical protein
JI435_121090	QRD01450.1	ribonuclease T
JI435_121100	QRD01452.1	serine hydroxymethyltransferase
JI435_121120	QRD01453.1	chromosome structural maintenance protein 4
JI435_121130	QRD01454.1	hypothetical protein
JI435_121140	QRD01455.1	60S ribosomal protein L12
JI435_121160	QRD01456.1	hypothetical protein
JI435_121180	QRD01458.1	beta-hexosaminidase
JI435_121190	QRD01459.1	hypothetical protein
JI435_121200	QRD01460.1	hypothetical protein
JI435_121210	QRD01461.1	hypothetical protein
JI435_121220	QRD01462.1	tubulin-folding cofactor C
JI435_121230	QRD01464.1	hypothetical protein
JI435_121240	QRD01465.1	hypothetical protein
JI435_121260	QRD01467.1	hypothetical protein
JI435_121270	QRD01469.1	hypothetical protein
JI435_121290	QRD01471.1	hypothetical protein
JI435_121300	QRD01472.1	hypothetical protein
JI435_121310	QRD01473.1	hypothetical protein
JI435_121320	QRD01474.1	hypothetical protein
JI435_121330	QRD01475.1	hypothetical protein
JI435_121350	QRD01476.1	hypothetical protein
JI435_121360	QRD01477.1	hypothetical protein
JI435_121370	QRD01478.1	hypothetical protein
JI435_121380	QRD01480.1	hypothetical protein
JI435_121390	QRD01481.1	hypothetical protein
JI435_121430	QRD01485.1	hypothetical protein
JI435_121450	QRD01487.1	hypothetical protein
JI435_121460	QRD01488.1	hypothetical protein
JI435_121470	QRD01490.1	hypothetical protein
JI435_121480	QRD01491.1	hypothetical protein
JI435_121490	QRD01492.1	hypothetical protein
JI435_121500	QRD01494.1	hypothetical protein
JI435_121510	QRD01497.1	hypothetical protein
JI435_121520	QRD01498.1	hypothetical protein
JI435_121530	QRD01499.1	hypothetical protein
JI435_121540	QRD01500.1	hypothetical protein
JI435_121550	QRD01501.1	hypothetical protein
JI435_121560	QRD01503.1	hypothetical protein
JI435_121570	QRD01504.1	hypothetical protein
JI435_121580	QRD01505.1	hypothetical protein
JI435_121590	QRD01507.1	hypothetical protein
JI435_121610	QRD01510.1	hypothetical protein
JI435_121630	QRD01512.1	hypothetical protein
JI435_121640	QRD01515.1	hypothetical protein
JI435_121650	QRD01519.1	hypothetical protein
JI435_121660	QRD01521.1	hypothetical protein
JI435_121670	QRD01522.1	hypothetical protein
JI435_121680	QRD01523.1	hypothetical protein
JI435_121690	QRD01524.1	hypothetical protein
JI435_121700	QRD01526.1	hypothetical protein
JI435_121720	QRD01528.1	hypothetical protein
JI435_121730	QRD01529.1	hypothetical protein
JI435_121750	QRD01530.1	hypothetical protein
JI435_121760	QRD01531.1	hypothetical protein
JI435_121770	QRD01534.1	conserved oligomeric golgi complex subunit 5
JI435_121780	QRD01536.1	hypothetical protein
JI435_121800	QRD01537.1	hypothetical protein
JI435_121810	QRD01538.1	hypothetical protein
JI435_121850	QRD01541.1	ATP-dependent RNA helicase DHH1
JI435_121870	QRD01542.1	hypothetical protein
JI435_121880	QRD01543.1	hypothetical protein
JI435_121890	QRD01545.1	hypothetical protein
JI435_121920	QRD01546.1	hypothetical protein
JI435_121930	QRD01547.1	hypothetical protein
JI435_121940	QRD01548.1	hypothetical protein
JI435_121950	QRD01549.1	40S ribosomal protein RPS26
JI435_121960	QRD01550.1	hypothetical protein
JI435_121970	QRD01551.1	hypothetical protein
JI435_121980	QRD01552.1	hypothetical protein
JI435_122000	QRD01553.1	hypothetical protein
JI435_122010	QRD01555.1	hypothetical protein
JI435_122020	QRD01556.1	hypothetical protein
JI435_122030	QRD01558.1	hypothetical protein
JI435_122040	QRD01559.1	enoyl-CoA hydratase
JI435_122050	QRD01560.1	hypothetical protein
JI435_122060	QRD01561.1	protein-lysine N-methyltransferase EFM5
JI435_122070	QRD01563.1	hypothetical protein
JI435_122080	QRD01564.1	hypothetical protein
JI435_122090	QRD01565.1	hypothetical protein
JI435_122100	QRD01566.1	hypothetical protein
JI435_122110	QRD01567.1	hypothetical protein
JI435_122120	QRD01568.1	hypothetical protein
JI435_122130	QRD01570.1	pyruvate decarboxylase
JI435_122140	QRD01572.1	hypothetical protein
JI435_122150	QRD01573.1	hypothetical protein
JI435_122160	QRD01575.1	hypothetical protein
JI435_122170	QRD01577.1	tyrosinase
JI435_122180	QRD01578.1	hypothetical protein
JI435_122190	QRD01579.1	hypothetical protein
JI435_122200	QRD01581.1	hypothetical protein
JI435_122210	QRD01582.1	hypothetical protein
JI435_122220	QRD01583.1	hypothetical protein
JI435_122230	QRD01584.1	trimethylguanosine synthase
JI435_122240	QRD01585.1	hypothetical protein
JI435_122250	QRD01586.1	hypothetical protein
JI435_122270	QRD01587.1	hypothetical protein
JI435_122280	QRD01588.1	hypothetical protein
JI435_122290	QRD01590.1	hypothetical protein
JI435_122300	QRD01592.1	hypothetical protein
JI435_122310	QRD01593.1	hypothetical protein
JI435_122320	QRD01594.1	hypothetical protein
JI435_122330	QRD01596.1	hypothetical protein
JI435_122340	QRD01598.1	aconitate hydratase
JI435_122350	QRD01599.1	hypothetical protein
JI435_122360	QRD01600.1	eukaryotic translation initiation factor 2 subunit A
JI435_122370	QRD01601.1	hypothetical protein
JI435_122380	QRD01602.1	hypothetical protein
JI435_122390	QRD01603.1	hypothetical protein
JI435_122400	QRD01604.1	DNA helicase
JI435_122410	QRD01605.1	hypothetical protein
JI435_122420	QRD01606.1	ATP phosphoribosyltransferase
JI435_122430	QRD01607.1	hypothetical protein
JI435_122440	QRD01609.1	hypothetical protein
JI435_122450	QRD01610.1	hypothetical protein
JI435_122460	QRD01611.1	hypothetical protein
JI435_122470	QRD01612.1	hypothetical protein
JI435_122480	QRD01613.1	hypothetical protein
JI435_122490	QRD01614.1	hypothetical protein
JI435_122500	QRD01615.1	hypothetical protein
JI435_122510	QRD01616.1	protein disulfide-isomerase
JI435_122520	QRD01617.1	hypothetical protein
JI435_122530	QRD01618.1	hypothetical protein
JI435_122540	QRD01619.1	hypothetical protein
JI435_122560	QRD01620.1	hypothetical protein
JI435_122580	QRD01621.1	hypothetical protein
JI435_122590	QRD01622.1	hypothetical protein
JI435_122600	QRD01623.1	hypothetical protein
JI435_122610	QRD01624.1	hypothetical protein
JI435_122620	QRD01625.1	hypothetical protein
JI435_122630	QRD01626.1	hypothetical protein
JI435_122640	QRD01628.1	hypothetical protein
JI435_122650	QRD01629.1	hypothetical protein
JI435_122660	QRD01630.1	hypothetical protein
JI435_122670	QRD01631.1	hypothetical protein
JI435_122680	QRD01632.1	alpha-1,2-Mannosidase
JI435_122700	QRD01633.1	hypothetical protein
JI435_122710	QRD01634.1	hypothetical protein
JI435_122730	QRD07075.1	hypothetical protein
JI435_122750	QRD07077.1	hypothetical protein
JI435_122760	QRD07078.1	hypothetical protein
JI435_122770	QRD07079.1	hypothetical protein
JI435_122780	QRD07080.1	hypothetical protein
JI435_122790	QRD07081.1	hypothetical protein
JI435_122800	QRD07082.1	hypothetical protein
JI435_122810	QRD07083.1	hypothetical protein
JI435_122820	QRD07084.1	hypothetical protein
JI435_122830	QRD07085.1	hypothetical protein
JI435_122840	QRD07086.1	hypothetical protein
JI435_122860	QRD07087.1	proteasome subunit alpha type
JI435_122870	QRD07088.1	hypothetical protein
JI435_122880	QRD07089.1	hypothetical protein
JI435_122900	QRD07092.1	hypothetical protein
JI435_122920	QRD07093.1	transcription factor BYE1
JI435_122930	QRD07094.1	hypothetical protein
JI435_122940	QRD07095.1	hypothetical protein
JI435_122950	QRD07096.1	hypothetical protein
JI435_122960	QRD07098.1	hypothetical protein
JI435_122970	QRD07099.1	hypothetical protein
JI435_122980	QRD07100.1	hypothetical protein
JI435_122990	QRD07101.1	hypothetical protein
JI435_123000	QRD07102.1	hypothetical protein
JI435_123020	QRD07103.1	hypothetical protein
JI435_123030	QRD07104.1	hypothetical protein
JI435_123060	QRD07107.1	hypothetical protein
JI435_123080	QRD07109.1	hypothetical protein
JI435_123090	QRD07110.1	hypothetical protein
JI435_123150	QRD07113.1	hypothetical protein
JI435_123160	QRD07114.1	hypothetical protein
JI435_123170	QRD07115.1	hypothetical protein
JI435_123180	QRD07116.1	hypothetical protein
JI435_123190	QRD07117.1	hypothetical protein
JI435_123210	QRD07119.1	hypothetical protein
JI435_123220	QRD07121.1	hypothetical protein
JI435_123230	QRD07122.1	hypothetical protein
JI435_123240	QRD07123.1	hypothetical protein
JI435_123250	QRD07124.1	hypothetical protein
JI435_123260	QRD07125.1	hypothetical protein
JI435_123280	QRD07126.1	hypothetical protein
JI435_123290	QRD07127.1	hypothetical protein
JI435_123300	QRD07128.1	hypothetical protein
JI435_123310	QRD07129.1	hypothetical protein
JI435_123340	QRD07131.1	hypothetical protein
JI435_123350	QRD07132.1	hypothetical protein
JI435_123360	QRD07134.1	gluconeogenesis transcription activator
JI435_123370	QRD07135.1	flavin mononucleotide kinase
JI435_123380	QRD07136.1	hypothetical protein
JI435_123390	QRD07137.1	hypothetical protein
JI435_123400	QRD07138.1	hypothetical protein
JI435_123410	QRD07139.1	hypothetical protein
JI435_123420	QRD07140.1	hypothetical protein
JI435_123460	QRD07144.1	hypothetical protein
JI435_123470	QRD07145.1	hypothetical protein
JI435_123480	QRD07146.1	feruloyl esterase
JI435_123500	QRD07147.1	hypothetical protein
JI435_123510	QRD07148.1	hypothetical protein
JI435_123540	QRD07149.1	carboxylic ester hydrolase
JI435_123550	QRD07150.1	hypothetical protein
JI435_123570	QRD07151.1	hypothetical protein
JI435_123580	QRD07152.1	hypothetical protein
JI435_123590	QRD07153.1	hypothetical protein
JI435_123600	QRD07155.1	hypothetical protein
JI435_123610	QRD07156.1	peptide-methionine (R)-S-oxide reductase
JI435_123620	QRD07157.1	hypothetical protein
JI435_123630	QRD07158.1	hypothetical protein
JI435_123640	QRD07159.1	hypothetical protein
JI435_123650	QRD07160.1	hypothetical protein
JI435_123670	QRD07161.1	hypothetical protein
JI435_123680	QRD07162.1	S-methyl-5'-thioadenosine phosphorylase
JI435_123690	QRD07163.1	hypothetical protein
JI435_123700	QRD07164.1	hypothetical protein
JI435_123710	QRD07168.1	phosphate transporter
JI435_123720	QRD07170.1	hypothetical protein
JI435_123730	QRD07171.1	hypothetical protein
JI435_123740	QRD07172.1	hypothetical protein
JI435_123750	QRD07173.1	hypothetical protein
JI435_123770	QRD07175.1	hypothetical protein
JI435_123780	QRD07176.1	hypothetical protein
JI435_123790	QRD07177.1	hypothetical protein
JI435_123820	QRD07180.1	hypothetical protein
JI435_123830	QRD07182.1	hypothetical protein
JI435_123840	QRD07186.1	hypothetical protein
JI435_123880	QRD07188.1	hypothetical protein
JI435_123900	QRD07189.1	hypothetical protein
JI435_123910	QRD07190.1	hypothetical protein
JI435_123920	QRD07191.1	hypothetical protein
JI435_123930	QRD07192.1	hypothetical protein
JI435_123940	QRD07193.1	hypothetical protein
JI435_123950	QRD07194.1	hypothetical protein
JI435_123960	QRD07195.1	hypothetical protein
JI435_123990	QRD07196.1	hypothetical protein
JI435_124000	QRD07197.1	hypothetical protein
JI435_124020	QRD07198.1	hypothetical protein
JI435_124030	QRD07199.1	hypothetical protein
JI435_124040	QRD07200.1	hypothetical protein
JI435_124060	QRD07202.1	hypothetical protein
JI435_124070	QRD07203.1	hypothetical protein
JI435_124080	QRD07204.1	hypothetical protein
JI435_124090	QRD07205.1	hypothetical protein
JI435_124100	QRD07206.1	hypothetical protein
JI435_124110	QRD07207.1	hypothetical protein
JI435_124120	QRD07208.1	hypothetical protein
JI435_124130	QRD07209.1	hypothetical protein
JI435_124140	QRD07210.1	hypothetical protein
JI435_124150	QRD07211.1	hypothetical protein
JI435_124170	QRD07212.1	hypothetical protein
JI435_124180	QRD07213.1	hypothetical protein
JI435_124190	QRD07214.1	hypothetical protein
JI435_124200	QRD07216.1	hypothetical protein
JI435_124210	QRD07218.1	hypothetical protein
JI435_124220	QRD07220.1	hypothetical protein
JI435_124230	QRD07222.1	hypothetical protein
JI435_124240	QRD07223.1	hypothetical protein
JI435_124250	QRD07224.1	hypothetical protein
JI435_124260	QRD07225.1	hypothetical protein
JI435_124270	QRD07227.1	nicotinamide-nucleotide adenylyltransferase
JI435_124280	QRD07229.1	hypothetical protein
JI435_124290	QRD07230.1	hypothetical protein
JI435_124300	QRD07231.1	hypothetical protein
JI435_124310	QRD07232.1	hypothetical protein
JI435_124320	QRD07233.1	hypothetical protein
JI435_124340	QRD07234.1	hypothetical protein
JI435_124350	QRD07236.1	hypothetical protein
JI435_124360	QRD07237.1	hypothetical protein
JI435_124370	QRD07238.1	hypothetical protein
JI435_124380	QRD07240.1	hypothetical protein
JI435_124390	QRD07241.1	mRNA cap guanine-N7 methyltransferase
JI435_124400	QRD07242.1	hypothetical protein
JI435_124410	QRD07245.1	hypothetical protein
JI435_124420	QRD07246.1	hypothetical protein
JI435_124430	QRD07248.1	hypothetical protein
JI435_124450	QRD07250.1	hypothetical protein
JI435_124460	QRD07251.1	hypothetical protein
JI435_124470	QRD07253.1	hypothetical protein
JI435_124480	QRD07254.1	hypothetical protein
JI435_124490	QRD07255.1	hypothetical protein
JI435_124500	QRD07257.1	hypothetical protein
JI435_124510	QRD07258.1	hypothetical protein
JI435_124520	QRD07259.1	hypothetical protein
JI435_124530	QRD07260.1	hypothetical protein
JI435_124540	QRD07262.1	hypothetical protein
JI435_124560	QRD07264.1	hypothetical protein
JI435_124570	QRD07266.1	hypothetical protein
JI435_124580	QRD07267.1	hypothetical protein
JI435_124590	QRD07268.1	hypothetical protein
JI435_124600	QRD07269.1	carboxypeptidase
JI435_124610	QRD07270.1	hypothetical protein
JI435_124650	QRD07272.1	hypothetical protein
JI435_124660	QRD07274.1	hypothetical protein
JI435_124670	QRD07275.1	mediator of RNA polymerase II transcription subunit 7
JI435_124680	QRD07276.1	hypothetical protein
JI435_124690	QRD07277.1	hypothetical protein
JI435_124700	QRD07278.1	hypothetical protein
JI435_124710	QRD07279.1	hypothetical protein
JI435_124750	QRD07281.1	hypothetical protein
JI435_124770	QRD07287.1	hypothetical protein
JI435_124780	QRD07288.1	hypothetical protein
JI435_124790	QRD07289.1	hypothetical protein
JI435_124800	QRD07290.1	hypothetical protein
JI435_124810	QRD07291.1	hypothetical protein
JI435_124820	QRD07293.1	hypothetical protein
JI435_124840	QRD07294.1	hypothetical protein
JI435_124860	QRD07296.1	non-specific serine/threonine protein kinase
JI435_124870	QRD07298.1	class E vacuolar protein-sorting machinery protein HSE1
JI435_124880	QRD07299.1	hypothetical protein
JI435_124890	QRD07301.1	hypothetical protein
JI435_124900	QRD07302.1	hypothetical protein
JI435_124910	QRD07303.1	tRNA methyltransferase
JI435_124920	QRD07304.1	ATP-dependent RNA helicase MAK5
JI435_124930	QRD07305.1	DNA-binding protein RAP1
JI435_124950	QRD07306.1	hypothetical protein
JI435_124960	QRD07308.1	mediator of RNA polymerase II transcription subunit 13
JI435_124970	QRD07309.1	hypothetical protein
JI435_124980	QRD07311.1	hypothetical protein
JI435_124990	QRD07312.1	hypothetical protein
JI435_125010	QRD07313.1	hypothetical protein
JI435_125030	QRD07316.1	hypothetical protein
JI435_125040	QRD07317.1	hypothetical protein
JI435_125050	QRD07318.1	hypothetical protein
JI435_125060	QRD07319.1	hypothetical protein
JI435_125070	QRD07321.1	hypothetical protein
JI435_125080	QRD07323.1	hypothetical protein
JI435_125090	QRD07324.1	hypothetical protein
JI435_125100	QRD07326.1	hypothetical protein
JI435_125140	QRD07329.1	hypothetical protein
JI435_125180	QRD07331.1	hypothetical protein
JI435_125190	QRD07332.1	hypothetical protein
JI435_125210	QRD07334.1	hypothetical protein
JI435_125220	QRD07335.1	hypothetical protein
JI435_125240	QRD07337.1	MYND-type zinc finger protein samB
JI435_125260	QRD07339.1	hypothetical protein
JI435_125280	QRD07341.1	hypothetical protein
JI435_125320	QRD07344.1	hypothetical protein
JI435_125340	QRD07072.1	hypothetical protein
JI435_125350	QRD07071.1	hypothetical protein
JI435_125360	QRD07070.1	hypothetical protein
JI435_125390	QRD07068.1	hypothetical protein
JI435_125400	QRD07067.1	hypothetical protein
JI435_125410	QRD07066.1	hypothetical protein
JI435_125420	QRD07065.1	hypothetical protein
JI435_125430	QRD07064.1	hypothetical protein
JI435_125440	QRD07063.1	hypothetical protein
JI435_125450	QRD07062.1	hypothetical protein
JI435_125470	QRD07061.1	hypothetical protein
JI435_125480	QRD07060.1	hypothetical protein
JI435_125490	QRD07059.1	hypothetical protein
JI435_125500	QRD07058.1	hypothetical protein
JI435_125520	QRD07057.1	hypothetical protein
JI435_125530	QRD07056.1	V-type proton ATPase subunit F
JI435_125540	QRD07055.1	phosphatidylglycerol/phosphatidylinositol transfer protein
JI435_125550	QRD07052.1	hypothetical protein
JI435_125570	QRD07051.1	hypothetical protein
JI435_125580	QRD07050.1	hypothetical protein
JI435_125590	QRD07049.1	amino acid acetyltransferase
JI435_125600	QRD07047.1	hypothetical protein
JI435_125610	QRD07045.1	hypothetical protein
JI435_125620	QRD07043.1	hypothetical protein
JI435_125630	QRD07042.1	hypothetical protein
JI435_125640	QRD07041.1	hypothetical protein
JI435_125650	QRD07038.1	hypothetical protein
JI435_125660	QRD07036.1	hypothetical protein
JI435_125670	QRD07035.1	hypothetical protein
JI435_125680	QRD07034.1	hypothetical protein
JI435_125690	QRD07033.1	altered inheritance of mitochondria protein 41
JI435_125710	QRD07032.1	hypothetical protein
JI435_125720	QRD07030.1	hypothetical protein
JI435_125730	QRD07029.1	hypothetical protein
JI435_125760	QRD07026.1	hypothetical protein
JI435_125770	QRD07025.1	hypothetical protein
JI435_125780	QRD07023.1	hypothetical protein
JI435_125790	QRD07022.1	hypothetical protein
JI435_125800	QRD07021.1	hypothetical protein
JI435_125810	QRD07020.1	hypothetical protein
JI435_125830	QRD07017.1	hypothetical protein
JI435_125840	QRD07016.1	hypothetical protein
JI435_125850	QRD07015.1	hypothetical protein
JI435_125860	QRD07013.1	bis(5'-adenosyl)-triphosphatase
JI435_125870	QRD07011.1	hypothetical protein
JI435_125880	QRD07010.1	hypothetical protein
JI435_125890	QRD07008.1	hypothetical protein
JI435_125900	QRD07007.1	hypothetical protein
JI435_125910	QRD07006.1	hypothetical protein
JI435_125920	QRD07002.1	hypothetical protein
JI435_125930	QRD07001.1	alpha-1,2-Mannosidase
JI435_125960	QRD06999.1	hypothetical protein
JI435_125970	QRD06998.1	hypothetical protein
JI435_125980	QRD06997.1	hypothetical protein
JI435_125990	QRD06996.1	hypothetical protein
JI435_126000	QRD06995.1	hypothetical protein
JI435_126020	QRD06993.1	hypothetical protein
JI435_126030	QRD06992.1	leucine aminopeptidase
JI435_126040	QRD06991.1	hypothetical protein
JI435_126050	QRD06990.1	hypothetical protein
JI435_126060	QRD06989.1	hypothetical protein
JI435_126070	QRD06988.1	hypothetical protein
JI435_126080	QRD06987.1	hypothetical protein
JI435_126090	QRD06986.1	hypothetical protein
JI435_126110	QRD06984.1	hypothetical protein
JI435_126120	QRD06983.1	hypothetical protein
JI435_126140	QRD06981.1	hypothetical protein
JI435_126150	QRD06980.1	54S ribosomal protein MRPL4
JI435_126170	QRD06979.1	Rab GDP dissociation inhibitor
JI435_126180	QRD06978.1	GPI ethanolamine phosphate transferase 1
JI435_126190	QRD06977.1	hypothetical protein
JI435_126210	QRD06973.1	hypothetical protein
JI435_126220	QRD06972.1	hypothetical protein
JI435_126230	QRD06971.1	hypothetical protein
JI435_126240	QRD06970.1	hypothetical protein
JI435_126260	QRD06968.1	hypothetical protein
JI435_126270	QRD06967.1	hypothetical protein
JI435_126280	QRD06966.1	hypothetical protein
JI435_126290	QRD06965.1	hypothetical protein
JI435_126300	QRD06964.1	hypothetical protein
JI435_126310	QRD06963.1	hypothetical protein
JI435_126320	QRD06962.1	hypothetical protein
JI435_126330	QRD06961.1	hypothetical protein
JI435_126340	QRD06960.1	non-specific serine/threonine protein kinase
JI435_126350	QRD06959.1	mitochondrial inner membrane protease ATP23
JI435_126360	QRD06958.1	hypothetical protein
JI435_126390	QRD06956.1	hypothetical protein
JI435_126400	QRD06955.1	hypothetical protein
JI435_126410	QRD06954.1	hypothetical protein
JI435_126420	QRD06953.1	pectinesterase
JI435_126430	QRD06952.1	hypothetical protein
JI435_126440	QRD06951.1	hypothetical protein
JI435_126450	QRD06950.1	hypothetical protein
JI435_126460	QRD06949.1	hypothetical protein
JI435_126470	QRD06948.1	hypothetical protein
JI435_126480	QRD06947.1	hypothetical protein
JI435_126490	QRD06946.1	Xaa-Pro aminopeptidase PEPP
JI435_126500	QRD06945.1	hypothetical protein
JI435_126510	QRD06944.1	hypothetical protein
JI435_126520	QRD06943.1	chromosome structural maintenance protein
JI435_126530	QRD06942.1	hypothetical protein
JI435_126540	QRD06941.1	hypothetical protein
JI435_126560	QRD06940.1	hypothetical protein
JI435_126570	QRD06939.1	hypothetical protein
JI435_126580	QRD06938.1	hypothetical protein
JI435_126590	QRD06937.1	hypothetical protein
JI435_126600	QRD06936.1	hypothetical protein
JI435_126610	QRD06935.1	hypothetical protein
JI435_126640	QRD06930.1	hypothetical protein
JI435_126650	QRD06929.1	hypothetical protein
JI435_126660	QRD06928.1	mannitol-1-phosphate 5-dehydrogenase MPD1
JI435_126670	QRD06927.1	eukaryotic translation initiation factor 3 subunit G
JI435_126680	QRD06926.1	hypothetical protein
JI435_126690	QRD06925.1	hypothetical protein
JI435_126700	QRD06924.1	hypothetical protein
JI435_126710	QRD06923.1	hypothetical protein
JI435_126730	QRD06920.1	peptidylprolyl isomerase
JI435_126740	QRD06918.1	histidinol-phosphatase
JI435_126750	QRD06916.1	gamma-glutamylcyclotransferase
JI435_126760	QRD06915.1	hypothetical protein
JI435_126770	QRD06913.1	hypothetical protein
JI435_126780	QRD06911.1	hypothetical protein
JI435_126800	QRD06909.1	hypothetical protein
JI435_126810	QRD06908.1	hypothetical protein
JI435_126820	QRD06907.1	hypothetical protein
JI435_126830	QRD06906.1	hypothetical protein
JI435_126840	QRD06905.1	hypothetical protein
JI435_126850	QRD06904.1	chitin synthase
JI435_126860	QRD06903.1	hypothetical protein
JI435_126870	QRD06902.1	hypothetical protein
JI435_126890	QRD06897.1	triosephosphate isomerase
JI435_126900	QRD06896.1	methylenetetrahydrofolate reductase
JI435_126910	QRD06895.1	hypothetical protein
JI435_126920	QRD06894.1	hypothetical protein
JI435_126930	QRD06893.1	GTP-binding protein
JI435_126950	QRD06892.1	hypothetical protein
JI435_126960	QRD06891.1	hypothetical protein
JI435_126970	QRD06890.1	orotate phosphoribosyltransferase
JI435_126980	QRD06889.1	alpha-1,2-Mannosidase
JI435_126990	QRD06887.1	hypothetical protein
JI435_127000	QRD06886.1	hypothetical protein
JI435_127010	QRD06885.1	hypothetical protein
JI435_127030	QRD06884.1	hypothetical protein
JI435_127040	QRD06883.1	hypothetical protein
JI435_127050	QRD06882.1	hypothetical protein
JI435_127060	QRD06881.1	hypothetical protein
JI435_127070	QRD06880.1	hypothetical protein
JI435_127090	QRD06879.1	hypothetical protein
JI435_127110	QRD06878.1	hypothetical protein
JI435_127120	QRD06876.1	peptidyl-prolyl cis-trans isomerase
JI435_127150	QRD06874.1	hypothetical protein
JI435_127180	QRD06870.1	hypothetical protein
JI435_127190	QRD06869.1	hypothetical protein
JI435_127200	QRD06868.1	hypothetical protein
JI435_127210	QRD06867.1	hypothetical protein
JI435_127220	QRD06866.1	5'-deoxynucleotidase
JI435_127230	QRD06865.1	hypothetical protein
JI435_127240	QRD06864.1	hypothetical protein
JI435_127250	QRD06863.1	hypothetical protein
JI435_127260	QRD06861.1	hypothetical protein
JI435_127270	QRD06860.1	hypothetical protein
JI435_127280	QRD06859.1	hypothetical protein
JI435_127290	QRD06858.1	hypothetical protein
JI435_127300	QRD06856.1	hypothetical protein
JI435_127310	QRD06855.1	hypothetical protein
JI435_127320	QRD06854.1	thioredoxin-like fold-containing protein
JI435_127330	QRD06853.1	hypothetical protein
JI435_127340	QRD06852.1	hypothetical protein
JI435_127350	QRD06851.1	cystathionine beta-synthase
JI435_127380	QRD06849.1	hypothetical protein
JI435_127390	QRD06848.1	signal recognition particle receptor subunit beta
JI435_127400	QRD06845.1	hypothetical protein
JI435_127420	QRD06843.1	hypothetical protein
JI435_127430	QRD06841.1	hypothetical protein
JI435_127440	QRD06840.1	hypothetical protein
JI435_127450	QRD06839.1	trehalase
JI435_127460	QRD06838.1	hypothetical protein
JI435_127480	QRD06837.1	hypothetical protein
JI435_127490	QRD06836.1	hypothetical protein
JI435_127520	QRD06835.1	hypothetical protein
JI435_127540	QRD06834.1	hypothetical protein
JI435_127550	QRD06832.1	hypothetical protein
JI435_127560	QRD06831.1	hypothetical protein
JI435_127570	QRD06830.1	hypothetical protein
JI435_127580	QRD06829.1	hypothetical protein
JI435_127600	QRD06828.1	hypothetical protein
JI435_127610	QRD06826.1	leucine aminopeptidase
JI435_127620	QRD06825.1	hypothetical protein
JI435_127630	QRD06824.1	hypothetical protein
JI435_127640	QRD06823.1	hypothetical protein
JI435_127650	QRD06822.1	hypothetical protein
JI435_127670	QRD06821.1	hypothetical protein
JI435_127680	QRD06819.1	hypothetical protein
JI435_127690	QRD06818.1	hypothetical protein
JI435_127700	QRD06817.1	hypothetical protein
JI435_127710	QRD06816.1	hypothetical protein
JI435_127720	QRD06815.1	hypothetical protein
JI435_127730	QRD06814.1	hypothetical protein
JI435_127740	QRD06813.1	hypothetical protein
JI435_127750	QRD06811.1	hypothetical protein
JI435_127760	QRD06810.1	protein sorting-associated protein 36
JI435_127770	QRD06809.1	hypothetical protein
JI435_127780	QRD06808.1	hypothetical protein
JI435_127790	QRD06807.1	hypothetical protein
JI435_127800	QRD06806.1	hypothetical protein
JI435_127810	QRD06805.1	hypothetical protein
JI435_127830	QRD06804.1	hypothetical protein
JI435_127850	QRD06801.1	hypothetical protein
JI435_127860	QRD06800.1	hypothetical protein
JI435_127870	QRD04039.1	nickel/cobalt efflux system transporter
JI435_127880	QRD04040.1	hypothetical protein
JI435_127890	QRD04041.1	hypothetical protein
JI435_127900	QRD04042.1	carboxylic ester hydrolase
JI435_127910	QRD04043.1	hypothetical protein
JI435_127920	QRD04044.1	hypothetical protein
JI435_127930	QRD04045.1	hypothetical protein
JI435_127940	QRD04046.1	hypothetical protein
JI435_127950	QRD04047.1	hypothetical protein
JI435_127960	QRD04049.1	mannose-1-phosphate guanylyltransferase
JI435_127970	QRD04050.1	protein-S-isoprenylcysteine O-methyltransferase
JI435_127980	QRD04051.1	hypothetical protein
JI435_127990	QRD04052.1	hypothetical protein
JI435_128000	QRD04053.1	hypothetical protein
JI435_128010	QRD04055.1	hypothetical protein
JI435_128020	QRD04057.1	hypothetical protein
JI435_128030	QRD04058.1	hypothetical protein
JI435_128040	QRD04059.1	hypothetical protein
JI435_128050	QRD04062.1	hypothetical protein
JI435_128070	QRD04066.1	hypothetical protein
JI435_128080	QRD04069.1	hypothetical protein
JI435_128110	QRD04071.1	hypothetical protein
JI435_128130	QRD04072.1	hypothetical protein
JI435_128140	QRD04073.1	hypothetical protein
JI435_128150	QRD04074.1	hypothetical protein
JI435_128160	QRD04075.1	hypothetical protein
JI435_128170	QRD04077.1	hypothetical protein
JI435_128180	QRD04079.1	hypothetical protein
JI435_128190	QRD04080.1	hypothetical protein
JI435_128200	QRD04082.1	hypothetical protein
JI435_128210	QRD04083.1	hypothetical protein
JI435_128220	QRD04084.1	hypothetical protein
JI435_128240	QRD04085.1	hypothetical protein
JI435_128250	QRD04086.1	hypothetical protein
JI435_128260	QRD04087.1	hypothetical protein
JI435_128280	QRD04088.1	hypothetical protein
JI435_128290	QRD04091.1	hypothetical protein
JI435_128300	QRD04092.1	calmodulin
JI435_128310	QRD04093.1	hypothetical protein
JI435_128320	QRD04094.1	hypothetical protein
JI435_128340	QRD04095.1	hypothetical protein
JI435_128350	QRD04096.1	hypothetical protein
JI435_128360	QRD04097.1	hypothetical protein
JI435_128370	QRD04099.1	hypothetical protein
JI435_128380	QRD04101.1	hypothetical protein
JI435_128400	QRD04102.1	hypothetical protein
JI435_128410	QRD04104.1	hypothetical protein
JI435_128420	QRD04105.1	hypothetical protein
JI435_128430	QRD04106.1	hypothetical protein
JI435_128440	QRD04107.1	hypothetical protein
JI435_128450	QRD04108.1	endo-1,4-beta-xylanase
JI435_128460	QRD04109.1	hypothetical protein
JI435_128470	QRD04110.1	hypothetical protein
JI435_128480	QRD04111.1	chloride channel protein
JI435_128490	QRD04112.1	hypothetical protein
JI435_128500	QRD04114.1	hypothetical protein
JI435_128510	QRD04116.1	ubiquitinyl hydrolase 1
JI435_128520	QRD04117.1	hypothetical protein
JI435_128530	QRD04118.1	hypothetical protein
JI435_128540	QRD04119.1	hypothetical protein
JI435_128560	QRD04120.1	hypothetical protein
JI435_128570	QRD04121.1	hypothetical protein
JI435_128580	QRD04122.1	hypothetical protein
JI435_128590	QRD04123.1	hypothetical protein
JI435_128600	QRD04124.1	hypothetical protein
JI435_128610	QRD04126.1	hypothetical protein
JI435_128640	QRD04129.1	hypothetical protein
JI435_128670	QRD04131.1	hypothetical protein
JI435_128700	QRD04133.1	hypothetical protein
JI435_128710	QRD04134.1	hypothetical protein
JI435_128720	QRD04135.1	hypothetical protein
JI435_128730	QRD04137.1	hypothetical protein
JI435_128740	QRD04138.1	hypothetical protein
JI435_128750	QRD04140.1	hypothetical protein
JI435_128760	QRD04142.1	hypothetical protein
JI435_128770	QRD04144.1	hypothetical protein
JI435_128780	QRD04145.1	hypothetical protein
JI435_128790	QRD04146.1	hypothetical protein
JI435_128810	QRD04147.1	hypothetical protein
JI435_128820	QRD04148.1	hypothetical protein
JI435_128830	QRD04149.1	hypothetical protein
JI435_128840	QRD04150.1	hypothetical protein
JI435_128850	QRD04151.1	hypothetical protein
JI435_128860	QRD04153.1	hypothetical protein
JI435_128880	QRD04155.1	hypothetical protein
JI435_128890	QRD04156.1	phosphatidylinositol 3-kinase VPS34
JI435_128900	QRD04157.1	hypothetical protein
JI435_128910	QRD04158.1	hypothetical protein
JI435_128920	QRD04159.1	hypothetical protein
JI435_128930	QRD04160.1	hypothetical protein
JI435_128940	QRD04161.1	hypothetical protein
JI435_128960	QRD04162.1	hypothetical protein
JI435_128970	QRD04163.1	hypothetical protein
JI435_128980	QRD04164.1	hypothetical protein
JI435_128990	QRD04165.1	hypothetical protein
JI435_129000	QRD04166.1	hypothetical protein
JI435_129010	QRD04167.1	hypothetical protein
JI435_129020	QRD04168.1	hypothetical protein
JI435_129030	QRD04169.1	hypothetical protein
JI435_129040	QRD04170.1	hypothetical protein
JI435_129050	QRD04171.1	kinesin-like protein
JI435_129060	QRD04172.1	hypothetical protein
JI435_129070	QRD04174.1	hypothetical protein
JI435_129090	QRD04176.1	hypothetical protein
JI435_129110	QRD04178.1	hypothetical protein
JI435_129120	QRD04179.1	hypothetical protein
JI435_129140	QRD04182.1	hypothetical protein
JI435_129150	QRD04183.1	CTP synthase
JI435_129170	QRD04184.1	hypothetical protein
JI435_129190	QRD04185.1	hypothetical protein
JI435_129200	QRD04188.1	hypothetical protein
JI435_129230	QRD04189.1	hypothetical protein
JI435_129250	QRD04190.1	hypothetical protein
JI435_129270	QRD04191.1	hypothetical protein
JI435_129280	QRD04193.1	hypothetical protein
JI435_129290	QRD04195.1	squalene monooxygenase
JI435_129300	QRD04197.1	hypothetical protein
JI435_129310	QRD04198.1	hypothetical protein
JI435_129320	QRD04199.1	hypothetical protein
JI435_129330	QRD04200.1	hypothetical protein
JI435_129340	QRD04201.1	hypothetical protein
JI435_129350	QRD04202.1	hypothetical protein
JI435_129390	QRD04205.1	hypothetical protein
JI435_129400	QRD04206.1	hypothetical protein
JI435_129410	QRD04207.1	hypothetical protein
JI435_129430	QRD04209.1	hypothetical protein
JI435_129450	QRD04210.1	hypothetical protein
JI435_129460	QRD04212.1	hypothetical protein
JI435_129470	QRD04213.1	hypothetical protein
JI435_129480	QRD04215.1	hypothetical protein
JI435_129490	QRD04216.1	hypothetical protein
JI435_129500	QRD04217.1	hypothetical protein
JI435_129510	QRD04218.1	hypothetical protein
JI435_129520	QRD04219.1	coronin
JI435_129530	QRD04220.1	hypothetical protein
JI435_129540	QRD04221.1	hypothetical protein
JI435_129550	QRD04222.1	hypothetical protein
JI435_129560	QRD04223.1	hypothetical protein
JI435_129570	QRD04224.1	hypothetical protein
JI435_129580	QRD04225.1	hypothetical protein
JI435_129600	QRD04228.1	hypothetical protein
JI435_129610	QRD04229.1	hypothetical protein
JI435_129620	QRD04230.1	hypothetical protein
JI435_129630	QRD04231.1	hypothetical protein
JI435_129640	QRD04232.1	hypothetical protein
JI435_129650	QRD04233.1	hypothetical protein
JI435_129660	QRD04234.1	hypothetical protein
JI435_129670	QRD04235.1	hypothetical protein
JI435_129680	QRD04236.1	hypothetical protein
JI435_129690	QRD04238.1	hypothetical protein
JI435_129700	QRD04239.1	very-long-chain (3R)-3-hydroxyacyl-CoA dehydratase
JI435_129710	QRD04240.1	hypothetical protein
JI435_129720	QRD04241.1	hypothetical protein
JI435_129730	QRD04242.1	carboxylic ester hydrolase
JI435_129740	QRD04243.1	hypothetical protein
JI435_129750	QRD04244.1	hypothetical protein
JI435_129760	QRD04245.1	hypothetical protein
JI435_129770	QRD04246.1	hypothetical protein
JI435_129780	QRD04247.1	hypothetical protein
JI435_129790	QRD04248.1	hypothetical protein
JI435_129800	QRD04249.1	hypothetical protein
JI435_129810	QRD04250.1	hypothetical protein
JI435_129820	QRD04251.1	hypothetical protein
JI435_129860	QRD04252.1	hypothetical protein
JI435_129870	QRD04253.1	carbamoyl-phosphate synthase arginine-specific small subunit
JI435_129880	QRD04254.1	hypothetical protein
JI435_129890	QRD04255.1	hypothetical protein
JI435_129900	QRD04256.1	hypothetical protein
JI435_129910	QRD04257.1	cell division control protein 42
JI435_129920	QRD04258.1	hypothetical protein
JI435_129930	QRD04259.1	hypothetical protein
JI435_129940	QRD04261.1	hypothetical protein
JI435_129950	QRD04262.1	hypothetical protein
JI435_129960	QRD04263.1	hypothetical protein
JI435_129970	QRD04264.1	hypothetical protein
JI435_129980	QRD04265.1	hypothetical protein
JI435_129990	QRD04267.1	pre-mRNA-splicing factor 38
JI435_130000	QRD04268.1	hypothetical protein
JI435_130010	QRD04270.1	hypothetical protein
JI435_130030	QRD04274.1	hypothetical protein
JI435_130050	QRD04277.1	nitrate/nitrite transporter
JI435_130060	QRD04278.1	hypothetical protein
JI435_130070	QRD04279.1	hypothetical protein
JI435_130080	QRD04280.1	hypothetical protein
JI435_130090	QRD04282.1	hypothetical protein
JI435_130100	QRD04284.1	hypothetical protein
JI435_130110	QRD04285.1	hypothetical protein
JI435_130120	QRD04286.1	ATP-dependent DNA helicase II subunit 1
JI435_130130	QRD04287.1	ferrochelatase
JI435_130140	QRD04288.1	hypothetical protein
JI435_130150	QRD04289.1	hypothetical protein
JI435_130160	QRD04290.1	hypothetical protein
JI435_130170	QRD04291.1	signal recognition particle subunit SRP72
JI435_130180	QRD04292.1	phospholipid-transporting ATPase
JI435_130190	QRD04294.1	hypothetical protein
JI435_130220	QRD04296.1	hypothetical protein
JI435_130230	QRD04297.1	hypothetical protein
JI435_130240	QRD04298.1	hypothetical protein
JI435_130250	QRD04299.1	hypothetical protein
JI435_130260	QRD04300.1	hypothetical protein
JI435_130270	QRD04301.1	hypothetical protein
JI435_130280	QRD04302.1	hypothetical protein
JI435_130290	QRD04303.1	hypothetical protein
JI435_130300	QRD04304.1	hypothetical protein
JI435_130310	QRD04305.1	hypothetical protein
JI435_130320	QRD07590.1	hypothetical protein
JI435_130330	QRD07589.1	hypothetical protein
JI435_130340	QRD07588.1	short-chain dehydrogenase/reductase
JI435_130350	QRD07587.1	hypothetical protein
JI435_130360	QRD07585.1	MFS transporter
JI435_130370	QRD07584.1	hypothetical protein
JI435_130380	QRD07582.1	hypothetical protein
JI435_130390	QRD07581.1	hypothetical protein
JI435_130400	QRD07580.1	hypothetical protein
JI435_130410	QRD07578.1	hypothetical protein
JI435_130420	QRD07577.1	short-chain dehydrogenase Sch2
JI435_130440	QRD07575.1	hypothetical protein
JI435_130450	QRD07574.1	hypothetical protein
JI435_130460	QRD07573.1	peptide chain release factor GTP-binding subunit
JI435_130470	QRD07572.1	hypothetical protein
JI435_130480	QRD07571.1	hypothetical protein
JI435_130490	QRD07570.1	hypothetical protein
JI435_130500	QRD07568.1	hypothetical protein
JI435_130510	QRD07567.1	hypothetical protein
JI435_130520	QRD07566.1	hypothetical protein
JI435_130530	QRD07565.1	hypothetical protein
JI435_130540	QRD07564.1	hypothetical protein
JI435_130560	QRD07562.1	Rho GTPase
JI435_130570	QRD07561.1	hypothetical protein
JI435_130580	QRD07560.1	hypothetical protein
JI435_130590	QRD07559.1	hypothetical protein
JI435_130600	QRD07558.1	hypothetical protein
JI435_130610	QRD07555.1	hypothetical protein
JI435_130620	QRD07553.1	hypothetical protein
JI435_130630	QRD07552.1	hypothetical protein
JI435_130640	QRD07551.1	hypothetical protein
JI435_130670	QRD07550.1	hypothetical protein
JI435_130680	QRD07548.1	hypothetical protein
JI435_130700	QRD07544.1	hypothetical protein
JI435_130710	QRD07543.1	hypothetical protein
JI435_130720	QRD07542.1	hypothetical protein
JI435_130730	QRD07539.1	hypothetical protein
JI435_130750	QRD07538.1	hypothetical protein
JI435_130770	QRD07536.1	hypothetical protein
JI435_130780	QRD07535.1	hypothetical protein
JI435_130810	QRD07533.1	hypothetical protein
JI435_130820	QRD07531.1	hypothetical protein
JI435_130830	QRD07530.1	hypothetical protein
JI435_130840	QRD07529.1	arabinan endo-1,5-alpha-L-arabinosidase
JI435_130850	QRD07528.1	hypothetical protein
JI435_130860	QRD07527.1	hypothetical protein
JI435_130870	QRD07526.1	hypothetical protein
JI435_130880	QRD07525.1	hypothetical protein
JI435_130890	QRD07524.1	hypothetical protein
JI435_130910	QRD07522.1	hypothetical protein
JI435_130920	QRD07521.1	hypothetical protein
JI435_130930	QRD07520.1	protein BFR2
JI435_130940	QRD07519.1	hypothetical protein
JI435_130950	QRD07518.1	hypothetical protein
JI435_130970	QRD07517.1	hypothetical protein
JI435_130980	QRD07516.1	hypothetical protein
JI435_130990	QRD07515.1	hypothetical protein
JI435_131000	QRD07514.1	hypothetical protein
JI435_131010	QRD07513.1	hypothetical protein
JI435_131020	QRD07512.1	hypothetical protein
JI435_131030	QRD07511.1	hypothetical protein
JI435_131100	QRD07504.1	hypothetical protein
JI435_131140	QRD07501.1	hypothetical protein
JI435_131150	QRD07500.1	hypothetical protein
JI435_131160	QRD07498.1	hypothetical protein
JI435_131170	QRD07496.1	hypothetical protein
JI435_131180	QRD07495.1	hypothetical protein
JI435_131200	QRD07493.1	hypothetical protein
JI435_131210	QRD07492.1	hypothetical protein
JI435_131220	QRD07490.1	hypothetical protein
JI435_131230	QRD07488.1	hypothetical protein
JI435_131240	QRD07487.1	hypothetical protein
JI435_131250	QRD07486.1	hypothetical protein
JI435_131260	QRD07485.1	hypothetical protein
JI435_131270	QRD07484.1	amidase
JI435_131280	QRD07483.1	hypothetical protein
JI435_131290	QRD07482.1	hypothetical protein
JI435_131300	QRD07481.1	hypothetical protein
JI435_131310	QRD07480.1	hypothetical protein
JI435_131320	QRD07479.1	hypothetical protein
JI435_131330	QRD07477.1	hypothetical protein
JI435_131340	QRD07476.1	hypothetical protein
JI435_131350	QRD07472.1	elastin
JI435_131360	QRD07471.1	hypothetical protein
JI435_131370	QRD07470.1	hypothetical protein
JI435_131390	QRD07469.1	hypothetical protein
JI435_131400	QRD07468.1	hypothetical protein
JI435_131420	QRD07467.1	hypothetical protein
JI435_131430	QRD07466.1	hypothetical protein
JI435_131450	QRD07463.1	hypothetical protein
JI435_131460	QRD07462.1	hypothetical protein
JI435_131470	QRD07461.1	hypothetical protein
JI435_131480	QRD07460.1	hypothetical protein
JI435_131490	QRD07459.1	hypothetical protein
JI435_131500	QRD07458.1	hypothetical protein
JI435_131520	QRD07457.1	hypothetical protein
JI435_131530	QRD07454.1	hypothetical protein
JI435_131540	QRD07453.1	hypothetical protein
JI435_131550	QRD07452.1	hypothetical protein
JI435_131560	QRD07451.1	hypothetical protein
JI435_131570	QRD07450.1	hypothetical protein
JI435_131580	QRD07449.1	hypothetical protein
JI435_131590	QRD07447.1	hypothetical protein
JI435_131600	QRD07446.1	D-3-phosphoglycerate dehydrogenase
JI435_131610	QRD07445.1	lactoylglutathione lyase Glo1
JI435_131620	QRD07444.1	hypothetical protein
JI435_131640	QRD07442.1	citrulline--aspartate ligase
JI435_131650	QRD07441.1	hypothetical protein
JI435_131660	QRD07440.1	protein sorting-associated protein 27
JI435_131670	QRD07438.1	hypothetical protein
JI435_131680	QRD07436.1	hypothetical protein
JI435_131690	QRD07435.1	hypothetical protein
JI435_131720	QRD07434.1	hypothetical protein
JI435_131740	QRD07433.1	hypothetical protein
JI435_131750	QRD07432.1	hypothetical protein
JI435_131760	QRD07431.1	hypothetical protein
JI435_131770	QRD07430.1	hypothetical protein
JI435_131780	QRD07429.1	hypothetical protein
JI435_131790	QRD07428.1	hypothetical protein
JI435_131800	QRD07427.1	hypothetical protein
JI435_131810	QRD07426.1	hypothetical protein
JI435_131820	QRD07425.1	hypothetical protein
JI435_131850	QRD07424.1	hypothetical protein
JI435_131860	QRD07423.1	hypothetical protein
JI435_131880	QRD07422.1	hypothetical protein
JI435_131890	QRD07420.1	hypothetical protein
JI435_131900	QRD07418.1	hypothetical protein
JI435_131910	QRD07417.1	hypothetical protein
JI435_131920	QRD07416.1	hypothetical protein
JI435_131930	QRD07413.1	hypothetical protein
JI435_131940	QRD07412.1	hypothetical protein
JI435_131960	QRD07410.1	hypothetical protein
JI435_131980	QRD07408.1	hypothetical protein
JI435_131990	QRD07407.1	hypothetical protein
JI435_132000	QRD07406.1	hypothetical protein
JI435_132010	QRD07405.1	hypothetical protein
JI435_132020	QRD07404.1	hypothetical protein
JI435_132030	QRD07403.1	hypothetical protein
JI435_132040	QRD07402.1	hypothetical protein
JI435_132070	QRD07400.1	hypothetical protein
JI435_132080	QRD07399.1	hypothetical protein
JI435_132100	QRD07396.1	hypothetical protein
JI435_132110	QRD07395.1	hypothetical protein
JI435_132120	QRD07394.1	hypothetical protein
JI435_132140	QRD07392.1	hypothetical protein
JI435_132160	QRD07390.1	hypothetical protein
JI435_132170	QRD07388.1	hypothetical protein
JI435_132180	QRD07387.1	copper transporter
JI435_132190	QRD07386.1	hypothetical protein
JI435_132210	QRD07384.1	hypothetical protein
JI435_132220	QRD07383.1	hypothetical protein
JI435_132240	QRD07382.1	hypothetical protein
JI435_132250	QRD07381.1	hypothetical protein
JI435_132260	QRD07380.1	hypothetical protein
JI435_132270	QRD07379.1	hypothetical protein
JI435_132280	QRD07378.1	hypothetical protein
JI435_132290	QRD07377.1	hypothetical protein
JI435_132300	QRD07375.1	hypothetical protein
JI435_132310	QRD07373.1	hypothetical protein
JI435_132320	QRD07372.1	fructose-bisphosphate aldolase
JI435_132330	QRD07371.1	hypothetical protein
JI435_132340	QRD07369.1	hypothetical protein
JI435_132360	QRD07367.1	hypothetical protein
JI435_132390	QRD07366.1	hypothetical protein
JI435_132400	QRD07365.1	hypothetical protein
JI435_132410	QRD07364.1	hypothetical protein
JI435_132420	QRD07363.1	hypothetical protein
JI435_132430	QRD07362.1	hypothetical protein
JI435_132440	QRD07361.1	hypothetical protein
JI435_132450	QRD07360.1	hypothetical protein
JI435_132460	QRD07359.1	hypothetical protein
JI435_132480	QRD07358.1	hypothetical protein
JI435_132500	QRD07357.1	hypothetical protein
JI435_132510	QRD07356.1	hypothetical protein
JI435_132530	QRD07354.1	hypothetical protein
JI435_132540	QRD07353.1	hypothetical protein
JI435_132550	QRD07351.1	hypothetical protein
JI435_132560	QRD07350.1	hypothetical protein
JI435_132570	QRD07348.1	RNA polymerase II transcription factor B subunit
JI435_132580	QRD07347.1	hypothetical protein
JI435_132590	QRD07346.1	copper transporter
JI435_132600	QRD05824.1	hypothetical protein
JI435_132610	QRD05825.1	hypothetical protein
JI435_132620	QRD05826.1	hypothetical protein
JI435_132630	QRD05827.1	hypothetical protein
JI435_132640	QRD05831.1	hypothetical protein
JI435_132650	QRD05832.1	hypothetical protein
JI435_132660	QRD05834.1	hypothetical protein
JI435_132680	QRD05836.1	phosphatidylinositol 4-kinase
JI435_132690	QRD05837.1	spindle and kinetochore-associated protein
JI435_132700	QRD05839.1	hypothetical protein
JI435_132710	QRD05841.1	hypothetical protein
JI435_132740	QRD05843.1	hypothetical protein
JI435_132760	QRD05844.1	hypothetical protein
JI435_132770	QRD05845.1	hypothetical protein
JI435_132780	QRD05846.1	hypothetical protein
JI435_132790	QRD05848.1	hypothetical protein
JI435_132800	QRD05850.1	S1 motif-containing protein
JI435_132810	QRD05851.1	hypothetical protein
JI435_132820	QRD05852.1	hypothetical protein
JI435_132830	QRD05853.1	hypothetical protein
JI435_132840	QRD05854.1	hypothetical protein
JI435_132850	QRD05855.1	hypothetical protein
JI435_132870	QRD05856.1	hypothetical protein
JI435_132890	QRD05858.1	hypothetical protein
JI435_132930	QRD05859.1	ribose-phosphate diphosphokinase
JI435_132950	QRD05860.1	hypothetical protein
JI435_132960	QRD05861.1	mitogen-activated protein kinase HOG1
JI435_132970	QRD05863.1	hypothetical protein
JI435_132980	QRD05864.1	hypothetical protein
JI435_132990	QRD05865.1	hypothetical protein
JI435_133000	QRD05867.1	hypothetical protein
JI435_133020	QRD05870.1	hypothetical protein
JI435_133030	QRD05871.1	hypothetical protein
JI435_133040	QRD05872.1	hypothetical protein
JI435_133050	QRD05874.1	hypothetical protein
JI435_133070	QRD05875.1	hypothetical protein
JI435_133080	QRD05876.1	hypothetical protein
JI435_133090	QRD05877.1	hypothetical protein
JI435_133120	QRD05879.1	hypothetical protein
JI435_133130	QRD05880.1	hypothetical protein
JI435_133140	QRD05881.1	hypothetical protein
JI435_133150	QRD05882.1	hypothetical protein
JI435_133190	QRD05884.1	hypothetical protein
JI435_133200	QRD05885.1	hypothetical protein
JI435_133210	QRD05886.1	hypothetical protein
JI435_133220	QRD05887.1	hypothetical protein
JI435_133230	QRD05888.1	saccharopine dehydrogenase
JI435_133240	QRD05889.1	hypothetical protein
JI435_133250	QRD05890.1	chitin synthase
JI435_133260	QRD05891.1	chitin synthase
JI435_133270	QRD05892.1	eukaryotic translation initiation factor 5 subunit B
JI435_133280	QRD05893.1	hypothetical protein
JI435_133290	QRD05894.1	hypothetical protein
JI435_133300	QRD05895.1	hypothetical protein
JI435_133310	QRD05896.1	signal recognition particle subunit SRP68
JI435_133320	QRD05897.1	hypothetical protein
JI435_133330	QRD05898.1	hypothetical protein
JI435_133340	QRD05900.1	ATP synthase subunit 9
JI435_133350	QRD05903.1	hypothetical protein
JI435_133360	QRD05904.1	hypothetical protein
JI435_133370	QRD05906.1	hypothetical protein
JI435_133380	QRD05907.1	hypothetical protein
JI435_133390	QRD05908.1	hypothetical protein
JI435_133420	QRD05910.1	hypothetical protein
JI435_133430	QRD05911.1	hypothetical protein
JI435_133440	QRD05912.1	hypothetical protein
JI435_133450	QRD05913.1	hypothetical protein
JI435_133460	QRD05914.1	hypothetical protein
JI435_133480	QRD05915.1	hypothetical protein
JI435_133490	QRD05917.1	hypothetical protein
JI435_133500	QRD05918.1	hypothetical protein
JI435_133510	QRD05919.1	hypothetical protein
JI435_133530	QRD05920.1	hypothetical protein
JI435_133540	QRD05921.1	exocyst complex component SEC5
JI435_133550	QRD05923.1	hypothetical protein
JI435_133560	QRD05924.1	hypothetical protein
JI435_133570	QRD05926.1	hypothetical protein
JI435_133580	QRD05928.1	hypothetical protein
JI435_133590	QRD05930.1	hypothetical protein
JI435_133600	QRD05933.1	hypothetical protein
JI435_133620	QRD05934.1	hypothetical protein
JI435_133630	QRD05935.1	hypothetical protein
JI435_133640	QRD05937.1	hypothetical protein
JI435_133650	QRD05938.1	hypothetical protein
JI435_133660	QRD05939.1	phosphatidate cytidylyltransferase
JI435_133680	QRD05941.1	hypothetical protein
JI435_133690	QRD05944.1	hypothetical protein
JI435_133700	QRD05945.1	hypothetical protein
JI435_133710	QRD05946.1	hypothetical protein
JI435_133720	QRD05947.1	hypothetical protein
JI435_133730	QRD05948.1	hypothetical protein
JI435_133740	QRD05949.1	hypothetical protein
JI435_133760	QRD05950.1	hypothetical protein
JI435_133770	QRD05951.1	hypothetical protein
JI435_133780	QRD05952.1	hypothetical protein
JI435_133790	QRD05954.1	hypothetical protein
JI435_133800	QRD05957.1	hypothetical protein
JI435_133810	QRD05958.1	hypothetical protein
JI435_133820	QRD05959.1	hypothetical protein
JI435_133830	QRD05960.1	hypothetical protein
JI435_133850	QRD05961.1	hypothetical protein
JI435_133860	QRD05962.1	hypothetical protein
JI435_133880	QRD05963.1	hypothetical protein
JI435_133890	QRD05964.1	hypothetical protein
JI435_133900	QRD05966.1	hypothetical protein
JI435_133920	QRD05967.1	hypothetical protein
JI435_133930	QRD05968.1	hypothetical protein
JI435_133940	QRD05973.1	hypothetical protein
JI435_133950	QRD05974.1	hypothetical protein
JI435_133970	QRD05976.1	hypothetical protein
JI435_133980	QRD05977.1	hypothetical protein
JI435_133990	QRD05978.1	hypothetical protein
JI435_134000	QRD05979.1	hypothetical protein
JI435_134010	QRD05981.1	alpha-amylase
JI435_134020	QRD05983.1	hypothetical protein
JI435_134030	QRD05985.1	hypothetical protein
JI435_134040	QRD05986.1	hypothetical protein
JI435_134050	QRD05987.1	hypothetical protein
JI435_134070	QRD05988.1	hypothetical protein
JI435_134080	QRD05989.1	hypothetical protein
JI435_134090	QRD05990.1	hypothetical protein
JI435_134100	QRD05991.1	hypothetical protein
JI435_134110	QRD05992.1	hypothetical protein
JI435_134130	QRD05993.1	hypothetical protein
JI435_134140	QRD05995.1	hypothetical protein
JI435_134150	QRD05996.1	mediator of RNA polymerase II transcription subunit 21
JI435_134160	QRD05997.1	hypothetical protein
JI435_134170	QRD05998.1	hypothetical protein
JI435_134180	QRD06000.1	hypothetical protein
JI435_134190	QRD06001.1	hypothetical protein
JI435_134200	QRD06002.1	hypothetical protein
JI435_134210	QRD06003.1	hypothetical protein
JI435_134230	QRD06004.1	hypothetical protein
JI435_134240	QRD06005.1	hypothetical protein
JI435_134250	QRD06006.1	hypothetical protein
JI435_134260	QRD06007.1	hypothetical protein
JI435_134270	QRD06008.1	hypothetical protein
JI435_134280	QRD06009.1	hypothetical protein
JI435_134290	QRD06011.1	hypothetical protein
JI435_134300	QRD06012.1	hypothetical protein
JI435_134340	QRD06014.1	hypothetical protein
JI435_134350	QRD06015.1	hypothetical protein
JI435_134360	QRD06016.1	hypothetical protein
JI435_134370	QRD06017.1	hypothetical protein
JI435_134380	QRD06018.1	hypothetical protein
JI435_134390	QRD06020.1	hypothetical protein
JI435_134410	QRD06021.1	hypothetical protein
JI435_134420	QRD06022.1	hypothetical protein
JI435_134430	QRD06023.1	hypothetical protein
JI435_134440	QRD06024.1	hypothetical protein
JI435_134460	QRD06026.1	hypothetical protein
JI435_134470	QRD06027.1	hypothetical protein
JI435_134480	QRD06028.1	hypothetical protein
JI435_134490	QRD06029.1	hypothetical protein
JI435_134500	QRD06030.1	hypothetical protein
JI435_134510	QRD06031.1	2-dehydropantoate 2-reductase
JI435_134520	QRD06032.1	hypothetical protein
JI435_134530	QRD06033.1	hypothetical protein
JI435_134540	QRD06034.1	hypothetical protein
JI435_134570	QRD06036.1	hypothetical protein
JI435_134600	QRD06040.1	hypothetical protein
JI435_134610	QRD06042.1	hypothetical protein
JI435_134620	QRD06043.1	hypothetical protein
JI435_134630	QRD06044.1	hypothetical protein
JI435_134640	QRD06045.1	hypothetical protein
JI435_134650	QRD06046.1	exocyst complex protein EXO70
JI435_134660	QRD06047.1	hypothetical protein
JI435_134670	QRD06048.1	lysophospholipase
JI435_134690	QRD06049.1	hypothetical protein
JI435_134700	QRD06050.1	hypothetical protein
JI435_134710	QRD06051.1	hypothetical protein
JI435_134720	QRD06053.1	hypothetical protein
JI435_134730	QRD06054.1	hypothetical protein
JI435_134740	QRD06055.1	hypothetical protein
JI435_134750	QRD06569.1	hypothetical protein
JI435_134770	QRD06572.1	hypothetical protein
JI435_134790	QRD06573.1	chitin synthase
JI435_134800	QRD06575.1	ATP-dependent DNA helicase
JI435_134810	QRD06576.1	hypothetical protein
JI435_134820	QRD06577.1	hypothetical protein
JI435_134830	QRD06578.1	hypothetical protein
JI435_134840	QRD06580.1	hypothetical protein
JI435_134850	QRD06581.1	hypothetical protein
JI435_134860	QRD06583.1	hypothetical protein
JI435_134890	QRD06585.1	hypothetical protein
JI435_134900	QRD06587.1	hypothetical protein
JI435_134910	QRD06588.1	hypothetical protein
JI435_134920	QRD06589.1	hypothetical protein
JI435_134930	QRD06590.1	hypothetical protein
JI435_134940	QRD06591.1	hypothetical protein
JI435_134950	QRD06593.1	hypothetical protein
JI435_134960	QRD06594.1	hypothetical protein
JI435_134970	QRD06595.1	hypothetical protein
JI435_134980	QRD06596.1	hypothetical protein
JI435_134990	QRD06597.1	hypothetical protein
JI435_135000	QRD06598.1	hypothetical protein
JI435_135020	QRD06599.1	hypothetical protein
JI435_135030	QRD06600.1	hypothetical protein
JI435_135040	QRD06601.1	hypothetical protein
JI435_135060	QRD06602.1	hypothetical protein
JI435_135090	QRD06605.1	hypothetical protein
JI435_135110	QRD06606.1	hypothetical protein
JI435_135120	QRD06608.1	hypothetical protein
JI435_135130	QRD06609.1	hypothetical protein
JI435_135140	QRD06610.1	hypothetical protein
JI435_135150	QRD06611.1	hypothetical protein
JI435_135160	QRD06612.1	hypothetical protein
JI435_135170	QRD06613.1	glucosamine 6-phosphate N-acetyltransferase
JI435_135180	QRD06614.1	hypothetical protein
JI435_135190	QRD06615.1	hypothetical protein
JI435_135200	QRD06616.1	hypothetical protein
JI435_135210	QRD06620.1	Lon protease
JI435_135220	QRD06621.1	hypothetical protein
JI435_135230	QRD06623.1	hypothetical protein
JI435_135240	QRD06624.1	hypothetical protein
JI435_135250	QRD06625.1	hypothetical protein
JI435_135260	QRD06626.1	hypothetical protein
JI435_135270	QRD06627.1	hypothetical protein
JI435_135280	QRD06628.1	DNA damage-inducible protein
JI435_135290	QRD06629.1	ribosomal RNA-processing protein 8
JI435_135300	QRD06630.1	hypothetical protein
JI435_135330	QRD06631.1	hypothetical protein
JI435_135340	QRD06632.1	hypothetical protein
JI435_135350	QRD06633.1	hypothetical protein
JI435_135360	QRD06634.1	AP complex subunit beta isoform B
JI435_135370	QRD06636.1	ER membrane protein complex subunit 4
JI435_135380	QRD06637.1	hypothetical protein
JI435_135390	QRD06638.1	peroxidase
JI435_135410	QRD06639.1	hypothetical protein
JI435_135420	QRD06640.1	hypothetical protein
JI435_135530	QRD06647.1	hypothetical protein
JI435_135540	QRD06648.1	hypothetical protein
JI435_135550	QRD06649.1	hypothetical protein
JI435_135560	QRD06650.1	hypothetical protein
JI435_135580	QRD06651.1	hypothetical protein
JI435_135590	QRD06652.1	hypothetical protein
JI435_135600	QRD06653.1	RNA polymerase II subunit B1 C-terminal domain phosphatase RPAP2
JI435_135610	QRD06654.1	hypothetical protein
JI435_135630	QRD06656.1	hypothetical protein
JI435_135650	QRD06657.1	hypothetical protein
JI435_135670	QRD06659.1	hypothetical protein
JI435_135680	QRD06660.1	hypothetical protein
JI435_135690	QRD06661.1	40S ribosomal protein S17
JI435_135700	QRD06662.1	hypothetical protein
JI435_135710	QRD06663.1	hypothetical protein
JI435_135730	QRD06664.1	hypothetical protein
JI435_135740	QRD06665.1	quinone dihydroorotate dehydrogenase
JI435_135750	QRD06666.1	hypothetical protein
JI435_135760	QRD06667.1	hypothetical protein
JI435_135770	QRD06668.1	peptidylprolyl isomerase
JI435_135780	QRD06670.1	hypothetical protein
JI435_135800	QRD06671.1	hypothetical protein
JI435_135810	QRD06672.1	hypothetical protein
JI435_135820	QRD06673.1	hypothetical protein
JI435_135830	QRD06674.1	heat shock protein
JI435_135840	QRD06675.1	hypothetical protein
JI435_135850	QRD06676.1	hypothetical protein
JI435_135870	QRD06678.1	hypothetical protein
JI435_135880	QRD06679.1	hypothetical protein
JI435_135890	QRD06680.1	hypothetical protein
JI435_135900	QRD06681.1	hypothetical protein
JI435_135910	QRD06682.1	hypothetical protein
JI435_135920	QRD06683.1	hypothetical protein
JI435_135940	QRD06685.1	hypothetical protein
JI435_135950	QRD06686.1	hypothetical protein
JI435_135960	QRD06687.1	hypothetical protein
JI435_135970	QRD06688.1	hypothetical protein
JI435_135980	QRD06690.1	hypothetical protein
JI435_135990	QRD06691.1	hypothetical protein
JI435_136010	QRD06693.1	hypothetical protein
JI435_136020	QRD06694.1	hypothetical protein
JI435_136030	QRD06695.1	hypothetical protein
JI435_136040	QRD06696.1	hypothetical protein
JI435_136050	QRD06697.1	hypothetical protein
JI435_136060	QRD06698.1	hypothetical protein
JI435_136070	QRD06699.1	hypothetical protein
JI435_136080	QRD06701.1	glucose-6-phosphate isomerase
JI435_136090	QRD06702.1	hypothetical protein
JI435_136100	QRD06703.1	transcriptional adapter 2
JI435_136110	QRD06704.1	hypothetical protein
JI435_136120	QRD06705.1	hypothetical protein
JI435_136130	QRD06706.1	hypothetical protein
JI435_136140	QRD06707.1	hypothetical protein
JI435_136160	QRD06708.1	hypothetical protein
JI435_136170	QRD06712.1	hypothetical protein
JI435_136180	QRD06713.1	hypothetical protein
JI435_136190	QRD06718.1	DNA-binding protein creA
JI435_136220	QRD06720.1	hypothetical protein
JI435_136240	QRD06721.1	hypothetical protein
JI435_136250	QRD06722.1	hypothetical protein
JI435_136260	QRD06723.1	hypothetical protein
JI435_136270	QRD06724.1	very-long-chain 3-oxoacyl-CoA reductase
JI435_136280	QRD06725.1	hypothetical protein
JI435_136290	QRD06726.1	hypothetical protein
JI435_136300	QRD06727.1	protein YIP
JI435_136310	QRD06728.1	hypothetical protein
JI435_136320	QRD06729.1	hypothetical protein
JI435_136330	QRD06731.1	hypothetical protein
JI435_136340	QRD06732.1	hypothetical protein
JI435_136350	QRD06733.1	hypothetical protein
JI435_136360	QRD06734.1	hypothetical protein
JI435_136390	QRD06735.1	hypothetical protein
JI435_136400	QRD06738.1	carboxylic ester hydrolase
JI435_136410	QRD06739.1	hypothetical protein
JI435_136420	QRD06740.1	hypothetical protein
JI435_136430	QRD06741.1	hypothetical protein
JI435_136440	QRD06742.1	acyl-CoA desaturase
JI435_136450	QRD06743.1	hypothetical protein
JI435_136460	QRD06744.1	hypothetical protein
JI435_136470	QRD06746.1	hypothetical protein
JI435_136480	QRD06747.1	hypothetical protein
JI435_136500	QRD06748.1	hypothetical protein
JI435_136520	QRD06750.1	hypothetical protein
JI435_136540	QRD06754.1	hypothetical protein
JI435_136550	QRD06755.1	hypothetical protein
JI435_136560	QRD06756.1	hypothetical protein
JI435_136580	QRD06757.1	hypothetical protein
JI435_136590	QRD06759.1	origin recognition complex subunit 4
JI435_136600	QRD06760.1	hypothetical protein
JI435_136610	QRD06762.1	hypothetical protein
JI435_136620	QRD06764.1	hypothetical protein
JI435_136650	QRD06767.1	cell wall biogenesis-related chaperone ROT1
JI435_136660	QRD06768.1	hypothetical protein
JI435_136670	QRD06769.1	ribonucleoprotein E
JI435_136680	QRD06770.1	hypothetical protein
JI435_136690	QRD06771.1	hypothetical protein
JI435_136700	QRD06772.1	hypothetical protein
JI435_136710	QRD06773.1	N-acetylglucosamine-1-P transferase
JI435_136720	QRD06774.1	3-isopropylmalate dehydratase
JI435_136730	QRD06775.1	hypothetical protein
JI435_136740	QRD06776.1	hypothetical protein
JI435_136750	QRD06777.1	hypothetical protein
JI435_136810	QRD06781.1	hypothetical protein
JI435_136820	QRD06782.1	hypothetical protein
JI435_136830	QRD06783.1	hypothetical protein
JI435_136840	QRD06784.1	hypothetical protein
JI435_136850	QRD06785.1	hypothetical protein
JI435_136860	QRD06787.1	hypothetical protein
JI435_136870	QRD06788.1	hypothetical protein
JI435_136880	QRD06789.1	hypothetical protein
JI435_136890	QRD06790.1	hypothetical protein
JI435_136900	QRD06792.1	hypothetical protein
JI435_136910	QRD06793.1	hypothetical protein
JI435_136920	QRD06794.1	hypothetical protein
JI435_136930	QRD06795.1	hypothetical protein
JI435_136950	QRD06797.1	hypothetical protein
JI435_136960	QRD06799.1	hypothetical protein
JI435_136970	QRD03828.1	hypothetical protein
JI435_136980	QRD03830.1	hypothetical protein
JI435_136990	QRD03831.1	hypothetical protein
JI435_137000	QRD03832.1	hypothetical protein
JI435_137010	QRD03833.1	hypothetical protein
JI435_137020	QRD03834.1	mediator of RNA polymerase II transcription subunit 20
JI435_137040	QRD03835.1	alpha-1,2-Mannosidase
JI435_137050	QRD03836.1	hypothetical protein
JI435_137060	QRD03837.1	protein sorting-associated protein 17
JI435_137070	QRD03838.1	hypothetical protein
JI435_137080	QRD03839.1	hypothetical protein
JI435_137100	QRD03840.1	hypothetical protein
JI435_137110	QRD03841.1	O-acyltransferase
JI435_137120	QRD03842.1	hypothetical protein
JI435_137130	QRD03843.1	hypothetical protein
JI435_137140	QRD03844.1	hypothetical protein
JI435_137150	QRD03845.1	4-methyl-5-beta-hydroxyethylthiazole kinase
JI435_137160	QRD03846.1	hypothetical protein
JI435_137170	QRD03848.1	hypothetical protein
JI435_137200	QRD03849.1	hypothetical protein
JI435_137210	QRD03850.1	hypothetical protein
JI435_137220	QRD03852.1	cerato platanin protein SnodProt1
JI435_137230	QRD03856.1	hypothetical protein
JI435_137240	QRD03857.1	hypothetical protein
JI435_137250	QRD03858.1	hypothetical protein
JI435_137260	QRD03860.1	hypothetical protein
JI435_137270	QRD03863.1	hypothetical protein
JI435_137280	QRD03864.1	hypothetical protein
JI435_137290	QRD03865.1	hypothetical protein
JI435_137300	QRD03866.1	hypothetical protein
JI435_137310	QRD03867.1	hypothetical protein
JI435_137320	QRD03868.1	hypothetical protein
JI435_137330	QRD03869.1	hypothetical protein
JI435_137340	QRD03870.1	hypothetical protein
JI435_137350	QRD03871.1	40S ribosomal protein RPS24
JI435_137360	QRD03872.1	hypothetical protein
JI435_137370	QRD03874.1	hypothetical protein
JI435_137380	QRD03876.1	5'-phosphoribosylglycinamide transformylase
JI435_137390	QRD03877.1	hypothetical protein
JI435_137400	QRD03879.1	hypothetical protein
JI435_137410	QRD03880.1	histone acetyltransferase type B catalytic subunit
JI435_137420	QRD03881.1	NADPH-dependent diflavin oxidoreductase 1
JI435_137430	QRD03882.1	hypothetical protein
JI435_137440	QRD03883.1	hypothetical protein
JI435_137450	QRD03884.1	hypothetical protein
JI435_137460	QRD03885.1	hypothetical protein
JI435_137480	QRD03886.1	hypothetical protein
JI435_137490	QRD03887.1	mRNA-capping enzyme subunit alpha
JI435_137500	QRD03888.1	hypothetical protein
JI435_137510	QRD03889.1	hypothetical protein
JI435_137520	QRD03890.1	hypothetical protein
JI435_137540	QRD03891.1	hypothetical protein
JI435_137550	QRD03893.1	hypothetical protein
JI435_137560	QRD03894.1	hypothetical protein
JI435_137570	QRD03895.1	hypothetical protein
JI435_137580	QRD03896.1	hypothetical protein
JI435_137590	QRD03897.1	hypothetical protein
JI435_137600	QRD03898.1	histone-lysine N-methyltransferase SET9 isoform B
JI435_137610	QRD03900.1	hypothetical protein
JI435_137620	QRD03901.1	hypothetical protein
JI435_137630	QRD03902.1	hypothetical protein
JI435_137640	QRD03904.1	hypothetical protein
JI435_137650	QRD03905.1	hypothetical protein
JI435_137660	QRD03907.1	hypothetical protein
JI435_137670	QRD03908.1	ATP-dependent RNA helicase MRH4
JI435_137680	QRD03910.1	hypothetical protein
JI435_137710	QRD03912.1	hypothetical protein
JI435_137730	QRD03913.1	hypothetical protein
JI435_137750	QRD03914.1	hypothetical protein
JI435_137760	QRD03915.1	autophagy-related protein
JI435_137770	QRD03918.1	hypothetical protein
JI435_137790	QRD03919.1	hypothetical protein
JI435_137800	QRD03920.1	hypothetical protein
JI435_137820	QRD03922.1	hypothetical protein
JI435_137830	QRD03923.1	hypothetical protein
JI435_137850	QRD03924.1	hypothetical protein
JI435_137860	QRD03926.1	hypothetical protein
JI435_137870	QRD03927.1	hypothetical protein
JI435_137880	QRD03929.1	hypothetical protein
JI435_137900	QRD03932.1	hypothetical protein
JI435_137910	QRD03933.1	hypothetical protein
JI435_137920	QRD03934.1	hypothetical protein
JI435_137940	QRD03935.1	hypothetical protein
JI435_137950	QRD03936.1	hypothetical protein
JI435_137960	QRD03937.1	hypothetical protein
JI435_137970	QRD03939.1	hypothetical protein
JI435_137980	QRD03940.1	hypothetical protein
JI435_137990	QRD03941.1	hypothetical protein
JI435_138000	QRD03942.1	hypothetical protein
JI435_138010	QRD03943.1	hypothetical protein
JI435_138020	QRD03944.1	carboxylic ester hydrolase
JI435_138030	QRD03945.1	hypothetical protein
JI435_138040	QRD03946.1	hypothetical protein
JI435_138070	QRD03949.1	hypothetical protein
JI435_138080	QRD03950.1	hypothetical protein
JI435_138090	QRD03951.1	hypothetical protein
JI435_138100	QRD03952.1	hypothetical protein
JI435_138110	QRD03953.1	hypothetical protein
JI435_138120	QRD03954.1	hypothetical protein
JI435_138130	QRD03955.1	hypothetical protein
JI435_138140	QRD03957.1	hypothetical protein
JI435_138160	QRD03960.1	hypothetical protein
JI435_138170	QRD03961.1	hypothetical protein
JI435_138180	QRD03962.1	hypothetical protein
JI435_138190	QRD03963.1	hypothetical protein
JI435_138200	QRD03964.1	electron transfer flavoprotein subunit beta
JI435_138220	QRD03965.1	hypothetical protein
JI435_138230	QRD03967.1	hypothetical protein
JI435_138240	QRD03968.1	hypothetical protein
JI435_138250	QRD03969.1	hypothetical protein
JI435_138260	QRD03970.1	hypothetical protein
JI435_138270	QRD03971.1	hypothetical protein
JI435_138280	QRD03972.1	hypothetical protein
JI435_138290	QRD03973.1	hypothetical protein
JI435_138310	QRD03974.1	hypothetical protein
JI435_138320	QRD03975.1	hypothetical protein
JI435_138330	QRD03976.1	hypothetical protein
JI435_138340	QRD03977.1	hypothetical protein
JI435_138350	QRD03978.1	hypothetical protein
JI435_138360	QRD03979.1	hypothetical protein
JI435_138370	QRD03981.1	hypothetical protein
JI435_138380	QRD03982.1	hypothetical protein
JI435_138390	QRD03984.1	hypothetical protein
JI435_138400	QRD03985.1	catalase peroxidase
JI435_138420	QRD03986.1	hypothetical protein
JI435_138430	QRD03987.1	chloride channel protein
JI435_138450	QRD03989.1	hypothetical protein
JI435_138460	QRD03990.1	hypothetical protein
JI435_138470	QRD03991.1	hypothetical protein
JI435_138490	QRD03992.1	hypothetical protein
JI435_138510	QRD03993.1	hypothetical protein
JI435_138520	QRD03995.1	dihydrofolate reductase
JI435_138530	QRD03996.1	hypothetical protein
JI435_138540	QRD03998.1	hypothetical protein
JI435_138560	QRD03999.1	hypothetical protein
JI435_138570	QRD04000.1	hypothetical protein
JI435_138580	QRD04001.1	hypothetical protein
JI435_138610	QRD04005.1	hypothetical protein
JI435_138630	QRD04006.1	hypothetical protein
JI435_138640	QRD04007.1	hypothetical protein
JI435_138650	QRD04008.1	hypothetical protein
JI435_138660	QRD04009.1	hypothetical protein
JI435_138670	QRD04010.1	hypothetical protein
JI435_138690	QRD04012.1	hypothetical protein
JI435_138710	QRD04014.1	hypothetical protein
JI435_138720	QRD04015.1	alpha-1,3-glucosyltransferase
JI435_138730	QRD04016.1	hypothetical protein
JI435_138740	QRD04017.1	hypothetical protein
JI435_138750	QRD04018.1	hypothetical protein
JI435_138760	QRD04019.1	hypothetical protein
JI435_138770	QRD04021.1	acetate kinase
JI435_138780	QRD04022.1	hypothetical protein
JI435_138790	QRD04023.1	hypothetical protein
JI435_138800	QRD04024.1	hypothetical protein
JI435_138820	QRD04025.1	amine oxidase
JI435_138830	QRD04026.1	hypothetical protein
JI435_138840	QRD04027.1	hypothetical protein
JI435_138850	QRD04029.1	hypothetical protein
JI435_138860	QRD04030.1	hypothetical protein
JI435_138870	QRD04031.1	hypothetical protein
JI435_138880	QRD04032.1	hypothetical protein
JI435_138900	QRD04033.1	midasin
JI435_138910	QRD04034.1	hypothetical protein
JI435_138920	QRD04035.1	hypothetical protein
JI435_138930	QRD04036.1	hypothetical protein
JI435_138940	QRD04037.1	hypothetical protein
JI435_138950	QRD04038.1	hypothetical protein
JI435_138980	QRC97228.1	hypothetical protein
JI435_138990	QRC97227.1	hypothetical protein
JI435_139000	QRC97226.1	hypothetical protein
JI435_139020	QRC97225.1	hypothetical protein
JI435_139040	QRC97224.1	hypothetical protein
JI435_139050	QRC97223.1	hypothetical protein
JI435_139060	QRC97222.1	hypothetical protein
JI435_139070	QRC97221.1	hypothetical protein
JI435_139080	QRC97220.1	hypothetical protein
JI435_139090	QRC97219.1	hypothetical protein
JI435_139100	QRC97218.1	hypothetical protein
JI435_139110	QRC97216.1	DNA-directed RNA polymerase
JI435_139120	QRC97215.1	hypothetical protein
JI435_139130	QRC97213.1	hypothetical protein
JI435_139140	QRC97212.1	hypothetical protein
JI435_139160	QRC97211.1	hypothetical protein
JI435_139170	QRC97210.1	hypothetical protein
JI435_139180	QRC97209.1	hypothetical protein
JI435_139210	QRC97207.1	hypothetical protein
JI435_139220	QRC97206.1	hypothetical protein
JI435_139230	QRC97205.1	hypothetical protein
JI435_139240	QRC97203.1	hypothetical protein
JI435_139250	QRC97202.1	hypothetical protein
JI435_139260	QRC97201.1	hypothetical protein
JI435_139270	QRC97199.1	hypothetical protein
JI435_139280	QRC97198.1	hypothetical protein
JI435_139300	QRC97195.1	hypothetical protein
JI435_139310	QRC97194.1	hypothetical protein
JI435_139320	QRC97192.1	phosphatidylethanolamine N-methyltransferase
JI435_139330	QRC97190.1	Lon protease
JI435_139340	QRC97188.1	hypothetical protein
JI435_139350	QRC97187.1	hypothetical protein
JI435_139380	QRC97186.1	hypothetical protein
JI435_139390	QRC97185.1	hypothetical protein
JI435_139400	QRC97184.1	hypothetical protein
JI435_139410	QRC97183.1	hypothetical protein
JI435_139420	QRC97182.1	hypothetical protein
JI435_139430	QRC97181.1	hypothetical protein
JI435_139440	QRC97179.1	hypothetical protein
JI435_139450	QRC97178.1	hypothetical protein
JI435_139460	QRC97177.1	hypothetical protein
JI435_139480	QRC97176.1	hypothetical protein
JI435_139490	QRC97175.1	hypothetical protein
JI435_139500	QRC97173.1	hypothetical protein
JI435_139510	QRC97172.1	hypothetical protein
JI435_139530	QRC97170.1	hypothetical protein
JI435_139540	QRC97168.1	hypothetical protein
JI435_139560	QRC97166.1	hypothetical protein
JI435_139570	QRC97165.1	NADH-ubiquinone reductase
JI435_139580	QRC97164.1	mitochondrial division protein
JI435_139590	QRC97163.1	chorismate mutase
JI435_139610	QRC97162.1	hypothetical protein
JI435_139630	QRC97161.1	hypothetical protein
JI435_139670	QRC97159.1	hypothetical protein
JI435_139680	QRC97158.1	hypothetical protein
JI435_139690	QRC97157.1	hypothetical protein
JI435_139700	QRC97156.1	hypothetical protein
JI435_139710	QRC97154.1	hypothetical protein
JI435_139720	QRC97153.1	hypothetical protein
JI435_139740	QRC97151.1	hypothetical protein
JI435_139750	QRC97150.1	hypothetical protein
JI435_139760	QRC97149.1	hypothetical protein
JI435_139780	QRC97146.1	hypothetical protein
JI435_139790	QRC97145.1	hypothetical protein
JI435_139800	QRC97144.1	Ras-like protein
JI435_139830	QRC97141.1	MYND-type zinc finger protein samB
JI435_139840	QRC97140.1	hypothetical protein
JI435_139850	QRC97139.1	hypothetical protein
JI435_139860	QRC97137.1	serine/threonine-protein phosphatase
JI435_139870	QRC97136.1	hypothetical protein
JI435_139880	QRC97135.1	hypothetical protein
JI435_139890	QRC97134.1	hypothetical protein
JI435_139900	QRC97133.1	hypothetical protein
JI435_139910	QRC97132.1	hypothetical protein
JI435_139920	QRC97131.1	hypothetical protein
JI435_139930	QRC97130.1	hypothetical protein
JI435_139950	QRC97127.1	60S ribosomal export protein NMD3
JI435_139970	QRC97126.1	hypothetical protein
JI435_139980	QRC97124.1	hypothetical protein
JI435_139990	QRC97123.1	hypothetical protein
JI435_140000	QRC97122.1	hypothetical protein
JI435_140010	QRC97121.1	hypothetical protein
JI435_140020	QRC97119.1	hypothetical protein
JI435_140030	QRC97116.1	hypothetical protein
JI435_140050	QRC97113.1	hypothetical protein
JI435_140060	QRC97111.1	hypothetical protein
JI435_140070	QRC97108.1	hypothetical protein
JI435_140080	QRC97107.1	hypothetical protein
JI435_140090	QRC97106.1	hypothetical protein
JI435_140100	QRC97105.1	hypothetical protein
JI435_140110	QRC97104.1	eIF-2B GDP-GTP exchange factor subunit alpha
JI435_140120	QRC97102.1	hypothetical protein
JI435_140130	QRC97100.1	hypothetical protein
JI435_140140	QRC97098.1	hypothetical protein
JI435_140150	QRC97096.1	hypothetical protein
JI435_140160	QRC97095.1	26S proteasome regulatory subunit RPN1
JI435_140170	QRC97094.1	non-specific serine/threonine protein kinase
JI435_140180	QRC97093.1	hypothetical protein
JI435_140200	QRC97092.1	NADPH--cytochrome P450 reductase
JI435_140210	QRC97091.1	hypothetical protein
JI435_140220	QRC97090.1	hypothetical protein
JI435_140230	QRC97089.1	hypothetical protein
JI435_140250	QRC97088.1	hypothetical protein
JI435_140260	QRC97087.1	hypothetical protein
JI435_140270	QRC97086.1	1,4-alpha-D-glucan glucohydrolase
JI435_140280	QRC97085.1	hypothetical protein
JI435_140290	QRC97084.1	hypothetical protein
JI435_140300	QRC97083.1	hypothetical protein
JI435_140310	QRC97082.1	hypothetical protein
JI435_140340	QRC97074.1	hypothetical protein
JI435_140350	QRC97072.1	autophagy-related protein
JI435_140360	QRC97071.1	leucine carboxyl methyltransferase
JI435_140370	QRC97070.1	hypothetical protein
JI435_140380	QRC97069.1	hypothetical protein
JI435_140390	QRC97068.1	hypothetical protein
JI435_140400	QRC97066.1	endo-1,4-beta-xylanase
JI435_140410	QRC97065.1	DNA helicase
JI435_140420	QRC97064.1	hypothetical protein
JI435_140430	QRC97063.1	UDP-glucose 4-epimerase
JI435_140440	QRC97062.1	hypothetical protein
JI435_140450	QRC97061.1	ubiquitin carboxyl-terminal hydrolase
JI435_140460	QRC97059.1	hypothetical protein
JI435_140470	QRC97058.1	hypothetical protein
JI435_140480	QRC97057.1	hypothetical protein
JI435_140490	QRC97056.1	hypothetical protein
JI435_140510	QRC97053.1	hypothetical protein
JI435_140530	QRC97052.1	hypothetical protein
JI435_140540	QRC97051.1	hypothetical protein
JI435_140550	QRC97050.1	ribonuclease P protein subunit
JI435_140560	QRC97049.1	hypothetical protein
JI435_140570	QRC97048.1	hypothetical protein
JI435_140580	QRC97047.1	hypothetical protein
JI435_140590	QRC97046.1	T-complex protein 1 subunit alpha
JI435_140600	QRC97044.1	proline--tRNA (Pro) ligase
JI435_140620	QRC97043.1	hypothetical protein
JI435_140640	QRC97041.1	hypothetical protein
JI435_140650	QRC97039.1	hypothetical protein
JI435_140660	QRC97038.1	hypothetical protein
JI435_140670	QRC97037.1	hypothetical protein
JI435_140680	QRC97036.1	mRNA cleavage and polyadenylation factor CLP1
JI435_140690	QRC97035.1	kinase
JI435_140700	QRC97034.1	hypothetical protein
JI435_140710	QRC97033.1	hypothetical protein
JI435_140720	QRC97032.1	hypothetical protein
JI435_140730	QRC97031.1	hypothetical protein
JI435_140740	QRC97030.1	exocyst complex component EXO84
JI435_140750	QRC97029.1	hypothetical protein
JI435_140760	QRC97028.1	Ras-related protein Rab-6.2
JI435_140770	QRC97027.1	ribosome biogenesis protein NOP53
JI435_140780	QRC97025.1	nuclear pore complex protein
JI435_140790	QRC97023.1	hypothetical protein
JI435_140810	QRC97021.1	hypothetical protein
JI435_140820	QRC97020.1	hypothetical protein
JI435_140830	QRC97019.1	hypothetical protein
JI435_140850	QRC97018.1	hypothetical protein
JI435_140860	QRC97017.1	hypothetical protein
JI435_140880	QRC97016.1	asparagine-linked glycosylation protein
JI435_140900	QRC97015.1	non-specific serine/threonine protein kinase
JI435_140920	QRC97012.1	hypothetical protein
JI435_140930	QRC97011.1	hypothetical protein
JI435_140940	QRC97009.1	hypothetical protein
JI435_140950	QRC97008.1	hypothetical protein
JI435_140960	QRD03137.1	hypothetical protein
JI435_140980	QRD03136.1	hypothetical protein
JI435_140990	QRD03135.1	hypothetical protein
JI435_141000	QRD03134.1	hypothetical protein
JI435_141030	QRD03133.1	hypothetical protein
JI435_141040	QRD03132.1	hypothetical protein
JI435_141050	QRD03131.1	hypothetical protein
JI435_141060	QRD03130.1	hypothetical protein
JI435_141070	QRD03129.1	hypothetical protein
JI435_141100	QRD03127.1	hypothetical protein
JI435_141110	QRD03126.1	hypothetical protein
JI435_141120	QRD03125.1	hypothetical protein
JI435_141130	QRD03124.1	hypothetical protein
JI435_141140	QRD03123.1	hypothetical protein
JI435_141160	QRD03122.1	hypothetical protein
JI435_141170	QRD03121.1	hypothetical protein
JI435_141180	QRD03119.1	hypothetical protein
JI435_141190	QRD03118.1	hypothetical protein
JI435_141200	QRD03117.1	hypothetical protein
JI435_141210	QRD03116.1	hypothetical protein
JI435_141220	QRD03115.1	hypothetical protein
JI435_141230	QRD03112.1	hypothetical protein
JI435_141240	QRD03110.1	hypothetical protein
JI435_141250	QRD03109.1	hypothetical protein
JI435_141270	QRD03108.1	hypothetical protein
JI435_141290	QRD03107.1	hypothetical protein
JI435_141310	QRD03105.1	hypothetical protein
JI435_141320	QRD03104.1	hypothetical protein
JI435_141330	QRD03103.1	catalase
JI435_141340	QRD03102.1	hypothetical protein
JI435_141350	QRD03099.1	hypothetical protein
JI435_141360	QRD03098.1	hypothetical protein
JI435_141370	QRD03096.1	mitochondrial distribution and morphology protein 12
JI435_141380	QRD03093.1	hypothetical protein
JI435_141390	QRD03092.1	proline iminopeptidase
JI435_141400	QRD03090.1	hypothetical protein
JI435_141420	QRD03088.1	hypothetical protein
JI435_141430	QRD03087.1	hypothetical protein
JI435_141440	QRD03086.1	hypothetical protein
JI435_141450	QRD03084.1	hypothetical protein
JI435_141470	QRD03082.1	hypothetical protein
JI435_141480	QRD03080.1	hypothetical protein
JI435_141490	QRD03078.1	hypothetical protein
JI435_141500	QRD03077.1	bifunctional adenylyltransferase/sulfurtransferase uba4
JI435_141510	QRD03075.1	hypothetical protein
JI435_141520	QRD03074.1	hypothetical protein
JI435_141530	QRD03073.1	hypothetical protein
JI435_141540	QRD03072.1	hypothetical protein
JI435_141550	QRD03071.1	hypothetical protein
JI435_141580	QRD03067.1	hypothetical protein
JI435_141590	QRD03066.1	hypothetical protein
JI435_141600	QRD03065.1	hypothetical protein
JI435_141610	QRD03063.1	hypothetical protein
JI435_141620	QRD03062.1	hypothetical protein
JI435_141630	QRD03061.1	GPI-anchored wall transfer protein
JI435_141640	QRD03060.1	hypothetical protein
JI435_141650	QRD03059.1	mitochondrial import inner membrane translocase subunit TIM10
JI435_141660	QRD03058.1	hypothetical protein
JI435_141670	QRD03055.1	hypothetical protein
JI435_141680	QRD03052.1	trafficking protein particle complex subunit BET3
JI435_141690	QRD03051.1	hypothetical protein
JI435_141700	QRD03050.1	hypothetical protein
JI435_141710	QRD03049.1	hypothetical protein
JI435_141720	QRD03048.1	hypothetical protein
JI435_141730	QRD03047.1	MYND-type zinc finger protein samB
JI435_141740	QRD03046.1	carboxylic ester hydrolase
JI435_141750	QRD03045.1	hypothetical protein
JI435_141760	QRD03044.1	hypothetical protein
JI435_141770	QRD03043.1	hypothetical protein
JI435_141780	QRD03042.1	hypothetical protein
JI435_141790	QRD03041.1	hypothetical protein
JI435_141800	QRD03040.1	hypothetical protein
JI435_141820	QRD03039.1	hypothetical protein
JI435_141830	QRD03037.1	hypothetical protein
JI435_141840	QRD03036.1	hypothetical protein
JI435_141850	QRD03034.1	hypothetical protein
JI435_141860	QRD03030.1	hypothetical protein
JI435_141870	QRD03029.1	hypothetical protein
JI435_141880	QRD03027.1	hypothetical protein
JI435_141890	QRD03026.1	hypothetical protein
JI435_141900	QRD03025.1	hypothetical protein
JI435_141920	QRD03021.1	hypothetical protein
JI435_141930	QRD03020.1	hypothetical protein
JI435_141940	QRD03019.1	hypothetical protein
JI435_141960	QRD03018.1	hypothetical protein
JI435_141970	QRD03016.1	hypothetical protein
JI435_141980	QRD03015.1	hypothetical protein
JI435_141990	QRD03014.1	hypothetical protein
JI435_142000	QRD03013.1	hypothetical protein
JI435_142010	QRD03012.1	hypothetical protein
JI435_142030	QRD03010.1	hypothetical protein
JI435_142040	QRD03009.1	hypothetical protein
JI435_142050	QRD03008.1	hypothetical protein
JI435_142060	QRD03007.1	hypothetical protein
JI435_142070	QRD03006.1	threonine--tRNA (Thr) ligase
JI435_142080	QRD03005.1	hypothetical protein
JI435_142090	QRD03004.1	hypothetical protein
JI435_142110	QRD03003.1	hypothetical protein
JI435_142120	QRD02998.1	hypothetical protein
JI435_142130	QRD02997.1	hypothetical protein
JI435_142140	QRD02996.1	E3 ubiquitin protein ligase
JI435_142150	QRD02995.1	hypothetical protein
JI435_142160	QRD02994.1	hypothetical protein
JI435_142170	QRD02993.1	hypothetical protein
JI435_142180	QRD02992.1	hypothetical protein
JI435_142190	QRD02991.1	hypothetical protein
JI435_142200	QRD02990.1	hypothetical protein
JI435_142220	QRD02989.1	hypothetical protein
JI435_142230	QRD02988.1	hypothetical protein
JI435_142240	QRD02987.1	hypothetical protein
JI435_142250	QRD02986.1	hypothetical protein
JI435_142260	QRD02985.1	alpha-galactosidase
JI435_142270	QRD02982.1	hypothetical protein
JI435_142280	QRD02981.1	hypothetical protein
JI435_142290	QRD02980.1	hypothetical protein
JI435_142300	QRD02979.1	GTP-binding protein
JI435_142310	QRD02978.1	hypothetical protein
JI435_142320	QRD02977.1	hypothetical protein
JI435_142330	QRD02976.1	hypothetical protein
JI435_142340	QRD02975.1	hypothetical protein
JI435_142350	QRD02974.1	hypothetical protein
JI435_142360	QRD02973.1	hypothetical protein
JI435_142370	QRD02971.1	hypothetical protein
JI435_142380	QRD02970.1	hypothetical protein
JI435_142390	QRD02968.1	hypothetical protein
JI435_142400	QRD02967.1	hypothetical protein
JI435_142410	QRD02966.1	hypothetical protein
JI435_142420	QRD02965.1	hypothetical protein
JI435_142430	QRD02964.1	hypothetical protein
JI435_142440	QRD02963.1	hypothetical protein
JI435_142450	QRD02962.1	hypothetical protein
JI435_142460	QRD02960.1	hypothetical protein
JI435_142470	QRD02959.1	hypothetical protein
JI435_142490	QRD02958.1	hypothetical protein
JI435_142500	QRD02956.1	hypothetical protein
JI435_142510	QRD02955.1	COX assembly mitochondrial protein
JI435_142520	QRD02954.1	hypothetical protein
JI435_142530	QRD02953.1	hypothetical protein
JI435_142540	QRD02952.1	hypothetical protein
JI435_142550	QRD02949.1	hypothetical protein
JI435_142560	QRD02950.1	hypothetical protein
JI435_142570	QRD02948.1	hypothetical protein
JI435_142580	QRD02947.1	hypothetical protein
JI435_142590	QRD02946.1	hypothetical protein
JI435_142600	QRD02945.1	hypothetical protein
JI435_142610	QRD02944.1	hypothetical protein
JI435_142620	QRD02943.1	hypothetical protein
JI435_142630	QRD02941.1	hypothetical protein
JI435_142640	QRD02940.1	hypothetical protein
JI435_142660	QRD02938.1	hypothetical protein
JI435_142670	QRD02937.1	hypothetical protein
JI435_142680	QRD02936.1	hypothetical protein
JI435_142690	QRD02934.1	hypothetical protein
JI435_142700	QRD02933.1	hypothetical protein
JI435_142710	QRD02931.1	hypothetical protein
JI435_142720	QRD02930.1	hypothetical protein
JI435_142730	QRD02929.1	hypothetical protein
JI435_142740	QRD02928.1	arabitol dehydrogenase Abd1
JI435_142750	QRD02927.1	hypothetical protein
JI435_142760	QRD02926.1	hypothetical protein
JI435_142770	QRD02925.1	hypothetical protein
JI435_142780	QRD02924.1	hypothetical protein
JI435_142800	QRD02923.1	hypothetical protein
JI435_142810	QRD02921.1	hypothetical protein
JI435_142820	QRD02920.1	hypothetical protein
JI435_142840	QRD02918.1	hypothetical protein
JI435_142850	QRD02917.1	hypothetical protein
JI435_142860	QRC99359.1	hypothetical protein
JI435_142870	QRC99360.1	hypothetical protein
JI435_142890	QRC99361.1	hypothetical protein
JI435_142900	QRC99362.1	hypothetical protein
JI435_142910	QRC99363.1	hypothetical protein
JI435_142920	QRC99364.1	hypothetical protein
JI435_142930	QRC99365.1	hypothetical protein
JI435_142940	QRC99366.1	hypothetical protein
JI435_142960	QRC99369.1	nuclear distribution protein PAC1
JI435_142970	QRC99370.1	hypothetical protein
JI435_142980	QRC99371.1	hypothetical protein
JI435_142990	QRC99372.1	hypothetical protein
JI435_143000	QRC99373.1	3,4-dihydroxy-2-butanone 4-phosphate synthase
JI435_143010	QRC99374.1	hypothetical protein
JI435_143030	QRC99375.1	calcium uniporter protein
JI435_143040	QRC99376.1	peptide hydrolase
JI435_143050	QRC99378.1	hypothetical protein
JI435_143060	QRC99380.1	hypothetical protein
JI435_143070	QRC99381.1	hypothetical protein
JI435_143080	QRC99382.1	hypothetical protein
JI435_143090	QRC99384.1	hypothetical protein
JI435_143100	QRC99385.1	hypothetical protein
JI435_143110	QRC99386.1	hypothetical protein
JI435_143120	QRC99387.1	hypothetical protein
JI435_143130	QRC99389.1	hypothetical protein
JI435_143150	QRC99390.1	hypothetical protein
JI435_143160	QRC99391.1	hypothetical protein
JI435_143170	QRC99397.1	hypothetical protein
JI435_143180	QRC99398.1	hypothetical protein
JI435_143190	QRC99401.1	hypothetical protein
JI435_143220	QRC99402.1	heat shock protein 2
JI435_143230	QRC99405.1	hypothetical protein
JI435_143240	QRC99406.1	protein sorting-associated protein
JI435_143250	QRC99407.1	hypothetical protein
JI435_143260	QRC99408.1	hypothetical protein
JI435_143270	QRC99409.1	hypothetical protein
JI435_143280	QRC99410.1	hypothetical protein
JI435_143290	QRC99412.1	hypothetical protein
JI435_143300	QRC99413.1	hypothetical protein
JI435_143320	QRC99414.1	hypothetical protein
JI435_143340	QRC99415.1	carboxylic ester hydrolase
JI435_143350	QRC99416.1	hypothetical protein
JI435_143360	QRC99417.1	hypothetical protein
JI435_143370	QRC99418.1	hypothetical protein
JI435_143380	QRC99419.1	hypothetical protein
JI435_143390	QRC99424.1	hypothetical protein
JI435_143410	QRC99426.1	hypothetical protein
JI435_143420	QRC99427.1	fructose-bisphosphatase
JI435_143430	QRC99428.1	hypothetical protein
JI435_143450	QRC99429.1	hypothetical protein
JI435_143460	QRC99431.1	hypothetical protein
JI435_143470	QRC99433.1	hypothetical protein
JI435_143480	QRC99436.1	hypothetical protein
JI435_143490	QRC99438.1	hypothetical protein
JI435_143510	QRC99440.1	polyadenylate-binding protein
JI435_143520	QRC99441.1	hypothetical protein
JI435_143530	QRC99443.1	hypothetical protein
JI435_143540	QRC99444.1	hypothetical protein
JI435_143550	QRC99445.1	hypothetical protein
JI435_143560	QRC99446.1	hypothetical protein
JI435_143570	QRC99447.1	hypothetical protein
JI435_143580	QRC99448.1	hypothetical protein
JI435_143600	QRC99449.1	hypothetical protein
JI435_143610	QRC99450.1	hypothetical protein
JI435_143620	QRC99452.1	hypothetical protein
JI435_143640	QRC99453.1	L-ornithine N(5)-monooxygenase
JI435_143650	QRC99454.1	hypothetical protein
JI435_143660	QRC99455.1	hypothetical protein
JI435_143680	QRC99457.1	hypothetical protein
JI435_143690	QRC99458.1	hypothetical protein
JI435_143700	QRC99460.1	hypothetical protein
JI435_143710	QRC99461.1	hypothetical protein
JI435_143720	QRC99462.1	hypothetical protein
JI435_143750	QRC99464.1	hypothetical protein
JI435_143770	QRC99465.1	hypothetical protein
JI435_143780	QRC99466.1	hypothetical protein
JI435_143790	QRC99469.1	glutamine synthetase
JI435_143810	QRC99472.1	hypothetical protein
JI435_143820	QRC99473.1	hypothetical protein
JI435_143830	QRC99475.1	hypothetical protein
JI435_143840	QRC99477.1	hypothetical protein
JI435_143850	QRC99479.1	hypothetical protein
JI435_143860	QRC99480.1	hypothetical protein
JI435_143870	QRC99481.1	hypothetical protein
JI435_143880	QRC99482.1	hypothetical protein
JI435_143900	QRC99483.1	hypothetical protein
JI435_143920	QRC99484.1	hypothetical protein
JI435_143950	QRC99485.1	hypothetical protein
JI435_143960	QRC99486.1	hypothetical protein
JI435_143970	QRC99487.1	hypothetical protein
JI435_143980	QRC99488.1	hypothetical protein
JI435_143990	QRC99489.1	hypothetical protein
JI435_144000	QRC99490.1	alpha-L-rhamnosidase
JI435_144010	QRC99491.1	hypothetical protein
JI435_144020	QRC99492.1	hypothetical protein
JI435_144030	QRC99493.1	hypothetical protein
JI435_144040	QRC99494.1	hypothetical protein
JI435_144050	QRC99495.1	hypothetical protein
JI435_144060	QRC99497.1	hypothetical protein
JI435_144070	QRC99498.1	hypothetical protein
JI435_144080	QRC99499.1	hypothetical protein
JI435_144100	QRC99501.1	hypothetical protein
JI435_144110	QRC99502.1	hypothetical protein
JI435_144120	QRC99503.1	hypothetical protein
JI435_144130	QRC99504.1	hypothetical protein
JI435_144140	QRC99505.1	hypothetical protein
JI435_144150	QRC99506.1	hypothetical protein
JI435_144160	QRC99507.1	hypothetical protein
JI435_144170	QRC99508.1	hypothetical protein
JI435_144180	QRC99509.1	hypothetical protein
JI435_144190	QRC99510.1	hypothetical protein
JI435_144210	QRC99511.1	hypothetical protein
JI435_144220	QRC99513.1	hypothetical protein
JI435_144230	QRC99514.1	hypothetical protein
JI435_144240	QRC99515.1	hypothetical protein
JI435_144250	QRC99516.1	hypothetical protein
JI435_144260	QRC99517.1	hypothetical protein
JI435_144270	QRC99519.1	hypothetical protein
JI435_144280	QRC99520.1	hypothetical protein
JI435_144310	QRC99523.1	hypothetical protein
JI435_144320	QRC99524.1	hypothetical protein
JI435_144330	QRC99525.1	hypothetical protein
JI435_144340	QRC99527.1	hypothetical protein
JI435_144350	QRC99528.1	hypothetical protein
JI435_144360	QRC99529.1	hypothetical protein
JI435_144370	QRC99530.1	hypothetical protein
JI435_144390	QRC99532.1	hypothetical protein
JI435_144400	QRC99533.1	hypothetical protein
JI435_144410	QRC99534.1	hypothetical protein
JI435_144430	QRC99535.1	hypothetical protein
JI435_144450	QRC99536.1	hypothetical protein
JI435_144460	QRC99537.1	hypothetical protein
JI435_144470	QRC99538.1	calcium ion transporter
JI435_144480	QRC99539.1	hypothetical protein
JI435_144490	QRC99540.1	hypothetical protein
JI435_144510	QRC99541.1	hypothetical protein
JI435_144520	QRC99542.1	hypothetical protein
JI435_144530	QRC99543.1	hypothetical protein
JI435_144540	QRC99544.1	hypothetical protein
JI435_144550	QRC99545.1	hypothetical protein
JI435_144570	QRC99546.1	hypothetical protein
JI435_144580	QRC99548.1	feruloyl esterase C
JI435_144590	QRC99549.1	hypothetical protein
JI435_144600	QRC99550.1	hypothetical protein
JI435_144610	QRC99551.1	hypothetical protein
JI435_144630	QRD01789.1	hypothetical protein
JI435_144640	QRD01788.1	hypothetical protein
JI435_144660	QRD01787.1	hypothetical protein
JI435_144670	QRD01786.1	hypothetical protein
JI435_144680	QRD01785.1	hypothetical protein
JI435_144690	QRD01784.1	hypothetical protein
JI435_144710	QRD01783.1	hypothetical protein
JI435_144720	QRD01782.1	hypothetical protein
JI435_144730	QRD01781.1	hypothetical protein
JI435_144740	QRD01780.1	chitinase
JI435_144750	QRD01778.1	hypothetical protein
JI435_144760	QRD01777.1	hypothetical protein
JI435_144770	QRD01776.1	hypothetical protein
JI435_144780	QRD01775.1	hypothetical protein
JI435_144790	QRD01774.1	hypothetical protein
JI435_144810	QRD01772.1	hypothetical protein
JI435_144820	QRD01771.1	rRNA adenine N(6)-methyltransferase
JI435_144830	QRD01770.1	hypothetical protein
JI435_144850	QRD01769.1	hypothetical protein
JI435_144860	QRD01768.1	hypothetical protein
JI435_144870	QRD01767.1	eukaryotic translation initiation factor 3 subunit E
JI435_144880	QRD01766.1	hypothetical protein
JI435_144890	QRD01765.1	hypothetical protein
JI435_144900	QRD01764.1	hypothetical protein
JI435_144910	QRD01763.1	hypothetical protein
JI435_144920	QRD01762.1	hypothetical protein
JI435_144930	QRD01761.1	hypothetical protein
JI435_144940	QRD01760.1	hypothetical protein
JI435_144970	QRD01758.1	hypothetical protein
JI435_144990	QRD01757.1	hypothetical protein
JI435_145000	QRD01756.1	hypothetical protein
JI435_145020	QRD01755.1	hypothetical protein
JI435_145030	QRD01754.1	hypothetical protein
JI435_145040	QRD01753.1	hypothetical protein
JI435_145050	QRD01751.1	hypothetical protein
JI435_145060	QRD01750.1	hypothetical protein
JI435_145070	QRD01749.1	hypothetical protein
JI435_145080	QRD01748.1	hypothetical protein
JI435_145090	QRD01747.1	hypothetical protein
JI435_145100	QRD01746.1	hypothetical protein
JI435_145110	QRD01745.1	mediator of RNA polymerase II transcription subunit 14
JI435_145130	QRD01744.1	autophagy-related protein
JI435_145140	QRD01743.1	hypothetical protein
JI435_145150	QRD01742.1	hypothetical protein
JI435_145160	QRD01741.1	hypothetical protein
JI435_145170	QRD01740.1	hypothetical protein
JI435_145190	QRD01739.1	hypothetical protein
JI435_145200	QRD01737.1	hypothetical protein
JI435_145210	QRD01736.1	hypothetical protein
JI435_145220	QRD01734.1	hypothetical protein
JI435_145240	QRD01733.1	hypothetical protein
JI435_145260	QRD01730.1	hypothetical protein
JI435_145270	QRD01729.1	hypothetical protein
JI435_145280	QRD01728.1	hypothetical protein
JI435_145290	QRD01727.1	hypothetical protein
JI435_145300	QRD01726.1	hypothetical protein
JI435_145330	QRD01725.1	anaphase-promoting complex subunit 2
JI435_145340	QRD01724.1	hypothetical protein
JI435_145360	QRD01723.1	hypothetical protein
JI435_145370	QRD01722.1	hypothetical protein
JI435_145380	QRD01721.1	histone chaperone
JI435_145400	QRD01720.1	hypothetical protein
JI435_145410	QRD01719.1	hypothetical protein
JI435_145420	QRD01718.1	hypothetical protein
JI435_145430	QRD01717.1	hypothetical protein
JI435_145440	QRD01716.1	hypothetical protein
JI435_145450	QRD01714.1	hypothetical protein
JI435_145460	QRD01713.1	hypothetical protein
JI435_145470	QRD01711.1	hypothetical protein
JI435_145480	QRD01710.1	hypothetical protein
JI435_145500	QRD01708.1	hypothetical protein
JI435_145520	QRD01707.1	hypothetical protein
JI435_145530	QRD01704.1	ubiquitin carboxyl-terminal hydrolase
JI435_145540	QRD01702.1	hypothetical protein
JI435_145550	QRD01701.1	hypothetical protein
JI435_145570	QRD01699.1	hypothetical protein
JI435_145580	QRD01698.1	hypothetical protein
JI435_145600	QRD01696.1	hypothetical protein
JI435_145620	QRD01695.1	hypothetical protein
JI435_145630	QRD01692.1	hypothetical protein
JI435_145650	QRD01689.1	hypothetical protein
JI435_145660	QRD01688.1	hypothetical protein
JI435_145670	QRD01687.1	hypothetical protein
JI435_145680	QRD01686.1	hypothetical protein
JI435_145690	QRD01685.1	hypothetical protein
JI435_145710	QRD01683.1	hypothetical protein
JI435_145720	QRD01682.1	hypothetical protein
JI435_145730	QRD01681.1	proteasome endopeptidase complex
JI435_145740	QRD01680.1	hypothetical protein
JI435_145750	QRD01679.1	hypothetical protein
JI435_145760	QRD01678.1	hypothetical protein
JI435_145770	QRD01677.1	hypothetical protein
JI435_145780	QRD01676.1	hypothetical protein
JI435_145790	QRD01675.1	hypothetical protein
JI435_145800	QRD01674.1	hypothetical protein
JI435_145810	QRD01673.1	hypothetical protein
JI435_145820	QRD01672.1	hypothetical protein
JI435_145830	QRD01671.1	hypothetical protein
JI435_145840	QRD01670.1	hypothetical protein
JI435_145850	QRD01669.1	hypothetical protein
JI435_145870	QRD01667.1	hypothetical protein
JI435_145880	QRD01666.1	hypothetical protein
JI435_145890	QRD01665.1	translation machinery-associated protein 22
JI435_145900	QRD01664.1	DNA ligase isoform A
JI435_145910	QRD01662.1	hypothetical protein
JI435_145930	QRD01661.1	hypothetical protein
JI435_145940	QRD01660.1	carboxylic ester hydrolase
JI435_145970	QRD01659.1	hypothetical protein
JI435_145980	QRD01658.1	hypothetical protein
JI435_145990	QRD01657.1	hypothetical protein
JI435_146000	QRD01656.1	hypothetical protein
JI435_146010	QRD01653.1	hypothetical protein
JI435_146020	QRD01652.1	hypothetical protein
JI435_146030	QRD01650.1	protein SDS23
JI435_146050	QRD01648.1	hypothetical protein
JI435_146060	QRD01647.1	hypothetical protein
JI435_146070	QRD01646.1	hypothetical protein
JI435_146080	QRD01645.1	hypothetical protein
JI435_146100	QRD01643.1	NADH-ubiquinone oxidoreductase B22 subunit
JI435_146110	QRD01640.1	histone H2A
JI435_146120	QRD01639.1	histone H2B
JI435_146130	QRD01638.1	cysteine protease ATG4
JI435_146140	QRD01637.1	protein SQS1
JI435_146150	QRD01636.1	MYND-type zinc finger protein samB
JI435_146160	QRD01635.1	hypothetical protein
JI435_146180	QRD06056.1	hypothetical protein
JI435_146200	QRD06058.1	hypothetical protein
JI435_146220	QRD06059.1	hypothetical protein
JI435_146230	QRD06061.1	hypothetical protein
JI435_146240	QRD06062.1	hypothetical protein
JI435_146250	QRD06063.1	hypothetical protein
JI435_146270	QRD06064.1	hypothetical protein
JI435_146290	QRD06065.1	hypothetical protein
JI435_146300	QRD06066.1	hypothetical protein
JI435_146310	QRD06067.1	developmental regulatory protein wetA
JI435_146320	QRD06068.1	hypothetical protein
JI435_146340	QRD06070.1	hypothetical protein
JI435_146350	QRD06071.1	hypothetical protein
JI435_146360	QRD06072.1	hypothetical protein
JI435_146370	QRD06073.1	hypothetical protein
JI435_146380	QRD06074.1	hypothetical protein
JI435_146400	QRD06075.1	hypothetical protein
JI435_146410	QRD06076.1	ribosome biogenesis protein RLP24
JI435_146420	QRD06077.1	hypothetical protein
JI435_146430	QRD06078.1	hypothetical protein
JI435_146440	QRD06079.1	hypothetical protein
JI435_146450	QRD06080.1	hypothetical protein
JI435_146470	QRD06081.1	hypothetical protein
JI435_146480	QRD06083.1	hypothetical protein
JI435_146490	QRD06084.1	hypothetical protein
JI435_146510	QRD06085.1	aldehyde dehydrogenase
JI435_146540	QRD06086.1	hypothetical protein
JI435_146550	QRD06087.1	hypothetical protein
JI435_146570	QRD06088.1	hypothetical protein
JI435_146580	QRD06089.1	hypothetical protein
JI435_146590	QRD06090.1	hypothetical protein
JI435_146620	QRD06091.1	hypothetical protein
JI435_146630	QRD06092.1	hypothetical protein
JI435_146640	QRD06093.1	hypothetical protein
JI435_146650	QRD06094.1	hypothetical protein
JI435_146660	QRD06095.1	yippee-like protein
JI435_146670	QRD06096.1	hypothetical protein
JI435_146680	QRD06097.1	hypothetical protein
JI435_146690	QRD06099.1	hypothetical protein
JI435_146700	QRD06101.1	hypothetical protein
JI435_146710	QRD06102.1	hypothetical protein
JI435_146720	QRD06103.1	hypothetical protein
JI435_146730	QRD06104.1	hypothetical protein
JI435_146750	QRD06105.1	hypothetical protein
JI435_146760	QRD06106.1	hypothetical protein
JI435_146770	QRD06107.1	DNA topoisomerase
JI435_146780	QRD06108.1	hypothetical protein
JI435_146800	QRD06109.1	hypothetical protein
JI435_146810	QRD06110.1	hypothetical protein
JI435_146820	QRD06111.1	hypothetical protein
JI435_146830	QRD06112.1	hypothetical protein
JI435_146840	QRD06113.1	hypothetical protein
JI435_146850	QRD06115.1	hypothetical protein
JI435_146860	QRD06116.1	hypothetical protein
JI435_146870	QRD06117.1	hypothetical protein
JI435_146890	QRD06118.1	hypothetical protein
JI435_146900	QRD06119.1	hypothetical protein
JI435_146910	QRD06120.1	clustered mitochondria-like protein
JI435_146920	QRD06121.1	hypothetical protein
JI435_146930	QRD06123.1	hypothetical protein
JI435_146940	QRD06124.1	hypothetical protein
JI435_146950	QRD06126.1	hypothetical protein
JI435_146960	QRD06127.1	actin-related protein 2/3 complex subunit 5
JI435_146970	QRD06129.1	hypothetical protein
JI435_146980	QRD06130.1	hypothetical protein
JI435_147000	QRD06131.1	hypothetical protein
JI435_147010	QRD06132.1	hypothetical protein
JI435_147020	QRD06133.1	hypothetical protein
JI435_147030	QRD06135.1	hypothetical protein
JI435_147040	QRD06136.1	hypothetical protein
JI435_147060	QRD06137.1	hypothetical protein
JI435_147070	QRD06138.1	hypothetical protein
JI435_147080	QRD06140.1	hypothetical protein
JI435_147090	QRD06141.1	hypothetical protein
JI435_147100	QRD06142.1	60S ribosomal protein L16
JI435_147110	QRD06144.1	hypothetical protein
JI435_147120	QRD06146.1	hypothetical protein
JI435_147140	QRD06148.1	hypothetical protein
JI435_147150	QRD06149.1	hypothetical protein
JI435_147160	QRD06151.1	alpha-galactosidase
JI435_147170	QRD06152.1	hypothetical protein
JI435_147200	QRD06157.1	hypothetical protein
JI435_147210	QRD06158.1	hypothetical protein
JI435_147220	QRD06159.1	hypothetical protein
JI435_147230	QRD06160.1	hypothetical protein
JI435_147260	QRD06163.1	hypothetical protein
JI435_147270	QRD06164.1	hypothetical protein
JI435_147290	QRD06165.1	hypothetical protein
JI435_147300	QRD06166.1	hypothetical protein
JI435_147320	QRD06168.1	hypothetical protein
JI435_147330	QRD06169.1	hypothetical protein
JI435_147340	QRD06170.1	hypothetical protein
JI435_147350	QRD06171.1	hypothetical protein
JI435_147370	QRD06173.1	hypothetical protein
JI435_147380	QRD06174.1	hypothetical protein
JI435_147390	QRD06176.1	hypothetical protein
JI435_147400	QRD06177.1	hypothetical protein
JI435_147430	QRD06178.1	hypothetical protein
JI435_147440	QRD06179.1	hypothetical protein
JI435_147450	QRD06180.1	hypothetical protein
JI435_147460	QRD06181.1	hypothetical protein
JI435_147470	QRD06183.1	hypothetical protein
JI435_147480	QRD06184.1	hypothetical protein
JI435_147490	QRD06185.1	hypothetical protein
JI435_147500	QRD06186.1	hypothetical protein
JI435_147510	QRD06187.1	hypothetical protein
JI435_147540	QRD06188.1	hypothetical protein
JI435_147550	QRD06189.1	hypothetical protein
JI435_147570	QRD06190.1	hypothetical protein
JI435_147580	QRD06191.1	hypothetical protein
JI435_147590	QRD06192.1	hypothetical protein
JI435_147600	QRD06193.1	hypothetical protein
JI435_147620	QRD06195.1	hypothetical protein
JI435_147630	QRD06196.1	hypothetical protein
JI435_147640	QRD06197.1	hypothetical protein
JI435_147650	QRD06198.1	hypothetical protein
JI435_147660	QRD06199.1	hypothetical protein
JI435_147670	QRD06201.1	hypothetical protein
JI435_147680	QRD06203.1	hypothetical protein
JI435_147690	QRD06204.1	ATP synthase
JI435_147700	QRD06206.1	hypothetical protein
JI435_147710	QRD06207.1	hypothetical protein
JI435_147720	QRD06210.1	hypothetical protein
JI435_147730	QRD06211.1	hypothetical protein
JI435_147740	QRD06213.1	hypothetical protein
JI435_147760	QRD06214.1	hypothetical protein
JI435_147770	QRD06215.1	hypothetical protein
JI435_147780	QRD06216.1	hypothetical protein
JI435_147790	QRD06217.1	hypothetical protein
JI435_147800	QRD06218.1	hypothetical protein
JI435_147830	QRD06219.1	hypothetical protein
JI435_147850	QRD06221.1	hypothetical protein
JI435_147870	QRD06222.1	hypothetical protein
JI435_147880	QRD06224.1	hypothetical protein
JI435_147890	QRD06225.1	hypothetical protein
JI435_147900	QRD06226.1	hypothetical protein
JI435_147910	QRD06227.1	hypothetical protein
JI435_147920	QRD06228.1	hypothetical protein
JI435_147930	QRD06229.1	hypothetical protein
JI435_147950	QRD06232.1	hypothetical protein
JI435_147960	QRD06234.1	hypothetical protein
JI435_147970	QRD06235.1	hypothetical protein
JI435_147980	QRD06236.1	hypothetical protein
JI435_147990	QRD06237.1	alpha-galactosidase
JI435_148000	QRD06238.1	hypothetical protein
JI435_148020	QRD06239.1	hypothetical protein
JI435_148030	QRD06240.1	hypothetical protein
JI435_148040	QRD06242.1	hypothetical protein
JI435_148050	QRD06243.1	hypothetical protein
JI435_148060	QRD06244.1	hypothetical protein
JI435_148080	QRD06246.1	hypothetical protein
JI435_148090	QRD06247.1	hypothetical protein
JI435_148100	QRC94648.1	RNA-directed RNA polymerase
JI435_148110	QRC94649.1	hypothetical protein
JI435_148150	QRC94650.1	hypothetical protein
JI435_148160	QRC94651.1	hypothetical protein
JI435_148170	QRC94652.1	hypothetical protein
JI435_148180	QRC94653.1	hypothetical protein
JI435_148190	QRC94654.1	hypothetical protein
JI435_148200	QRC94655.1	hypothetical protein
JI435_148210	QRC94656.1	hypothetical protein
JI435_148220	QRC94657.1	hypothetical protein
JI435_148230	QRC94659.1	hypothetical protein
JI435_148240	QRC94660.1	hypothetical protein
JI435_148260	QRC94661.1	hypothetical protein
JI435_148300	QRC94664.1	hypothetical protein
JI435_148310	QRC94665.1	hypothetical protein
JI435_148320	QRC94667.1	hypothetical protein
JI435_148340	QRC94668.1	hypothetical protein
JI435_148350	QRC94670.1	hypothetical protein
JI435_148360	QRC94671.1	hypothetical protein
JI435_148370	QRC94672.1	hypothetical protein
JI435_148380	QRC94673.1	hypothetical protein
JI435_148390	QRC94674.1	hypothetical protein
JI435_148410	QRC94676.1	hypothetical protein
JI435_148420	QRC94678.1	hypothetical protein
JI435_148450	QRC94681.1	hypothetical protein
JI435_148460	QRC94683.1	hypothetical protein
JI435_148470	QRC94684.1	hypothetical protein
JI435_148490	QRC94686.1	hypothetical protein
JI435_148510	QRC94688.1	subtilisin-like serine protease
JI435_148520	QRC94689.1	hypothetical protein
JI435_148530	QRC94690.1	arginine-tRNA (Arg) ligase
JI435_148540	QRC94695.1	hypothetical protein
JI435_148550	QRC94696.1	hypothetical protein
JI435_148560	QRC94697.1	hypothetical protein
JI435_148570	QRC94698.1	hypothetical protein
JI435_148590	QRC94701.1	hypothetical protein
JI435_148610	QRC94702.1	proton-translocating transhydrogenase
JI435_148620	QRC94704.1	hypothetical protein
JI435_148630	QRC94705.1	catalase
JI435_148640	QRC94707.1	hypothetical protein
JI435_148650	QRC94708.1	hypothetical protein
JI435_148660	QRC94709.1	hypothetical protein
JI435_148680	QRC94713.1	hypothetical protein
JI435_148690	QRC94714.1	hypothetical protein
JI435_148700	QRC94715.1	hypothetical protein
JI435_148710	QRC94716.1	hypothetical protein
JI435_148720	QRC94717.1	hypothetical protein
JI435_148730	QRC94718.1	hypothetical protein
JI435_148740	QRC94719.1	hypothetical protein
JI435_148750	QRC94720.1	carboxylic ester hydrolase
JI435_148760	QRC94721.1	hypothetical protein
JI435_148770	QRC94722.1	hypothetical protein
JI435_148780	QRC94723.1	hypothetical protein
JI435_148790	QRC94724.1	hypothetical protein
JI435_148800	QRC94725.1	hypothetical protein
JI435_148810	QRC94726.1	hypothetical protein
JI435_148820	QRC94727.1	hypothetical protein
JI435_148830	QRC94729.1	hypothetical protein
JI435_148860	QRC94731.1	hypothetical protein
JI435_148870	QRC94732.1	hypothetical protein
JI435_148880	QRC94734.1	hypothetical protein
JI435_148890	QRC94735.1	hypothetical protein
JI435_148900	QRC94737.1	hypothetical protein
JI435_148910	QRC94738.1	carboxypeptidase
JI435_148930	QRC94739.1	hypothetical protein
JI435_148940	QRC94740.1	hypothetical protein
JI435_148950	QRC94741.1	hypothetical protein
JI435_148960	QRC94742.1	hypothetical protein
JI435_148970	QRC94743.1	hypothetical protein
JI435_148980	QRC94746.1	hypothetical protein
JI435_148990	QRC94748.1	hypothetical protein
JI435_149000	QRC94749.1	hypothetical protein
JI435_149010	QRC94750.1	hypothetical protein
JI435_149020	QRC94752.1	hypothetical protein
JI435_149030	QRC94753.1	hypothetical protein
JI435_149040	QRC94755.1	histone H4
JI435_149050	QRC94757.1	hypothetical protein
JI435_149060	QRC94758.1	hypothetical protein
JI435_149070	QRC94760.1	dolichyl-diphosphooligosaccharide--protein glycosyltransferase subunit WBP1
JI435_149080	QRC94761.1	hypothetical protein
JI435_149090	QRC94762.1	hypothetical protein
JI435_149100	QRC94763.1	hypothetical protein
JI435_149110	QRC94765.1	hypothetical protein
JI435_149120	QRC94768.1	hypothetical protein
JI435_149130	QRC94769.1	hypothetical protein
JI435_149140	QRC94770.1	hypothetical protein
JI435_149180	QRC94772.1	hypothetical protein
JI435_149220	QRC94776.1	hypothetical protein
JI435_149230	QRC94778.1	hypothetical protein
JI435_149270	QRC94780.1	hypothetical protein
JI435_149280	QRC94781.1	hypothetical protein
JI435_149290	QRC94782.1	hypothetical protein
JI435_149310	QRC94784.1	hypothetical protein
JI435_149330	QRC94785.1	hypothetical protein
JI435_149340	QRC94786.1	ATG12-activating enzyme E1 ATG7
JI435_149350	QRC94787.1	hypothetical protein
JI435_149370	QRC94788.1	hypothetical protein
JI435_149380	QRC94789.1	hypothetical protein
JI435_149400	QRC94791.1	hypothetical protein
JI435_149410	QRC94793.1	cell pattern formation-associated protein StuA
JI435_149460	QRC94795.1	hypothetical protein
JI435_149470	QRC94796.1	hypothetical protein
JI435_149480	QRC94797.1	hypothetical protein
JI435_149490	QRC94799.1	hypothetical protein
JI435_149500	QRC94800.1	hypothetical protein
JI435_149510	QRC94801.1	hypothetical protein
JI435_149530	QRC94802.1	DNA-directed RNA polymerase subunit
JI435_149540	QRC94803.1	hypothetical protein
JI435_149550	QRC94804.1	hypothetical protein
JI435_149560	QRC94805.1	hypothetical protein
JI435_149570	QRC99724.1	hypothetical protein
JI435_149580	QRC99722.1	hypothetical protein
JI435_149590	QRC99721.1	hypothetical protein
JI435_149610	QRC99720.1	DNA repair protein rhp51
JI435_149620	QRC99718.1	hypothetical protein
JI435_149630	QRC99716.1	hypothetical protein
JI435_149640	QRC99715.1	hypothetical protein
JI435_149650	QRC99714.1	hypothetical protein
JI435_149670	QRC99713.1	hypothetical protein
JI435_149680	QRC99711.1	hypothetical protein
JI435_149700	QRC99710.1	hypothetical protein
JI435_149710	QRC99709.1	hypothetical protein
JI435_149720	QRC99708.1	hypothetical protein
JI435_149730	QRC99707.1	hypothetical protein
JI435_149740	QRC99706.1	hypothetical protein
JI435_149760	QRC99705.1	hypothetical protein
JI435_149780	QRC99703.1	hypothetical protein
JI435_149790	QRC99702.1	hypothetical protein
JI435_149800	QRC99700.1	hypothetical protein
JI435_149820	QRC99699.1	hypothetical protein
JI435_149830	QRC99698.1	transcription initiation factor TFIID subunit 10
JI435_149840	QRC99697.1	hypothetical protein
JI435_149850	QRC99696.1	double strand break repair protein
JI435_149860	QRC99694.1	hypothetical protein
JI435_149870	QRC99693.1	hypothetical protein
JI435_149880	QRC99692.1	hypothetical protein
JI435_149890	QRC99689.1	hypothetical protein
JI435_149900	QRC99688.1	hypothetical protein
JI435_149910	QRC99687.1	hypothetical protein
JI435_149920	QRC99686.1	actin-related protein
JI435_149930	QRC99685.1	hypothetical protein
JI435_149940	QRC99684.1	hypothetical protein
JI435_149950	QRC99683.1	hypothetical protein
JI435_149960	QRC99682.1	hypothetical protein
JI435_149970	QRC99681.1	hypothetical protein
JI435_149980	QRC99680.1	glutaredoxin-like protein
JI435_149990	QRC99679.1	hypothetical protein
JI435_150000	QRC99678.1	hypothetical protein
JI435_150020	QRC99676.1	hypothetical protein
JI435_150030	QRC99674.1	hypothetical protein
JI435_150050	QRC99673.1	hypothetical protein
JI435_150070	QRC99672.1	hypothetical protein
JI435_150080	QRC99671.1	hypothetical protein
JI435_150090	QRC99670.1	hypothetical protein
JI435_150100	QRC99669.1	hypothetical protein
JI435_150110	QRC99668.1	hypothetical protein
JI435_150120	QRC99667.1	hypothetical protein
JI435_150150	QRC99664.1	hypothetical protein
JI435_150160	QRC99663.1	hypothetical protein
JI435_150170	QRC99662.1	hypothetical protein
JI435_150180	QRC99661.1	hypothetical protein
JI435_150190	QRC99660.1	tRNA wybutosine-synthesis-related protein 4
JI435_150210	QRC99659.1	hypothetical protein
JI435_150220	QRC99658.1	hypothetical protein
JI435_150260	QRC99653.1	hypothetical protein
JI435_150270	QRC99651.1	hypothetical protein
JI435_150280	QRC99650.1	hypothetical protein
JI435_150290	QRC99649.1	V-type proton ATPase subunit H
JI435_150300	QRC99648.1	hypothetical protein
JI435_150320	QRC99646.1	hypothetical protein
JI435_150330	QRC99644.1	hypothetical protein
JI435_150340	QRC99643.1	hypothetical protein
JI435_150350	QRC99642.1	hypothetical protein
JI435_150360	QRC99640.1	hypothetical protein
JI435_150380	QRC99639.1	hypothetical protein
JI435_150400	QRC99638.1	hypothetical protein
JI435_150420	QRC99637.1	hypothetical protein
JI435_150430	QRC99635.1	hypothetical protein
JI435_150450	QRC99634.1	hypothetical protein
JI435_150480	QRC99633.1	hypothetical protein
JI435_150490	QRC99632.1	hypothetical protein
JI435_150500	QRC99631.1	hypothetical protein
JI435_150510	QRC99630.1	hypothetical protein
JI435_150530	QRC99628.1	hypothetical protein
JI435_150540	QRC99627.1	hypothetical protein
JI435_150550	QRC99626.1	nitrogen permease regulator
JI435_150560	QRC99625.1	hypothetical protein
JI435_150570	QRC99619.1	hypothetical protein
JI435_150580	QRC99617.1	hypothetical protein
JI435_150590	QRC99615.1	hypothetical protein
JI435_150600	QRC99611.1	homogentisate dioxygenase
JI435_150610	QRC99610.1	hypothetical protein
JI435_150620	QRC99609.1	hypothetical protein
JI435_150630	QRC99607.1	hypothetical protein
JI435_150640	QRC99606.1	hypothetical protein
JI435_150650	QRC99605.1	hypothetical protein
JI435_150660	QRC99603.1	hypothetical protein
JI435_150670	QRC99602.1	hypothetical protein
JI435_150680	QRC99601.1	hypothetical protein
JI435_150690	QRC99600.1	hypothetical protein
JI435_150700	QRC99599.1	hypothetical protein
JI435_150710	QRC99597.1	hypothetical protein
JI435_150720	QRC99596.1	hypothetical protein
JI435_150740	QRC99593.1	hypothetical protein
JI435_150750	QRC99592.1	hypothetical protein
JI435_150760	QRC99591.1	hypothetical protein
JI435_150770	QRC99590.1	hypothetical protein
JI435_150790	QRC99588.1	hypothetical protein
JI435_150800	QRC99587.1	hypothetical protein
JI435_150810	QRC99586.1	hypothetical protein
JI435_150820	QRC99585.1	hypothetical protein
JI435_150830	QRC99584.1	hypothetical protein
JI435_150840	QRC99583.1	coatomer subunit beta
JI435_150850	QRC99582.1	hypothetical protein
JI435_150860	QRC99581.1	hypothetical protein
JI435_150870	QRC99580.1	tRNA methyltransferase
JI435_150880	QRC99579.1	hypothetical protein
JI435_150890	QRC99578.1	hypothetical protein
JI435_150900	QRC99577.1	hypothetical protein
JI435_150940	QRC99573.1	hypothetical protein
JI435_150970	QRC99571.1	pyruvate decarboxylase
JI435_150980	QRC99570.1	alpha-acetolactate decarboxylase
JI435_150990	QRC99569.1	hypothetical protein
JI435_151000	QRC99568.1	hypothetical protein
JI435_151020	QRC99566.1	hypothetical protein
JI435_151030	QRC99565.1	hypothetical protein
JI435_151040	QRC99564.1	hypothetical protein
JI435_151060	QRC99562.1	hypothetical protein
JI435_151080	QRC99561.1	hypothetical protein
JI435_151090	QRC99560.1	tRNA ligase
JI435_151100	QRC99559.1	hypothetical protein
JI435_151120	QRC99558.1	hypothetical protein
JI435_151130	QRC99557.1	hypothetical protein
JI435_151150	QRC99555.1	hypothetical protein
JI435_151160	QRC99554.1	hypothetical protein
JI435_151170	QRC99553.1	hypothetical protein
JI435_151190	QRC97774.1	hypothetical protein
JI435_151200	QRC97775.1	hypothetical protein
JI435_151210	QRC97777.1	hypothetical protein
JI435_151220	QRC97778.1	hypothetical protein
JI435_151240	QRC97781.1	hypothetical protein
JI435_151250	QRC97782.1	hypothetical protein
JI435_151260	QRC97783.1	hypothetical protein
JI435_151270	QRC97784.1	biotin synthase
JI435_151280	QRC97785.1	hypothetical protein
JI435_151300	QRC97786.1	hypothetical protein
JI435_151310	QRC97787.1	hypothetical protein
JI435_151320	QRC97788.1	hypothetical protein
JI435_151330	QRC97790.1	hypothetical protein
JI435_151340	QRC97792.1	hypothetical protein
JI435_151360	QRC97793.1	hypothetical protein
JI435_151380	QRC97795.1	hypothetical protein
JI435_151390	QRC97796.1	hypothetical protein
JI435_151400	QRC97797.1	hypothetical protein
JI435_151410	QRC97799.1	hypothetical protein
JI435_151420	QRC97800.1	hypothetical protein
JI435_151440	QRC97801.1	hypothetical protein
JI435_151450	QRC97802.1	hypothetical protein
JI435_151470	QRC97804.1	hypothetical protein
JI435_151500	QRC97805.1	hypothetical protein
JI435_151510	QRC97806.1	ribulose-phosphate 3-epimerase
JI435_151530	QRC97807.1	hypothetical protein
JI435_151540	QRC97808.1	U6 snRNA-associated Sm-like protein LSm2
JI435_151560	QRC97810.1	hypothetical protein
JI435_151570	QRC97812.1	hypothetical protein
JI435_151580	QRC97813.1	hypothetical protein
JI435_151590	QRC97814.1	hypothetical protein
JI435_151600	QRC97815.1	hypothetical protein
JI435_151610	QRC97817.1	hypothetical protein
JI435_151620	QRC97818.1	hypothetical protein
JI435_151630	QRC97820.1	hypothetical protein
JI435_151650	QRC97822.1	hypothetical protein
JI435_151660	QRC97824.1	hypothetical protein
JI435_151670	QRC97825.1	hypothetical protein
JI435_151680	QRC97826.1	hypothetical protein
JI435_151700	QRC97827.1	hypothetical protein
JI435_151710	QRC97829.1	hypothetical protein
JI435_151730	QRC97831.1	hypothetical protein
JI435_151740	QRC97832.1	hypothetical protein
JI435_151750	QRC97834.1	hypothetical protein
JI435_151760	QRC97835.1	hypothetical protein
JI435_151770	QRC97837.1	hypothetical protein
JI435_151780	QRC97838.1	hypothetical protein
JI435_151790	QRC97839.1	ATP synthase subunit e
JI435_151800	QRC97841.1	hypothetical protein
JI435_151830	QRC97842.1	hypothetical protein
JI435_151840	QRC97844.1	hypothetical protein
JI435_151860	QRC97845.1	hypothetical protein
JI435_151870	QRC97846.1	hypothetical protein
JI435_151880	QRC97847.1	hypothetical protein
JI435_151900	QRC97850.1	hypothetical protein
JI435_151910	QRC97851.1	hypothetical protein
JI435_151920	QRC97852.1	hypothetical protein
JI435_151940	QRC97854.1	hypothetical protein
JI435_151950	QRC97856.1	hypothetical protein
JI435_151960	QRC97858.1	hypothetical protein
JI435_151980	QRC97859.1	hypothetical protein
JI435_151990	QRC97860.1	hypothetical protein
JI435_152000	QRC97861.1	hypothetical protein
JI435_152020	QRC97862.1	hypothetical protein
JI435_152030	QRC97863.1	hypothetical protein
JI435_152040	QRC97864.1	hypothetical protein
JI435_152050	QRC97865.1	hypothetical protein
JI435_152060	QRC97866.1	hypothetical protein
JI435_152070	QRC97868.1	hypothetical protein
JI435_152080	QRC97869.1	ER membrane protein complex subunit 3
JI435_152090	QRC97870.1	hypothetical protein
JI435_152100	QRC97871.1	hypothetical protein
JI435_152120	QRC97873.1	hypothetical protein
JI435_152130	QRC97874.1	hypothetical protein
JI435_152140	QRC97875.1	dolichyl-diphosphooligosaccharide--protein glycotransferase
JI435_152150	QRC97876.1	hypothetical protein
JI435_152160	QRC97877.1	hypothetical protein
JI435_152170	QRC97879.1	hypothetical protein
JI435_152190	QRC97882.1	protein SSH4
JI435_152200	QRC97883.1	hypothetical protein
JI435_152210	QRC97885.1	hypothetical protein
JI435_152220	QRC97886.1	hypothetical protein
JI435_152230	QRC97887.1	hypothetical protein
JI435_152240	QRC97888.1	hypothetical protein
JI435_152250	QRC97889.1	hypothetical protein
JI435_152270	QRC97890.1	hypothetical protein
JI435_152280	QRC97892.1	hypothetical protein
JI435_152290	QRC97893.1	hypothetical protein
JI435_152310	QRC97894.1	hypothetical protein
JI435_152320	QRC97895.1	hypothetical protein
JI435_152330	QRC97896.1	hypothetical protein
JI435_152340	QRC97897.1	hypothetical protein
JI435_152350	QRC97899.1	thioredoxin reductase
JI435_152360	QRC97900.1	tRNA methyltransferase non-catalytic subunit TRM82
JI435_152370	QRC97901.1	60S acidic ribosomal protein P0
JI435_152380	QRC97902.1	hypothetical protein
JI435_152390	QRC97903.1	hypothetical protein
JI435_152420	QRC97906.1	hypothetical protein
JI435_152430	QRC97907.1	hypothetical protein
JI435_152440	QRC97908.1	hypothetical protein
JI435_152450	QRC97909.1	hypothetical protein
JI435_152460	QRC97910.1	alpha-1,3-glucosyltransferase
JI435_152470	QRC97911.1	hypothetical protein
JI435_152480	QRC97912.1	hypothetical protein
JI435_152490	QRC97914.1	hypothetical protein
JI435_152510	QRC97916.1	hypothetical protein
JI435_152520	QRC97917.1	hypothetical protein
JI435_152530	QRC97918.1	hypothetical protein
JI435_152540	QRC97919.1	hypothetical protein
JI435_152560	QRC97921.1	hypothetical protein
JI435_152570	QRC97922.1	hypothetical protein
JI435_152580	QRC97924.1	hypothetical protein
JI435_152590	QRC97925.1	hypothetical protein
JI435_152600	QRC97927.1	hypothetical protein
JI435_152610	QRC97928.1	hypothetical protein
JI435_152620	QRC97929.1	hypothetical protein
JI435_152630	QRC97930.1	hypothetical protein
JI435_152640	QRC97931.1	hypothetical protein
JI435_152650	QRC97933.1	hypothetical protein
JI435_152670	QRC97935.1	hypothetical protein
JI435_152690	QRC97938.1	hypothetical protein
JI435_152700	QRC97940.1	endo-1,4-beta-xylanase
JI435_152710	QRC97941.1	hypothetical protein
JI435_152720	QRC97942.1	hypothetical protein
JI435_152730	QRC97943.1	hypothetical protein
JI435_152740	QRC97944.1	hypothetical protein
JI435_152750	QRD01131.1	hypothetical protein
JI435_152770	QRD01130.1	hypothetical protein
JI435_152780	QRD01128.1	glucoamylase
JI435_152790	QRD01127.1	hypothetical protein
JI435_152810	QRD01124.1	hypothetical protein
JI435_152820	QRD01123.1	hypothetical protein
JI435_152840	QRD01121.1	hypothetical protein
JI435_152850	QRD01120.1	pre-rRNA-processing protein RIX1
JI435_152860	QRD01119.1	hypothetical protein
JI435_152870	QRD01118.1	hypothetical protein
JI435_152880	QRD01117.1	hypothetical protein
JI435_152900	QRD01116.1	hypothetical protein
JI435_152910	QRD01114.1	maintenance of mitochondrial morphology protein 1
JI435_152920	QRD01113.1	hypothetical protein
JI435_152940	QRD01111.1	hypothetical protein
JI435_152950	QRD01109.1	hypothetical protein
JI435_152960	QRD01108.1	hypothetical protein
JI435_152980	QRD01107.1	hypothetical protein
JI435_152990	QRD01106.1	hypothetical protein
JI435_153000	QRD01105.1	hypothetical protein
JI435_153010	QRD01104.1	hypothetical protein
JI435_153020	QRD01103.1	hypothetical protein
JI435_153050	QRD01101.1	hypothetical protein
JI435_153060	QRD01100.1	hypothetical protein
JI435_153070	QRD01099.1	hypothetical protein
JI435_153080	QRD01097.1	hypothetical protein
JI435_153090	QRD01091.1	hypothetical protein
JI435_153100	QRD01090.1	hypothetical protein
JI435_153110	QRD01089.1	peptidylprolyl isomerase
JI435_153120	QRD01088.1	hypothetical protein
JI435_153130	QRD01087.1	hypothetical protein
JI435_153150	QRD01086.1	hypothetical protein
JI435_153160	QRD01085.1	hypothetical protein
JI435_153170	QRD01084.1	hypothetical protein
JI435_153180	QRD01082.1	hypothetical protein
JI435_153190	QRD01080.1	autophagy-related protein
JI435_153200	QRD01079.1	hypothetical protein
JI435_153210	QRD01077.1	hypothetical protein
JI435_153220	QRD01076.1	elongator complex subunit 3
JI435_153230	QRD01075.1	hypothetical protein
JI435_153240	QRD01074.1	hypothetical protein
JI435_153260	QRD01072.1	hypothetical protein
JI435_153270	QRD01071.1	hypothetical protein
JI435_153280	QRD01070.1	hypothetical protein
JI435_153290	QRD01068.1	amine oxidase
JI435_153300	QRD01067.1	hypothetical protein
JI435_153320	QRD01066.1	hypothetical protein
JI435_153330	QRD01065.1	hypothetical protein
JI435_153340	QRD01064.1	hypothetical protein
JI435_153360	QRD01062.1	sugar phosphate phosphatase
JI435_153370	QRD01061.1	hypothetical protein
JI435_153390	QRD01060.1	hypothetical protein
JI435_153400	QRD01058.1	hypothetical protein
JI435_153410	QRD01057.1	hypothetical protein
JI435_153420	QRD01056.1	hypothetical protein
JI435_153430	QRD01055.1	hypothetical protein
JI435_153440	QRD01054.1	hypothetical protein
JI435_153450	QRD01053.1	autophagy-related protein
JI435_153470	QRD01052.1	hypothetical protein
JI435_153490	QRD01051.1	hypothetical protein
JI435_153500	QRD01050.1	alpha-L-rhamnosidase
JI435_153510	QRD01049.1	hypothetical protein
JI435_153530	QRD01048.1	hypothetical protein
JI435_153540	QRD01045.1	hypothetical protein
JI435_153550	QRD01044.1	hypothetical protein
JI435_153560	QRD01043.1	hypothetical protein
JI435_153570	QRD01042.1	carbonic anhydrase
JI435_153580	QRD01041.1	hypothetical protein
JI435_153590	QRD01040.1	hypothetical protein
JI435_153600	QRD01039.1	hypothetical protein
JI435_153610	QRD01038.1	hypothetical protein
JI435_153620	QRD01037.1	hypothetical protein
JI435_153640	QRD01036.1	YOP1-like protein
JI435_153660	QRD01035.1	hypothetical protein
JI435_153670	QRD01033.1	hypothetical protein
JI435_153680	QRD01032.1	hypothetical protein
JI435_153690	QRD01031.1	hypothetical protein
JI435_153700	QRD01030.1	hypothetical protein
JI435_153710	QRD01029.1	derlin
JI435_153720	QRD01028.1	hypothetical protein
JI435_153730	QRD01027.1	hypothetical protein
JI435_153740	QRD01026.1	hypothetical protein
JI435_153760	QRD01025.1	hypothetical protein
JI435_153770	QRD01024.1	hypothetical protein
JI435_153780	QRD01023.1	hypothetical protein
JI435_153790	QRD01022.1	hypothetical protein
JI435_153800	QRD01020.1	hypothetical protein
JI435_153810	QRD01019.1	hypothetical protein
JI435_153820	QRD01018.1	protein degradation-related protein FYV10-like protein
JI435_153830	QRD01017.1	hypothetical protein
JI435_153840	QRD01016.1	succinate--CoA ligase subunit alpha
JI435_153850	QRD01015.1	hypothetical protein
JI435_153860	QRD01012.1	hypothetical protein
JI435_153870	QRD01011.1	hypothetical protein
JI435_153880	QRD01010.1	hypothetical protein
JI435_153890	QRD01008.1	hypothetical protein
JI435_153910	QRD01007.1	hypothetical protein
JI435_153920	QRD01006.1	hypothetical protein
JI435_153930	QRD01005.1	hypothetical protein
JI435_153940	QRD01004.1	hypothetical protein
JI435_153950	QRD01003.1	hypothetical protein
JI435_153960	QRD01002.1	hypothetical protein
JI435_153980	QRD01001.1	hypothetical protein
JI435_153990	QRD01000.1	hypothetical protein
JI435_154000	QRD00999.1	hypothetical protein
JI435_154020	QRD00998.1	hypothetical protein
JI435_154030	QRD00997.1	hypothetical protein
JI435_154040	QRD00996.1	hypothetical protein
JI435_154050	QRD00995.1	hypothetical protein
JI435_154080	QRD00994.1	hypothetical protein
JI435_154090	QRD00992.1	hypothetical protein
JI435_154100	QRD00991.1	hypothetical protein
JI435_154130	QRD05504.1	hypothetical protein
JI435_154140	QRD05503.1	hypothetical protein
JI435_154150	QRD05502.1	hypothetical protein
JI435_154170	QRD05501.1	hypothetical protein
JI435_154180	QRD05500.1	(2E,6E)-farnesyl diphosphate synthase
JI435_154190	QRD05499.1	hypothetical protein
JI435_154200	QRD05498.1	hypothetical protein
JI435_154220	QRD05497.1	hypothetical protein
JI435_154230	QRD05495.1	hypothetical protein
JI435_154240	QRD05494.1	hypothetical protein
JI435_154260	QRD05493.1	hypothetical protein
JI435_154270	QRD05492.1	hypothetical protein
JI435_154280	QRD05491.1	hypothetical protein
JI435_154290	QRD05490.1	hypothetical protein
JI435_154300	QRD05489.1	aspartate--tRNA (Asp) ligase
JI435_154310	QRD05488.1	gamma-glutamylcyclotransferase
JI435_154320	QRD05487.1	hypothetical protein
JI435_154330	QRD05486.1	hypothetical protein
JI435_154340	QRD05485.1	hypothetical protein
JI435_154390	QRD05481.1	hypothetical protein
JI435_154400	QRD05480.1	hypothetical protein
JI435_154410	QRD05479.1	signal recognition particle protein
JI435_154430	QRD05478.1	hypothetical protein
JI435_154440	QRD05477.1	hypothetical protein
JI435_154450	QRD05476.1	hypothetical protein
JI435_154470	QRD05475.1	hypothetical protein
JI435_154480	QRD05474.1	hypothetical protein
JI435_154490	QRD05473.1	non-reducing end alpha-L-arabinofuranosidase
JI435_154500	QRD05472.1	hypothetical protein
JI435_154510	QRD05471.1	hypothetical protein
JI435_154530	QRD05470.1	hypothetical protein
JI435_154540	QRD05469.1	hypothetical protein
JI435_154550	QRD05468.1	hypothetical protein
JI435_154560	QRD05467.1	hypothetical protein
JI435_154570	QRD05466.1	hypothetical protein
JI435_154580	QRD05464.1	hypothetical protein
JI435_154590	QRD05463.1	hypothetical protein
JI435_154600	QRD05462.1	hypothetical protein
JI435_154610	QRD05460.1	hypothetical protein
JI435_154620	QRD05459.1	hypothetical protein
JI435_154640	QRD05458.1	hypothetical protein
JI435_154650	QRD05457.1	hypothetical protein
JI435_154660	QRD05456.1	hypothetical protein
JI435_154670	QRD05455.1	1,3-beta-glucanosyltransferase
JI435_154680	QRD05454.1	hypothetical protein
JI435_154690	QRD05453.1	hypothetical protein
JI435_154710	QRD05450.1	hypothetical protein
JI435_154720	QRD05449.1	hypothetical protein
JI435_154740	QRD05448.1	hypothetical protein
JI435_154750	QRD05447.1	hypothetical protein
JI435_154760	QRD05446.1	hypothetical protein
JI435_154780	QRD05444.1	hypothetical protein
JI435_154800	QRD05442.1	hypothetical protein
JI435_154810	QRD05441.1	hypothetical protein
JI435_154830	QRD05440.1	hypothetical protein
JI435_154840	QRD05438.1	hypothetical protein
JI435_154860	QRD05437.1	hypothetical protein
JI435_154870	QRD05436.1	hypothetical protein
JI435_154880	QRD05435.1	mannitol dehydrogenase Mdh1
JI435_154890	QRD05434.1	hypothetical protein
JI435_154900	QRD05433.1	exo-1,4-beta-D-glucosaminidase
JI435_154910	QRD05432.1	hypothetical protein
JI435_154920	QRD05431.1	hypothetical protein
JI435_154930	QRD05430.1	hypothetical protein
JI435_154940	QRD05429.1	hypothetical protein
JI435_154950	QRD05427.1	hypothetical protein
JI435_154960	QRD05426.1	hypothetical protein
JI435_154970	QRD05425.1	asparaginase
JI435_154980	QRD05423.1	hypothetical protein
JI435_154990	QRD05421.1	hypothetical protein
JI435_155000	QRD05420.1	hypothetical protein
JI435_155020	QRD05419.1	ceramide glucosyltransferase
JI435_155030	QRD05418.1	histone acetyltransferase
JI435_155040	QRD05417.1	hypothetical protein
JI435_155070	QRD05415.1	hypothetical protein
JI435_155080	QRD05414.1	hypothetical protein
JI435_155100	QRD05413.1	hypothetical protein
JI435_155110	QRD05412.1	hypothetical protein
JI435_155120	QRD05411.1	hypothetical protein
JI435_155130	QRD05409.1	potassium transporter
JI435_155140	QRD05408.1	glycogen synthase
JI435_155190	QRD05406.1	hypothetical protein
JI435_155210	QRD05405.1	hypothetical protein
JI435_155220	QRD05404.1	hypothetical protein
JI435_155230	QRD05403.1	hypothetical protein
JI435_155240	QRD05402.1	hypothetical protein
JI435_155250	QRD05400.1	hypothetical protein
JI435_155260	QRD05399.1	hypothetical protein
JI435_155270	QRD05398.1	hypothetical protein
JI435_155280	QRD05397.1	hypothetical protein
JI435_155290	QRD05396.1	oligomeric Golgi complex subunit 2
JI435_155300	QRD05395.1	hypothetical protein
JI435_155310	QRD05394.1	hypothetical protein
JI435_155320	QRD05392.1	phosphate transporter
JI435_155330	QRD05391.1	hypothetical protein
JI435_155340	QRD05390.1	DNA helicase
JI435_155350	QRD05389.1	hypothetical protein
JI435_155360	QRD05386.1	hypothetical protein
JI435_155370	QRD05383.1	hypothetical protein
JI435_155400	QRD05382.1	hypothetical protein
JI435_155410	QRD05381.1	hypothetical protein
JI435_155430	QRC93970.1	hypothetical protein
JI435_155440	QRC93968.1	acetylglutamate kinase
JI435_155450	QRC93967.1	hypothetical protein
JI435_155460	QRC93966.1	hypothetical protein
JI435_155470	QRC93964.1	mannan endo-1,6-alpha-mannosidase
JI435_155480	QRC93963.1	hypothetical protein
JI435_155490	QRC93962.1	arginine N-methyltransferase
JI435_155500	QRC93961.1	hypothetical protein
JI435_155510	QRC93959.1	hypothetical protein
JI435_155520	QRC93958.1	hypothetical protein
JI435_155530	QRC93955.1	hypothetical protein
JI435_155540	QRC93954.1	hypothetical protein
JI435_155550	QRC93952.1	hypothetical protein
JI435_155560	QRC93951.1	hypothetical protein
JI435_155570	QRC93948.1	hypothetical protein
JI435_155580	QRC93947.1	hypothetical protein
JI435_155600	QRC93946.1	hypothetical protein
JI435_155610	QRC93945.1	hypothetical protein
JI435_155620	QRC93944.1	hypothetical protein
JI435_155640	QRC93943.1	hypothetical protein
JI435_155650	QRC93942.1	hypothetical protein
JI435_155660	QRC93940.1	hypothetical protein
JI435_155680	QRC93939.1	hypothetical protein
JI435_155690	QRC93938.1	copper transporter
JI435_155710	QRC93936.1	hypothetical protein
JI435_155720	QRC93935.1	hypothetical protein
JI435_155730	QRC93932.1	hypothetical protein
JI435_155740	QRC93931.1	hypothetical protein
JI435_155750	QRC93930.1	hypothetical protein
JI435_155760	QRC93928.1	AP complex subunit sigma
JI435_155770	QRC93927.1	ferroxidase
JI435_155780	QRC93926.1	hypothetical protein
JI435_155790	QRC93925.1	exocyst complex component Sec6
JI435_155800	QRC93924.1	hypothetical protein
JI435_155830	QRC93922.1	hypothetical protein
JI435_155840	QRC93921.1	hypothetical protein
JI435_155850	QRC93920.1	hypothetical protein
JI435_155860	QRC93919.1	hypothetical protein
JI435_155870	QRC93918.1	hypothetical protein
JI435_155880	QRC93916.1	hypothetical protein
JI435_155890	QRC93912.1	RuvB-like helicase
JI435_155900	QRC93911.1	succinate dehydrogenase assembly factor 4
JI435_155910	QRC93910.1	hypothetical protein
JI435_155930	QRC93908.1	hypothetical protein
JI435_155940	QRC93907.1	hypothetical protein
JI435_155950	QRC93906.1	hypothetical protein
JI435_155960	QRC93905.1	hypothetical protein
JI435_155970	QRC93903.1	hypothetical protein
JI435_155980	QRC93902.1	hypothetical protein
JI435_155990	QRC93901.1	hypothetical protein
JI435_156000	QRC93900.1	EKC/KEOPS complex subunit GON7
JI435_156010	QRC93899.1	hypothetical protein
JI435_156020	QRC93895.1	plasma membrane fusion protein PRM1-like protein
JI435_156030	QRC93894.1	hypothetical protein
JI435_156040	QRC93893.1	hypothetical protein
JI435_156050	QRC93892.1	hypothetical protein
JI435_156060	QRC93891.1	hypothetical protein
JI435_156070	QRC93890.1	hypothetical protein
JI435_156080	QRC93889.1	cutinase
JI435_156090	QRC93888.1	hypothetical protein
JI435_156100	QRC93887.1	hypothetical protein
JI435_156110	QRC93885.1	hypothetical protein
JI435_156130	QRC93884.1	hypothetical protein
JI435_156140	QRC93883.1	hypothetical protein
JI435_156150	QRC93882.1	hypothetical protein
JI435_156160	QRC93881.1	hypothetical protein
JI435_156180	QRC93880.1	hypothetical protein
JI435_156190	QRC93879.1	hypothetical protein
JI435_156200	QRC93877.1	phosphotransferase
JI435_156210	QRC93874.1	hypothetical protein
JI435_156220	QRC93870.1	hypothetical protein
JI435_156230	QRC93869.1	ATP-dependent RNA helicase SUB2
JI435_156240	QRC93868.1	hypothetical protein
JI435_156250	QRC93866.1	hypothetical protein
JI435_156260	QRC93865.1	hypothetical protein
JI435_156270	QRC93864.1	hypothetical protein
JI435_156280	QRC93863.1	hypothetical protein
JI435_156290	QRC93862.1	hypothetical protein
JI435_156310	QRC93860.1	hypothetical protein
JI435_156320	QRC93859.1	hypothetical protein
JI435_156330	QRC93857.1	hypothetical protein
JI435_156340	QRC93856.1	hypothetical protein
JI435_156350	QRC93854.1	hypothetical protein
JI435_156360	QRC93853.1	hypothetical protein
JI435_156380	QRC93851.1	hypothetical protein
JI435_156390	QRC93850.1	arginosuccinase
JI435_156400	QRC93849.1	hypothetical protein
JI435_156420	QRC93848.1	hypothetical protein
JI435_156430	QRC93846.1	hypothetical protein
JI435_156440	QRC93845.1	chromatin modification-related protein EAF3
JI435_156450	QRC93844.1	hypothetical protein
JI435_156460	QRC93843.1	hypothetical protein
JI435_156470	QRC93842.1	hypothetical protein
JI435_156480	QRC93840.1	acetyl-coenzyme A synthetase
JI435_156490	QRC93838.1	hypothetical protein
JI435_156500	QRC93837.1	hypothetical protein
JI435_156510	QRC93836.1	hypothetical protein
JI435_156520	QRC93834.1	amidase
JI435_156530	QRC93832.1	HECT-type E3 ubiquitin transferase
JI435_156540	QRC93831.1	biogenesis of lysosome-related organelles complex 1 subunit 1
JI435_156550	QRC93830.1	hypothetical protein
JI435_156560	QRC93829.1	hypothetical protein
JI435_156570	QRC93828.1	40S ribosomal protein RPS8
JI435_156580	QRC93827.1	hypothetical protein
JI435_156590	QRC93826.1	ATP synthase subunit 5
JI435_156600	QRC93825.1	arginine/lysine transporter BTN
JI435_156620	QRC93824.1	hypothetical protein
JI435_156630	QRC93823.1	hypothetical protein
JI435_156640	QRC93822.1	hypothetical protein
JI435_156650	QRC93821.1	hypothetical protein
JI435_156680	QRC93818.1	hypothetical protein
JI435_156690	QRC93815.1	hypothetical protein
JI435_156700	QRC93814.1	hypothetical protein
JI435_156710	QRC93813.1	hypothetical protein
JI435_156720	QRC93812.1	hypothetical protein
JI435_156730	QRC93811.1	respiratory growth-related protein 9
JI435_156740	QRC93810.1	hypothetical protein
JI435_156750	QRC93808.1	hypothetical protein
JI435_156760	QRC93807.1	hypothetical protein
JI435_156770	QRC93806.1	hypothetical protein
JI435_156780	QRC93802.1	hypothetical protein
JI435_156790	QRC93801.1	hypothetical protein
JI435_156800	QRC93800.1	hypothetical protein
JI435_156810	QRC93799.1	hypothetical protein
JI435_156820	QRC93798.1	hypothetical protein
JI435_156830	QRC93797.1	hypothetical protein
JI435_156840	QRC93796.1	hypothetical protein
JI435_156860	QRC93794.1	hypothetical protein
JI435_156880	QRC93792.1	hypothetical protein
JI435_156890	QRC93791.1	hypothetical protein
JI435_156920	QRC93790.1	hypothetical protein
JI435_156940	QRC93788.1	hypothetical protein
JI435_156950	QRC93787.1	hypothetical protein
JI435_156960	QRC93786.1	hypothetical protein
JI435_156970	QRC93784.1	hypothetical protein
JI435_156980	QRC93783.1	hypothetical protein
JI435_156990	QRC93782.1	hypothetical protein
JI435_157000	QRC93781.1	hypothetical protein
JI435_157030	QRD01257.1	acyl-CoA desaturase
JI435_157040	QRD01256.1	hypothetical protein
JI435_157060	QRD01255.1	hypothetical protein
JI435_157070	QRD01254.1	hypothetical protein
JI435_157080	QRD01253.1	T-complex protein 1 subunit eta
JI435_157090	QRD01252.1	hypothetical protein
JI435_157100	QRD01251.1	beta-glucosidase
JI435_157110	QRD01249.1	hypothetical protein
JI435_157120	QRD01248.1	hypothetical protein
JI435_157140	QRD01246.1	hypothetical protein
JI435_157150	QRD01245.1	hypothetical protein
JI435_157160	QRD01244.1	hypothetical protein
JI435_157170	QRD01243.1	hypothetical protein
JI435_157180	QRD01242.1	hypothetical protein
JI435_157190	QRD01241.1	adenylosuccinate synthetase
JI435_157200	QRD01240.1	hypothetical protein
JI435_157210	QRD01239.1	hypothetical protein
JI435_157220	QRD01238.1	hypothetical protein
JI435_157230	QRD01236.1	hypothetical protein
JI435_157250	QRD01235.1	hypothetical protein
JI435_157260	QRD01234.1	hypothetical protein
JI435_157270	QRD01232.1	eukaryotic translation initiation factor 3 subunit K
JI435_157280	QRD01231.1	hypothetical protein
JI435_157290	QRD01230.1	hypothetical protein
JI435_157300	QRD01229.1	hypothetical protein
JI435_157310	QRD01228.1	hypothetical protein
JI435_157320	QRD01227.1	hypothetical protein
JI435_157330	QRD01226.1	60S ribosomal protein L29
JI435_157340	QRD01225.1	hypothetical protein
JI435_157350	QRD01224.1	hypothetical protein
JI435_157360	QRD01222.1	hypothetical protein
JI435_157380	QRD01221.1	hypothetical protein
JI435_157390	QRD01220.1	hypothetical protein
JI435_157400	QRD01219.1	tRNA methyltransferase
JI435_157410	QRD01218.1	hypothetical protein
JI435_157420	QRD01217.1	hypothetical protein
JI435_157430	QRD01216.1	hypothetical protein
JI435_157440	QRD01215.1	hypothetical protein
JI435_157450	QRD01214.1	hypothetical protein
JI435_157460	QRD01213.1	hypothetical protein
JI435_157470	QRD01212.1	hypothetical protein
JI435_157480	QRD01211.1	hypothetical protein
JI435_157500	QRD01210.1	U3 small nucleolar RNA-associated protein 22
JI435_157510	QRD01209.1	protein-L-isoaspartate O-methyltransferase
JI435_157530	QRD01208.1	hypothetical protein
JI435_157540	QRD01206.1	hypothetical protein
JI435_157570	QRD01203.1	hypothetical protein
JI435_157580	QRD01202.1	hypothetical protein
JI435_157590	QRD01200.1	hypothetical protein
JI435_157610	QRD01198.1	hypothetical protein
JI435_157620	QRD01197.1	hypothetical protein
JI435_157630	QRD01196.1	hypothetical protein
JI435_157640	QRD01195.1	hypothetical protein
JI435_157650	QRD01194.1	hypothetical protein
JI435_157660	QRD01193.1	hypothetical protein
JI435_157670	QRD01192.1	hypothetical protein
JI435_157680	QRD01191.1	hypothetical protein
JI435_157690	QRD01190.1	hypothetical protein
JI435_157700	QRD01188.1	hypothetical protein
JI435_157710	QRD01187.1	peptidase
JI435_157720	QRD01186.1	MICOS complex subunit
JI435_157730	QRD01185.1	hypothetical protein
JI435_157750	QRD01184.1	hypothetical protein
JI435_157760	QRD01182.1	mediator of RNA polymerase II transcription subunit 9
JI435_157770	QRD01181.1	phosphoglycerate mutase
JI435_157780	QRD01179.1	hypothetical protein
JI435_157790	QRD01178.1	hypothetical protein
JI435_157800	QRD01176.1	hypothetical protein
JI435_157810	QRD01175.1	mediator of RNA polymerase II transcription subunit 11
JI435_157820	QRD01174.1	hypothetical protein
JI435_157830	QRD01173.1	hypothetical protein
JI435_157840	QRD01172.1	RNA-dependent RNA polymerase
JI435_157850	QRD01171.1	ATP-dependent Clp protease proteolytic subunit
JI435_157860	QRD01170.1	hypothetical protein
JI435_157870	QRD01169.1	hypothetical protein
JI435_157880	QRD01168.1	hypothetical protein
JI435_157890	QRD01167.1	hypothetical protein
JI435_157900	QRD01166.1	hypothetical protein
JI435_157910	QRD01165.1	hypothetical protein
JI435_157920	QRD01164.1	hypothetical protein
JI435_157930	QRD01162.1	hypothetical protein
JI435_157940	QRD01161.1	hypothetical protein
JI435_157950	QRD01160.1	hypothetical protein
JI435_157960	QRD01159.1	hypothetical protein
JI435_157970	QRD01158.1	hypothetical protein
JI435_157980	QRD01157.1	hypothetical protein
JI435_157990	QRD01156.1	hypothetical protein
JI435_158000	QRD01155.1	hypothetical protein
JI435_158010	QRD01153.1	hypothetical protein
JI435_158020	QRD01150.1	hypothetical protein
JI435_158030	QRD01149.1	hypothetical protein
JI435_158040	QRD01148.1	hypothetical protein
JI435_158050	QRD01147.1	ribosome assembly protein 3
JI435_158060	QRD01146.1	hypothetical protein
JI435_158080	QRD01145.1	hypothetical protein
JI435_158100	QRD01144.1	hypothetical protein
JI435_158140	QRD01142.1	hypothetical protein
JI435_158150	QRD01141.1	hypothetical protein
JI435_158160	QRD01140.1	hypothetical protein
JI435_158170	QRD01139.1	hypothetical protein
JI435_158180	QRD01138.1	hypothetical protein
JI435_158190	QRD01136.1	hypothetical protein
JI435_158210	QRD01135.1	hypothetical protein
JI435_158220	QRD01133.1	hypothetical protein
JI435_158260	QRC95676.1	hypothetical protein
JI435_158270	QRC95677.1	hypothetical protein
JI435_158290	QRC95678.1	non-reducing polyketide synthase PKS19
JI435_158300	QRC95679.1	hypothetical protein
JI435_158310	QRC95680.1	hypothetical protein
JI435_158320	QRC95681.1	hypothetical protein
JI435_158330	QRC95682.1	hypothetical protein
JI435_158340	QRC95683.1	hypothetical protein
JI435_158360	QRC95684.1	hypothetical protein
JI435_158370	QRC95685.1	tubulin-specific chaperone A
JI435_158380	QRC95686.1	hypothetical protein
JI435_158390	QRC95687.1	hypothetical protein
JI435_158400	QRC95689.1	hypothetical protein
JI435_158410	QRC95690.1	hypothetical protein
JI435_158420	QRC95691.1	hypothetical protein
JI435_158430	QRC95692.1	imidazole glycerol phosphate synthase hisHF
JI435_158440	QRC95693.1	rRNA adenine N(6)-methyltransferase
JI435_158450	QRC95694.1	hypothetical protein
JI435_158470	QRC95696.1	hypothetical protein
JI435_158490	QRC95698.1	hypothetical protein
JI435_158500	QRC95700.1	hypothetical protein
JI435_158520	QRC95701.1	hypothetical protein
JI435_158530	QRC95702.1	hypothetical protein
JI435_158540	QRC95703.1	hypothetical protein
JI435_158550	QRC95705.1	hypothetical protein
JI435_158560	QRC95706.1	hypothetical protein
JI435_158580	QRC95709.1	hypothetical protein
JI435_158590	QRC95710.1	hypothetical protein
JI435_158600	QRC95711.1	hypothetical protein
JI435_158610	QRC95712.1	hypothetical protein
JI435_158630	QRC95713.1	hypothetical protein
JI435_158640	QRC95714.1	hypothetical protein
JI435_158660	QRC95715.1	hypothetical protein
JI435_158680	QRC95717.1	hypothetical protein
JI435_158690	QRC95718.1	hypothetical protein
JI435_158700	QRC95719.1	hypothetical protein
JI435_158710	QRC95720.1	hypothetical protein
JI435_158720	QRC95721.1	hypothetical protein
JI435_158730	QRC95722.1	hypothetical protein
JI435_158740	QRC95723.1	hypothetical protein
JI435_158750	QRC95724.1	hypothetical protein
JI435_158760	QRC95725.1	hypothetical protein
JI435_158770	QRC95726.1	hypothetical protein
JI435_158790	QRC95729.1	decarboxylating 6-phosphogluconate dehydrogenase
JI435_158800	QRC95731.1	hypothetical protein
JI435_158810	QRC95732.1	hypothetical protein
JI435_158830	QRC95733.1	hypothetical protein
JI435_158850	QRC95735.1	hypothetical protein
JI435_158860	QRC95736.1	hypothetical protein
JI435_158870	QRC95737.1	hypothetical protein
JI435_158880	QRC95739.1	mannosyltransferase
JI435_158890	QRC95740.1	hypothetical protein
JI435_158910	QRC95741.1	ATP pyrophosphate-lyase
JI435_158940	QRC95743.1	hypothetical protein
JI435_158950	QRC95745.1	hypothetical protein
JI435_158960	QRC95746.1	hypothetical protein
JI435_158970	QRC95747.1	hypothetical protein
JI435_158990	QRC95748.1	hypothetical protein
JI435_159010	QRC95749.1	hypothetical protein
JI435_159020	QRC95750.1	hypothetical protein
JI435_159030	QRC95751.1	hypothetical protein
JI435_159040	QRC95752.1	hypothetical protein
JI435_159070	QRC95754.1	hypothetical protein
JI435_159080	QRC95755.1	hypothetical protein
JI435_159120	QRC95757.1	hypothetical protein
JI435_159140	QRC95759.1	hypothetical protein
JI435_159150	QRC95760.1	hypothetical protein
JI435_159160	QRC95761.1	hypothetical protein
JI435_159170	QRC95763.1	hypothetical protein
JI435_159180	QRC95765.1	hypothetical protein
JI435_159190	QRC95766.1	hypothetical protein
JI435_159200	QRC95768.1	hypothetical protein
JI435_159210	QRC95769.1	hypothetical protein
JI435_159220	QRC95770.1	hypothetical protein
JI435_159230	QRC95771.1	hypothetical protein
JI435_159240	QRC95772.1	hypothetical protein
JI435_159260	QRC95773.1	hypothetical protein
JI435_159270	QRC95774.1	hypothetical protein
JI435_159290	QRC95775.1	hypothetical protein
JI435_159320	QRC95778.1	hypothetical protein
JI435_159330	QRC95779.1	hypothetical protein
JI435_159340	QRC95780.1	beta-xylanase
JI435_159350	QRC95782.1	hypothetical protein
JI435_159370	QRC95784.1	hypothetical protein
JI435_159380	QRC95785.1	hypothetical protein
JI435_159400	QRC95787.1	hypothetical protein
JI435_159420	QRC95789.1	hypothetical protein
JI435_159430	QRC95790.1	hypothetical protein
JI435_159450	QRC95793.1	hypothetical protein
JI435_159460	QRC95795.1	hypothetical protein
JI435_159470	QRC95796.1	hypothetical protein
JI435_159480	QRC95797.1	hypothetical protein
JI435_159490	QRC95798.1	hypothetical protein
JI435_159500	QRC95800.1	hypothetical protein
JI435_159510	QRC95801.1	hypothetical protein
JI435_159520	QRC95802.1	hypothetical protein
JI435_159540	QRC95803.1	hypothetical protein
JI435_159550	QRC95804.1	hypothetical protein
JI435_159560	QRC95805.1	hypothetical protein
JI435_159570	QRC95806.1	hypothetical protein
JI435_159580	QRD03752.1	hypothetical protein
JI435_159590	QRD03751.1	hypothetical protein
JI435_159600	QRD03750.1	hypothetical protein
JI435_159610	QRD03749.1	hypothetical protein
JI435_159630	QRD03748.1	hypothetical protein
JI435_159640	QRD03747.1	hypothetical protein
JI435_159650	QRD03745.1	hypothetical protein
JI435_159660	QRD03744.1	hypothetical protein
JI435_159670	QRD03743.1	peroxidase
JI435_159680	QRD03742.1	hypothetical protein
JI435_159690	QRD03741.1	hypothetical protein
JI435_159700	QRD03740.1	hypothetical protein
JI435_159720	QRD03739.1	hypothetical protein
JI435_159730	QRD03738.1	hypothetical protein
JI435_159740	QRD03737.1	hypothetical protein
JI435_159750	QRD03736.1	hypothetical protein
JI435_159760	QRD03735.1	hypothetical protein
JI435_159770	QRD03734.1	hypothetical protein
JI435_159780	QRD03733.1	alpha/beta-glucosidase agdC
JI435_159790	QRD03732.1	very-long-chain (3R)-3-hydroxyacyl-CoA dehydratase
JI435_159800	QRD03731.1	hypothetical protein
JI435_159810	QRD03730.1	pre-mRNA-processing factor 19
JI435_159820	QRD03729.1	hypothetical protein
JI435_159830	QRD03728.1	hypothetical protein
JI435_159840	QRD03727.1	hypothetical protein
JI435_159860	QRD03726.1	hypothetical protein
JI435_159870	QRD03724.1	hypothetical protein
JI435_159880	QRD03723.1	hypothetical protein
JI435_159890	QRD03722.1	hypothetical protein
JI435_159900	QRD03721.1	hypothetical protein
JI435_159910	QRD03720.1	hypothetical protein
JI435_159920	QRD03718.1	hypothetical protein
JI435_159930	QRD03717.1	hypothetical protein
JI435_159940	QRD03716.1	triosephosphate isomerase
JI435_159950	QRD03714.1	hypothetical protein
JI435_159960	QRD03713.1	hypothetical protein
JI435_160000	QRD03710.1	hypothetical protein
JI435_160010	QRD03709.1	hypothetical protein
JI435_160020	QRD03708.1	hypothetical protein
JI435_160030	QRD03707.1	hypothetical protein
JI435_160040	QRD03706.1	hypothetical protein
JI435_160050	QRD03705.1	hypothetical protein
JI435_160060	QRD03703.1	hypothetical protein
JI435_160070	QRD03701.1	hypothetical protein
JI435_160080	QRD03700.1	hypothetical protein
JI435_160090	QRD03698.1	histone-lysine N-methyltransferase
JI435_160110	QRD03697.1	hypothetical protein
JI435_160120	QRD03696.1	hypothetical protein
JI435_160130	QRD03695.1	hypothetical protein
JI435_160140	QRD03694.1	hypothetical protein
JI435_160150	QRD03693.1	hypothetical protein
JI435_160160	QRD03692.1	hypothetical protein
JI435_160170	QRD03689.1	hypothetical protein
JI435_160190	QRD03688.1	hypothetical protein
JI435_160200	QRD03687.1	hypothetical protein
JI435_160230	QRD03685.1	ribosome assembly factor mrt4
JI435_160240	QRD03684.1	mitochondrial distribution and morphology protein 10
JI435_160270	QRD03682.1	hypothetical protein
JI435_160310	QRD03678.1	hypothetical protein
JI435_160320	QRD03675.1	hypothetical protein
JI435_160330	QRD03673.1	hypothetical protein
JI435_160340	QRD03672.1	hypothetical protein
JI435_160350	QRD03670.1	hypothetical protein
JI435_160370	QRD03669.1	MYND-type zinc finger protein samB
JI435_160380	QRD03667.1	phospholipid-transporting ATPase
JI435_160390	QRD03666.1	hypothetical protein
JI435_160400	QRD03665.1	hypothetical protein
JI435_160430	QRD03664.1	hypothetical protein
JI435_160440	QRD03662.1	hypothetical protein
JI435_160460	QRD03661.1	hypothetical protein
JI435_160470	QRD03660.1	hypothetical protein
JI435_160480	QRD03659.1	hypothetical protein
JI435_160490	QRD03658.1	hypothetical protein
JI435_160500	QRD03657.1	hypothetical protein
JI435_160510	QRD03656.1	hypothetical protein
JI435_160530	QRD03655.1	hypothetical protein
JI435_160540	QRD03654.1	hypothetical protein
JI435_160550	QRD03653.1	hypothetical protein
JI435_160560	QRD03652.1	hypothetical protein
JI435_160580	QRD03651.1	hypothetical protein
JI435_160600	QRD03649.1	altered inheritance of mitochondria protein 6
JI435_160620	QRD03648.1	hypothetical protein
JI435_160630	QRD03647.1	hypothetical protein
JI435_160640	QRD03646.1	hypothetical protein
JI435_160650	QRD03645.1	hypothetical protein
JI435_160680	QRD03643.1	hypothetical protein
JI435_160700	QRD03642.1	hypothetical protein
JI435_160730	QRD03640.1	hypothetical protein
JI435_160740	QRD03639.1	hypothetical protein
JI435_160750	QRD03637.1	hypothetical protein
JI435_160760	QRD03636.1	hypothetical protein
JI435_160770	QRD03635.1	hypothetical protein
JI435_160780	QRD03634.1	hypothetical protein
JI435_160800	QRD03632.1	hypothetical protein
JI435_160810	QRD03631.1	hypothetical protein
JI435_160820	QRD04396.1	chitinase
JI435_160830	QRD04395.1	hypothetical protein
JI435_160840	QRD04394.1	hypothetical protein
JI435_160850	QRD04393.1	hypothetical protein
JI435_160870	QRD04392.1	autophagy-related protein
JI435_160880	QRD04391.1	hypothetical protein
JI435_160900	QRD04390.1	hypothetical protein
JI435_160910	QRD04389.1	hypothetical protein
JI435_160940	QRD04383.1	hypothetical protein
JI435_160950	QRD04381.1	hypothetical protein
JI435_160960	QRD04380.1	hypothetical protein
JI435_160980	QRD04378.1	hypothetical protein
JI435_160990	QRD04377.1	hypothetical protein
JI435_161000	QRD04376.1	hypothetical protein
JI435_161010	QRD04375.1	hypothetical protein
JI435_161020	QRD04374.1	hypothetical protein
JI435_161030	QRD04373.1	ubiquitin-related modifier
JI435_161050	QRD04371.1	hypothetical protein
JI435_161060	QRD04370.1	hypothetical protein
JI435_161070	QRD04368.1	hypothetical protein
JI435_161080	QRD04367.1	hypothetical protein
JI435_161090	QRD04366.1	hypothetical protein
JI435_161100	QRD04365.1	hypothetical protein
JI435_161120	QRD04364.1	hypothetical protein
JI435_161130	QRD04363.1	hypothetical protein
JI435_161140	QRD04361.1	hypothetical protein
JI435_161150	QRD04360.1	hypothetical protein
JI435_161160	QRD04359.1	hypothetical protein
JI435_161170	QRD04358.1	COP9 signalosome complex subunit 5
JI435_161180	QRD04357.1	hypothetical protein
JI435_161190	QRD04356.1	hypothetical protein
JI435_161200	QRD04355.1	glutamine--tRNA (Gln) ligase
JI435_161210	QRD04354.1	hypothetical protein
JI435_161230	QRD04352.1	hypothetical protein
JI435_161240	QRD04351.1	hypothetical protein
JI435_161260	QRD04350.1	hypothetical protein
JI435_161270	QRD04349.1	hypothetical protein
JI435_161280	QRD04348.1	hypothetical protein
JI435_161290	QRD04347.1	hypothetical protein
JI435_161300	QRD04346.1	tRNA dimethylallyltransferase
JI435_161310	QRD04345.1	hypothetical protein
JI435_161320	QRD04342.1	cutinase
JI435_161330	QRD04341.1	hypothetical protein
JI435_161340	QRD04340.1	hypothetical protein
JI435_161350	QRD04338.1	hypothetical protein
JI435_161360	QRD04337.1	serine/threonine-protein kinase SSN3
JI435_161370	QRD04336.1	hypothetical protein
JI435_161380	QRD04335.1	hypothetical protein
JI435_161400	QRD04331.1	hypothetical protein
JI435_161410	QRD04330.1	hypothetical protein
JI435_161420	QRD04329.1	hypothetical protein
JI435_161430	QRD04327.1	hypothetical protein
JI435_161440	QRD04326.1	hypothetical protein
JI435_161450	QRD04325.1	hypothetical protein
JI435_161460	QRD04324.1	hypothetical protein
JI435_161490	QRD04321.1	hypothetical protein
JI435_161500	QRD04320.1	hypothetical protein
JI435_161510	QRD04319.1	hypothetical protein
JI435_161520	QRD04318.1	hypothetical protein
JI435_161530	QRD04317.1	hypothetical protein
JI435_161540	QRD04316.1	hypothetical protein
JI435_161550	QRD04315.1	hypothetical protein
JI435_161570	QRD04313.1	hypothetical protein
JI435_161580	QRD04312.1	hypothetical protein
JI435_161590	QRD04311.1	hypothetical protein
JI435_161610	QRD04310.1	hypothetical protein
JI435_161620	QRD04308.1	hypothetical protein
JI435_161630	QRD04307.1	cysteine desulfurase
JI435_161640	QRD04306.1	hypothetical protein
JI435_161650	QRD07781.1	hypothetical protein
JI435_161660	QRD07778.1	hypothetical protein
JI435_161680	QRD07777.1	MYND-type zinc finger protein samB
JI435_161690	QRD07776.1	hypothetical protein
JI435_161730	QRD07773.1	hypothetical protein
JI435_161750	QRD07772.1	hypothetical protein
JI435_161780	QRD07771.1	hypothetical protein
JI435_161790	QRD07770.1	hypothetical protein
JI435_161810	QRD07769.1	hypothetical protein
JI435_161820	QRD07768.1	hypothetical protein
JI435_161840	QRD07767.1	hypothetical protein
JI435_161850	QRD07766.1	hypothetical protein
JI435_161860	QRD07764.1	hypothetical protein
JI435_161870	QRD07763.1	hypothetical protein
JI435_161880	QRD07762.1	hypothetical protein
JI435_161890	QRD07761.1	hypothetical protein
JI435_161900	QRD07760.1	hypothetical protein
JI435_161910	QRD07759.1	hypothetical protein
JI435_161920	QRD07758.1	hypothetical protein
JI435_161930	QRD07755.1	hypothetical protein
JI435_161950	QRD07754.1	hypothetical protein
JI435_161960	QRD07753.1	hypothetical protein
JI435_161970	QRD07752.1	hypothetical protein
JI435_161980	QRD07751.1	hypothetical protein
JI435_162020	QRD07748.1	hypothetical protein
JI435_162030	QRD07747.1	hypothetical protein
JI435_162040	QRD07746.1	hypothetical protein
JI435_162060	QRD07745.1	hypothetical protein
JI435_162070	QRD07744.1	hypothetical protein
JI435_162090	QRD07740.1	hypothetical protein
JI435_162100	QRD07739.1	hypothetical protein
JI435_162110	QRD07737.1	hypothetical protein
JI435_162130	QRD07735.1	hypothetical protein
JI435_162140	QRD07734.1	hypothetical protein
JI435_162150	QRD07733.1	hypothetical protein
JI435_162170	QRD07731.1	hypothetical protein
JI435_162180	QRD07730.1	hypothetical protein
JI435_162190	QRD07729.1	hypothetical protein
JI435_162200	QRD07728.1	hypothetical protein
JI435_162210	QRD07727.1	hypothetical protein
JI435_162220	QRD07726.1	hypothetical protein
JI435_162230	QRD07725.1	hypothetical protein
JI435_162240	QRD07724.1	hypothetical protein
JI435_162250	QRD07723.1	hypothetical protein
JI435_162260	QRD07722.1	hypothetical protein
JI435_162270	QRD07721.1	hypothetical protein
JI435_162280	QRD07720.1	hypothetical protein
JI435_162290	QRD07718.1	hypothetical protein
JI435_162320	QRD07716.1	hypothetical protein
JI435_162350	QRD07715.1	hypothetical protein
JI435_162360	QRD07714.1	hypothetical protein
JI435_162370	QRD07713.1	hypothetical protein
JI435_162380	QRD07712.1	hypothetical protein
JI435_162390	QRD07710.1	hypothetical protein
JI435_162410	QRD07707.1	hypothetical protein
JI435_162420	QRD07706.1	hypothetical protein
JI435_162430	QRD07705.1	hypothetical protein
JI435_162450	QRD07703.1	hypothetical protein
JI435_162470	QRD07700.1	hypothetical protein
JI435_162490	QRD07694.1	hypothetical protein
JI435_162500	QRD07693.1	hypothetical protein
JI435_162520	QRD07692.1	hypothetical protein
JI435_162530	QRD07691.1	hypothetical protein
JI435_162540	QRD07690.1	hypothetical protein
JI435_162590	QRD07686.1	hypothetical protein
JI435_162620	QRD07683.1	hypothetical protein
JI435_162630	QRD07682.1	hypothetical protein
JI435_162640	QRD07681.1	hypothetical protein
JI435_162660	QRD07679.1	hypothetical protein
JI435_162670	QRD07678.1	hypothetical protein
JI435_162680	QRD07677.1	hypothetical protein
JI435_162700	QRD07591.1	hypothetical protein
JI435_162740	QRD07594.1	hypothetical protein
JI435_162780	QRD07595.1	hypothetical protein
JI435_162790	QRD07596.1	hypothetical protein
JI435_162800	QRD07598.1	hypothetical protein
JI435_162810	QRD07601.1	hypothetical protein
JI435_162830	QRD07602.1	hypothetical protein
JI435_162840	QRD07604.1	hypothetical protein
JI435_162850	QRD07605.1	hypothetical protein
JI435_162860	QRD07606.1	hypothetical protein
JI435_162880	QRD07607.1	hypothetical protein
JI435_162910	QRD07608.1	hypothetical protein
JI435_162920	QRD07609.1	hypothetical protein
JI435_162960	QRD07611.1	hypothetical protein
JI435_162970	QRD07612.1	hypothetical protein
JI435_162980	QRD07614.1	hypothetical protein
JI435_162990	QRD07617.1	hypothetical protein
JI435_163000	QRD07618.1	hypothetical protein
JI435_163010	QRD07619.1	hypothetical protein
JI435_163020	QRD07620.1	hypothetical protein
JI435_163030	QRD07622.1	hypothetical protein
JI435_163040	QRD07623.1	hypothetical protein
JI435_163050	QRD07624.1	hypothetical protein
JI435_163060	QRD07625.1	hypothetical protein
JI435_163080	QRD07626.1	hypothetical protein
JI435_163100	QRD07627.1	hypothetical protein
JI435_163130	QRD07632.1	hypothetical protein
JI435_163140	QRD07635.1	hypothetical protein
JI435_163150	QRD07636.1	hypothetical protein
JI435_163160	QRD07638.1	hypothetical protein
JI435_163170	QRD07639.1	hypothetical protein
JI435_163250	QRD07640.1	hypothetical protein
JI435_163260	QRD07642.1	hypothetical protein
JI435_163270	QRD07641.1	hypothetical protein
JI435_163280	QRD07643.1	hypothetical protein
JI435_163290	QRD07644.1	hypothetical protein
JI435_163300	QRD07645.1	hypothetical protein
JI435_163310	QRD07647.1	hypothetical protein
JI435_163330	QRD07649.1	hypothetical protein
JI435_163350	QRD07651.1	hypothetical protein
JI435_163360	QRD07652.1	hypothetical protein
JI435_163380	QRD07653.1	hypothetical protein
JI435_163410	QRD07655.1	hypothetical protein
JI435_163420	QRD07656.1	hypothetical protein
JI435_163430	QRD07657.1	hypothetical protein
JI435_163440	QRD07658.1	hypothetical protein
JI435_163450	QRD07659.1	hypothetical protein
JI435_163460	QRD07661.1	hypothetical protein
JI435_163470	QRD07662.1	hypothetical protein
JI435_163480	QRD07664.1	hypothetical protein
JI435_163490	QRD07665.1	hypothetical protein
JI435_163530	QRD07666.1	hypothetical protein
JI435_163540	QRD07667.1	hypothetical protein
JI435_163550	QRD07668.1	hypothetical protein
JI435_163560	QRD07669.1	hypothetical protein
JI435_163570	QRD07671.1	hypothetical protein
JI435_163580	QRD07672.1	hypothetical protein
JI435_163600	QRD07673.1	hypothetical protein
JI435_163610	QRD07674.1	hypothetical protein
JI435_163620	QRD07675.1	hypothetical protein
JI435_163640	QRD03753.1	hypothetical protein
JI435_163650	QRD03754.1	hypothetical protein
JI435_163660	QRD03755.1	hypothetical protein
JI435_163670	QRD03756.1	hypothetical protein
JI435_163690	QRD03761.1	hypothetical protein
JI435_163700	QRD03762.1	hypothetical protein
JI435_163710	QRD03763.1	hypothetical protein
JI435_163720	QRD03764.1	hypothetical protein
JI435_163740	QRD03766.1	hypothetical protein
JI435_163750	QRD03767.1	hypothetical protein
JI435_163760	QRD03769.1	hypothetical protein
JI435_163780	QRD03772.1	hypothetical protein
JI435_163790	QRD03773.1	hypothetical protein
JI435_163820	QRD03774.1	hypothetical protein
JI435_163830	QRD03777.1	hypothetical protein
JI435_163840	QRD03778.1	hypothetical protein
JI435_163850	QRD03779.1	hypothetical protein
JI435_163860	QRD03781.1	hypothetical protein
JI435_163870	QRD03782.1	hypothetical protein
JI435_163880	QRD03783.1	hypothetical protein
JI435_163890	QRD03785.1	hypothetical protein
JI435_163910	QRD03786.1	hypothetical protein
JI435_163920	QRD03788.1	hypothetical protein
JI435_163940	QRD03790.1	hypothetical protein
JI435_163950	QRD03791.1	hypothetical protein
JI435_163960	QRD03792.1	hypothetical protein
JI435_163970	QRD03793.1	pre-mRNA-splicing factor CWC24
JI435_163980	QRD03795.1	hypothetical protein
JI435_163990	QRD03797.1	hypothetical protein
JI435_164000	QRD03799.1	hypothetical protein
JI435_164010	QRD03802.1	hypothetical protein
JI435_164040	QRD03803.1	hypothetical protein
JI435_164060	QRD03804.1	hypothetical protein
JI435_164090	QRD03806.1	hypothetical protein
JI435_164100	QRD03808.1	hypothetical protein
JI435_164110	QRD03809.1	60S ribosome subunit biogenesis protein NIP7
JI435_164120	QRD03810.1	hypothetical protein
JI435_164130	QRD03812.1	hypothetical protein
JI435_164140	QRD03813.1	hypothetical protein
JI435_164170	QRD03815.1	hypothetical protein
JI435_164190	QRD03817.1	hypothetical protein
JI435_164210	QRD03819.1	hypothetical protein
JI435_164220	QRD03820.1	hypothetical protein
JI435_164230	QRD03822.1	hypothetical protein
JI435_164250	QRD03823.1	endonuclease
JI435_164260	QRD03824.1	mitochondrial import inner membrane translocase subunit
JI435_164270	QRD03825.1	hypothetical protein
JI435_164280	QRD03826.1	hypothetical protein
JI435_164290	QRD03827.1	hypothetical protein
JI435_164320	QRD00990.1	hypothetical protein
JI435_164330	QRD00988.1	hypothetical protein
JI435_164340	QRD00987.1	hypothetical protein
JI435_164350	QRD00986.1	hypothetical protein
JI435_164360	QRD00985.1	hypothetical protein
JI435_164380	QRD00984.1	hypothetical protein
JI435_164400	QRD00982.1	hypothetical protein
JI435_164410	QRD00981.1	hypothetical protein
JI435_164420	QRD00980.1	1-(5-phosphoribosyl)-5-[(5-phosphoribosylamino)methylideneamino
JI435_164430	QRD00979.1	hypothetical protein
JI435_164440	QRD00977.1	glucanase
JI435_164450	QRD00976.1	sodium/hydrogen exchanger
JI435_164460	QRD00974.1	hypothetical protein
JI435_164470	QRD00972.1	hypothetical protein
JI435_164480	QRD00971.1	hypothetical protein
JI435_164490	QRD00970.1	hypothetical protein
JI435_164500	QRD00969.1	E3 ubiquitin protein ligase
JI435_164510	QRD00968.1	hypothetical protein
JI435_164520	QRD00967.1	hypothetical protein
JI435_164540	QRD00965.1	hypothetical protein
JI435_164550	QRD00964.1	tRNA methyltransferase non-catalytic subunit TRM6
JI435_164560	QRD00962.1	hypothetical protein
JI435_164590	QRD00961.1	hypothetical protein
JI435_164600	QRD00960.1	hypothetical protein
JI435_164610	QRD00959.1	tRNA N6-adenosine threonylcarbamoyltransferase
JI435_164620	QRD00958.1	ribosomal lysine N-methyltransferase 4
JI435_164630	QRD00957.1	polycomb-like-enhancer protein
JI435_164660	QRD00955.1	hypothetical protein
JI435_164670	QRD00954.1	hypothetical protein
JI435_164690	QRD00953.1	actin-related protein 2/3 complex subunit 3
JI435_164700	QRD00952.1	hypothetical protein
JI435_164710	QRD00951.1	hypothetical protein
JI435_164720	QRD00949.1	hypothetical protein
JI435_164730	QRD00948.1	hypothetical protein
JI435_164740	QRD00947.1	hypothetical protein
JI435_164750	QRD00946.1	heat shock protein 60
JI435_164760	QRD00945.1	hypothetical protein
JI435_164770	QRD00944.1	hypothetical protein
JI435_164780	QRD00943.1	hypothetical protein
JI435_164810	QRD00936.1	hypothetical protein
JI435_164830	QRD00931.1	hypothetical protein
JI435_164840	QRD00930.1	hypothetical protein
JI435_164850	QRD00929.1	hypothetical protein
JI435_164870	QRD00928.1	hypothetical protein
JI435_164880	QRD00927.1	hypothetical protein
JI435_164900	QRD00925.1	MYND-type zinc finger protein samB
JI435_164920	QRC96970.1	hypothetical protein
JI435_164930	QRC96971.1	hypothetical protein
JI435_164950	QRC96974.1	hypothetical protein
JI435_164960	QRC96976.1	hypothetical protein
JI435_164970	QRC96977.1	hypothetical protein
JI435_164980	QRC96978.1	hypothetical protein
JI435_164990	QRC96979.1	hypothetical protein
JI435_165000	QRC96980.1	RNA exonuclease
JI435_165010	QRC96981.1	histone acetyltransferase
JI435_165020	QRC96982.1	hypothetical protein
JI435_165030	QRC96984.1	hypothetical protein
JI435_165050	QRC96987.1	hypothetical protein
JI435_165070	QRC96988.1	hypothetical protein
JI435_165080	QRC96989.1	hypothetical protein
JI435_165090	QRC96990.1	hypothetical protein
JI435_165100	QRC96991.1	hypothetical protein
JI435_165110	QRC96992.1	hypothetical protein
JI435_165120	QRC96993.1	hypothetical protein
JI435_165140	QRC96995.1	hypothetical protein
JI435_165150	QRC96997.1	hypothetical protein
JI435_165200	QRC96999.1	hypothetical protein
JI435_165220	QRC97004.1	hypothetical protein
JI435_165230	QRC97945.1	hypothetical protein
JI435_165240	QRC97946.1	hypothetical protein
JI435_165250	QRC97947.1	hypothetical protein
JI435_165260	QRC97948.1	hypothetical protein
JI435_165270	QRC97949.1	hypothetical protein
JI435_165280	QRC97950.1	hypothetical protein
JI435_165290	QRC97951.1	hypothetical protein
JI435_165310	QRC97954.1	hypothetical protein
JI435_165320	QRC97955.1	hypothetical protein
JI435_165330	QRC97956.1	hypothetical protein
JI435_165340	QRC97957.1	hypothetical protein
JI435_165350	QRC97958.1	hypothetical protein
JI435_165370	QRC97959.1	AMP deaminase
JI435_165380	QRC97960.1	hypothetical protein
JI435_165390	QRC97961.1	hypothetical protein
JI435_165410	QRC97963.1	hypothetical protein
JI435_165430	QRC97964.1	T-complex protein 1 subunit delta
JI435_165440	QRC97965.1	hypothetical protein
JI435_165450	QRC97966.1	hypothetical protein
JI435_165470	QRC97967.1	succinate dehydrogenase flavoprotein subunit
JI435_165480	QRC97969.1	60S ribosomal protein L3
JI435_165490	QRC97971.1	protein phosphatase PP2A regulatory subunit B
JI435_165500	QRC97973.1	hypothetical protein
JI435_165520	QRC97975.1	protein sorting-associated protein 10
JI435_165540	QRC97976.1	hypothetical protein
JI435_165550	QRC97977.1	hypothetical protein
JI435_165560	QRC93972.1	hypothetical protein
JI435_165570	QRC93971.1	hypothetical protein
JI435_165690	QRC93985.1	hypothetical protein
JI435_165700	QRC93984.1	hypothetical protein
JI435_165710	QRC93981.1	necrotrophic effector SnToxA
JI435_165720	QRC93978.1	hypothetical protein
JI435_165760	QRC97005.1	carboxylic ester hydrolase
JI435_165850	QRD02916.1	hypothetical protein
JI435_165890	QRC99726.1	hypothetical protein
JI435_165900	QRD02425.1	hypothetical protein
JI435_165910	QRD02426.1	hypothetical protein
JI435_165920	QRD02427.1	hypothetical protein
JI435_200020	QRC90760.1	hypothetical protein
JI435_200070	QRC91101.1	hypothetical protein
JI435_200100	QRC91435.1	hypothetical protein
JI435_200110	QRC91516.1	hypothetical protein
JI435_200140	QRC96494.1	hypothetical protein
JI435_200150	QRC96735.1	hypothetical protein
JI435_200190	QRC91947.1	hypothetical protein
JI435_200200	QRC92030.1	hypothetical protein
JI435_200250	QRC92349.1	hypothetical protein
JI435_200270	QRC92447.1	hypothetical protein
JI435_200300	QRC95202.1	hypothetical protein
JI435_200310	QRC95225.1	hypothetical protein
JI435_200330	QRC93154.1	hypothetical protein
JI435_200350	QRC93708.1	hypothetical protein
JI435_200430	QRC98354.1	hypothetical protein
JI435_200460	QRC98727.1	hypothetical protein
JI435_200500	QRD02004.1	hypothetical protein
JI435_200520	QRD02153.1	hypothetical protein
JI435_200550	QRD02284.1	hypothetical protein
JI435_200570	QRD02442.1	hypothetical protein
JI435_200610	QRD05530.1	hypothetical protein
JI435_200620	QRD05567.1	hypothetical protein
JI435_200680	QRC98999.1	hypothetical protein
JI435_200750	QRD00070.1	hypothetical protein
JI435_200760	QRD00231.1	hypothetical protein
JI435_200770	QRD00250.1	hypothetical protein
JI435_200780	QRD00276.1	necrotrophic effector SnTox1
JI435_200840	QRC94176.1	hypothetical protein
JI435_200890	QRC94457.1	hypothetical protein
JI435_200910	QRC93002.1	hypothetical protein
JI435_200920	QRC92973.1	hypothetical protein
JI435_200930	QRC92963.1	hypothetical protein
JI435_200960	QRC92649.1	hypothetical protein
JI435_201000	QRC97732.1	hypothetical protein
JI435_201010	QRC97524.1	hypothetical protein
JI435_201040	QRC97268.1	hypothetical protein
JI435_201120	QRD04575.1	hypothetical protein
JI435_201150	QRD05113.1	hypothetical protein
JI435_201170	QRD02521.1	hypothetical protein
JI435_201180	QRD02536.1	hypothetical protein
JI435_201220	QRD02776.1	hypothetical protein
JI435_201310	QRD01365.1	hypothetical protein
JI435_201370	QRD06957.1	hypothetical protein
JI435_201400	QRD07534.1	hypothetical protein
JI435_201420	QRD05932.1	hypothetical protein
JI435_201450	QRD05972.1	hypothetical protein
JI435_201460	QRD06019.1	hypothetical protein
JI435_201470	QRD06025.1	hypothetical protein
JI435_201480	QRD06052.1	hypothetical protein
JI435_201540	QRC97167.1	hypothetical protein
JI435_201550	QRC97042.1	hypothetical protein
JI435_201570	QRD03033.1	hypothetical protein
JI435_201580	QRD03031.1	hypothetical protein
JI435_201600	QRC99476.1	RNA polymerase II transcription factor B subunit 5
JI435_201610	QRC99496.1	hypothetical protein
JI435_201620	QRD01644.1	hypothetical protein
JI435_201640	QRD06069.1	hypothetical protein
JI435_201660	QRD06202.1	hypothetical protein
JI435_201680	QRC94733.1	hypothetical protein
JI435_201700	QRC99595.1	hypothetical protein
JI435_201710	QRC99575.1	hypothetical protein
JI435_201720	QRC97789.1	hypothetical protein
JI435_201740	QRC97932.1	hypothetical protein
JI435_201760	QRC93960.1	hypothetical protein
JI435_201770	QRD01199.1	hypothetical protein
JI435_201780	QRD01189.1	hypothetical protein
JI435_201790	QRC95704.1	hypothetical protein
JI435_201850	QRD03789.1	hypothetical protein
JI435_300080	QRC90585.1	hypothetical protein
JI435_300110	QRC90694.1	hypothetical protein
JI435_300120	QRC90697.1	hypothetical protein
JI435_300130	QRC90699.1	hypothetical protein
JI435_300140	QRC90704.1	hypothetical protein
JI435_300180	QRC90762.1	hypothetical protein
JI435_300190	QRC90789.1	hypothetical protein
JI435_300200	QRC90845.1	hypothetical protein
JI435_300220	QRC90865.1	hypothetical protein
JI435_300240	QRC90890.1	hypothetical protein
JI435_300250	QRC90921.1	hypothetical protein
JI435_300260	QRC90964.1	hypothetical protein
JI435_300270	QRC90987.1	hypothetical protein
JI435_300280	QRC90988.1	hypothetical protein
JI435_300290	QRC91008.1	hypothetical protein
JI435_300300	QRC91024.1	hypothetical protein
JI435_300310	QRC91033.1	hypothetical protein
JI435_300320	QRC91046.1	hypothetical protein
JI435_300340	QRC91057.1	hypothetical protein
JI435_300350	QRC91059.1	hypothetical protein
JI435_300360	QRC91074.1	hypothetical protein
JI435_300390	QRC91135.1	hypothetical protein
JI435_300400	QRC91138.1	hypothetical protein
JI435_300410	QRC91162.1	hypothetical protein
JI435_300420	QRC91168.1	hypothetical protein
JI435_300430	QRC91187.1	hypothetical protein
JI435_300440	QRC91217.1	hypothetical protein
JI435_300450	QRC91246.1	hypothetical protein
JI435_300460	QRC91270.1	hypothetical protein
JI435_300470	QRC91274.1	hypothetical protein
JI435_300480	QRC91323.1	hypothetical protein
JI435_300490	QRC91325.1	hypothetical protein
JI435_300500	QRC91328.1	hypothetical protein
JI435_300520	QRC91356.1	hypothetical protein
JI435_300530	QRC91358.1	hypothetical protein
JI435_300540	QRC91404.1	hypothetical protein
JI435_300560	QRC91419.1	hypothetical protein
JI435_300570	QRC91436.1	hypothetical protein
JI435_300580	QRC91439.1	hypothetical protein
JI435_300600	QRC91508.1	hypothetical protein
JI435_300620	QRC91525.1	hypothetical protein
JI435_300630	QRC91531.1	hypothetical protein
JI435_300640	QRC91565.1	hypothetical protein
JI435_300650	QRC91567.1	hypothetical protein
JI435_300660	QRC91584.1	hypothetical protein
JI435_300670	QRC91594.1	hypothetical protein
JI435_300680	QRC96166.1	hypothetical protein
JI435_300690	QRC96167.1	hypothetical protein
JI435_300710	QRC96183.1	hypothetical protein
JI435_300720	QRC96207.1	hypothetical protein
JI435_300730	QRC96209.1	hypothetical protein
JI435_300740	QRC96210.1	hypothetical protein
JI435_300750	QRC96217.1	hypothetical protein
JI435_300770	QRC96228.1	hypothetical protein
JI435_300780	QRC96249.1	hypothetical protein
JI435_300790	QRC96270.1	hypothetical protein
JI435_300800	QRC96282.1	hypothetical protein
JI435_300810	QRC96283.1	hypothetical protein
JI435_300820	QRC96284.1	hypothetical protein
JI435_300850	QRC96307.1	hypothetical protein
JI435_300860	QRC96314.1	hypothetical protein
JI435_300870	QRC96340.1	hypothetical protein
JI435_300900	QRC96396.1	hypothetical protein
JI435_300910	QRC96397.1	hypothetical protein
JI435_300920	QRC96416.1	hypothetical protein
JI435_300930	QRC96454.1	hypothetical protein
JI435_300940	QRC96456.1	hypothetical protein
JI435_300950	QRC96488.1	hypothetical protein
JI435_300960	QRC96531.1	hypothetical protein
JI435_300970	QRC96537.1	hypothetical protein
JI435_300980	QRC96553.1	hypothetical protein
JI435_300990	QRC96570.1	hypothetical protein
JI435_301000	QRC96624.1	hypothetical protein
JI435_301010	QRC96650.1	hypothetical protein
JI435_301020	QRC96690.1	hypothetical protein
JI435_301030	QRC96696.1	hypothetical protein
JI435_301040	QRC96704.1	hypothetical protein
JI435_301050	QRC96707.1	hypothetical protein
JI435_301060	QRC96788.1	hypothetical protein
JI435_301070	QRC96799.1	hypothetical protein
JI435_301080	QRC96822.1	hypothetical protein
JI435_301090	QRC96862.1	hypothetical protein
JI435_301100	QRC96879.1	hypothetical protein
JI435_301110	QRC96882.1	hypothetical protein
JI435_301120	QRC96895.1	hypothetical protein
JI435_301130	QRC96900.1	hypothetical protein
JI435_301140	QRC96938.1	hypothetical protein
JI435_301150	QRC96943.1	hypothetical protein
JI435_301160	QRC91657.1	hypothetical protein
JI435_301180	QRC91676.1	hypothetical protein
JI435_301190	QRC91683.1	hypothetical protein
JI435_301200	QRC91698.1	hypothetical protein
JI435_301210	QRC91709.1	hypothetical protein
JI435_301220	QRC91713.1	hypothetical protein
JI435_301230	QRC91756.1	hypothetical protein
JI435_301240	QRC91766.1	hypothetical protein
JI435_301250	QRC91778.1	hypothetical protein
JI435_301260	QRC91779.1	hypothetical protein
JI435_301280	QRC91797.1	hypothetical protein
JI435_301290	QRC91802.1	hypothetical protein
JI435_301300	QRC91805.1	hypothetical protein
JI435_301310	QRC91809.1	hypothetical protein
JI435_301320	QRC91834.1	hypothetical protein
JI435_301340	QRC91841.1	hypothetical protein
JI435_301370	QRC91890.1	hypothetical protein
JI435_301380	QRC91896.1	hypothetical protein
JI435_301390	QRC91900.1	hypothetical protein
JI435_301430	QRC91927.1	hypothetical protein
JI435_301470	QRC92063.1	hypothetical protein
JI435_301480	QRC92066.1	hypothetical protein
JI435_301490	QRC92087.1	hypothetical protein
JI435_301510	QRC92143.1	hypothetical protein
JI435_301520	QRC92150.1	hypothetical protein
JI435_301530	QRC92162.1	hypothetical protein
JI435_301540	QRC92184.1	hypothetical protein
JI435_301550	QRC92193.1	hypothetical protein
JI435_301580	QRC92219.1	hypothetical protein
JI435_301640	QRC92381.1	hypothetical protein
JI435_301670	QRC92393.1	hypothetical protein
JI435_301690	QRC92407.1	hypothetical protein
JI435_301700	QRC92410.1	hypothetical protein
JI435_301710	QRC92411.1	hypothetical protein
JI435_301740	QRC94824.1	hypothetical protein
JI435_301750	QRC94827.1	mediator of RNA polymerase II transcription subunit 4
JI435_301760	QRC94834.1	hypothetical protein
JI435_301770	QRC94843.1	hypothetical protein
JI435_301780	QRC94846.1	hypothetical protein
JI435_301790	QRC94852.1	hypothetical protein
JI435_301800	QRC94873.1	hypothetical protein
JI435_301820	QRC94890.1	hypothetical protein
JI435_301850	QRC94926.1	hypothetical protein
JI435_301860	QRC94943.1	hypothetical protein
JI435_301880	QRC94970.1	hypothetical protein
JI435_301900	QRC95009.1	hypothetical protein
JI435_301920	QRC95047.1	hypothetical protein
JI435_301930	QRC95073.1	hypothetical protein
JI435_301940	QRC95074.1	hypothetical protein
JI435_301950	QRC95083.1	hypothetical protein
JI435_301960	QRC95092.1	hypothetical protein
JI435_301970	QRC95101.1	hypothetical protein
JI435_301980	QRC95108.1	hypothetical protein
JI435_301990	QRC95133.1	hypothetical protein
JI435_302000	QRC95134.1	hypothetical protein
JI435_302010	QRC95135.1	hypothetical protein
JI435_302020	QRC95137.1	hypothetical protein
JI435_302030	QRC95152.1	hypothetical protein
JI435_302040	QRC95183.1	hypothetical protein
JI435_302050	QRC95191.1	hypothetical protein
JI435_302060	QRC95192.1	hypothetical protein
JI435_302070	QRC95212.1	hypothetical protein
JI435_302080	QRC95220.1	hypothetical protein
JI435_302090	QRC95222.1	hypothetical protein
JI435_302100	QRC95240.1	hypothetical protein
JI435_302110	QRC95247.1	hypothetical protein
JI435_302120	QRC95253.1	hypothetical protein
JI435_302130	QRC95254.1	hypothetical protein
JI435_302150	QRC95259.1	hypothetical protein
JI435_302160	QRC95281.1	hypothetical protein
JI435_302170	QRC95283.1	hypothetical protein
JI435_302190	QRC95293.1	hypothetical protein
JI435_302200	QRC95294.1	hypothetical protein
JI435_302210	QRC95295.1	hypothetical protein
JI435_302230	QRC95297.1	hypothetical protein
JI435_302240	QRC95311.1	hypothetical protein
JI435_302250	QRC95317.1	hypothetical protein
JI435_302270	QRC95367.1	hypothetical protein
JI435_302280	QRC95369.1	hypothetical protein
JI435_302290	QRC95396.1	hypothetical protein
JI435_302300	QRC95405.1	hypothetical protein
JI435_302310	QRC95428.1	hypothetical protein
JI435_302320	QRC95437.1	hypothetical protein
JI435_302330	QRC95444.1	hypothetical protein
JI435_302340	QRC95448.1	hypothetical protein
JI435_302350	QRC95484.1	hypothetical protein
JI435_302370	QRC95513.1	hypothetical protein
JI435_302380	QRC95540.1	hypothetical protein
JI435_302390	QRC95541.1	hypothetical protein
JI435_302400	QRC95542.1	hypothetical protein
JI435_302410	QRC95543.1	hypothetical protein
JI435_302420	QRC95554.1	hypothetical protein
JI435_302440	QRC95556.1	hypothetical protein
JI435_302450	QRC95560.1	hypothetical protein
JI435_302460	QRC95565.1	hypothetical protein
JI435_302470	QRC95571.1	hypothetical protein
JI435_302480	QRC95579.1	hypothetical protein
JI435_302490	QRC95594.1	hypothetical protein
JI435_302500	QRC95596.1	hypothetical protein
JI435_302520	QRC95650.1	hypothetical protein
JI435_302530	QRC95668.1	hypothetical protein
JI435_302550	QRC93127.1	hypothetical protein
JI435_302560	QRC93134.1	hypothetical protein
JI435_302570	QRC93152.1	hypothetical protein
JI435_302580	QRC93153.1	hypothetical protein
JI435_302600	QRC93163.1	hypothetical protein
JI435_302610	QRC93197.1	hypothetical protein
JI435_302630	QRC93235.1	hypothetical protein
JI435_302640	QRC93237.1	hypothetical protein
JI435_302650	QRC93252.1	hypothetical protein
JI435_302660	QRC93262.1	hypothetical protein
JI435_302670	QRC93271.1	hypothetical protein
JI435_302680	QRC93273.1	hypothetical protein
JI435_302690	QRC93281.1	hypothetical protein
JI435_302700	QRC93336.1	hypothetical protein
JI435_302710	QRC93362.1	hypothetical protein
JI435_302720	QRC93400.1	hypothetical protein
JI435_302730	QRC93414.1	hypothetical protein
JI435_302740	QRC93457.1	hypothetical protein
JI435_302750	QRC93458.1	hypothetical protein
JI435_302770	QRC93575.1	hypothetical protein
JI435_302790	QRC93633.1	hypothetical protein
JI435_302820	QRC93673.1	hypothetical protein
JI435_302830	QRC93695.1	hypothetical protein
JI435_302840	QRC93698.1	hypothetical protein
JI435_302850	QRC93700.1	hypothetical protein
JI435_302860	QRC93704.1	hypothetical protein
JI435_302870	QRC93755.1	hypothetical protein
JI435_302880	QRC93757.1	hypothetical protein
JI435_302890	QRC98005.1	hypothetical protein
JI435_302900	QRC98013.1	hypothetical protein
JI435_302910	QRC98014.1	hypothetical protein
JI435_302950	QRC98048.1	hypothetical protein
JI435_302970	QRC98102.1	hypothetical protein
JI435_302990	QRC98108.1	hypothetical protein
JI435_303000	QRC98147.1	hypothetical protein
JI435_303020	QRC98150.1	hypothetical protein
JI435_303030	QRC98167.1	hypothetical protein
JI435_303050	QRC98171.1	hypothetical protein
JI435_303060	QRC98188.1	hypothetical protein
JI435_303070	QRC98189.1	hypothetical protein
JI435_303080	QRC98200.1	hypothetical protein
JI435_303090	QRC98211.1	hypothetical protein
JI435_303100	QRC98221.1	hypothetical protein
JI435_303110	QRC98243.1	hypothetical protein
JI435_303120	QRC98251.1	hypothetical protein
JI435_303130	QRC98256.1	hypothetical protein
JI435_303140	QRC98261.1	hypothetical protein
JI435_303150	QRC98273.1	replication factor C subunit 2
JI435_303160	QRC98284.1	hypothetical protein
JI435_303170	QRC98305.1	hypothetical protein
JI435_303180	QRC98306.1	hypothetical protein
JI435_303190	QRC98332.1	hypothetical protein
JI435_303200	QRC98341.1	hypothetical protein
JI435_303210	QRC98346.1	hypothetical protein
JI435_303220	QRC98363.1	hypothetical protein
JI435_303230	QRC98376.1	hypothetical protein
JI435_303240	QRC98391.1	hypothetical protein
JI435_303250	QRC98439.1	hypothetical protein
JI435_303260	QRC98456.1	hypothetical protein
JI435_303270	QRC98517.1	hypothetical protein
JI435_303280	QRC98518.1	hypothetical protein
JI435_303290	QRC98543.1	hypothetical protein
JI435_303300	QRC98645.1	hypothetical protein
JI435_303310	QRC98674.1	hypothetical protein
JI435_303320	QRC98679.1	hypothetical protein
JI435_303330	QRC98715.1	hypothetical protein
JI435_303340	QRD01790.1	hypothetical protein
JI435_303350	QRD01803.1	hypothetical protein
JI435_303360	QRD01805.1	hypothetical protein
JI435_303370	QRD01813.1	hypothetical protein
JI435_303400	QRD01842.1	hypothetical protein
JI435_303410	QRD01843.1	hypothetical protein
JI435_303420	QRD01857.1	hypothetical protein
JI435_303430	QRD01891.1	hypothetical protein
JI435_303440	QRD01936.1	hypothetical protein
JI435_303460	QRD02011.1	hypothetical protein
JI435_303470	QRD02023.1	hypothetical protein
JI435_303480	QRD02032.1	hypothetical protein
JI435_303490	QRD02058.1	hypothetical protein
JI435_303500	QRD02060.1	hypothetical protein
JI435_303510	QRD02061.1	hypothetical protein
JI435_303520	QRD02062.1	hypothetical protein
JI435_303530	QRD02065.1	hypothetical protein
JI435_303540	QRD02070.1	hypothetical protein
JI435_303550	QRD02071.1	hypothetical protein
JI435_303560	QRD02092.1	hypothetical protein
JI435_303570	QRD02106.1	hypothetical protein
JI435_303580	QRD02132.1	hypothetical protein
JI435_303590	QRD02133.1	hypothetical protein
JI435_303600	QRD02155.1	hypothetical protein
JI435_303610	QRD02161.1	hypothetical protein
JI435_303620	QRD02194.1	hypothetical protein
JI435_303630	QRD02209.1	hypothetical protein
JI435_303640	QRD02217.1	hypothetical protein
JI435_303650	QRD02240.1	hypothetical protein
JI435_303660	QRD02246.1	hypothetical protein
JI435_303670	QRD02250.1	hypothetical protein
JI435_303680	QRD02253.1	hypothetical protein
JI435_303690	QRD02256.1	hypothetical protein
JI435_303700	QRD02261.1	hypothetical protein
JI435_303720	QRD02269.1	hypothetical protein
JI435_303730	QRD02288.1	hypothetical protein
JI435_303740	QRD02349.1	hypothetical protein
JI435_303760	QRD02393.1	hypothetical protein
JI435_303770	QRD02409.1	hypothetical protein
JI435_303780	QRD02421.1	hypothetical protein
JI435_303790	QRD02467.1	hypothetical protein
JI435_303800	QRD02469.1	hypothetical protein
JI435_303820	QRD02479.1	hypothetical protein
JI435_303830	QRD02512.1	hypothetical protein
JI435_303840	QRC95822.1	hypothetical protein
JI435_303850	QRC95834.1	hypothetical protein
JI435_303860	QRC95842.1	hypothetical protein
JI435_303870	QRC95938.1	hypothetical protein
JI435_303880	QRC95939.1	hypothetical protein
JI435_303890	QRC95940.1	hypothetical protein
JI435_303900	QRC95963.1	hypothetical protein
JI435_303910	QRC95966.1	hypothetical protein
JI435_303920	QRC95967.1	hypothetical protein
JI435_303930	QRC95969.1	hypothetical protein
JI435_303940	QRC95987.1	hypothetical protein
JI435_303950	QRC95998.1	hypothetical protein
JI435_303980	QRC96000.1	hypothetical protein
JI435_303990	QRC96004.1	hypothetical protein
JI435_304000	QRC96006.1	hypothetical protein
JI435_304010	QRC96019.1	hypothetical protein
JI435_304020	QRC96025.1	hypothetical protein
JI435_304030	QRC96045.1	hypothetical protein
JI435_304050	QRC96090.1	hypothetical protein
JI435_304060	QRC96117.1	hypothetical protein
JI435_304070	QRC96122.1	hypothetical protein
JI435_304090	QRC96129.1	hypothetical protein
JI435_304100	QRC96131.1	hypothetical protein
JI435_304120	QRD05511.1	hypothetical protein
JI435_304130	QRD05519.1	hypothetical protein
JI435_304150	QRD05534.1	hypothetical protein
JI435_304160	QRD05542.1	hypothetical protein
JI435_304170	QRD05562.1	hypothetical protein
JI435_304180	QRD05588.1	hypothetical protein
JI435_304190	QRD05615.1	hypothetical protein
JI435_304200	QRD05638.1	hypothetical protein
JI435_304210	QRD05653.1	hypothetical protein
JI435_304220	QRD05655.1	hypothetical protein
JI435_304230	QRD05676.1	hypothetical protein
JI435_304240	QRD05685.1	hypothetical protein
JI435_304250	QRD05693.1	hypothetical protein
JI435_304280	QRD05747.1	hypothetical protein
JI435_304290	QRD05780.1	hypothetical protein
JI435_304300	QRD05793.1	hypothetical protein
JI435_304310	QRD05799.1	hypothetical protein
JI435_304320	QRD05828.1	hypothetical protein
JI435_304330	QRD05830.1	hypothetical protein
JI435_304340	QRD05833.1	hypothetical protein
JI435_304360	QRD05857.1	hypothetical protein
JI435_304390	QRD05925.1	hypothetical protein
JI435_304400	QRD05931.1	hypothetical protein
JI435_304410	QRD05940.1	hypothetical protein
JI435_304420	QRD05953.1	hypothetical protein
JI435_304450	QRD06010.1	hypothetical protein
JI435_304460	QRD06038.1	hypothetical protein
JI435_304470	QRD06039.1	hypothetical protein
JI435_304480	QRC98797.1	hypothetical protein
JI435_304490	QRC98819.1	hypothetical protein
JI435_304500	QRC98825.1	hypothetical protein
JI435_304510	QRC98832.1	hypothetical protein
JI435_304520	QRC98834.1	hypothetical protein
JI435_304530	QRC98852.1	hypothetical protein
JI435_304540	QRC98908.1	hypothetical protein
JI435_304550	QRC98983.1	hypothetical protein
JI435_304560	QRC98992.1	hypothetical protein
JI435_304570	QRC98995.1	hypothetical protein
JI435_304590	QRC99043.1	hypothetical protein
JI435_304600	QRC99046.1	hypothetical protein
JI435_304610	QRC99058.1	hypothetical protein
JI435_304620	QRC99073.1	hypothetical protein
JI435_304630	QRC99087.1	hypothetical protein
JI435_304640	QRC99091.1	hypothetical protein
JI435_304650	QRC99149.1	hypothetical protein
JI435_304660	QRC99152.1	hypothetical protein
JI435_304670	QRC99153.1	hypothetical protein
JI435_304680	QRC99162.1	hypothetical protein
JI435_304690	QRC99176.1	hypothetical protein
JI435_304710	QRC99219.1	hypothetical protein
JI435_304720	QRC99229.1	hypothetical protein
JI435_304730	QRC99251.1	hypothetical protein
JI435_304740	QRC99283.1	hypothetical protein
JI435_304760	QRC99300.1	hypothetical protein
JI435_304770	QRC99323.1	hypothetical protein
JI435_304780	QRC99333.1	hypothetical protein
JI435_304790	QRC99334.1	hypothetical protein
JI435_304800	QRC99342.1	hypothetical protein
JI435_304810	QRC99945.1	hypothetical protein
JI435_304820	QRC99747.1	hypothetical protein
JI435_304830	QRC99767.1	hypothetical protein
JI435_304840	QRC99777.1	hypothetical protein
JI435_304850	QRC99786.1	hypothetical protein
JI435_304860	QRC99909.1	hypothetical protein
JI435_304880	QRD00007.1	hypothetical protein
JI435_304890	QRD00009.1	hypothetical protein
JI435_304900	QRD00023.1	hypothetical protein
JI435_304910	QRD00036.1	eukaryotic translation initiation factor 3 subunit H
JI435_304920	QRD00037.1	hypothetical protein
JI435_304930	QRD00066.1	hypothetical protein
JI435_304940	QRD00071.1	hypothetical protein
JI435_304950	QRD00092.1	glycine transporter
JI435_304960	QRD00114.1	hypothetical protein
JI435_304970	QRD00125.1	hypothetical protein
JI435_304980	QRD00135.1	hypothetical protein
JI435_304990	QRD00171.1	hypothetical protein
JI435_305000	QRD00193.1	hypothetical protein
JI435_305010	QRD00211.1	hypothetical protein
JI435_305020	QRD00215.1	hypothetical protein
JI435_305030	QRD00295.1	hypothetical protein
JI435_305040	QRD00312.1	hypothetical protein
JI435_305050	QRD00313.1	hypothetical protein
JI435_305070	QRD00323.1	hypothetical protein
JI435_305080	QRD00361.1	hypothetical protein
JI435_305090	QRD00368.1	hypothetical protein
JI435_305100	QRD00369.1	hypothetical protein
JI435_305110	QRD00378.1	hypothetical protein
JI435_305120	QRD00379.1	hypothetical protein
JI435_305130	QRD00380.1	hypothetical protein
JI435_305140	QRD00393.1	hypothetical protein
JI435_305150	QRD00407.1	hypothetical protein
JI435_305160	QRD00408.1	hypothetical protein
JI435_305180	QRC94013.1	hypothetical protein
JI435_305190	QRC94031.1	hypothetical protein
JI435_305220	QRC94071.1	hypothetical protein
JI435_305230	QRC94080.1	hypothetical protein
JI435_305240	QRC94084.1	hypothetical protein
JI435_305250	QRC94088.1	hypothetical protein
JI435_305260	QRC94090.1	hypothetical protein
JI435_305270	QRC94113.1	hypothetical protein
JI435_305280	QRC94123.1	hypothetical protein
JI435_305290	QRC94136.1	hypothetical protein
JI435_305300	QRC94141.1	hypothetical protein
JI435_305320	QRC94187.1	hypothetical protein
JI435_305340	QRC94203.1	hypothetical protein
JI435_305360	QRC94262.1	hypothetical protein
JI435_305370	QRC94264.1	hypothetical protein
JI435_305390	QRC94291.1	hypothetical protein
JI435_305400	QRC94292.1	hypothetical protein
JI435_305410	QRC94307.1	hypothetical protein
JI435_305430	QRC94378.1	hypothetical protein
JI435_305440	QRC94383.1	hypothetical protein
JI435_305450	QRC94389.1	hypothetical protein
JI435_305460	QRC94392.1	hypothetical protein
JI435_305480	QRC94434.1	hypothetical protein
JI435_305490	QRC94446.1	hypothetical protein
JI435_305500	QRC94453.1	40S ribosomal protein S30-B isoform B
JI435_305520	QRC94464.1	hypothetical protein
JI435_305530	QRC94558.1	hypothetical protein
JI435_305540	QRC94480.1	hypothetical protein
JI435_305550	QRC94481.1	hypothetical protein
JI435_305560	QRC94519.1	hypothetical protein
JI435_305570	QRC94534.1	hypothetical protein
JI435_305580	QRC94553.1	hypothetical protein
JI435_305590	QRC94557.1	hypothetical protein
JI435_305600	QRC94566.1	hypothetical protein
JI435_305620	QRC94578.1	hypothetical protein
JI435_305630	QRC94597.1	hypothetical protein
JI435_305640	QRC94601.1	hypothetical protein
JI435_305670	QRC93067.1	hypothetical protein
JI435_305680	QRC93018.1	hypothetical protein
JI435_305690	QRC92982.1	hypothetical protein
JI435_305710	QRC92901.1	hypothetical protein
JI435_305730	QRC92858.1	hypothetical protein
JI435_305740	QRC92834.1	hypothetical protein
JI435_305750	QRC92777.1	hypothetical protein
JI435_305760	QRC92768.1	hypothetical protein
JI435_305770	QRC92694.1	hypothetical protein
JI435_305780	QRC92692.1	hypothetical protein
JI435_305790	QRC92674.1	hypothetical protein
JI435_305810	QRC92669.1	hypothetical protein
JI435_305820	QRC92665.1	hypothetical protein
JI435_305830	QRC92634.1	hypothetical protein
JI435_305840	QRC92633.1	hypothetical protein
JI435_305850	QRC92620.1	hypothetical protein
JI435_305870	QRC92588.1	hypothetical protein
JI435_305880	QRC92578.1	hypothetical protein
JI435_305890	QRC92559.1	hypothetical protein
JI435_305900	QRC92555.1	hypothetical protein
JI435_305910	QRC92554.1	hypothetical protein
JI435_305920	QRC92553.1	hypothetical protein
JI435_305930	QRC92545.1	hypothetical protein
JI435_305940	QRC92536.1	hypothetical protein
JI435_305950	QRC92488.1	hypothetical protein
JI435_305960	QRC92485.1	hypothetical protein
JI435_305970	QRC92476.1	hypothetical protein
JI435_305990	QRC97754.1	hypothetical protein
JI435_306000	QRC97749.1	hypothetical protein
JI435_306010	QRC97736.1	hypothetical protein
JI435_306030	QRC97713.1	hypothetical protein
JI435_306040	QRC97695.1	hypothetical protein
JI435_306050	QRC97665.1	hypothetical protein
JI435_306060	QRC97658.1	hypothetical protein
JI435_306080	QRC97639.1	hypothetical protein
JI435_306090	QRC97634.1	hypothetical protein
JI435_306100	QRC97620.1	hypothetical protein
JI435_306110	QRC97618.1	hypothetical protein
JI435_306120	QRC97609.1	hypothetical protein
JI435_306130	QRC97603.1	hypothetical protein
JI435_306140	QRC97501.1	hypothetical protein
JI435_306150	QRC97502.1	hypothetical protein
JI435_306160	QRC97494.1	hypothetical protein
JI435_306170	QRC97493.1	hypothetical protein
JI435_306180	QRC97492.1	hypothetical protein
JI435_306190	QRC97473.1	hypothetical protein
JI435_306200	QRC97446.1	hypothetical protein
JI435_306210	QRC97428.1	hypothetical protein
JI435_306220	QRC97419.1	hypothetical protein
JI435_306230	QRC97418.1	hypothetical protein
JI435_306240	QRC97395.1	hypothetical protein
JI435_306250	QRC97304.1	hypothetical protein
JI435_306260	QRC97295.1	hypothetical protein
JI435_306270	QRC97284.1	hypothetical protein
JI435_306290	QRC97269.1	hypothetical protein
JI435_306300	QRC97266.1	hypothetical protein
JI435_306310	QRC97263.1	hypothetical protein
JI435_306320	QRC97256.1	hypothetical protein
JI435_306330	QRC97237.1	hypothetical protein
JI435_306340	QRD00422.1	hypothetical protein
JI435_306360	QRD00457.1	hypothetical protein
JI435_306370	QRD00472.1	hypothetical protein
JI435_306400	QRD00583.1	hypothetical protein
JI435_306420	QRD00612.1	hypothetical protein
JI435_306430	QRD00616.1	hypothetical protein
JI435_306450	QRD00619.1	hypothetical protein
JI435_306460	QRD00620.1	hypothetical protein
JI435_306480	QRD00713.1	hypothetical protein
JI435_306490	QRD00720.1	hypothetical protein
JI435_306500	QRD00729.1	hypothetical protein
JI435_306520	QRD00749.1	hypothetical protein
JI435_306530	QRD00761.1	hypothetical protein
JI435_306540	QRD00788.1	hypothetical protein
JI435_306560	QRD00873.1	hypothetical protein
JI435_306570	QRD00874.1	hypothetical protein
JI435_306580	QRC90055.1	hypothetical protein
JI435_306590	QRC90058.1	hypothetical protein
JI435_306610	QRC90078.1	hypothetical protein
JI435_306620	QRC90079.1	hypothetical protein
JI435_306630	QRC90089.1	hypothetical protein
JI435_306640	QRC90155.1	hypothetical protein
JI435_306650	QRC90172.1	hypothetical protein
JI435_306660	QRC90173.1	hypothetical protein
JI435_306680	QRC90206.1	hypothetical protein
JI435_306690	QRC90220.1	hypothetical protein
JI435_306700	QRC90229.1	hypothetical protein
JI435_306710	QRC90262.1	hypothetical protein
JI435_306720	QRC90271.1	hypothetical protein
JI435_306730	QRC90275.1	hypothetical protein
JI435_306740	QRC90284.1	hypothetical protein
JI435_306750	QRC90288.1	hypothetical protein
JI435_306760	QRC90331.1	hypothetical protein
JI435_306770	QRC90357.1	hypothetical protein
JI435_306780	QRC90393.1	hypothetical protein
JI435_306790	QRC90409.1	hypothetical protein
JI435_306810	QRC90441.1	hypothetical protein
JI435_306820	QRC90491.1	hypothetical protein
JI435_306840	QRD03185.1	hypothetical protein
JI435_306860	QRD03209.1	hypothetical protein
JI435_306870	QRD03210.1	hypothetical protein
JI435_306880	QRD03254.1	hypothetical protein
JI435_306890	QRD03293.1	hypothetical protein
JI435_306900	QRD03294.1	hypothetical protein
JI435_306910	QRD03302.1	hypothetical protein
JI435_306920	QRD03315.1	hypothetical protein
JI435_306930	QRD03344.1	hypothetical protein
JI435_306940	QRD03414.1	hypothetical protein
JI435_306950	QRD03426.1	hypothetical protein
JI435_306960	QRD03431.1	hypothetical protein
JI435_306970	QRD03533.1	hypothetical protein
JI435_306980	QRD03558.1	hypothetical protein
JI435_306990	QRD04399.1	hypothetical protein
JI435_307000	QRD04429.1	hypothetical protein
JI435_307010	QRD04471.1	hypothetical protein
JI435_307040	QRD04525.1	hypothetical protein
JI435_307050	QRD04530.1	hypothetical protein
JI435_307060	QRD04552.1	hypothetical protein
JI435_307070	QRD04556.1	hypothetical protein
JI435_307080	QRD04580.1	hypothetical protein
JI435_307090	QRD04581.1	hypothetical protein
JI435_307100	QRD04604.1	hypothetical protein
JI435_307110	QRD04622.1	hypothetical protein
JI435_307120	QRD04626.1	hypothetical protein
JI435_307130	QRD04663.1	hypothetical protein
JI435_307140	QRD04664.1	hypothetical protein
JI435_307150	QRD04682.1	hypothetical protein
JI435_307160	QRD04683.1	hypothetical protein
JI435_307170	QRD04684.1	hypothetical protein
JI435_307180	QRD04723.1	hypothetical protein
JI435_307190	QRD04786.1	hypothetical protein
JI435_307200	QRD04824.1	hypothetical protein
JI435_307210	QRD04834.1	hypothetical protein
JI435_307220	QRD04838.1	hypothetical protein
JI435_307230	QRD04866.1	hypothetical protein
JI435_307240	QRD04874.1	hypothetical protein
JI435_307250	QRD04895.1	hypothetical protein
JI435_307270	QRD04915.1	hypothetical protein
JI435_307280	QRC97776.1	hypothetical protein
JI435_307290	QRC97794.1	hypothetical protein
JI435_307300	QRC97803.1	hypothetical protein
JI435_307310	QRC97816.1	hypothetical protein
JI435_307320	QRC97843.1	hypothetical protein
JI435_307330	QRC97881.1	hypothetical protein
JI435_307350	QRC97904.1	hypothetical protein
JI435_307360	QRC97905.1	hypothetical protein
JI435_307380	QRC97937.1	hypothetical protein
JI435_307390	QRD04937.1	hypothetical protein
JI435_307400	QRD04964.1	hypothetical protein
JI435_307410	QRD05006.1	hypothetical protein
JI435_307420	QRD05029.1	hypothetical protein
JI435_307430	QRD05056.1	hypothetical protein
JI435_307440	QRD05082.1	hypothetical protein
JI435_307450	QRD05093.1	hypothetical protein
JI435_307460	QRD05140.1	hypothetical protein
JI435_307470	QRD05150.1	hypothetical protein
JI435_307480	QRD05180.1	hypothetical protein
JI435_307490	QRD05197.1	hypothetical protein
JI435_307500	QRD05198.1	hypothetical protein
JI435_307510	QRD05214.1	hypothetical protein
JI435_307520	QRD05265.1	hypothetical protein
JI435_307530	QRD05270.1	hypothetical protein
JI435_307540	QRD05275.1	hypothetical protein
JI435_307550	QRD05280.1	hypothetical protein
JI435_307560	QRD05288.1	cytosolic Fe-S cluster assembly factor CFD1
JI435_307570	QRD05289.1	hypothetical protein
JI435_307580	QRD05300.1	hypothetical protein
JI435_307590	QRD05354.1	hypothetical protein
JI435_307600	QRD05358.1	hypothetical protein
JI435_307610	QRD05375.1	hypothetical protein
JI435_307620	QRD02522.1	hypothetical protein
JI435_307630	QRD02582.1	hypothetical protein
JI435_307640	QRD02615.1	hypothetical protein
JI435_307650	QRD02620.1	hypothetical protein
JI435_307660	QRD02632.1	hypothetical protein
JI435_307670	QRD02650.1	hypothetical protein
JI435_307680	QRD02739.1	hypothetical protein
JI435_307690	QRD02749.1	hypothetical protein
JI435_307710	QRD02867.1	hypothetical protein
JI435_307720	QRD02869.1	hypothetical protein
JI435_307730	QRD02883.1	hypothetical protein
JI435_307760	QRD06260.1	hypothetical protein
JI435_307770	QRD06263.1	hypothetical protein
JI435_307780	QRD06273.1	hypothetical protein
JI435_307790	QRD06281.1	hypothetical protein
JI435_307800	QRD06282.1	hypothetical protein
JI435_307810	QRD06287.1	hypothetical protein
JI435_307820	QRD06298.1	hypothetical protein
JI435_307830	QRD06303.1	hypothetical protein
JI435_307840	QRD06316.1	hypothetical protein
JI435_307850	QRD06321.1	hypothetical protein
JI435_307860	QRD06324.1	hypothetical protein
JI435_307870	QRD06326.1	hypothetical protein
JI435_307880	QRD06366.1	hypothetical protein
JI435_307900	QRD06384.1	hypothetical protein
JI435_307910	QRD06422.1	hypothetical protein
JI435_307920	QRD06425.1	ATP-dependent RNA helicase DBP8
JI435_307930	QRD06479.1	hypothetical protein
JI435_307940	QRD06480.1	hypothetical protein
JI435_307950	QRD06496.1	hypothetical protein
JI435_307960	QRD06523.1	hypothetical protein
JI435_307970	QRD06534.1	hypothetical protein
JI435_307980	QRD06545.1	hypothetical protein
JI435_307990	QRC96986.1	hypothetical protein
JI435_308000	QRC96994.1	hypothetical protein
JI435_308010	QRC96998.1	hypothetical protein
JI435_308020	QRC97003.1	hypothetical protein
JI435_308030	QRC97208.1	hypothetical protein
JI435_308040	QRC97197.1	hypothetical protein
JI435_308050	QRC97171.1	hypothetical protein
JI435_308060	QRC97169.1	hypothetical protein
JI435_308070	QRC97078.1	hypothetical protein
JI435_308080	QRC97045.1	hypothetical protein
JI435_308090	QRC97014.1	hypothetical protein
JI435_308100	QRC97013.1	hypothetical protein
JI435_308110	QRD01262.1	hypothetical protein
JI435_308180	QRD01313.1	hypothetical protein
JI435_308190	QRD01323.1	hypothetical protein
JI435_308210	QRD01358.1	hypothetical protein
JI435_308220	QRD01405.1	hypothetical protein
JI435_308240	QRD01483.1	hypothetical protein
JI435_308250	QRD01509.1	hypothetical protein
JI435_308260	QRD01525.1	hypothetical protein
JI435_308270	QRD01554.1	hypothetical protein
JI435_308280	QRD07073.1	hypothetical protein
JI435_308290	QRD07076.1	hypothetical protein
JI435_308300	QRD07091.1	hypothetical protein
JI435_308310	QRD07111.1	hypothetical protein
JI435_308320	QRD07120.1	hypothetical protein
JI435_308330	QRD07130.1	hypothetical protein
JI435_308340	QRD07141.1	hypothetical protein
JI435_308350	QRD07143.1	hypothetical protein
JI435_308360	QRD07169.1	hypothetical protein
JI435_308370	QRD07174.1	hypothetical protein
JI435_308380	QRD07187.1	hypothetical protein
JI435_308400	QRD07271.1	hypothetical protein
JI435_308420	QRD07282.1	hypothetical protein
JI435_308430	QRD07307.1	hypothetical protein
JI435_308440	QRD07315.1	hypothetical protein
JI435_308450	QRD07333.1	hypothetical protein
JI435_308460	QRD07054.1	hypothetical protein
JI435_308470	QRD07048.1	hypothetical protein
JI435_308480	QRD06982.1	hypothetical protein
JI435_308500	QRD06934.1	hypothetical protein
JI435_308510	QRD06919.1	hypothetical protein
JI435_308520	QRD06910.1	hypothetical protein
JI435_308530	QRD06877.1	hypothetical protein
JI435_308540	QRD06857.1	hypothetical protein
JI435_308550	QRD06842.1	hypothetical protein
JI435_308560	QRD06820.1	hypothetical protein
JI435_308570	QRD04132.1	hypothetical protein
JI435_308580	QRD04196.1	hypothetical protein
JI435_308590	QRD04203.1	hypothetical protein
JI435_308600	QRD04204.1	hypothetical protein
JI435_308610	QRD04272.1	hypothetical protein
JI435_308620	QRD07549.1	hypothetical protein
JI435_308630	QRD07537.1	hypothetical protein
JI435_308640	QRD07494.1	hypothetical protein
JI435_308650	QRD07456.1	hypothetical protein
JI435_308660	QRD07455.1	hypothetical protein
JI435_308670	QRD07393.1	hypothetical protein
JI435_308690	QRD07352.1	hypothetical protein
JI435_308700	QRD06571.1	hypothetical protein
JI435_308710	QRD06574.1	hypothetical protein
JI435_308730	QRD06584.1	hypothetical protein
JI435_308740	QRD06658.1	hypothetical protein
JI435_308750	QRD06677.1	hypothetical protein
JI435_308760	QRD06684.1	hypothetical protein
JI435_308770	QRD06710.1	hypothetical protein
JI435_308780	QRD06745.1	hypothetical protein
JI435_308790	QRD06766.1	hypothetical protein
JI435_308800	QRD06786.1	hypothetical protein
JI435_308820	QRD03892.1	hypothetical protein
JI435_308830	QRD03925.1	hypothetical protein
JI435_308840	QRD03931.1	hypothetical protein
JI435_308860	QRD03966.1	hypothetical protein
JI435_308870	QRD03988.1	hypothetical protein
JI435_308880	QRD04004.1	hypothetical protein
JI435_308890	QRD03128.1	hypothetical protein
JI435_308900	QRD03022.1	hypothetical protein
JI435_308910	QRD03011.1	hypothetical protein
JI435_308920	QRC99425.1	hypothetical protein
JI435_308930	QRC99432.1	hypothetical protein
JI435_308940	QRC99435.1	hypothetical protein
JI435_308950	QRC99463.1	hypothetical protein
JI435_308960	QRC99471.1	hypothetical protein
JI435_308970	QRC99500.1	hypothetical protein
JI435_308980	QRC99547.1	hypothetical protein
JI435_308990	QRD01773.1	hypothetical protein
JI435_309000	QRD01735.1	hypothetical protein
JI435_309010	QRD01732.1	hypothetical protein
JI435_309020	QRD01697.1	hypothetical protein
JI435_309030	QRD01690.1	hypothetical protein
JI435_309040	QRD01649.1	hypothetical protein
JI435_309050	QRD06060.1	hypothetical protein
JI435_309060	QRD06122.1	hypothetical protein
JI435_309070	QRD06175.1	hypothetical protein
JI435_309080	QRD06182.1	hypothetical protein
JI435_309090	QRD06200.1	hypothetical protein
JI435_309100	QRD06220.1	hypothetical protein
JI435_309110	QRD06231.1	hypothetical protein
JI435_309120	QRC94658.1	hypothetical protein
JI435_309130	QRC94663.1	hypothetical protein
JI435_309140	QRC94677.1	hypothetical protein
JI435_309150	QRC94680.1	hypothetical protein
JI435_309160	QRC94767.1	hypothetical protein
JI435_309170	QRC94790.1	hypothetical protein
JI435_309180	QRC99719.1	hypothetical protein
JI435_309190	QRC99717.1	hypothetical protein
JI435_309200	QRC99675.1	hypothetical protein
JI435_309210	QRC99641.1	hypothetical protein
JI435_309220	QRC99556.1	hypothetical protein
JI435_309230	QRC99552.1	hypothetical protein
JI435_309240	QRD01122.1	hypothetical protein
JI435_309260	QRD01073.1	hypothetical protein
JI435_309270	QRD01069.1	hypothetical protein
JI435_309280	QRD01059.1	hypothetical protein
JI435_309290	QRD00993.1	hypothetical protein
JI435_309300	QRD05506.1	chitinase
JI435_309310	QRD05482.1	hypothetical protein
JI435_309320	QRD05451.1	hypothetical protein
JI435_309330	QRD05439.1	hypothetical protein
JI435_309340	QRD05416.1	hypothetical protein
JI435_309350	QRD05407.1	hypothetical protein
JI435_309360	QRD05387.1	hypothetical protein
JI435_309370	QRC93923.1	hypothetical protein
JI435_309380	QRC93904.1	hypothetical protein
JI435_309400	QRC93852.1	hypothetical protein
JI435_309410	QRC93820.1	hypothetical protein
JI435_309420	QRC93789.1	hypothetical protein
JI435_309440	QRD01163.1	hypothetical protein
JI435_309450	QRD01151.1	hypothetical protein
JI435_309460	QRD01143.1	hypothetical protein
JI435_309470	QRC95675.1	hypothetical protein
JI435_309480	QRC95716.1	hypothetical protein
JI435_309490	QRC95734.1	hypothetical protein
JI435_309500	QRC95744.1	hypothetical protein
JI435_309510	QRC95776.1	hypothetical protein
JI435_309520	QRC95781.1	hypothetical protein
JI435_309530	QRC95786.1	hypothetical protein
JI435_309540	QRC95788.1	hypothetical protein
JI435_309550	QRD03712.1	hypothetical protein
JI435_309560	QRD03686.1	hypothetical protein
JI435_309570	QRD03680.1	hypothetical protein
JI435_309590	QRD03641.1	hypothetical protein
JI435_309610	QRD04372.1	hypothetical protein
JI435_309620	QRD04333.1	hypothetical protein
JI435_309630	QRD04314.1	hypothetical protein
JI435_309640	QRD07765.1	hypothetical protein
JI435_309650	QRD07756.1	hypothetical protein
JI435_309660	QRD07743.1	hypothetical protein
JI435_309670	QRD07742.1	hypothetical protein
JI435_309680	QRD07738.1	hypothetical protein
JI435_309710	QRD07719.1	hypothetical protein
JI435_309720	QRD07709.1	hypothetical protein
JI435_309730	QRD07599.1	hypothetical protein
JI435_309740	QRD07613.1	hypothetical protein
JI435_309750	QRD07646.1	hypothetical protein
JI435_309760	QRD07654.1	hypothetical protein
JI435_309770	QRD03760.1	hypothetical protein
JI435_309780	QRD03765.1	hypothetical protein
JI435_309790	QRD03776.1	hypothetical protein
JI435_309800	QRD03780.1	hypothetical protein
JI435_309810	QRD03805.1	hypothetical protein
JI435_309820	QRD03807.1	hypothetical protein
JI435_309830	QRD03811.1	hypothetical protein
JI435_309840	QRD03816.1	hypothetical protein
JI435_309860	QRC97953.1	hypothetical protein
JI435_309870	QRC97974.1	hypothetical protein
JI435_309880	QRC93977.1	hypothetical protein
JI435_309890	QRC93976.1	hypothetical protein
JI435_309900	QRC93975.1	hypothetical protein
JI435_309910	QRC99741.1	hypothetical protein
JI435_309920	QRC92038.1	glutamate decarboxylase
JI435_309940	QRC99403.1	hypothetical protein
JI435_400000	QRC90025.1	hypothetical protein
JI435_400010	QRC90030.1	hypothetical protein
JI435_400020	QRC90034.1	hypothetical protein
JI435_400030	QRC90045.1	hypothetical protein
JI435_400040	QRC90046.1	hypothetical protein
JI435_400050	QRC90048.1	hypothetical protein
JI435_400060	QRC90050.1	hypothetical protein
JI435_400070	QRC90054.1	hypothetical protein
JI435_400080	QRC90063.1	hypothetical protein
JI435_400090	QRC90065.1	hypothetical protein
JI435_400100	QRC90077.1	hypothetical protein
JI435_400110	QRC90091.1	hypothetical protein
JI435_400120	QRC90094.1	hypothetical protein
JI435_400130	QRC90102.1	hypothetical protein
JI435_400140	QRC90107.1	hypothetical protein
JI435_400150	QRC90122.1	hypothetical protein
JI435_400160	QRC90123.1	hypothetical protein
JI435_400170	QRC90129.1	hypothetical protein
JI435_400180	QRC90133.1	hypothetical protein
JI435_400190	QRC90134.1	hypothetical protein
JI435_400200	QRC90136.1	hypothetical protein
JI435_400210	QRC90137.1	hypothetical protein
JI435_400220	QRC90138.1	hypothetical protein
JI435_400230	QRC90139.1	hypothetical protein
JI435_400240	QRC90141.1	hypothetical protein
JI435_400250	QRC90142.1	hypothetical protein
JI435_400260	QRC90144.1	hypothetical protein
JI435_400270	QRC90146.1	hypothetical protein
JI435_400280	QRC90148.1	hypothetical protein
JI435_400290	QRC90156.1	hypothetical protein
JI435_400300	QRC90254.1	hypothetical protein
JI435_400310	QRC90259.1	hypothetical protein
JI435_400320	QRC90293.1	hypothetical protein
JI435_400330	QRC90300.1	hypothetical protein
JI435_400340	QRC90304.1	hypothetical protein
JI435_400350	QRC90309.1	hypothetical protein
JI435_400360	QRC90321.1	hypothetical protein
JI435_400370	QRC90332.1	hypothetical protein
JI435_400380	QRC90390.1	hypothetical protein
JI435_400390	QRC90392.1	hypothetical protein
JI435_400400	QRC90500.1	hypothetical protein
JI435_400410	QRC90508.1	hypothetical protein
JI435_400420	QRC90513.1	hypothetical protein
JI435_400430	QRC90533.1	hypothetical protein
JI435_400440	QRC90559.1	hypothetical protein
JI435_400450	QRC90565.1	hypothetical protein
JI435_400460	QRC90574.1	hypothetical protein
JI435_400470	QRC90610.1	hypothetical protein
JI435_400480	QRC90629.1	hypothetical protein
JI435_400490	QRC90633.1	hypothetical protein
JI435_400500	QRC90667.1	hypothetical protein
JI435_400510	QRC90676.1	hypothetical protein
JI435_400520	QRC90677.1	hypothetical protein
JI435_400530	QRC90693.1	hypothetical protein
JI435_400540	QRC90715.1	hypothetical protein
JI435_400550	QRC90724.1	hypothetical protein
JI435_400560	QRC90726.1	hypothetical protein
JI435_400570	QRC90740.1	hypothetical protein
JI435_400580	QRC90743.1	hypothetical protein
JI435_400590	QRC90770.1	hypothetical protein
JI435_400600	QRC90776.1	hypothetical protein
JI435_400610	QRC90780.1	hypothetical protein
JI435_400620	QRC90816.1	hypothetical protein
JI435_400630	QRC90854.1	hypothetical protein
JI435_400640	QRC90874.1	hypothetical protein
JI435_400650	QRC90876.1	hypothetical protein
JI435_400660	QRC90880.1	hypothetical protein
JI435_400670	QRC90883.1	hypothetical protein
JI435_400680	QRC90886.1	hypothetical protein
JI435_400690	QRC90893.1	hypothetical protein
JI435_400700	QRC90903.1	hypothetical protein
JI435_400710	QRC90913.1	hypothetical protein
JI435_400720	QRC90916.1	hypothetical protein
JI435_400730	QRC90925.1	hypothetical protein
JI435_400740	QRC90927.1	hypothetical protein
JI435_400750	QRC90938.1	hypothetical protein
JI435_400760	QRC90943.1	hypothetical protein
JI435_400770	QRC90947.1	hypothetical protein
JI435_400780	QRC90950.1	hypothetical protein
JI435_400790	QRC90953.1	hypothetical protein
JI435_400800	QRC90960.1	hypothetical protein
JI435_400810	QRC90970.1	hypothetical protein
JI435_400820	QRC90978.1	hypothetical protein
JI435_400830	QRC91001.1	hypothetical protein
JI435_400840	QRC91002.1	hypothetical protein
JI435_400850	QRC91005.1	hypothetical protein
JI435_400860	QRC91006.1	hypothetical protein
JI435_400870	QRC91018.1	hypothetical protein
JI435_400880	QRC91019.1	hypothetical protein
JI435_400890	QRC91020.1	hypothetical protein
JI435_400900	QRC91023.1	hypothetical protein
JI435_400910	QRC91042.1	hypothetical protein
JI435_400920	QRC91044.1	hypothetical protein
JI435_400930	QRC91058.1	hypothetical protein
JI435_400940	QRC91073.1	hypothetical protein
JI435_400950	QRC91077.1	hypothetical protein
JI435_400960	QRC91081.1	hypothetical protein
JI435_400970	QRC91089.1	hypothetical protein
JI435_400980	QRC91098.1	hypothetical protein
JI435_400990	QRC91104.1	hypothetical protein
JI435_401000	QRC91108.1	hypothetical protein
JI435_401010	QRC91115.1	hypothetical protein
JI435_401020	QRC91125.1	hypothetical protein
JI435_401030	QRC91126.1	hypothetical protein
JI435_401040	NA	NA
JI435_401050	QRC91152.1	hypothetical protein
JI435_401060	QRC91172.1	hypothetical protein
JI435_401070	QRC91175.1	hypothetical protein
JI435_401080	QRC91192.1	hypothetical protein
JI435_401090	QRC91209.1	hypothetical protein
JI435_401100	QRC91210.1	hypothetical protein
JI435_401110	QRC91214.1	hypothetical protein
JI435_401120	QRC91258.1	hypothetical protein
JI435_401130	QRC91264.1	hypothetical protein
JI435_401140	QRC91266.1	hypothetical protein
JI435_401150	QRC91269.1	hypothetical protein
JI435_401160	QRC91271.1	hypothetical protein
JI435_401170	QRC91283.1	hypothetical protein
JI435_401180	QRC91288.1	hypothetical protein
JI435_401190	QRC91295.1	hypothetical protein
JI435_401200	QRC91302.1	hypothetical protein
JI435_401210	QRC91304.1	hypothetical protein
JI435_401220	QRC91305.1	hypothetical protein
JI435_401230	QRC91317.1	hypothetical protein
JI435_401240	QRC91321.1	hypothetical protein
JI435_401250	QRC91322.1	hypothetical protein
JI435_401260	QRC91324.1	hypothetical protein
JI435_401270	QRC91361.1	hypothetical protein
JI435_401280	QRC91382.1	hypothetical protein
JI435_401290	QRC91387.1	hypothetical protein
JI435_401300	QRC91388.1	hypothetical protein
JI435_401320	QRC91445.1	hypothetical protein
JI435_401330	QRC91456.1	hypothetical protein
JI435_401340	QRC91457.1	hypothetical protein
JI435_401350	QRC91466.1	hypothetical protein
JI435_401360	QRC91469.1	hypothetical protein
JI435_401370	QRC91478.1	hypothetical protein
JI435_401380	QRC91486.1	hypothetical protein
JI435_401390	QRC91487.1	hypothetical protein
JI435_401400	QRC91489.1	hypothetical protein
JI435_401410	QRC91490.1	hypothetical protein
JI435_401420	QRC91503.1	hypothetical protein
JI435_401430	QRC91532.1	hypothetical protein
JI435_401440	QRC91559.1	hypothetical protein
JI435_401450	QRC91592.1	hypothetical protein
JI435_401460	QRC91623.1	hypothetical protein
JI435_401470	QRC91631.1	hypothetical protein
JI435_401480	QRC91640.1	hypothetical protein
JI435_401490	QRC91648.1	hypothetical protein
JI435_401500	QRC91660.1	hypothetical protein
JI435_401510	QRC91671.1	hypothetical protein
JI435_401520	QRC91673.1	hypothetical protein
JI435_401530	QRC91687.1	hypothetical protein
JI435_401540	QRC91695.1	hypothetical protein
JI435_401550	QRC91699.1	hypothetical protein
JI435_401560	QRC91705.1	hypothetical protein
JI435_401570	QRC91710.1	hypothetical protein
JI435_401580	QRC91720.1	hypothetical protein
JI435_401590	QRC91724.1	hypothetical protein
JI435_401600	QRC91729.1	hypothetical protein
JI435_401610	QRC91751.1	hypothetical protein
JI435_401620	QRC91753.1	hypothetical protein
JI435_401630	QRC91758.1	hypothetical protein
JI435_401640	QRC91763.1	hypothetical protein
JI435_401650	QRC91765.1	hypothetical protein
JI435_401660	QRC91774.1	hypothetical protein
JI435_401670	QRC91776.1	hypothetical protein
JI435_401680	QRC91780.1	hypothetical protein
JI435_401690	QRC91793.1	hypothetical protein
JI435_401700	QRC91801.1	hypothetical protein
JI435_401710	QRC91810.1	hypothetical protein
JI435_401720	QRC91812.1	hypothetical protein
JI435_401730	QRC91825.1	hypothetical protein
JI435_401740	QRC91826.1	hypothetical protein
JI435_401750	QRC91828.1	hypothetical protein
JI435_401760	QRC91838.1	hypothetical protein
JI435_401770	QRC91843.1	hypothetical protein
JI435_401780	QRC91849.1	hypothetical protein
JI435_401790	QRC91881.1	hypothetical protein
JI435_401800	QRC91912.1	hypothetical protein
JI435_401810	QRC91913.1	hypothetical protein
JI435_401820	QRC91915.1	hypothetical protein
JI435_401830	QRC91921.1	hypothetical protein
JI435_401840	QRC91948.1	hypothetical protein
JI435_401850	QRC91960.1	hypothetical protein
JI435_401860	QRC91971.1	hypothetical protein
JI435_401870	QRC91974.1	hypothetical protein
JI435_401880	QRC91979.1	hypothetical protein
JI435_401890	QRC92039.1	hypothetical protein
JI435_401900	QRC92041.1	hypothetical protein
JI435_401910	QRC92080.1	hypothetical protein
JI435_401920	QRC92082.1	hypothetical protein
JI435_401930	QRC92104.1	hypothetical protein
JI435_401940	QRC92118.1	hypothetical protein
JI435_401950	QRC92119.1	hypothetical protein
JI435_401960	QRC92121.1	hypothetical protein
JI435_401970	QRC92122.1	hypothetical protein
JI435_401980	QRC92123.1	hypothetical protein
JI435_401990	QRC92124.1	hypothetical protein
JI435_402000	QRC92128.1	hypothetical protein
JI435_402010	QRC92132.1	hypothetical protein
JI435_402020	QRC92166.1	hypothetical protein
JI435_402030	QRC92167.1	hypothetical protein
JI435_402040	QRC92168.1	hypothetical protein
JI435_402050	QRC92169.1	hypothetical protein
JI435_402060	QRC92171.1	hypothetical protein
JI435_402070	QRC92187.1	hypothetical protein
JI435_402080	QRC92198.1	hypothetical protein
JI435_402090	QRC92201.1	hypothetical protein
JI435_402100	QRC92203.1	hypothetical protein
JI435_402110	QRC92205.1	hypothetical protein
JI435_402120	QRC92206.1	hypothetical protein
JI435_402130	QRC92244.1	hypothetical protein
JI435_402140	QRC92255.1	hypothetical protein
JI435_402150	QRC92257.1	hypothetical protein
JI435_402160	QRC92274.1	hypothetical protein
JI435_402170	QRC92275.1	hypothetical protein
JI435_402180	QRC92287.1	hypothetical protein
JI435_402190	QRC92289.1	hypothetical protein
JI435_402200	QRC92293.1	hypothetical protein
JI435_402210	QRC92301.1	hypothetical protein
JI435_402220	QRC92310.1	hypothetical protein
JI435_402230	QRC92317.1	hypothetical protein
JI435_402240	QRC92318.1	hypothetical protein
JI435_402250	QRC92321.1	hypothetical protein
JI435_402260	QRC92323.1	hypothetical protein
JI435_402270	QRC92329.1	hypothetical protein
JI435_402280	QRC92337.1	hypothetical protein
JI435_402290	QRC92338.1	hypothetical protein
JI435_402300	QRC92340.1	hypothetical protein
JI435_402310	QRC92345.1	hypothetical protein
JI435_402320	QRC92348.1	hypothetical protein
JI435_402330	QRC92351.1	hypothetical protein
JI435_402340	QRC92360.1	PAN2-PAN3 deadenylation complex subunit PAN3
JI435_402350	QRC92368.1	hypothetical protein
JI435_402360	QRC92372.1	hypothetical protein
JI435_402370	QRC92376.1	hypothetical protein
JI435_402380	QRC92384.1	hypothetical protein
JI435_402390	QRC92387.1	hypothetical protein
JI435_402400	QRC92390.1	hypothetical protein
JI435_402410	QRC92397.1	hypothetical protein
JI435_402420	QRC92405.1	hypothetical protein
JI435_402430	QRC92408.1	hypothetical protein
JI435_402440	QRC92412.1	hypothetical protein
JI435_402450	QRC92435.1	hypothetical protein
JI435_402460	QRC92439.1	hypothetical protein
JI435_402470	QRC92440.1	hypothetical protein
JI435_402480	QRC92441.1	hypothetical protein
JI435_402490	QRC92451.1	hypothetical protein
JI435_402500	QRC92460.1	hypothetical protein
JI435_402510	QRC92469.1	hypothetical protein
JI435_402520	QRC92474.1	hypothetical protein
JI435_402530	QRC92475.1	hypothetical protein
JI435_402540	QRC92478.1	hypothetical protein
JI435_402550	QRC92486.1	hypothetical protein
JI435_402560	QRC92487.1	hypothetical protein
JI435_402570	QRC92491.1	hypothetical protein
JI435_402580	QRC92501.1	hypothetical protein
JI435_402590	QRC92507.1	hypothetical protein
JI435_402600	QRC92511.1	hypothetical protein
JI435_402610	QRC92516.1	hypothetical protein
JI435_402620	QRC92526.1	hypothetical protein
JI435_402630	QRC92528.1	hypothetical protein
JI435_402640	QRC92533.1	hypothetical protein
JI435_402650	QRC92535.1	hypothetical protein
JI435_402660	QRC92548.1	hypothetical protein
JI435_402670	QRC92551.1	hypothetical protein
JI435_402680	QRC92562.1	hypothetical protein
JI435_402690	QRC92563.1	hypothetical protein
JI435_402700	QRC92565.1	hypothetical protein
JI435_402710	QRC92566.1	hypothetical protein
JI435_402720	QRC92567.1	hypothetical protein
JI435_402730	QRC92580.1	hypothetical protein
JI435_402740	QRC92581.1	hypothetical protein
JI435_402750	QRC92612.1	hypothetical protein
JI435_402760	QRC92616.1	hypothetical protein
JI435_402770	QRC92635.1	hypothetical protein
JI435_402780	QRC92641.1	hypothetical protein
JI435_402790	QRC92642.1	hypothetical protein
JI435_402800	QRC92646.1	hypothetical protein
JI435_402810	QRC92658.1	hypothetical protein
JI435_402820	QRC92659.1	hypothetical protein
JI435_402830	QRC92693.1	hypothetical protein
JI435_402840	QRC92698.1	hypothetical protein
JI435_402850	QRC92700.1	hypothetical protein
JI435_402860	QRC92705.1	hypothetical protein
JI435_402870	QRC92706.1	hypothetical protein
JI435_402880	QRC92708.1	hypothetical protein
JI435_402890	QRC92712.1	hypothetical protein
JI435_402900	QRC92756.1	hypothetical protein
JI435_402910	QRC92757.1	hypothetical protein
JI435_402920	QRC92759.1	hypothetical protein
JI435_402930	QRC92762.1	hypothetical protein
JI435_402940	QRC92792.1	hypothetical protein
JI435_402950	QRC92793.1	hypothetical protein
JI435_402960	QRC92802.1	hypothetical protein
JI435_402970	QRC92811.1	hypothetical protein
JI435_402980	QRC92815.1	hypothetical protein
JI435_402990	QRC92817.1	hypothetical protein
JI435_403000	QRC92818.1	hypothetical protein
JI435_403010	QRC92820.1	hypothetical protein
JI435_403020	QRC92821.1	hypothetical protein
JI435_403030	QRC92822.1	hypothetical protein
JI435_403040	QRC92847.1	hypothetical protein
JI435_403050	QRC92849.1	hypothetical protein
JI435_403060	QRC92856.1	hypothetical protein
JI435_403070	QRC92859.1	hypothetical protein
JI435_403080	QRC92863.1	hypothetical protein
JI435_403090	QRC92873.1	hypothetical protein
JI435_403100	QRC92883.1	hypothetical protein
JI435_403110	QRC92896.1	hypothetical protein
JI435_403120	QRC92902.1	hypothetical protein
JI435_403130	QRC92903.1	hypothetical protein
JI435_403140	QRC92908.1	hypothetical protein
JI435_403150	QRC92915.1	hypothetical protein
JI435_403160	QRC92916.1	hypothetical protein
JI435_403170	QRC92919.1	hypothetical protein
JI435_403180	QRC92921.1	hypothetical protein
JI435_403190	QRC92926.1	hypothetical protein
JI435_403200	QRC92944.1	hypothetical protein
JI435_403210	QRC92965.1	hypothetical protein
JI435_403220	QRC92967.1	hypothetical protein
JI435_403230	QRC92970.1	hypothetical protein
JI435_403240	QRC92996.1	hypothetical protein
JI435_403250	QRC93003.1	hypothetical protein
JI435_403260	QRC93005.1	hypothetical protein
JI435_403270	QRC93053.1	hypothetical protein
JI435_403280	QRC93054.1	hypothetical protein
JI435_403290	QRC93059.1	hypothetical protein
JI435_403300	QRC93064.1	hypothetical protein
JI435_403310	QRC93093.1	hypothetical protein
JI435_403320	QRC93094.1	hypothetical protein
JI435_403330	QRC93097.1	hypothetical protein
JI435_403340	QRC93102.1	hypothetical protein
JI435_403350	QRC93104.1	hypothetical protein
JI435_403360	QRC93116.1	hypothetical protein
JI435_403370	QRC93119.1	hypothetical protein
JI435_403380	QRC93121.1	hypothetical protein
JI435_403390	QRC93123.1	hypothetical protein
JI435_403400	QRC93136.1	hypothetical protein
JI435_403410	QRC93149.1	hypothetical protein
JI435_403420	QRC93206.1	hypothetical protein
JI435_403430	QRC93207.1	hypothetical protein
JI435_403440	QRC93209.1	hypothetical protein
JI435_403450	QRC93210.1	hypothetical protein
JI435_403460	QRC93238.1	hypothetical protein
JI435_403470	QRC93251.1	hypothetical protein
JI435_403480	QRC93255.1	hypothetical protein
JI435_403490	QRC93263.1	hypothetical protein
JI435_403500	QRC93278.1	hypothetical protein
JI435_403510	QRC93279.1	hypothetical protein
JI435_403520	QRC93280.1	hypothetical protein
JI435_403530	QRC93282.1	hypothetical protein
JI435_403540	QRC93285.1	hypothetical protein
JI435_403550	QRC93291.1	hypothetical protein
JI435_403560	QRC93293.1	hypothetical protein
JI435_403570	QRC93297.1	hypothetical protein
JI435_403580	QRC93303.1	hypothetical protein
JI435_403590	QRC93311.1	hypothetical protein
JI435_403600	QRC93317.1	hypothetical protein
JI435_403610	QRC93323.1	hypothetical protein
JI435_403620	QRC93331.1	hypothetical protein
JI435_403630	QRC93333.1	hypothetical protein
JI435_403640	QRC93335.1	hypothetical protein
JI435_403650	QRC93342.1	hypothetical protein
JI435_403660	QRC93343.1	hypothetical protein
JI435_403670	QRC93345.1	hypothetical protein
JI435_403680	QRC93346.1	hypothetical protein
JI435_403690	QRC93367.1	hypothetical protein
JI435_403700	QRC93370.1	hypothetical protein
JI435_403710	QRC93372.1	hypothetical protein
JI435_403720	QRC93380.1	hypothetical protein
JI435_403730	QRC93389.1	hypothetical protein
JI435_403740	QRC93397.1	hypothetical protein
JI435_403750	QRC93398.1	hypothetical protein
JI435_403760	QRC93401.1	hypothetical protein
JI435_403770	QRC93402.1	hypothetical protein
JI435_403780	QRC93404.1	hypothetical protein
JI435_403790	QRC93412.1	hypothetical protein
JI435_403800	QRC93430.1	hypothetical protein
JI435_403810	QRC93433.1	hypothetical protein
JI435_403820	QRC93447.1	hypothetical protein
JI435_403830	QRC93448.1	hypothetical protein
JI435_403840	QRC93449.1	hypothetical protein
JI435_403850	QRC93464.1	hypothetical protein
JI435_403860	QRC93465.1	hypothetical protein
JI435_403870	QRC93467.1	hypothetical protein
JI435_403880	QRC93468.1	hypothetical protein
JI435_403890	QRC93473.1	hypothetical protein
JI435_403900	QRC93474.1	hypothetical protein
JI435_403910	QRC93478.1	hypothetical protein
JI435_403920	QRC93486.1	hypothetical protein
JI435_403930	QRC93488.1	hypothetical protein
JI435_403940	QRC93495.1	hypothetical protein
JI435_403950	QRC93496.1	hypothetical protein
JI435_403960	QRC93500.1	hypothetical protein
JI435_403970	QRC93508.1	hypothetical protein
JI435_403980	QRC93514.1	hypothetical protein
JI435_403990	QRC93515.1	hypothetical protein
JI435_404000	QRC93516.1	hypothetical protein
JI435_404010	QRC93527.1	hypothetical protein
JI435_404020	QRC93538.1	hypothetical protein
JI435_404030	QRC93540.1	hypothetical protein
JI435_404040	QRC93541.1	hypothetical protein
JI435_404050	QRC93552.1	hypothetical protein
JI435_404060	QRC93557.1	hypothetical protein
JI435_404070	QRC93559.1	hypothetical protein
JI435_404080	QRC93564.1	hypothetical protein
JI435_404090	QRC93568.1	hypothetical protein
JI435_404100	QRC93571.1	hypothetical protein
JI435_404110	QRC93586.1	hypothetical protein
JI435_404120	QRC93587.1	hypothetical protein
JI435_404130	QRC93593.1	hypothetical protein
JI435_404140	QRC93598.1	hypothetical protein
JI435_404150	QRC93599.1	hypothetical protein
JI435_404160	QRC93602.1	hypothetical protein
JI435_404170	QRC93604.1	hypothetical protein
JI435_404180	QRC93607.1	hypothetical protein
JI435_404190	QRC93608.1	hypothetical protein
JI435_404200	QRC93609.1	hypothetical protein
JI435_404210	QRC93611.1	hypothetical protein
JI435_404220	QRC93615.1	hypothetical protein
JI435_404230	QRC93627.1	hypothetical protein
JI435_404240	QRC93628.1	hypothetical protein
JI435_404250	QRC93668.1	hypothetical protein
JI435_404260	QRC93674.1	hypothetical protein
JI435_404270	QRC93676.1	hypothetical protein
JI435_404280	QRC93679.1	hypothetical protein
JI435_404290	QRC93686.1	hypothetical protein
JI435_404300	QRC93688.1	hypothetical protein
JI435_404310	QRC93691.1	hypothetical protein
JI435_404320	QRC93701.1	hypothetical protein
JI435_404330	QRC93703.1	hypothetical protein
JI435_404340	QRC93715.1	hypothetical protein
JI435_404350	QRC93717.1	hypothetical protein
JI435_404360	QRC93736.1	hypothetical protein
JI435_404370	QRC93738.1	hypothetical protein
JI435_404380	QRC93764.1	hypothetical protein
JI435_404390	QRC93769.1	hypothetical protein
JI435_404400	QRC93770.1	hypothetical protein
JI435_404500	QRC93779.1	hypothetical protein
JI435_404510	QRC93785.1	hypothetical protein
JI435_404520	QRC93803.1	hypothetical protein
JI435_404530	QRC93804.1	hypothetical protein
JI435_404540	QRC93805.1	hypothetical protein
JI435_404550	QRC93809.1	hypothetical protein
JI435_404560	QRC93816.1	hypothetical protein
JI435_404570	QRC93817.1	hypothetical protein
JI435_404580	QRC93819.1	hypothetical protein
JI435_404590	QRC93833.1	hypothetical protein
JI435_404600	QRC93835.1	hypothetical protein
JI435_404610	QRC93839.1	hypothetical protein
JI435_404620	QRC93841.1	hypothetical protein
JI435_404630	QRC93847.1	hypothetical protein
JI435_404640	QRC93855.1	hypothetical protein
JI435_404650	QRC93858.1	hypothetical protein
JI435_404660	QRC93867.1	hypothetical protein
JI435_404670	QRC93871.1	hypothetical protein
JI435_404680	QRC93872.1	hypothetical protein
JI435_404690	QRC93873.1	hypothetical protein
JI435_404700	QRC93876.1	hypothetical protein
JI435_404710	QRC93878.1	hypothetical protein
JI435_404720	QRC93896.1	hypothetical protein
JI435_404730	QRC93897.1	hypothetical protein
JI435_404740	QRC93898.1	hypothetical protein
JI435_404750	QRC93909.1	hypothetical protein
JI435_404760	QRC93913.1	hypothetical protein
JI435_404770	QRC93914.1	hypothetical protein
JI435_404780	QRC93917.1	hypothetical protein
JI435_404790	QRC93929.1	hypothetical protein
JI435_404800	QRC93949.1	hypothetical protein
JI435_404810	QRC93950.1	hypothetical protein
JI435_404820	QRC93953.1	hypothetical protein
JI435_404830	QRC93956.1	hypothetical protein
JI435_404840	QRC93957.1	hypothetical protein
JI435_404850	QRC93965.1	hypothetical protein
JI435_404860	QRC93969.1	hypothetical protein
JI435_404870	QRC93974.1	hypothetical protein
JI435_404880	QRC93979.1	hypothetical protein
JI435_404890	QRC93980.1	hypothetical protein
JI435_404900	QRC93982.1	hypothetical protein
JI435_404910	QRC93983.1	hypothetical protein
JI435_404920	QRC93986.1	hypothetical protein
JI435_404930	QRC93990.1	hypothetical protein
JI435_404940	QRC93993.1	hypothetical protein
JI435_404950	QRC93995.1	hypothetical protein
JI435_404960	QRC93999.1	hypothetical protein
JI435_404970	QRC94004.1	hypothetical protein
JI435_404980	QRC94006.1	hypothetical protein
JI435_404990	QRC94012.1	hypothetical protein
JI435_405000	QRC94019.1	hypothetical protein
JI435_405010	QRC94022.1	hypothetical protein
JI435_405020	QRC94023.1	hypothetical protein
JI435_405030	QRC94037.1	hypothetical protein
JI435_405040	QRC94042.1	hypothetical protein
JI435_405050	QRC94045.1	hypothetical protein
JI435_405060	QRC94048.1	hypothetical protein
JI435_405070	QRC94054.1	hypothetical protein
JI435_405080	QRC94057.1	hypothetical protein
JI435_405090	QRC94058.1	hypothetical protein
JI435_405100	QRC94061.1	hypothetical protein
JI435_405110	QRC94062.1	hypothetical protein
JI435_405120	QRC94086.1	hypothetical protein
JI435_405130	QRC94092.1	hypothetical protein
JI435_405140	QRC94095.1	hypothetical protein
JI435_405150	QRC94098.1	hypothetical protein
JI435_405160	QRC94106.1	hypothetical protein
JI435_405170	QRC94110.1	hypothetical protein
JI435_405180	QRC94111.1	hypothetical protein
JI435_405190	QRC94120.1	hypothetical protein
JI435_405200	QRC94127.1	hypothetical protein
JI435_405210	QRC94128.1	hypothetical protein
JI435_405220	QRC94131.1	hypothetical protein
JI435_405230	QRC94132.1	hypothetical protein
JI435_405240	QRC94135.1	hypothetical protein
JI435_405250	QRC94143.1	hypothetical protein
JI435_405260	QRC94157.1	hypothetical protein
JI435_405270	QRC94162.1	hypothetical protein
JI435_405280	QRC94163.1	hypothetical protein
JI435_405290	QRC94178.1	hypothetical protein
JI435_405300	QRC94179.1	hypothetical protein
JI435_405310	QRC94184.1	hypothetical protein
JI435_405320	QRC94193.1	hypothetical protein
JI435_405330	QRC94197.1	hypothetical protein
JI435_405340	QRC94198.1	hypothetical protein
JI435_405350	QRC94200.1	hypothetical protein
JI435_405360	QRC94210.1	hypothetical protein
JI435_405370	QRC94213.1	hypothetical protein
JI435_405380	QRC94216.1	hypothetical protein
JI435_405390	QRC94218.1	hypothetical protein
JI435_405400	QRC94219.1	hypothetical protein
JI435_405410	QRC94226.1	hypothetical protein
JI435_405420	QRC94227.1	hypothetical protein
JI435_405430	QRC94229.1	hypothetical protein
JI435_405440	QRC94232.1	hypothetical protein
JI435_405450	QRC94239.1	hypothetical protein
JI435_405460	QRC94247.1	hypothetical protein
JI435_405470	QRC94252.1	hypothetical protein
JI435_405480	QRC94258.1	hypothetical protein
JI435_405490	QRC94267.1	hypothetical protein
JI435_405500	QRC94269.1	hypothetical protein
JI435_405510	QRC94271.1	hypothetical protein
JI435_405520	QRC94272.1	hypothetical protein
JI435_405530	QRC94275.1	hypothetical protein
JI435_405540	QRC94277.1	hypothetical protein
JI435_405550	QRC94287.1	hypothetical protein
JI435_405560	QRC94294.1	hypothetical protein
JI435_405570	QRC94296.1	hypothetical protein
JI435_405580	QRC94303.1	hypothetical protein
JI435_405590	QRC94312.1	hypothetical protein
JI435_405600	QRC94313.1	hypothetical protein
JI435_405610	QRC94316.1	hypothetical protein
JI435_405620	QRC94320.1	hypothetical protein
JI435_405630	QRC94321.1	hypothetical protein
JI435_405640	QRC94323.1	hypothetical protein
JI435_405650	QRC94324.1	hypothetical protein
JI435_405660	QRC94328.1	hypothetical protein
JI435_405670	QRC94329.1	hypothetical protein
JI435_405680	QRC94331.1	hypothetical protein
JI435_405690	QRC94340.1	hypothetical protein
JI435_405700	QRC94346.1	hypothetical protein
JI435_405710	QRC94373.1	hypothetical protein
JI435_405720	QRC94381.1	hypothetical protein
JI435_405730	QRC94387.1	hypothetical protein
JI435_405740	QRC94391.1	hypothetical protein
JI435_405750	QRC94400.1	hypothetical protein
JI435_405760	QRC94411.1	hypothetical protein
JI435_405770	QRC94418.1	hypothetical protein
JI435_405780	QRC94420.1	hypothetical protein
JI435_405790	QRC94422.1	hypothetical protein
JI435_405800	QRC94423.1	hypothetical protein
JI435_405810	QRC94440.1	hypothetical protein
JI435_405820	QRC94442.1	hypothetical protein
JI435_405830	QRC94450.1	hypothetical protein
JI435_405840	QRC94455.1	hypothetical protein
JI435_405850	QRC94459.1	hypothetical protein
JI435_405860	QRC94461.1	hypothetical protein
JI435_405870	QRC94462.1	hypothetical protein
JI435_405880	QRC94483.1	hypothetical protein
JI435_405890	QRC94492.1	hypothetical protein
JI435_405900	QRC94494.1	hypothetical protein
JI435_405910	QRC94496.1	hypothetical protein
JI435_405920	QRC94498.1	hypothetical protein
JI435_405930	QRC94505.1	hypothetical protein
JI435_405940	QRC94507.1	hypothetical protein
JI435_405950	QRC94510.1	hypothetical protein
JI435_405960	QRC94514.1	hypothetical protein
JI435_405970	QRC94522.1	hypothetical protein
JI435_405980	QRC94524.1	hypothetical protein
JI435_405990	QRC94526.1	hypothetical protein
JI435_406000	QRC94531.1	hypothetical protein
JI435_406010	QRC94537.1	hypothetical protein
JI435_406020	QRC94556.1	hypothetical protein
JI435_406030	QRC94570.1	hypothetical protein
JI435_406040	QRC94571.1	hypothetical protein
JI435_406050	QRC94573.1	hypothetical protein
JI435_406060	QRC94579.1	hypothetical protein
JI435_406070	QRC94598.1	hypothetical protein
JI435_406080	QRC94602.1	hypothetical protein
JI435_406090	QRC94614.1	hypothetical protein
JI435_406100	QRC94618.1	hypothetical protein
JI435_406110	QRC94625.1	hypothetical protein
JI435_406120	QRC94642.1	hypothetical protein
JI435_406130	QRC94675.1	hypothetical protein
JI435_406140	QRC94679.1	hypothetical protein
JI435_406150	QRC94687.1	hypothetical protein
JI435_406160	QRC94691.1	hypothetical protein
JI435_406170	QRC94692.1	hypothetical protein
JI435_406180	QRC94693.1	hypothetical protein
JI435_406190	QRC94694.1	hypothetical protein
JI435_406200	QRC94699.1	hypothetical protein
JI435_406210	QRC94700.1	hypothetical protein
JI435_406220	QRC94703.1	hypothetical protein
JI435_406230	QRC94706.1	hypothetical protein
JI435_406240	QRC94728.1	hypothetical protein
JI435_406250	QRC94730.1	hypothetical protein
JI435_406260	QRC94736.1	hypothetical protein
JI435_406270	QRC94744.1	hypothetical protein
JI435_406280	QRC94745.1	hypothetical protein
JI435_406290	QRC94747.1	hypothetical protein
JI435_406300	QRC94751.1	hypothetical protein
JI435_406310	QRC94754.1	hypothetical protein
JI435_406320	QRC94759.1	hypothetical protein
JI435_406330	QRC94764.1	hypothetical protein
JI435_406340	QRC94766.1	hypothetical protein
JI435_406350	QRC94792.1	hypothetical protein
JI435_406360	QRC94798.1	hypothetical protein
JI435_406370	QRC94807.1	hypothetical protein
JI435_406380	QRC94808.1	hypothetical protein
JI435_406390	QRC94815.1	hypothetical protein
JI435_406400	QRC94816.1	hypothetical protein
JI435_406410	QRC94818.1	hypothetical protein
JI435_406420	QRC94825.1	hypothetical protein
JI435_406430	QRC94828.1	hypothetical protein
JI435_406440	QRC94837.1	hypothetical protein
JI435_406450	QRC94877.1	hypothetical protein
JI435_406460	QRC94880.1	hypothetical protein
JI435_406470	QRC94899.1	hypothetical protein
JI435_406480	QRC94902.1	hypothetical protein
JI435_406490	QRC94908.1	hypothetical protein
JI435_406500	QRC94910.1	hypothetical protein
JI435_406510	QRC94916.1	hypothetical protein
JI435_406520	QRC94918.1	hypothetical protein
JI435_406530	QRC94929.1	hypothetical protein
JI435_406540	QRC94934.1	hypothetical protein
JI435_406550	QRC94936.1	hypothetical protein
JI435_406560	QRC94945.1	hypothetical protein
JI435_406570	QRC94948.1	hypothetical protein
JI435_406580	QRC94955.1	hypothetical protein
JI435_406590	QRC94957.1	hypothetical protein
JI435_406600	QRC94959.1	hypothetical protein
JI435_406610	QRC94961.1	hypothetical protein
JI435_406620	QRC94965.1	hypothetical protein
JI435_406630	QRC94967.1	hypothetical protein
JI435_406640	QRC94969.1	hypothetical protein
JI435_406650	QRC94971.1	DNA replication regulator SLD2
JI435_406660	QRC94977.1	hypothetical protein
JI435_406670	QRC94982.1	hypothetical protein
JI435_406680	QRC94997.1	hypothetical protein
JI435_406690	QRC94999.1	hypothetical protein
JI435_406700	QRC95003.1	hypothetical protein
JI435_406710	QRC95007.1	hypothetical protein
JI435_406720	QRC95008.1	hypothetical protein
JI435_406730	QRC95015.1	hypothetical protein
JI435_406740	QRC95018.1	hypothetical protein
JI435_406750	QRC95021.1	hypothetical protein
JI435_406760	QRC95023.1	hypothetical protein
JI435_406770	QRC95025.1	hypothetical protein
JI435_406780	QRC95029.1	hypothetical protein
JI435_406790	QRC95036.1	hypothetical protein
JI435_406800	QRC95041.1	hypothetical protein
JI435_406810	QRC95055.1	hypothetical protein
JI435_406820	QRC95079.1	hypothetical protein
JI435_406830	QRC95081.1	hypothetical protein
JI435_406840	QRC95085.1	hypothetical protein
JI435_406850	QRC95107.1	hypothetical protein
JI435_406860	QRC95114.1	hypothetical protein
JI435_406870	QRC95116.1	hypothetical protein
JI435_406880	QRC95117.1	hypothetical protein
JI435_406890	QRC95140.1	hypothetical protein
JI435_406900	QRC95144.1	hypothetical protein
JI435_406910	QRC95145.1	hypothetical protein
JI435_406920	QRC95157.1	hypothetical protein
JI435_406930	QRC95158.1	hypothetical protein
JI435_406940	QRC95162.1	hypothetical protein
JI435_406950	QRC95165.1	hypothetical protein
JI435_406960	QRC95166.1	hypothetical protein
JI435_406970	QRC95171.1	hypothetical protein
JI435_406980	QRC95177.1	hypothetical protein
JI435_406990	QRC95179.1	hypothetical protein
JI435_407000	QRC95182.1	hypothetical protein
JI435_407010	QRC95185.1	hypothetical protein
JI435_407020	QRC95196.1	hypothetical protein
JI435_407030	QRC95200.1	hypothetical protein
JI435_407040	QRC95203.1	hypothetical protein
JI435_407050	QRC95215.1	hypothetical protein
JI435_407060	QRC95218.1	hypothetical protein
JI435_407070	QRC95227.1	hypothetical protein
JI435_407080	QRC95230.1	hypothetical protein
JI435_407090	QRC95231.1	hypothetical protein
JI435_407100	QRC95239.1	hypothetical protein
JI435_407110	QRC95268.1	hypothetical protein
JI435_407130	QRC95301.1	hypothetical protein
JI435_407140	QRC95310.1	hypothetical protein
JI435_407150	QRC95312.1	hypothetical protein
JI435_407160	QRC95328.1	hypothetical protein
JI435_407170	QRC95332.1	hypothetical protein
JI435_407180	QRC95334.1	hypothetical protein
JI435_407190	QRC95335.1	hypothetical protein
JI435_407200	QRC95358.1	hypothetical protein
JI435_407210	QRC95361.1	hypothetical protein
JI435_407220	QRC95362.1	hypothetical protein
JI435_407230	QRC95371.1	hypothetical protein
JI435_407240	QRC95373.1	hypothetical protein
JI435_407250	QRC95375.1	hypothetical protein
JI435_407260	QRC95376.1	hypothetical protein
JI435_407270	QRC95391.1	hypothetical protein
JI435_407280	QRC95393.1	hypothetical protein
JI435_407290	QRC95395.1	hypothetical protein
JI435_407300	QRC95397.1	hypothetical protein
JI435_407310	QRC95411.1	hypothetical protein
JI435_407320	QRC95413.1	hypothetical protein
JI435_407330	QRC95424.1	hypothetical protein
JI435_407340	QRC95431.1	hypothetical protein
JI435_407350	QRC95433.1	hypothetical protein
JI435_407360	QRC95435.1	hypothetical protein
JI435_407370	QRC95441.1	hypothetical protein
JI435_407380	QRC95454.1	hypothetical protein
JI435_407390	QRC95459.1	hypothetical protein
JI435_407400	QRC95476.1	hypothetical protein
JI435_407410	QRC95483.1	hypothetical protein
JI435_407420	QRC95486.1	hypothetical protein
JI435_407430	QRC95493.1	hypothetical protein
JI435_407440	QRC95496.1	hypothetical protein
JI435_407450	QRC95503.1	hypothetical protein
JI435_407460	QRC95508.1	hypothetical protein
JI435_407470	QRC95526.1	hypothetical protein
JI435_407480	QRC95528.1	hypothetical protein
JI435_407490	QRC95550.1	hypothetical protein
JI435_407500	QRC95559.1	hypothetical protein
JI435_407510	QRC95566.1	hypothetical protein
JI435_407520	QRC95572.1	hypothetical protein
JI435_407530	QRC95573.1	hypothetical protein
JI435_407540	QRC95574.1	hypothetical protein
JI435_407550	QRC95576.1	hypothetical protein
JI435_407560	QRC95582.1	hypothetical protein
JI435_407570	QRC95592.1	hypothetical protein
JI435_407580	QRC95597.1	hypothetical protein
JI435_407590	QRC95604.1	hypothetical protein
JI435_407600	QRC95609.1	hypothetical protein
JI435_407610	QRC95611.1	hypothetical protein
JI435_407620	QRC95615.1	hypothetical protein
JI435_407630	QRC95616.1	hypothetical protein
JI435_407640	QRC95618.1	hypothetical protein
JI435_407650	QRC95619.1	hypothetical protein
JI435_407660	QRC95621.1	hypothetical protein
JI435_407670	QRC95622.1	hypothetical protein
JI435_407680	QRC95624.1	hypothetical protein
JI435_407690	QRC95626.1	hypothetical protein
JI435_407700	QRC95630.1	hypothetical protein
JI435_407710	QRC95639.1	hypothetical protein
JI435_407720	QRC95640.1	hypothetical protein
JI435_407730	QRC95642.1	hypothetical protein
JI435_407740	QRC95643.1	hypothetical protein
JI435_407750	QRC95654.1	hypothetical protein
JI435_407760	QRC95657.1	hypothetical protein
JI435_407770	QRC95663.1	hypothetical protein
JI435_407780	QRC95671.1	hypothetical protein
JI435_407790	QRC95673.1	hypothetical protein
JI435_407800	QRC95674.1	hypothetical protein
JI435_407810	QRC95688.1	hypothetical protein
JI435_407820	QRC95695.1	hypothetical protein
JI435_407830	QRC95697.1	hypothetical protein
JI435_407840	QRC95699.1	hypothetical protein
JI435_407850	QRC95727.1	hypothetical protein
JI435_407860	QRC95728.1	hypothetical protein
JI435_407870	QRC95730.1	hypothetical protein
JI435_407880	QRC95738.1	hypothetical protein
JI435_407890	QRC95742.1	hypothetical protein
JI435_407900	QRC95753.1	hypothetical protein
JI435_407910	QRC95758.1	hypothetical protein
JI435_407920	QRC95762.1	hypothetical protein
JI435_407930	QRC95764.1	hypothetical protein
JI435_407940	QRC95767.1	hypothetical protein
JI435_407950	QRC95792.1	hypothetical protein
JI435_407960	QRC95794.1	hypothetical protein
JI435_407970	QRC95799.1	hypothetical protein
JI435_407980	QRC95835.1	hypothetical protein
JI435_407990	QRC95837.1	hypothetical protein
JI435_408000	QRC95838.1	hypothetical protein
JI435_408010	QRC95843.1	hypothetical protein
JI435_408020	QRC95863.1	hypothetical protein
JI435_408030	QRC95868.1	hypothetical protein
JI435_408040	QRC95869.1	hypothetical protein
JI435_408050	QRC95876.1	hypothetical protein
JI435_408060	QRC95882.1	hypothetical protein
JI435_408070	QRC95885.1	hypothetical protein
JI435_408080	QRC95887.1	hypothetical protein
JI435_408090	QRC95889.1	hypothetical protein
JI435_408100	QRC95928.1	hypothetical protein
JI435_408110	QRC95968.1	hypothetical protein
JI435_408120	QRC95970.1	hypothetical protein
JI435_408130	QRC95973.1	hypothetical protein
JI435_408140	QRC95974.1	hypothetical protein
JI435_408150	QRC95975.1	hypothetical protein
JI435_408160	QRC95991.1	hypothetical protein
JI435_408170	QRC95994.1	hypothetical protein
JI435_408180	QRC96010.1	hypothetical protein
JI435_408190	QRC96013.1	hypothetical protein
JI435_408200	QRC96015.1	hypothetical protein
JI435_408210	QRC96035.1	hypothetical protein
JI435_408220	QRC96037.1	hypothetical protein
JI435_408230	QRC96039.1	hypothetical protein
JI435_408240	QRC96041.1	hypothetical protein
JI435_408250	QRC96061.1	hypothetical protein
JI435_408260	QRC96076.1	hypothetical protein
JI435_408270	QRC96081.1	hypothetical protein
JI435_408280	QRC96083.1	hypothetical protein
JI435_408290	QRC96086.1	hypothetical protein
JI435_408300	QRC96093.1	hypothetical protein
JI435_408310	QRC96102.1	hypothetical protein
JI435_408320	QRC96127.1	hypothetical protein
JI435_408330	QRC96148.1	hypothetical protein
JI435_408340	QRC96152.1	hypothetical protein
JI435_408350	QRC96163.1	hypothetical protein
JI435_408360	QRC96169.1	hypothetical protein
JI435_408370	QRC96171.1	hypothetical protein
JI435_408380	QRC96190.1	hypothetical protein
JI435_408390	QRC96191.1	hypothetical protein
JI435_408400	QRC96193.1	hypothetical protein
JI435_408410	QRC96200.1	hypothetical protein
JI435_408430	QRC96204.1	hypothetical protein
JI435_408440	QRC96213.1	hypothetical protein
JI435_408450	QRC96221.1	hypothetical protein
JI435_408460	QRC96222.1	hypothetical protein
JI435_408470	QRC96223.1	hypothetical protein
JI435_408480	QRC96229.1	hypothetical protein
JI435_408490	QRC96231.1	hypothetical protein
JI435_408500	QRC96244.1	hypothetical protein
JI435_408510	QRC96245.1	hypothetical protein
JI435_408520	QRC96246.1	hypothetical protein
JI435_408530	QRC96248.1	hypothetical protein
JI435_408540	QRC96254.1	hypothetical protein
JI435_408550	QRC96261.1	hypothetical protein
JI435_408560	QRC96266.1	hypothetical protein
JI435_408570	QRC96273.1	hypothetical protein
JI435_408580	QRC96275.1	hypothetical protein
JI435_408590	QRC96277.1	hypothetical protein
JI435_408600	QRC96279.1	hypothetical protein
JI435_408610	QRC96287.1	hypothetical protein
JI435_408620	QRC96292.1	hypothetical protein
JI435_408630	QRC96295.1	hypothetical protein
JI435_408640	QRC96299.1	hypothetical protein
JI435_408650	QRC96304.1	hypothetical protein
JI435_408660	QRC96306.1	hypothetical protein
JI435_408670	QRC96308.1	hypothetical protein
JI435_408680	QRC96309.1	hypothetical protein
JI435_408690	QRC96311.1	hypothetical protein
JI435_408700	QRC96313.1	hypothetical protein
JI435_408710	QRC96322.1	hypothetical protein
JI435_408720	QRC96323.1	hypothetical protein
JI435_408730	QRC96325.1	hypothetical protein
JI435_408740	QRC96329.1	hypothetical protein
JI435_408750	QRC96334.1	hypothetical protein
JI435_408760	QRC96341.1	hypothetical protein
JI435_408770	QRC96346.1	hypothetical protein
JI435_408780	QRC96349.1	hypothetical protein
JI435_408790	QRC96350.1	hypothetical protein
JI435_408800	QRC96351.1	hypothetical protein
JI435_408810	QRC96352.1	hypothetical protein
JI435_408820	QRC96354.1	hypothetical protein
JI435_408830	QRC96364.1	hypothetical protein
JI435_408840	QRC96367.1	hypothetical protein
JI435_408850	QRC96370.1	hypothetical protein
JI435_408860	QRC96374.1	hypothetical protein
JI435_408870	QRC96379.1	hypothetical protein
JI435_408880	QRC96383.1	hypothetical protein
JI435_408890	QRC96385.1	hypothetical protein
JI435_408900	QRC96387.1	hypothetical protein
JI435_408910	QRC96399.1	hypothetical protein
JI435_408920	QRC96402.1	hypothetical protein
JI435_408930	QRC96403.1	hypothetical protein
JI435_408940	QRC96404.1	hypothetical protein
JI435_408950	QRC96405.1	hypothetical protein
JI435_408960	QRC96406.1	hypothetical protein
JI435_408970	QRC96413.1	hypothetical protein
JI435_408990	QRC96417.1	hypothetical protein
JI435_409000	QRC96440.1	hypothetical protein
JI435_409010	QRC96441.1	hypothetical protein
JI435_409020	QRC96444.1	hypothetical protein
JI435_409030	QRC96445.1	hypothetical protein
JI435_409040	QRC96446.1	hypothetical protein
JI435_409060	QRC96452.1	hypothetical protein
JI435_409070	QRC96453.1	hypothetical protein
JI435_409100	QRC96462.1	hypothetical protein
JI435_409110	QRC96463.1	hypothetical protein
JI435_409120	QRC96466.1	hypothetical protein
JI435_409130	QRC96474.1	hypothetical protein
JI435_409140	QRC96475.1	hypothetical protein
JI435_409150	QRC96490.1	hypothetical protein
JI435_409160	QRC96511.1	hypothetical protein
JI435_409170	QRC96523.1	hypothetical protein
JI435_409180	QRC96527.1	hypothetical protein
JI435_409190	QRC96528.1	hypothetical protein
JI435_409200	QRC96534.1	hypothetical protein
JI435_409210	QRC96535.1	hypothetical protein
JI435_409220	QRC96544.1	hypothetical protein
JI435_409230	QRC96547.1	hypothetical protein
JI435_409240	QRC96568.1	hypothetical protein
JI435_409250	QRC96576.1	hypothetical protein
JI435_409260	QRC96583.1	hypothetical protein
JI435_409270	QRC96588.1	hypothetical protein
JI435_409280	QRC96592.1	hypothetical protein
JI435_409290	QRC96603.1	hypothetical protein
JI435_409300	QRC96611.1	hypothetical protein
JI435_409310	QRC96615.1	hypothetical protein
JI435_409320	QRC96618.1	hypothetical protein
JI435_409330	QRC96622.1	hypothetical protein
JI435_409340	QRC96643.1	hypothetical protein
JI435_409350	QRC96648.1	hypothetical protein
JI435_409360	QRC96652.1	hypothetical protein
JI435_409370	QRC96654.1	hypothetical protein
JI435_409380	QRC96662.1	hypothetical protein
JI435_409390	QRC96668.1	hypothetical protein
JI435_409400	QRC96671.1	hypothetical protein
JI435_409410	QRC96672.1	hypothetical protein
JI435_409420	QRC96678.1	hypothetical protein
JI435_409430	QRC96679.1	hypothetical protein
JI435_409440	QRC96687.1	hypothetical protein
JI435_409450	QRC96693.1	hypothetical protein
JI435_409460	QRC96694.1	hypothetical protein
JI435_409470	QRC96698.1	hypothetical protein
JI435_409480	QRC96701.1	hypothetical protein
JI435_409490	QRC96710.1	hypothetical protein
JI435_409500	QRC96715.1	hypothetical protein
JI435_409510	QRC96718.1	hypothetical protein
JI435_409520	QRC96721.1	hypothetical protein
JI435_409530	QRC96723.1	hypothetical protein
JI435_409540	QRC96733.1	hypothetical protein
JI435_409550	QRC96734.1	hypothetical protein
JI435_409560	QRC96736.1	hypothetical protein
JI435_409570	QRC96738.1	hypothetical protein
JI435_409580	QRC96739.1	hypothetical protein
JI435_409590	QRC96741.1	hypothetical protein
JI435_409600	QRC96742.1	hypothetical protein
JI435_409610	QRC96747.1	hypothetical protein
JI435_409620	QRC96789.1	hypothetical protein
JI435_409630	QRC96794.1	hypothetical protein
JI435_409640	QRC96797.1	hypothetical protein
JI435_409650	QRC96817.1	hypothetical protein
JI435_409660	QRC96829.1	hypothetical protein
JI435_409670	QRC96834.1	hypothetical protein
JI435_409680	QRC96844.1	hypothetical protein
JI435_409690	QRC96854.1	hypothetical protein
JI435_409700	QRC96857.1	hypothetical protein
JI435_409710	QRC96858.1	hypothetical protein
JI435_409720	QRC96869.1	hypothetical protein
JI435_409730	QRC96870.1	hypothetical protein
JI435_409740	QRC96884.1	hypothetical protein
JI435_409750	QRC96901.1	hypothetical protein
JI435_409760	QRC96918.1	hypothetical protein
JI435_409770	QRC96925.1	hypothetical protein
JI435_409780	QRC96926.1	hypothetical protein
JI435_409790	QRC96927.1	hypothetical protein
JI435_409800	QRC96930.1	hypothetical protein
JI435_409810	QRC96936.1	hypothetical protein
JI435_409820	QRC96939.1	hypothetical protein
JI435_409830	QRC96940.1	hypothetical protein
JI435_409840	QRC96942.1	hypothetical protein
JI435_409850	QRC96944.1	hypothetical protein
JI435_409860	QRC96957.1	hypothetical protein
JI435_409870	QRC96972.1	hypothetical protein
JI435_409880	QRC96973.1	hypothetical protein
JI435_409890	QRC96975.1	hypothetical protein
JI435_409900	QRC96983.1	hypothetical protein
JI435_409910	QRC96985.1	hypothetical protein
JI435_409920	QRC96996.1	hypothetical protein
JI435_409930	QRC97000.1	hypothetical protein
JI435_409940	QRC97002.1	hypothetical protein
JI435_409950	QRC97010.1	hypothetical protein
JI435_409960	QRC97022.1	hypothetical protein
JI435_409970	QRC97024.1	hypothetical protein
JI435_409980	QRC97026.1	hypothetical protein
JI435_409990	QRC97040.1	hypothetical protein
JI435_410000	QRC97055.1	hypothetical protein
JI435_410010	QRC97060.1	hypothetical protein
JI435_410020	QRC97067.1	hypothetical protein
JI435_410030	QRC97073.1	hypothetical protein
JI435_410040	QRC97076.1	hypothetical protein
JI435_410050	QRC97077.1	hypothetical protein
JI435_410060	QRC97079.1	hypothetical protein
JI435_410070	QRC97081.1	hypothetical protein
JI435_410080	QRC97097.1	hypothetical protein
JI435_410090	QRC97099.1	hypothetical protein
JI435_410100	QRC97101.1	hypothetical protein
JI435_410110	QRC97103.1	hypothetical protein
JI435_410120	QRC97109.1	hypothetical protein
JI435_410130	QRC97110.1	hypothetical protein
JI435_410140	QRC97112.1	hypothetical protein
JI435_410150	QRC97114.1	hypothetical protein
JI435_410160	QRC97115.1	hypothetical protein
JI435_410170	QRC97117.1	hypothetical protein
JI435_410180	QRC97143.1	hypothetical protein
JI435_410190	QRC97147.1	hypothetical protein
JI435_410200	QRC97155.1	hypothetical protein
JI435_410210	QRC97160.1	hypothetical protein
JI435_410220	QRC97174.1	hypothetical protein
JI435_410230	QRC97180.1	hypothetical protein
JI435_410240	QRC97191.1	hypothetical protein
JI435_410250	QRC97193.1	hypothetical protein
JI435_410260	QRC97196.1	hypothetical protein
JI435_410270	QRC97200.1	hypothetical protein
JI435_410280	QRC97204.1	hypothetical protein
JI435_410290	QRC97214.1	hypothetical protein
JI435_410300	QRC97217.1	hypothetical protein
JI435_410310	QRC97240.1	hypothetical protein
JI435_410320	QRC97243.1	hypothetical protein
JI435_410330	QRC97244.1	hypothetical protein
JI435_410340	QRC97246.1	hypothetical protein
JI435_410350	QRC97249.1	hypothetical protein
JI435_410360	QRC97253.1	hypothetical protein
JI435_410370	QRC97258.1	hypothetical protein
JI435_410380	QRC97260.1	hypothetical protein
JI435_410390	QRC97264.1	hypothetical protein
JI435_410400	QRC97272.1	hypothetical protein
JI435_410410	QRC97273.1	hypothetical protein
JI435_410420	QRC97290.1	hypothetical protein
JI435_410430	QRC97298.1	hypothetical protein
JI435_410440	QRC97318.1	hypothetical protein
JI435_410450	QRC97341.1	hypothetical protein
JI435_410460	QRC97344.1	hypothetical protein
JI435_410470	QRC97345.1	hypothetical protein
JI435_410480	QRC97355.1	hypothetical protein
JI435_410490	QRC97359.1	hypothetical protein
JI435_410500	QRC97361.1	hypothetical protein
JI435_410510	QRC97370.1	hypothetical protein
JI435_410520	QRC97403.1	hypothetical protein
JI435_410530	QRC97405.1	hypothetical protein
JI435_410540	QRC97435.1	hypothetical protein
JI435_410550	QRC97438.1	hypothetical protein
JI435_410560	QRC97451.1	hypothetical protein
JI435_410570	QRC97456.1	hypothetical protein
JI435_410580	QRC97458.1	hypothetical protein
JI435_410590	QRC97466.1	hypothetical protein
JI435_410600	QRC97476.1	hypothetical protein
JI435_410610	QRC97477.1	hypothetical protein
JI435_410620	QRC97480.1	hypothetical protein
JI435_410630	QRC97482.1	hypothetical protein
JI435_410640	QRC97487.1	hypothetical protein
JI435_410650	QRC97488.1	hypothetical protein
JI435_410660	QRC97503.1	hypothetical protein
JI435_410670	QRC97510.1	hypothetical protein
JI435_410680	QRC97513.1	hypothetical protein
JI435_410690	QRC97528.1	hypothetical protein
JI435_410700	QRC97533.1	hypothetical protein
JI435_410710	QRC97536.1	hypothetical protein
JI435_410720	QRC97546.1	hypothetical protein
JI435_410730	QRC97548.1	hypothetical protein
JI435_410740	QRC97553.1	hypothetical protein
JI435_410750	QRC97554.1	hypothetical protein
JI435_410760	QRC97597.1	hypothetical protein
JI435_410770	QRC97599.1	hypothetical protein
JI435_410780	QRC97601.1	hypothetical protein
JI435_410790	QRC97642.1	hypothetical protein
JI435_410800	QRC97644.1	hypothetical protein
JI435_410810	QRC97646.1	hypothetical protein
JI435_410820	QRC97647.1	hypothetical protein
JI435_410830	QRC97660.1	hypothetical protein
JI435_410840	QRC97663.1	hypothetical protein
JI435_410850	QRC97678.1	hypothetical protein
JI435_410860	QRC97680.1	hypothetical protein
JI435_410870	QRC97701.1	hypothetical protein
JI435_410880	QRC97703.1	hypothetical protein
JI435_410890	QRC97711.1	hypothetical protein
JI435_410900	QRC97714.1	hypothetical protein
JI435_410910	QRC97716.1	hypothetical protein
JI435_410920	QRC97719.1	hypothetical protein
JI435_410930	QRC97733.1	hypothetical protein
JI435_410940	QRC97734.1	hypothetical protein
JI435_410950	QRC97742.1	hypothetical protein
JI435_410960	QRC97756.1	hypothetical protein
JI435_410970	QRC97761.1	hypothetical protein
JI435_410980	QRC97763.1	hypothetical protein
JI435_410990	QRC97768.1	hypothetical protein
JI435_411000	QRC97772.1	hypothetical protein
JI435_411010	QRC97773.1	hypothetical protein
JI435_411020	QRC97779.1	hypothetical protein
JI435_411030	QRC97798.1	hypothetical protein
JI435_411040	QRC97809.1	hypothetical protein
JI435_411050	QRC97811.1	hypothetical protein
JI435_411060	QRC97819.1	hypothetical protein
JI435_411070	QRC97821.1	hypothetical protein
JI435_411080	QRC97823.1	hypothetical protein
JI435_411090	QRC97828.1	hypothetical protein
JI435_411100	QRC97830.1	hypothetical protein
JI435_411110	QRC97833.1	hypothetical protein
JI435_411120	QRC97836.1	hypothetical protein
JI435_411130	QRC97840.1	hypothetical protein
JI435_411140	QRC97849.1	hypothetical protein
JI435_411150	QRC97855.1	hypothetical protein
JI435_411160	QRC97867.1	hypothetical protein
JI435_411170	QRC97872.1	hypothetical protein
JI435_411180	QRC97878.1	hypothetical protein
JI435_411190	QRC97880.1	hypothetical protein
JI435_411200	QRC97884.1	hypothetical protein
JI435_411210	QRC97891.1	hypothetical protein
JI435_411220	QRC97898.1	hypothetical protein
JI435_411230	QRC97913.1	hypothetical protein
JI435_411240	QRC97915.1	hypothetical protein
JI435_411250	QRC97920.1	hypothetical protein
JI435_411260	QRC97923.1	hypothetical protein
JI435_411270	QRC97926.1	hypothetical protein
JI435_411280	QRC97939.1	hypothetical protein
JI435_411290	QRC97952.1	hypothetical protein
JI435_411300	QRC97968.1	hypothetical protein
JI435_411310	QRC97970.1	hypothetical protein
JI435_411320	QRC97972.1	hypothetical protein
JI435_411330	QRC97985.1	hypothetical protein
JI435_411340	QRC98002.1	hypothetical protein
JI435_411360	QRC98011.1	hypothetical protein
JI435_411370	QRC98023.1	hypothetical protein
JI435_411380	QRC98025.1	hypothetical protein
JI435_411390	QRC98058.1	hypothetical protein
JI435_411400	QRC98060.1	hypothetical protein
JI435_411410	QRC98080.1	hypothetical protein
JI435_411420	QRC98084.1	hypothetical protein
JI435_411430	QRC98091.1	hypothetical protein
JI435_411440	QRC98093.1	hypothetical protein
JI435_411450	QRC98098.1	hypothetical protein
JI435_411460	QRC98100.1	hypothetical protein
JI435_411470	QRC98103.1	hypothetical protein
JI435_411480	QRC98104.1	hypothetical protein
JI435_411490	QRC98106.1	hypothetical protein
JI435_411500	QRC98111.1	hypothetical protein
JI435_411510	QRC98113.1	hypothetical protein
JI435_411520	QRC98118.1	hypothetical protein
JI435_411530	QRC98119.1	hypothetical protein
JI435_411540	QRC98120.1	hypothetical protein
JI435_411550	QRC98121.1	hypothetical protein
JI435_411560	QRC98124.1	hypothetical protein
JI435_411570	QRC98135.1	hypothetical protein
JI435_411580	QRC98136.1	hypothetical protein
JI435_411590	QRC98139.1	hypothetical protein
JI435_411600	QRC98142.1	hypothetical protein
JI435_411610	QRC98144.1	hypothetical protein
JI435_411620	QRC98145.1	hypothetical protein
JI435_411630	QRC98158.1	hypothetical protein
JI435_411640	QRC98163.1	hypothetical protein
JI435_411650	QRC98177.1	hypothetical protein
JI435_411660	QRC98180.1	hypothetical protein
JI435_411670	QRC98187.1	hypothetical protein
JI435_411680	QRC98192.1	hypothetical protein
JI435_411690	QRC98202.1	hypothetical protein
JI435_411700	QRC98204.1	hypothetical protein
JI435_411710	QRC98206.1	hypothetical protein
JI435_411720	QRC98207.1	hypothetical protein
JI435_411730	QRC98209.1	hypothetical protein
JI435_411740	QRC98217.1	hypothetical protein
JI435_411750	QRC98224.1	hypothetical protein
JI435_411760	QRC98234.1	hypothetical protein
JI435_411770	QRC98238.1	hypothetical protein
JI435_411780	QRC98239.1	hypothetical protein
JI435_411790	QRC98241.1	hypothetical protein
JI435_411800	QRC98267.1	hypothetical protein
JI435_411810	QRC98285.1	hypothetical protein
JI435_411820	QRC98287.1	hypothetical protein
JI435_411830	QRC98295.1	hypothetical protein
JI435_411840	QRC98300.1	hypothetical protein
JI435_411850	QRC98308.1	hypothetical protein
JI435_411860	QRC98309.1	hypothetical protein
JI435_411870	QRC98311.1	hypothetical protein
JI435_411880	QRC98325.1	hypothetical protein
JI435_411890	QRC98326.1	hypothetical protein
JI435_411900	QRC98337.1	hypothetical protein
JI435_411910	QRC98343.1	hypothetical protein
JI435_411920	QRC98344.1	hypothetical protein
JI435_411930	QRC98351.1	hypothetical protein
JI435_411940	QRC98358.1	hypothetical protein
JI435_411950	QRC98374.1	hypothetical protein
JI435_411960	QRC98379.1	hypothetical protein
JI435_411970	QRC98396.1	hypothetical protein
JI435_411980	QRC98419.1	hypothetical protein
JI435_411990	QRC98421.1	hypothetical protein
JI435_412000	QRC98422.1	hypothetical protein
JI435_412010	QRC98423.1	hypothetical protein
JI435_412020	QRC98424.1	hypothetical protein
JI435_412030	QRC98442.1	hypothetical protein
JI435_412040	QRC98444.1	hypothetical protein
JI435_412050	QRC98448.1	hypothetical protein
JI435_412060	QRC98454.1	hypothetical protein
JI435_412070	QRC98461.1	hypothetical protein
JI435_412080	QRC98472.1	hypothetical protein
JI435_412090	QRC98474.1	hypothetical protein
JI435_412100	QRC98480.1	hypothetical protein
JI435_412110	QRC98482.1	hypothetical protein
JI435_412120	QRC98486.1	hypothetical protein
JI435_412130	QRC98487.1	hypothetical protein
JI435_412140	QRC98489.1	hypothetical protein
JI435_412150	QRC98490.1	hypothetical protein
JI435_412160	QRC98491.1	hypothetical protein
JI435_412170	QRC98492.1	hypothetical protein
JI435_412180	QRC98495.1	hypothetical protein
JI435_412190	QRC98513.1	hypothetical protein
JI435_412200	QRC98524.1	hypothetical protein
JI435_412210	QRC98525.1	hypothetical protein
JI435_412220	QRC98528.1	hypothetical protein
JI435_412230	QRC98537.1	hypothetical protein
JI435_412240	QRC98538.1	hypothetical protein
JI435_412250	QRC98554.1	hypothetical protein
JI435_412260	QRC98555.1	hypothetical protein
JI435_412270	QRC98556.1	hypothetical protein
JI435_412280	QRC98558.1	hypothetical protein
JI435_412290	QRC98570.1	hypothetical protein
JI435_412300	QRC98576.1	hypothetical protein
JI435_412310	QRC98583.1	hypothetical protein
JI435_412320	QRC98585.1	hypothetical protein
JI435_412330	QRC98596.1	hypothetical protein
JI435_412340	QRC98597.1	hypothetical protein
JI435_412350	QRC98604.1	hypothetical protein
JI435_412360	QRC98608.1	hypothetical protein
JI435_412370	QRC98622.1	hypothetical protein
JI435_412380	QRC98631.1	hypothetical protein
JI435_412390	QRC98647.1	hypothetical protein
JI435_412400	QRC98666.1	hypothetical protein
JI435_412410	QRC98669.1	hypothetical protein
JI435_412420	QRC98671.1	hypothetical protein
JI435_412430	QRC98675.1	hypothetical protein
JI435_412440	QRC98682.1	hypothetical protein
JI435_412450	QRC98687.1	hypothetical protein
JI435_412460	QRC98699.1	hypothetical protein
JI435_412470	QRC98701.1	hypothetical protein
JI435_412480	QRC98724.1	hypothetical protein
JI435_412490	QRC98742.1	hypothetical protein
JI435_412500	QRC98756.1	hypothetical protein
JI435_412510	QRC98760.1	hypothetical protein
JI435_412520	QRC98763.1	hypothetical protein
JI435_412530	QRC98775.1	hypothetical protein
JI435_412540	QRC98786.1	hypothetical protein
JI435_412550	QRC98787.1	hypothetical protein
JI435_412560	QRC98790.1	hypothetical protein
JI435_412570	QRC98803.1	hypothetical protein
JI435_412580	QRC98806.1	hypothetical protein
JI435_412590	QRC98810.1	hypothetical protein
JI435_412600	QRC98811.1	hypothetical protein
JI435_412610	QRC98812.1	hypothetical protein
JI435_412620	QRC98813.1	hypothetical protein
JI435_412630	QRC98814.1	hypothetical protein
JI435_412640	QRC98828.1	hypothetical protein
JI435_412650	QRC98830.1	hypothetical protein
JI435_412660	QRC98854.1	hypothetical protein
JI435_412670	QRC98857.1	hypothetical protein
JI435_412680	QRC98866.1	hypothetical protein
JI435_412690	QRC98872.1	hypothetical protein
JI435_412700	QRC98877.1	hypothetical protein
JI435_412710	QRC98879.1	hypothetical protein
JI435_412720	QRC98881.1	hypothetical protein
JI435_412730	QRC98885.1	hypothetical protein
JI435_412740	QRC98886.1	hypothetical protein
JI435_412750	QRC98890.1	hypothetical protein
JI435_412760	QRC98913.1	hypothetical protein
JI435_412770	QRC98916.1	hypothetical protein
JI435_412780	QRC98917.1	hypothetical protein
JI435_412790	QRC98921.1	hypothetical protein
JI435_412800	QRC98924.1	hypothetical protein
JI435_412810	QRC98934.1	hypothetical protein
JI435_412820	QRC98941.1	hypothetical protein
JI435_412830	QRC98942.1	hypothetical protein
JI435_412840	QRC98958.1	hypothetical protein
JI435_412850	QRC98959.1	hypothetical protein
JI435_412860	QRC98960.1	hypothetical protein
JI435_412870	QRC98966.1	hypothetical protein
JI435_412880	QRC98973.1	hypothetical protein
JI435_412890	QRC98979.1	hypothetical protein
JI435_412900	QRC98984.1	hypothetical protein
JI435_412910	QRC99012.1	hypothetical protein
JI435_412920	QRC99013.1	hypothetical protein
JI435_412930	QRC99017.1	hypothetical protein
JI435_412940	QRC99019.1	hypothetical protein
JI435_412950	QRC99020.1	hypothetical protein
JI435_412960	QRC99025.1	hypothetical protein
JI435_412970	QRC99048.1	hypothetical protein
JI435_412980	QRC99049.1	hypothetical protein
JI435_412990	QRC99052.1	hypothetical protein
JI435_413000	QRC99075.1	hypothetical protein
JI435_413010	QRC99084.1	hypothetical protein
JI435_413020	QRC99092.1	hypothetical protein
JI435_413030	QRC99101.1	hypothetical protein
JI435_413040	QRC99119.1	hypothetical protein
JI435_413050	QRC99121.1	hypothetical protein
JI435_413060	QRC99138.1	hypothetical protein
JI435_413070	QRC99139.1	hypothetical protein
JI435_413080	QRC99167.1	hypothetical protein
JI435_413090	QRC99182.1	hypothetical protein
JI435_413100	QRC99212.1	hypothetical protein
JI435_413110	QRC99216.1	hypothetical protein
JI435_413120	QRC99222.1	hypothetical protein
JI435_413130	QRC99226.1	hypothetical protein
JI435_413140	QRC99228.1	hypothetical protein
JI435_413150	QRC99232.1	hypothetical protein
JI435_413160	QRC99234.1	hypothetical protein
JI435_413170	QRC99237.1	hypothetical protein
JI435_413180	QRC99249.1	hypothetical protein
JI435_413190	QRC99275.1	hypothetical protein
JI435_413200	QRC99279.1	hypothetical protein
JI435_413210	QRC99282.1	hypothetical protein
JI435_413220	QRC99291.1	hypothetical protein
JI435_413230	QRC99309.1	hypothetical protein
JI435_413240	QRC99312.1	hypothetical protein
JI435_413250	QRC99324.1	hypothetical protein
JI435_413260	QRC99326.1	hypothetical protein
JI435_413270	QRC99329.1	hypothetical protein
JI435_413280	QRC99336.1	hypothetical protein
JI435_413290	QRC99343.1	hypothetical protein
JI435_413300	QRC99344.1	hypothetical protein
JI435_413310	QRC99368.1	hypothetical protein
JI435_413320	QRC99379.1	hypothetical protein
JI435_413330	QRC99383.1	hypothetical protein
JI435_413340	QRC99388.1	hypothetical protein
JI435_413350	QRC99392.1	hypothetical protein
JI435_413360	QRC99394.1	hypothetical protein
JI435_413370	QRC99395.1	hypothetical protein
JI435_413380	QRC99396.1	hypothetical protein
JI435_413390	QRC99399.1	hypothetical protein
JI435_413400	QRC99400.1	hypothetical protein
JI435_413410	QRC99404.1	hypothetical protein
JI435_413420	QRC99411.1	hypothetical protein
JI435_413430	QRC99422.1	hypothetical protein
JI435_413440	QRC99423.1	hypothetical protein
JI435_413450	QRC99430.1	hypothetical protein
JI435_413460	QRC99434.1	hypothetical protein
JI435_413470	QRC99437.1	hypothetical protein
JI435_413480	QRC99439.1	hypothetical protein
JI435_413490	QRC99451.1	hypothetical protein
JI435_413500	QRC99456.1	hypothetical protein
JI435_413510	QRC99459.1	hypothetical protein
JI435_413520	QRC99467.1	hypothetical protein
JI435_413530	QRC99468.1	hypothetical protein
JI435_413540	QRC99470.1	hypothetical protein
JI435_413550	QRC99474.1	hypothetical protein
JI435_413560	QRC99478.1	hypothetical protein
JI435_413570	QRC99518.1	hypothetical protein
JI435_413580	QRC99526.1	hypothetical protein
JI435_413590	QRC99531.1	hypothetical protein
JI435_413600	QRC99567.1	hypothetical protein
JI435_413610	QRC99576.1	hypothetical protein
JI435_413620	QRC99589.1	hypothetical protein
JI435_413630	QRC99604.1	hypothetical protein
JI435_413640	QRC99608.1	hypothetical protein
JI435_413650	QRC99612.1	hypothetical protein
JI435_413660	QRC99613.1	hypothetical protein
JI435_413670	QRC99616.1	hypothetical protein
JI435_413680	QRC99618.1	hypothetical protein
JI435_413690	QRC99620.1	hypothetical protein
JI435_413700	QRC99621.1	hypothetical protein
JI435_413710	QRC99622.1	hypothetical protein
JI435_413720	QRC99623.1	hypothetical protein
JI435_413730	QRC99624.1	hypothetical protein
JI435_413740	QRC99636.1	hypothetical protein
JI435_413750	QRC99645.1	hypothetical protein
JI435_413760	QRC99652.1	hypothetical protein
JI435_413770	QRC99654.1	hypothetical protein
JI435_413780	QRC99655.1	hypothetical protein
JI435_413790	QRC99656.1	hypothetical protein
JI435_413800	QRC99657.1	hypothetical protein
JI435_413810	QRC99690.1	hypothetical protein
JI435_413820	QRC99701.1	hypothetical protein
JI435_413830	QRC99712.1	hypothetical protein
JI435_413840	QRC99723.1	hypothetical protein
JI435_413850	QRC99725.1	hypothetical protein
JI435_413860	QRC99728.1	hypothetical protein
JI435_413870	QRC99729.1	hypothetical protein
JI435_413880	QRC99730.1	hypothetical protein
JI435_413890	QRC99734.1	hypothetical protein
JI435_413900	QRC99736.1	hypothetical protein
JI435_413910	QRC99738.1	hypothetical protein
JI435_413920	QRC99740.1	hypothetical protein
JI435_413930	QRC99744.1	hypothetical protein
JI435_413940	QRC99745.1	hypothetical protein
JI435_413950	QRC99755.1	hypothetical protein
JI435_413960	QRC99762.1	hypothetical protein
JI435_413970	QRC99768.1	hypothetical protein
JI435_413980	QRC99769.1	hypothetical protein
JI435_413990	QRC99770.1	hypothetical protein
JI435_414000	QRC99774.1	hypothetical protein
JI435_414010	QRC99792.1	hypothetical protein
JI435_414020	QRC99794.1	hypothetical protein
JI435_414030	QRC99804.1	hypothetical protein
JI435_414040	QRC99811.1	hypothetical protein
JI435_414050	QRC99813.1	hypothetical protein
JI435_414060	QRC99814.1	hypothetical protein
JI435_414070	QRC99823.1	hypothetical protein
JI435_414080	QRC99824.1	hypothetical protein
JI435_414090	QRC99825.1	hypothetical protein
JI435_414100	QRC99826.1	hypothetical protein
JI435_414110	QRC99830.1	hypothetical protein
JI435_414120	QRC99834.1	hypothetical protein
JI435_414130	QRC99858.1	hypothetical protein
JI435_414140	QRC99861.1	hypothetical protein
JI435_414150	QRC99863.1	hypothetical protein
JI435_414160	QRC99864.1	hypothetical protein
JI435_414170	QRC99873.1	hypothetical protein
JI435_414180	QRC99874.1	hypothetical protein
JI435_414190	QRC99885.1	hypothetical protein
JI435_414200	QRC99887.1	hypothetical protein
JI435_414210	QRC99895.1	hypothetical protein
JI435_414220	QRC99897.1	hypothetical protein
JI435_414230	QRC99898.1	hypothetical protein
JI435_414240	QRC99899.1	hypothetical protein
JI435_414250	QRC99905.1	hypothetical protein
JI435_414260	QRC99914.1	hypothetical protein
JI435_414270	QRC99917.1	hypothetical protein
JI435_414280	QRC99921.1	hypothetical protein
JI435_414290	QRC99928.1	hypothetical protein
JI435_414300	QRC99930.1	hypothetical protein
JI435_414310	QRC99955.1	hypothetical protein
JI435_414320	QRC99964.1	hypothetical protein
JI435_414330	QRC99970.1	hypothetical protein
JI435_414340	QRC99976.1	hypothetical protein
JI435_414350	QRC99991.1	hypothetical protein
JI435_414360	QRC99998.1	hypothetical protein
JI435_414370	QRD00005.1	hypothetical protein
JI435_414380	QRD00010.1	hypothetical protein
JI435_414390	QRD00013.1	hypothetical protein
JI435_414400	QRD00015.1	hypothetical protein
JI435_414410	QRD00025.1	hypothetical protein
JI435_414420	QRD00026.1	hypothetical protein
JI435_414430	QRD00029.1	hypothetical protein
JI435_414440	QRD00031.1	hypothetical protein
JI435_414450	QRD00039.1	hypothetical protein
JI435_414460	QRD00044.1	hypothetical protein
JI435_414470	QRD00049.1	hypothetical protein
JI435_414480	QRD00053.1	hypothetical protein
JI435_414490	QRD00056.1	hypothetical protein
JI435_414500	QRD00059.1	hypothetical protein
JI435_414520	QRD00076.1	hypothetical protein
JI435_414530	QRD00087.1	hypothetical protein
JI435_414540	QRD00097.1	hypothetical protein
JI435_414550	QRD00098.1	hypothetical protein
JI435_414560	QRD00100.1	hypothetical protein
JI435_414570	QRD00101.1	hypothetical protein
JI435_414580	QRD00102.1	hypothetical protein
JI435_414590	QRD00104.1	hypothetical protein
JI435_414600	QRD00105.1	hypothetical protein
JI435_414610	QRD00106.1	hypothetical protein
JI435_414620	QRD00110.1	hypothetical protein
JI435_414630	QRD00143.1	hypothetical protein
JI435_414640	QRD00150.1	hypothetical protein
JI435_414650	QRD00155.1	hypothetical protein
JI435_414660	QRD00158.1	hypothetical protein
JI435_414670	QRD00159.1	hypothetical protein
JI435_414680	QRD00174.1	hypothetical protein
JI435_414690	QRD00176.1	hypothetical protein
JI435_414700	QRD00179.1	hypothetical protein
JI435_414710	QRD00184.1	hypothetical protein
JI435_414720	QRD00188.1	hypothetical protein
JI435_414730	QRD00190.1	hypothetical protein
JI435_414740	QRD00191.1	hypothetical protein
JI435_414750	QRD00198.1	hypothetical protein
JI435_414760	QRD00204.1	hypothetical protein
JI435_414770	QRD00205.1	hypothetical protein
JI435_414780	QRD00207.1	hypothetical protein
JI435_414790	QRD00208.1	hypothetical protein
JI435_414800	QRD00217.1	hypothetical protein
JI435_414810	QRD00221.1	hypothetical protein
JI435_414820	QRD00227.1	hypothetical protein
JI435_414830	QRD00230.1	hypothetical protein
JI435_414840	QRD00232.1	hypothetical protein
JI435_414850	QRD00233.1	hypothetical protein
JI435_414860	QRD00235.1	hypothetical protein
JI435_414870	QRD00244.1	hypothetical protein
JI435_414880	QRD00246.1	hypothetical protein
JI435_414890	QRD00252.1	hypothetical protein
JI435_414900	QRD00254.1	hypothetical protein
JI435_414910	QRD00261.1	hypothetical protein
JI435_414920	QRD00263.1	hypothetical protein
JI435_414930	QRD00264.1	hypothetical protein
JI435_414940	QRD00280.1	hypothetical protein
JI435_414950	QRD00283.1	hypothetical protein
JI435_414960	QRD00291.1	hypothetical protein
JI435_414980	QRD00304.1	hypothetical protein
JI435_414990	QRD00318.1	hypothetical protein
JI435_415000	QRD00320.1	hypothetical protein
JI435_415010	QRD00326.1	hypothetical protein
JI435_415020	QRD00331.1	hypothetical protein
JI435_415030	QRD00332.1	hypothetical protein
JI435_415040	QRD00333.1	hypothetical protein
JI435_415050	QRD00334.1	hypothetical protein
JI435_415060	QRD00336.1	hypothetical protein
JI435_415070	QRD00338.1	hypothetical protein
JI435_415080	QRD00339.1	hypothetical protein
JI435_415090	QRD00345.1	hypothetical protein
JI435_415100	QRD00351.1	hypothetical protein
JI435_415110	QRD00352.1	hypothetical protein
JI435_415120	QRD00353.1	hypothetical protein
JI435_415130	QRD00356.1	hypothetical protein
JI435_415140	QRD00364.1	hypothetical protein
JI435_415150	QRD00373.1	hypothetical protein
JI435_415160	QRD00376.1	hypothetical protein
JI435_415170	QRD00425.1	hypothetical protein
JI435_415180	QRD00442.1	hypothetical protein
JI435_415190	QRD00443.1	hypothetical protein
JI435_415200	QRD00446.1	hypothetical protein
JI435_415210	QRD00463.1	hypothetical protein
JI435_415220	QRD00477.1	hypothetical protein
JI435_415230	QRD00478.1	hypothetical protein
JI435_415240	QRD00480.1	hypothetical protein
JI435_415250	QRD00482.1	hypothetical protein
JI435_415260	QRD00488.1	hypothetical protein
JI435_415270	QRD00502.1	hypothetical protein
JI435_415280	QRD00514.1	hypothetical protein
JI435_415290	QRD00517.1	hypothetical protein
JI435_415300	QRD00528.1	hypothetical protein
JI435_415310	QRD00531.1	hypothetical protein
JI435_415320	QRD00532.1	hypothetical protein
JI435_415330	QRD00559.1	hypothetical protein
JI435_415340	QRD00573.1	hypothetical protein
JI435_415350	QRD00588.1	hypothetical protein
JI435_415360	QRD00591.1	hypothetical protein
JI435_415370	QRD00600.1	hypothetical protein
JI435_415380	QRD00603.1	hypothetical protein
JI435_415390	QRD00604.1	hypothetical protein
JI435_415400	QRD00606.1	hypothetical protein
JI435_415410	QRD00607.1	hypothetical protein
JI435_415420	QRD00608.1	hypothetical protein
JI435_415430	QRD00609.1	hypothetical protein
JI435_415440	QRD00610.1	hypothetical protein
JI435_415450	QRD00617.1	hypothetical protein
JI435_415460	QRD00621.1	hypothetical protein
JI435_415470	QRD00622.1	hypothetical protein
JI435_415480	QRD00624.1	hypothetical protein
JI435_415490	QRD00634.1	hypothetical protein
JI435_415520	QRD00638.1	hypothetical protein
JI435_415540	QRD00646.1	hypothetical protein
JI435_415550	QRD00647.1	hypothetical protein
JI435_415560	QRD00648.1	hypothetical protein
JI435_415570	QRD00655.1	hypothetical protein
JI435_415580	QRD00657.1	hypothetical protein
JI435_415590	QRD00659.1	hypothetical protein
JI435_415600	QRD00676.1	hypothetical protein
JI435_415610	QRD00682.1	hypothetical protein
JI435_415620	QRD00684.1	hypothetical protein
JI435_415630	QRD00687.1	hypothetical protein
JI435_415640	QRD00696.1	hypothetical protein
JI435_415650	QRD00698.1	hypothetical protein
JI435_415660	QRD00706.1	hypothetical protein
JI435_415670	QRD00714.1	hypothetical protein
JI435_415680	QRD00716.1	hypothetical protein
JI435_415690	QRD00717.1	hypothetical protein
JI435_415700	QRD00732.1	hypothetical protein
JI435_415710	QRD00741.1	hypothetical protein
JI435_415720	QRD00743.1	hypothetical protein
JI435_415730	QRD00744.1	hypothetical protein
JI435_415740	QRD00746.1	hypothetical protein
JI435_415750	QRD00748.1	hypothetical protein
JI435_415760	QRD00758.1	hypothetical protein
JI435_415770	QRD00773.1	hypothetical protein
JI435_415780	QRD00786.1	hypothetical protein
JI435_415790	QRD00797.1	hypothetical protein
JI435_415800	QRD00808.1	hypothetical protein
JI435_415810	QRD00811.1	hypothetical protein
JI435_415820	QRD00813.1	hypothetical protein
JI435_415830	QRD00814.1	hypothetical protein
JI435_415840	QRD00818.1	hypothetical protein
JI435_415850	QRD00820.1	hypothetical protein
JI435_415860	QRD00825.1	hypothetical protein
JI435_415870	QRD00827.1	hypothetical protein
JI435_415880	QRD00835.1	hypothetical protein
JI435_415890	QRD00854.1	hypothetical protein
JI435_415900	QRD00889.1	hypothetical protein
JI435_415910	QRD00891.1	hypothetical protein
JI435_415920	QRD00893.1	hypothetical protein
JI435_415930	QRD00896.1	hypothetical protein
JI435_415940	QRD00901.1	hypothetical protein
JI435_415950	QRD00903.1	hypothetical protein
JI435_415960	QRD00909.1	hypothetical protein
JI435_415970	QRD00932.1	hypothetical protein
JI435_415980	QRD00933.1	hypothetical protein
JI435_415990	QRD00934.1	hypothetical protein
JI435_416000	QRD00935.1	hypothetical protein
JI435_416010	QRD00937.1	hypothetical protein
JI435_416020	QRD00938.1	hypothetical protein
JI435_416030	QRD00939.1	hypothetical protein
JI435_416040	QRD00940.1	hypothetical protein
JI435_416050	QRD00941.1	hypothetical protein
JI435_416060	QRD00956.1	hypothetical protein
JI435_416070	QRD00973.1	hypothetical protein
JI435_416080	QRD00975.1	hypothetical protein
JI435_416090	QRD00978.1	hypothetical protein
JI435_416100	QRD00983.1	hypothetical protein
JI435_416110	QRD01009.1	hypothetical protein
JI435_416120	QRD01014.1	hypothetical protein
JI435_416130	QRD01021.1	hypothetical protein
JI435_416140	QRD01034.1	hypothetical protein
JI435_416150	QRD01046.1	hypothetical protein
JI435_416160	QRD01047.1	hypothetical protein
JI435_416170	QRD01063.1	hypothetical protein
JI435_416180	QRD01078.1	hypothetical protein
JI435_416190	QRD01081.1	hypothetical protein
JI435_416200	QRD01115.1	hypothetical protein
JI435_416210	QRD01126.1	hypothetical protein
JI435_416220	QRD01132.1	hypothetical protein
JI435_416230	QRD01134.1	hypothetical protein
JI435_416240	QRD01137.1	hypothetical protein
JI435_416250	QRD01154.1	hypothetical protein
JI435_416260	QRD01177.1	hypothetical protein
JI435_416270	QRD01180.1	hypothetical protein
JI435_416280	QRD01183.1	hypothetical protein
JI435_416290	QRD01201.1	hypothetical protein
JI435_416300	QRD01204.1	hypothetical protein
JI435_416320	QRD01207.1	hypothetical protein
JI435_416330	QRD01233.1	hypothetical protein
JI435_416340	QRD01237.1	hypothetical protein
JI435_416350	QRD01250.1	hypothetical protein
JI435_416360	QRD01273.1	hypothetical protein
JI435_416370	QRD01276.1	hypothetical protein
JI435_416380	QRD01298.1	hypothetical protein
JI435_416390	QRD01314.1	hypothetical protein
JI435_416400	QRD01327.1	hypothetical protein
JI435_416410	QRD01330.1	hypothetical protein
JI435_416420	QRD01331.1	hypothetical protein
JI435_416430	QRD01332.1	hypothetical protein
JI435_416440	QRD01337.1	hypothetical protein
JI435_416450	QRD01340.1	hypothetical protein
JI435_416460	QRD01342.1	hypothetical protein
JI435_416470	QRD01355.1	hypothetical protein
JI435_416480	QRD01357.1	hypothetical protein
JI435_416490	QRD01362.1	hypothetical protein
JI435_416500	QRD01363.1	hypothetical protein
JI435_416510	QRD01364.1	hypothetical protein
JI435_416520	QRD01366.1	hypothetical protein
JI435_416530	QRD01388.1	hypothetical protein
JI435_416540	QRD01393.1	hypothetical protein
JI435_416550	QRD01404.1	hypothetical protein
JI435_416560	QRD01412.1	hypothetical protein
JI435_416570	QRD01415.1	hypothetical protein
JI435_416580	QRD01417.1	hypothetical protein
JI435_416590	QRD01418.1	hypothetical protein
JI435_416600	QRD01420.1	hypothetical protein
JI435_416610	QRD01422.1	hypothetical protein
JI435_416620	QRD01423.1	hypothetical protein
JI435_416630	QRD01426.1	hypothetical protein
JI435_416640	QRD01428.1	hypothetical protein
JI435_416650	QRD01429.1	hypothetical protein
JI435_416660	QRD01430.1	hypothetical protein
JI435_416670	QRD01436.1	hypothetical protein
JI435_416680	QRD01444.1	hypothetical protein
JI435_416690	QRD01451.1	hypothetical protein
JI435_416700	QRD01457.1	hypothetical protein
JI435_416710	QRD01463.1	hypothetical protein
JI435_416720	QRD01466.1	hypothetical protein
JI435_416730	QRD01468.1	hypothetical protein
JI435_416740	QRD01479.1	hypothetical protein
JI435_416750	QRD01482.1	hypothetical protein
JI435_416760	QRD01486.1	hypothetical protein
JI435_416770	QRD01489.1	hypothetical protein
JI435_416780	QRD01493.1	hypothetical protein
JI435_416790	QRD01495.1	hypothetical protein
JI435_416800	QRD01496.1	hypothetical protein
JI435_416810	QRD01502.1	hypothetical protein
JI435_416820	QRD01506.1	hypothetical protein
JI435_416830	QRD01508.1	hypothetical protein
JI435_416840	QRD01511.1	hypothetical protein
JI435_416850	QRD01513.1	hypothetical protein
JI435_416860	QRD01514.1	hypothetical protein
JI435_416870	QRD01516.1	hypothetical protein
JI435_416880	QRD01517.1	hypothetical protein
JI435_416890	QRD01518.1	hypothetical protein
JI435_416900	QRD01520.1	hypothetical protein
JI435_416910	QRD01532.1	hypothetical protein
JI435_416920	QRD01533.1	hypothetical protein
JI435_416930	QRD01535.1	hypothetical protein
JI435_416940	QRD01539.1	hypothetical protein
JI435_416950	QRD01540.1	hypothetical protein
JI435_416960	QRD01544.1	hypothetical protein
JI435_416970	QRD01557.1	hypothetical protein
JI435_416980	QRD01569.1	hypothetical protein
JI435_416990	QRD01571.1	hypothetical protein
JI435_417000	QRD01576.1	hypothetical protein
JI435_417010	QRD01580.1	hypothetical protein
JI435_417020	QRD01589.1	hypothetical protein
JI435_417030	QRD01591.1	hypothetical protein
JI435_417040	QRD01595.1	hypothetical protein
JI435_417050	QRD01597.1	hypothetical protein
JI435_417060	QRD01608.1	hypothetical protein
JI435_417070	QRD01627.1	hypothetical protein
JI435_417080	QRD01641.1	hypothetical protein
JI435_417090	QRD01642.1	hypothetical protein
JI435_417100	QRD01651.1	hypothetical protein
JI435_417110	QRD01654.1	hypothetical protein
JI435_417120	QRD01684.1	hypothetical protein
JI435_417130	QRD01691.1	hypothetical protein
JI435_417140	QRD01693.1	hypothetical protein
JI435_417150	QRD01694.1	hypothetical protein
JI435_417160	QRD01700.1	hypothetical protein
JI435_417170	QRD01703.1	hypothetical protein
JI435_417180	QRD01705.1	hypothetical protein
JI435_417190	QRD01715.1	hypothetical protein
JI435_417200	QRD01738.1	hypothetical protein
JI435_417210	QRD01752.1	hypothetical protein
JI435_417220	QRD01810.1	hypothetical protein
JI435_417230	QRD01823.1	hypothetical protein
JI435_417240	QRD01833.1	hypothetical protein
JI435_417250	QRD01835.1	hypothetical protein
JI435_417260	QRD01858.1	hypothetical protein
JI435_417270	QRD01872.1	hypothetical protein
JI435_417280	QRD01873.1	hypothetical protein
JI435_417290	QRD01875.1	hypothetical protein
JI435_417300	QRD01877.1	hypothetical protein
JI435_417310	QRD01884.1	hypothetical protein
JI435_417320	QRD01895.1	hypothetical protein
JI435_417330	QRD01898.1	hypothetical protein
JI435_417340	QRD01899.1	hypothetical protein
JI435_417350	QRD01901.1	hypothetical protein
JI435_417360	QRD01913.1	hypothetical protein
JI435_417370	QRD01915.1	hypothetical protein
JI435_417380	QRD01922.1	hypothetical protein
JI435_417390	QRD01967.1	hypothetical protein
JI435_417400	QRD01971.1	hypothetical protein
JI435_417410	QRD01995.1	hypothetical protein
JI435_417420	QRD01998.1	hypothetical protein
JI435_417430	QRD01999.1	hypothetical protein
JI435_417440	QRD02002.1	hypothetical protein
JI435_417450	QRD02006.1	hypothetical protein
JI435_417460	QRD02013.1	hypothetical protein
JI435_417470	QRD02014.1	hypothetical protein
JI435_417480	QRD02015.1	hypothetical protein
JI435_417490	QRD02024.1	hypothetical protein
JI435_417500	QRD02028.1	hypothetical protein
JI435_417510	QRD02048.1	hypothetical protein
JI435_417520	QRD02078.1	hypothetical protein
JI435_417530	QRD02087.1	hypothetical protein
JI435_417540	QRD02089.1	hypothetical protein
JI435_417550	QRD02117.1	hypothetical protein
JI435_417560	QRD02120.1	hypothetical protein
JI435_417570	QRD02130.1	hypothetical protein
JI435_417580	QRD02134.1	hypothetical protein
JI435_417590	QRD02148.1	hypothetical protein
JI435_417600	QRD02163.1	hypothetical protein
JI435_417610	QRD02165.1	hypothetical protein
JI435_417620	QRD02171.1	hypothetical protein
JI435_417630	QRD02181.1	hypothetical protein
JI435_417640	QRD02183.1	hypothetical protein
JI435_417650	QRD02184.1	hypothetical protein
JI435_417660	QRD02200.1	hypothetical protein
JI435_417670	QRD02204.1	hypothetical protein
JI435_417680	QRD02210.1	hypothetical protein
JI435_417690	QRD02215.1	hypothetical protein
JI435_417700	QRD02249.1	hypothetical protein
JI435_417710	QRD02259.1	hypothetical protein
JI435_417720	QRD02270.1	hypothetical protein
JI435_417730	QRD02272.1	hypothetical protein
JI435_417740	QRD02273.1	hypothetical protein
JI435_417750	QRD02304.1	hypothetical protein
JI435_417760	QRD02305.1	hypothetical protein
JI435_417770	QRD02313.1	hypothetical protein
JI435_417780	QRD02327.1	hypothetical protein
JI435_417790	QRD02342.1	hypothetical protein
JI435_417800	QRD02344.1	hypothetical protein
JI435_417810	QRD02345.1	hypothetical protein
JI435_417820	QRD02350.1	hypothetical protein
JI435_417830	QRD02356.1	hypothetical protein
JI435_417840	QRD02361.1	hypothetical protein
JI435_417850	QRD02371.1	hypothetical protein
JI435_417860	QRD02372.1	hypothetical protein
JI435_417870	QRD02376.1	hypothetical protein
JI435_417880	QRD02386.1	hypothetical protein
JI435_417890	QRD02388.1	hypothetical protein
JI435_417900	QRD02389.1	hypothetical protein
JI435_417910	QRD02399.1	hypothetical protein
JI435_417920	QRD02400.1	hypothetical protein
JI435_417930	QRD02403.1	hypothetical protein
JI435_417940	QRD02406.1	hypothetical protein
JI435_417950	QRD02413.1	hypothetical protein
JI435_417960	QRD02420.1	hypothetical protein
JI435_417970	QRD02422.1	hypothetical protein
JI435_417980	QRD02437.1	hypothetical protein
JI435_417990	QRD02440.1	hypothetical protein
JI435_418000	QRD02448.1	hypothetical protein
JI435_418010	QRD02470.1	hypothetical protein
JI435_418020	QRD02473.1	hypothetical protein
JI435_418030	QRD02474.1	hypothetical protein
JI435_418040	QRD02475.1	hypothetical protein
JI435_418050	QRD02476.1	hypothetical protein
JI435_418060	QRD02478.1	hypothetical protein
JI435_418070	QRD02480.1	hypothetical protein
JI435_418080	QRD02481.1	hypothetical protein
JI435_418090	QRD02482.1	hypothetical protein
JI435_418100	QRD02483.1	hypothetical protein
JI435_418110	QRD02486.1	hypothetical protein
JI435_418120	QRD02487.1	hypothetical protein
JI435_418130	QRD02488.1	hypothetical protein
JI435_418140	QRD02490.1	hypothetical protein
JI435_418150	QRD02498.1	hypothetical protein
JI435_418160	QRD02508.1	hypothetical protein
JI435_418170	QRD02520.1	hypothetical protein
JI435_418180	QRD02523.1	hypothetical protein
JI435_418190	QRD02549.1	hypothetical protein
JI435_418200	QRD02556.1	hypothetical protein
JI435_418210	QRD02586.1	hypothetical protein
JI435_418220	QRD02591.1	hypothetical protein
JI435_418230	QRD02592.1	hypothetical protein
JI435_418240	QRD02596.1	hypothetical protein
JI435_418250	QRD02614.1	hypothetical protein
JI435_418260	QRD02618.1	hypothetical protein
JI435_418270	QRD02624.1	hypothetical protein
JI435_418280	QRD02625.1	hypothetical protein
JI435_418290	QRD02639.1	hypothetical protein
JI435_418300	QRD02641.1	hypothetical protein
JI435_418310	QRD02642.1	hypothetical protein
JI435_418320	QRD02643.1	hypothetical protein
JI435_418330	QRD02645.1	hypothetical protein
JI435_418340	QRD02646.1	hypothetical protein
JI435_418350	QRD02648.1	hypothetical protein
JI435_418360	QRD02659.1	hypothetical protein
JI435_418370	QRD02660.1	hypothetical protein
JI435_418380	QRD02663.1	hypothetical protein
JI435_418390	QRD02666.1	hypothetical protein
JI435_418400	QRD02668.1	hypothetical protein
JI435_418410	QRD02670.1	hypothetical protein
JI435_418420	QRD02676.1	hypothetical protein
JI435_418430	QRD02677.1	hypothetical protein
JI435_418440	QRD02690.1	hypothetical protein
JI435_418450	QRD02696.1	hypothetical protein
JI435_418460	QRD02698.1	hypothetical protein
JI435_418470	QRD02706.1	hypothetical protein
JI435_418480	QRD02712.1	hypothetical protein
JI435_418490	QRD02718.1	hypothetical protein
JI435_418500	QRD02726.1	hypothetical protein
JI435_418510	QRD02728.1	hypothetical protein
JI435_418520	QRD02730.1	hypothetical protein
JI435_418530	QRD02733.1	hypothetical protein
JI435_418540	QRD02735.1	hypothetical protein
JI435_418550	QRD02745.1	hypothetical protein
JI435_418560	QRD02762.1	hypothetical protein
JI435_418570	QRD02765.1	hypothetical protein
JI435_418580	QRD02767.1	hypothetical protein
JI435_418590	QRD02768.1	hypothetical protein
JI435_418600	QRD02769.1	hypothetical protein
JI435_418610	QRD02770.1	hypothetical protein
JI435_418620	QRD02771.1	hypothetical protein
JI435_418630	QRD02772.1	hypothetical protein
JI435_418640	QRD02773.1	hypothetical protein
JI435_418650	QRD02784.1	hypothetical protein
JI435_418660	QRD02787.1	hypothetical protein
JI435_418670	QRD02789.1	hypothetical protein
JI435_418680	QRD02793.1	hypothetical protein
JI435_418690	QRD02803.1	hypothetical protein
JI435_418700	QRD02810.1	hypothetical protein
JI435_418710	QRD02813.1	hypothetical protein
JI435_418720	QRD02817.1	hypothetical protein
JI435_418730	QRD02830.1	hypothetical protein
JI435_418740	QRD02836.1	hypothetical protein
JI435_418750	QRD02837.1	hypothetical protein
JI435_418760	QRD02864.1	hypothetical protein
JI435_418770	QRD02866.1	hypothetical protein
JI435_418780	QRD02881.1	hypothetical protein
JI435_418790	QRD02890.1	hypothetical protein
JI435_418800	QRD02896.1	hypothetical protein
JI435_418810	QRD02897.1	hypothetical protein
JI435_418820	QRD02913.1	hypothetical protein
JI435_418830	QRD02922.1	hypothetical protein
JI435_418840	QRD02939.1	hypothetical protein
JI435_418850	QRD02951.1	hypothetical protein
JI435_418860	QRD02957.1	hypothetical protein
JI435_418870	QRD02961.1	hypothetical protein
JI435_418880	QRD02969.1	hypothetical protein
JI435_418890	QRD02984.1	hypothetical protein
JI435_418910	QRD02999.1	hypothetical protein
JI435_418920	QRD03000.1	hypothetical protein
JI435_418930	QRD03001.1	hypothetical protein
JI435_418940	QRD03002.1	hypothetical protein
JI435_418950	QRD03017.1	hypothetical protein
JI435_418960	QRD03023.1	hypothetical protein
JI435_418970	QRD03028.1	hypothetical protein
JI435_418990	QRD03038.1	hypothetical protein
JI435_419000	QRD03053.1	hypothetical protein
JI435_419010	QRD03054.1	hypothetical protein
JI435_419020	QRD03056.1	hypothetical protein
JI435_419030	QRD03057.1	hypothetical protein
JI435_419040	QRD03064.1	hypothetical protein
JI435_419050	QRD03070.1	hypothetical protein
JI435_419060	QRD03076.1	hypothetical protein
JI435_419070	QRD03081.1	hypothetical protein
JI435_419080	QRD03083.1	hypothetical protein
JI435_419090	QRD03085.1	hypothetical protein
JI435_419100	QRD03091.1	hypothetical protein
JI435_419110	QRD03094.1	hypothetical protein
JI435_419120	QRD03095.1	hypothetical protein
JI435_419130	QRD03097.1	hypothetical protein
JI435_419140	QRD03100.1	hypothetical protein
JI435_419150	QRD03101.1	hypothetical protein
JI435_419160	QRD03111.1	hypothetical protein
JI435_419170	QRD03113.1	hypothetical protein
JI435_419180	QRD03114.1	hypothetical protein
JI435_419190	QRD03120.1	hypothetical protein
JI435_419200	QRD03138.1	hypothetical protein
JI435_419210	QRD03145.1	hypothetical protein
JI435_419220	QRD03199.1	hypothetical protein
JI435_419230	QRD03200.1	hypothetical protein
JI435_419240	QRD03202.1	hypothetical protein
JI435_419250	QRD03203.1	hypothetical protein
JI435_419260	QRD03213.1	hypothetical protein
JI435_419270	QRD03229.1	hypothetical protein
JI435_419280	QRD03235.1	hypothetical protein
JI435_419290	QRD03238.1	hypothetical protein
JI435_419300	QRD03248.1	hypothetical protein
JI435_419310	QRD03252.1	hypothetical protein
JI435_419320	QRD03305.1	hypothetical protein
JI435_419330	QRD03309.1	hypothetical protein
JI435_419340	QRD03316.1	hypothetical protein
JI435_419350	QRD03317.1	hypothetical protein
JI435_419360	QRD03318.1	hypothetical protein
JI435_419370	QRD03337.1	hypothetical protein
JI435_419380	QRD03339.1	hypothetical protein
JI435_419390	QRD03351.1	hypothetical protein
JI435_419400	QRD03363.1	hypothetical protein
JI435_419410	QRD03365.1	hypothetical protein
JI435_419420	QRD03378.1	hypothetical protein
JI435_419430	QRD03385.1	hypothetical protein
JI435_419440	QRD03397.1	hypothetical protein
JI435_419450	QRD03398.1	hypothetical protein
JI435_419460	QRD03399.1	hypothetical protein
JI435_419470	QRD03407.1	hypothetical protein
JI435_419480	QRD03408.1	hypothetical protein
JI435_419500	QRD03417.1	hypothetical protein
JI435_419510	QRD03418.1	hypothetical protein
JI435_419520	QRD03423.1	hypothetical protein
JI435_419530	QRD03428.1	hypothetical protein
JI435_419540	QRD03450.1	hypothetical protein
JI435_419550	QRD03455.1	hypothetical protein
JI435_419560	QRD03463.1	hypothetical protein
JI435_419570	QRD03464.1	hypothetical protein
JI435_419580	QRD03474.1	hypothetical protein
JI435_419590	QRD03475.1	hypothetical protein
JI435_419600	QRD03479.1	hypothetical protein
JI435_419610	QRD03481.1	hypothetical protein
JI435_419620	QRD03489.1	hypothetical protein
JI435_419630	QRD03500.1	hypothetical protein
JI435_419640	QRD03508.1	hypothetical protein
JI435_419650	QRD03515.1	hypothetical protein
JI435_419660	QRD03516.1	hypothetical protein
JI435_419670	QRD03525.1	hypothetical protein
JI435_419680	QRD03531.1	hypothetical protein
JI435_419690	QRD03534.1	hypothetical protein
JI435_419700	QRD03535.1	hypothetical protein
JI435_419710	QRD03537.1	hypothetical protein
JI435_419720	QRD03539.1	hypothetical protein
JI435_419730	QRD03542.1	hypothetical protein
JI435_419740	QRD03543.1	hypothetical protein
JI435_419750	QRD03544.1	hypothetical protein
JI435_419760	QRD03546.1	hypothetical protein
JI435_419770	QRD03549.1	hypothetical protein
JI435_419780	QRD03550.1	hypothetical protein
JI435_419790	QRD03553.1	hypothetical protein
JI435_419800	QRD03559.1	hypothetical protein
JI435_419810	QRD03563.1	hypothetical protein
JI435_419820	QRD03569.1	hypothetical protein
JI435_419830	QRD03571.1	hypothetical protein
JI435_419840	QRD03573.1	hypothetical protein
JI435_419850	QRD03574.1	hypothetical protein
JI435_419860	QRD03577.1	hypothetical protein
JI435_419870	QRD03578.1	hypothetical protein
JI435_419880	QRD03583.1	hypothetical protein
JI435_419890	QRD03584.1	hypothetical protein
JI435_419900	QRD03585.1	hypothetical protein
JI435_419910	QRD03588.1	hypothetical protein
JI435_419920	QRD03592.1	hypothetical protein
JI435_419930	QRD03593.1	hypothetical protein
JI435_419940	QRD03600.1	hypothetical protein
JI435_419950	QRD03602.1	hypothetical protein
JI435_419960	QRD03606.1	hypothetical protein
JI435_419970	QRD03607.1	hypothetical protein
JI435_419980	QRD03609.1	hypothetical protein
JI435_419990	QRD03610.1	hypothetical protein
JI435_420000	QRD03612.1	hypothetical protein
JI435_420010	QRD03628.1	hypothetical protein
JI435_420020	QRD03633.1	hypothetical protein
JI435_420030	QRD03638.1	hypothetical protein
JI435_420040	QRD03650.1	hypothetical protein
JI435_420050	QRD03663.1	hypothetical protein
JI435_420060	QRD03668.1	hypothetical protein
JI435_420070	QRD03671.1	hypothetical protein
JI435_420080	QRD03674.1	hypothetical protein
JI435_420090	QRD03676.1	hypothetical protein
JI435_420100	QRD03677.1	hypothetical protein
JI435_420110	QRD03679.1	hypothetical protein
JI435_420120	QRD03681.1	hypothetical protein
JI435_420130	QRD03690.1	hypothetical protein
JI435_420140	QRD03691.1	hypothetical protein
JI435_420150	QRD03699.1	hypothetical protein
JI435_420160	QRD03702.1	hypothetical protein
JI435_420170	QRD03715.1	hypothetical protein
JI435_420180	QRD03719.1	hypothetical protein
JI435_420190	QRD03746.1	hypothetical protein
JI435_420200	QRD03757.1	hypothetical protein
JI435_420210	QRD03758.1	hypothetical protein
JI435_420220	QRD03759.1	hypothetical protein
JI435_420230	QRD03768.1	hypothetical protein
JI435_420240	QRD03770.1	hypothetical protein
JI435_420250	QRD03771.1	hypothetical protein
JI435_420260	QRD03775.1	hypothetical protein
JI435_420270	QRD03784.1	hypothetical protein
JI435_420280	QRD03787.1	hypothetical protein
JI435_420290	QRD03796.1	hypothetical protein
JI435_420300	QRD03798.1	hypothetical protein
JI435_420310	QRD03800.1	hypothetical protein
JI435_420320	QRD03801.1	hypothetical protein
JI435_420330	QRD03821.1	hypothetical protein
JI435_420340	QRD03829.1	hypothetical protein
JI435_420350	QRD03847.1	hypothetical protein
JI435_420360	QRD03851.1	hypothetical protein
JI435_420370	QRD03853.1	hypothetical protein
JI435_420380	QRD03854.1	hypothetical protein
JI435_420390	QRD03855.1	hypothetical protein
JI435_420400	QRD03859.1	hypothetical protein
JI435_420410	QRD03861.1	hypothetical protein
JI435_420420	QRD03862.1	hypothetical protein
JI435_420430	QRD03873.1	hypothetical protein
JI435_420440	QRD03878.1	hypothetical protein
JI435_420450	QRD03903.1	hypothetical protein
JI435_420460	QRD03906.1	hypothetical protein
JI435_420470	QRD03916.1	hypothetical protein
JI435_420480	QRD03917.1	hypothetical protein
JI435_420490	QRD03921.1	hypothetical protein
JI435_420500	QRD03938.1	hypothetical protein
JI435_420510	QRD03948.1	hypothetical protein
JI435_420520	QRD03980.1	hypothetical protein
JI435_420530	QRD03994.1	hypothetical protein
JI435_420540	QRD03997.1	hypothetical protein
JI435_420550	QRD04020.1	hypothetical protein
JI435_420570	QRD04048.1	hypothetical protein
JI435_420580	QRD04054.1	hypothetical protein
JI435_420590	QRD04060.1	hypothetical protein
JI435_420600	QRD04061.1	hypothetical protein
JI435_420610	QRD04064.1	hypothetical protein
JI435_420620	QRD04065.1	hypothetical protein
JI435_420630	QRD04067.1	hypothetical protein
JI435_420640	QRD04068.1	hypothetical protein
JI435_420650	QRD04070.1	hypothetical protein
JI435_420660	QRD04076.1	hypothetical protein
JI435_420670	QRD04078.1	hypothetical protein
JI435_420680	QRD04081.1	hypothetical protein
JI435_420690	QRD04089.1	hypothetical protein
JI435_420700	QRD04098.1	hypothetical protein
JI435_420710	QRD04100.1	hypothetical protein
JI435_420720	QRD04103.1	hypothetical protein
JI435_420730	QRD04113.1	hypothetical protein
JI435_420740	QRD04115.1	hypothetical protein
JI435_420750	QRD04125.1	hypothetical protein
JI435_420760	QRD04136.1	hypothetical protein
JI435_420770	QRD04139.1	hypothetical protein
JI435_420780	QRD04141.1	hypothetical protein
JI435_420790	QRD04143.1	hypothetical protein
JI435_420800	QRD04152.1	hypothetical protein
JI435_420810	QRD04173.1	hypothetical protein
JI435_420820	QRD04175.1	hypothetical protein
JI435_420830	QRD04181.1	hypothetical protein
JI435_420840	QRD04186.1	hypothetical protein
JI435_420850	QRD04187.1	hypothetical protein
JI435_420860	QRD04194.1	hypothetical protein
JI435_420870	QRD04237.1	hypothetical protein
JI435_420880	QRD04260.1	hypothetical protein
JI435_420890	QRD04266.1	hypothetical protein
JI435_420900	QRD04269.1	hypothetical protein
JI435_420910	QRD04275.1	hypothetical protein
JI435_420920	QRD04276.1	hypothetical protein
JI435_420930	QRD04281.1	hypothetical protein
JI435_420940	QRD04283.1	hypothetical protein
JI435_420950	QRD04293.1	hypothetical protein
JI435_420960	QRD04309.1	hypothetical protein
JI435_420970	QRD04323.1	hypothetical protein
JI435_420980	QRD04334.1	hypothetical protein
JI435_420990	QRD04339.1	hypothetical protein
JI435_421000	QRD04343.1	hypothetical protein
JI435_421010	QRD04344.1	hypothetical protein
JI435_421020	QRD04362.1	hypothetical protein
JI435_421030	QRD04369.1	hypothetical protein
JI435_421040	QRD04382.1	hypothetical protein
JI435_421050	QRD04384.1	hypothetical protein
JI435_421060	QRD04386.1	hypothetical protein
JI435_421070	QRD04387.1	hypothetical protein
JI435_421080	QRD04404.1	hypothetical protein
JI435_421090	QRD04408.1	hypothetical protein
JI435_421100	QRD04411.1	hypothetical protein
JI435_421110	QRD04419.1	hypothetical protein
JI435_421120	QRD04421.1	hypothetical protein
JI435_421130	QRD04425.1	hypothetical protein
JI435_421140	QRD04437.1	hypothetical protein
JI435_421150	QRD04439.1	hypothetical protein
JI435_421160	QRD04442.1	hypothetical protein
JI435_421170	QRD04443.1	hypothetical protein
JI435_421180	QRD04459.1	hypothetical protein
JI435_421190	QRD04461.1	hypothetical protein
JI435_421200	QRD04462.1	hypothetical protein
JI435_421210	QRD04463.1	hypothetical protein
JI435_421220	QRD04465.1	hypothetical protein
JI435_421240	QRD04472.1	hypothetical protein
JI435_421250	QRD04473.1	hypothetical protein
JI435_421260	QRD04474.1	hypothetical protein
JI435_421270	QRD04475.1	hypothetical protein
JI435_421280	QRD04476.1	hypothetical protein
JI435_421290	QRD04478.1	hypothetical protein
JI435_421300	QRD04483.1	hypothetical protein
JI435_421310	QRD04484.1	hypothetical protein
JI435_421320	QRD04485.1	hypothetical protein
JI435_421330	QRD04486.1	hypothetical protein
JI435_421340	QRD04488.1	hypothetical protein
JI435_421350	QRD04489.1	hypothetical protein
JI435_421360	QRD04491.1	hypothetical protein
JI435_421370	QRD04492.1	hypothetical protein
JI435_421380	QRD04494.1	hypothetical protein
JI435_421390	QRD04498.1	hypothetical protein
JI435_421400	QRD04501.1	hypothetical protein
JI435_421410	QRD04512.1	hypothetical protein
JI435_421420	QRD04513.1	hypothetical protein
JI435_421430	QRD04515.1	hypothetical protein
JI435_421440	QRD04523.1	hypothetical protein
JI435_421450	QRD04576.1	hypothetical protein
JI435_421460	QRD04578.1	hypothetical protein
JI435_421470	QRD04609.1	hypothetical protein
JI435_421480	QRD04611.1	hypothetical protein
JI435_421490	QRD04620.1	hypothetical protein
JI435_421500	QRD04633.1	hypothetical protein
JI435_421510	QRD04637.1	hypothetical protein
JI435_421520	QRD04640.1	hypothetical protein
JI435_421530	QRD04658.1	hypothetical protein
JI435_421540	QRD04677.1	hypothetical protein
JI435_421550	QRD04687.1	hypothetical protein
JI435_421560	QRD04688.1	hypothetical protein
JI435_421570	QRD04693.1	hypothetical protein
JI435_421580	QRD04698.1	hypothetical protein
JI435_421590	QRD04704.1	hypothetical protein
JI435_421600	QRD04709.1	hypothetical protein
JI435_421610	QRD04731.1	hypothetical protein
JI435_421620	QRD04751.1	hypothetical protein
JI435_421630	QRD04755.1	hypothetical protein
JI435_421640	QRD04759.1	hypothetical protein
JI435_421650	QRD04764.1	hypothetical protein
JI435_421660	QRD04776.1	hypothetical protein
JI435_421670	QRD04780.1	hypothetical protein
JI435_421680	QRD04781.1	hypothetical protein
JI435_421690	QRD04785.1	hypothetical protein
JI435_421700	QRD04790.1	hypothetical protein
JI435_421710	QRD04791.1	hypothetical protein
JI435_421720	QRD04795.1	hypothetical protein
JI435_421730	QRD04800.1	hypothetical protein
JI435_421740	QRD04804.1	hypothetical protein
JI435_421750	QRD04806.1	hypothetical protein
JI435_421760	QRD04810.1	hypothetical protein
JI435_421770	QRD04815.1	hypothetical protein
JI435_421780	QRD04829.1	hypothetical protein
JI435_421790	QRD04831.1	hypothetical protein
JI435_421800	QRD04833.1	hypothetical protein
JI435_421810	QRD04841.1	hypothetical protein
JI435_421820	QRD04842.1	hypothetical protein
JI435_421830	QRD04843.1	hypothetical protein
JI435_421840	QRD04845.1	hypothetical protein
JI435_421850	QRD04851.1	hypothetical protein
JI435_421860	QRD04855.1	hypothetical protein
JI435_421870	QRD04856.1	hypothetical protein
JI435_421880	QRD04859.1	hypothetical protein
JI435_421890	QRD04861.1	hypothetical protein
JI435_421900	QRD04894.1	hypothetical protein
JI435_421910	QRD04930.1	hypothetical protein
JI435_421920	QRD04945.1	hypothetical protein
JI435_421930	QRD04946.1	hypothetical protein
JI435_421940	QRD04947.1	hypothetical protein
JI435_421950	QRD05025.1	hypothetical protein
JI435_421960	QRD05054.1	hypothetical protein
JI435_421970	QRD05059.1	hypothetical protein
JI435_421980	QRD05066.1	hypothetical protein
JI435_421990	QRD05067.1	hypothetical protein
JI435_422000	QRD05069.1	hypothetical protein
JI435_422010	QRD05087.1	hypothetical protein
JI435_422020	QRD05090.1	hypothetical protein
JI435_422030	QRD05105.1	hypothetical protein
JI435_422040	QRD05118.1	hypothetical protein
JI435_422050	QRD05131.1	hypothetical protein
JI435_422060	QRD05133.1	hypothetical protein
JI435_422070	QRD05135.1	hypothetical protein
JI435_422080	QRD05144.1	hypothetical protein
JI435_422090	QRD05154.1	hypothetical protein
JI435_422100	QRD05163.1	hypothetical protein
JI435_422110	QRD05166.1	hypothetical protein
JI435_422120	QRD05205.1	hypothetical protein
JI435_422130	QRD05206.1	hypothetical protein
JI435_422140	QRD05208.1	hypothetical protein
JI435_422150	QRD05217.1	hypothetical protein
JI435_422160	QRD05231.1	hypothetical protein
JI435_422170	QRD05232.1	hypothetical protein
JI435_422180	QRD05255.1	hypothetical protein
JI435_422190	QRD05259.1	hypothetical protein
JI435_422200	QRD05261.1	hypothetical protein
JI435_422210	QRD05263.1	hypothetical protein
JI435_422220	QRD05295.1	hypothetical protein
JI435_422230	QRD05305.1	hypothetical protein
JI435_422240	QRD05307.1	hypothetical protein
JI435_422250	QRD05312.1	hypothetical protein
JI435_422260	QRD05313.1	hypothetical protein
JI435_422270	QRD05321.1	hypothetical protein
JI435_422280	QRD05327.1	hypothetical protein
JI435_422290	QRD05330.1	hypothetical protein
JI435_422300	QRD05334.1	hypothetical protein
JI435_422310	QRD05335.1	hypothetical protein
JI435_422320	QRD05337.1	hypothetical protein
JI435_422330	QRD05361.1	hypothetical protein
JI435_422340	QRD05367.1	hypothetical protein
JI435_422350	QRD05369.1	hypothetical protein
JI435_422360	QRD05373.1	hypothetical protein
JI435_422370	QRD05379.1	hypothetical protein
JI435_422380	QRD05385.1	hypothetical protein
JI435_422390	QRD05388.1	hypothetical protein
JI435_422400	QRD05393.1	hypothetical protein
JI435_422410	QRD05401.1	hypothetical protein
JI435_422420	QRD05410.1	hypothetical protein
JI435_422430	QRD05422.1	hypothetical protein
JI435_422440	QRD05424.1	hypothetical protein
JI435_422450	QRD05428.1	hypothetical protein
JI435_422460	QRD05443.1	hypothetical protein
JI435_422470	QRD05445.1	hypothetical protein
JI435_422480	QRD05452.1	hypothetical protein
JI435_422490	QRD05465.1	hypothetical protein
JI435_422500	QRD05496.1	hypothetical protein
JI435_422510	QRD05505.1	hypothetical protein
JI435_422520	QRD05507.1	chitinase
JI435_422530	QRD05545.1	hypothetical protein
JI435_422540	QRD05596.1	hypothetical protein
JI435_422550	QRD05603.1	hypothetical protein
JI435_422560	QRD05622.1	hypothetical protein
JI435_422570	QRD05626.1	hypothetical protein
JI435_422580	QRD05629.1	hypothetical protein
JI435_422590	QRD05640.1	hypothetical protein
JI435_422600	QRD05651.1	hypothetical protein
JI435_422610	QRD05660.1	hypothetical protein
JI435_422620	QRD05682.1	hypothetical protein
JI435_422630	QRD05686.1	hypothetical protein
JI435_422640	QRD05696.1	hypothetical protein
JI435_422650	QRD05699.1	hypothetical protein
JI435_422660	QRD05700.1	hypothetical protein
JI435_422670	QRD05704.1	hypothetical protein
JI435_422680	QRD05705.1	hypothetical protein
JI435_422690	QRD05717.1	hypothetical protein
JI435_422700	QRD05719.1	hypothetical protein
JI435_422710	QRD05728.1	hypothetical protein
JI435_422720	QRD05732.1	hypothetical protein
JI435_422730	QRD05733.1	hypothetical protein
JI435_422740	QRD05739.1	hypothetical protein
JI435_422750	QRD05751.1	hypothetical protein
JI435_422760	QRD05760.1	hypothetical protein
JI435_422770	QRD05762.1	hypothetical protein
JI435_422780	QRD05776.1	hypothetical protein
JI435_422790	QRD05781.1	hypothetical protein
JI435_422800	QRD05794.1	hypothetical protein
JI435_422810	QRD05798.1	hypothetical protein
JI435_422820	QRD05835.1	hypothetical protein
JI435_422830	QRD05847.1	hypothetical protein
JI435_422840	QRD05862.1	hypothetical protein
JI435_422850	QRD05866.1	hypothetical protein
JI435_422860	QRD05868.1	hypothetical protein
JI435_422870	QRD05869.1	hypothetical protein
JI435_422880	QRD05873.1	hypothetical protein
JI435_422890	QRD05899.1	hypothetical protein
JI435_422900	QRD05901.1	hypothetical protein
JI435_422910	QRD05902.1	hypothetical protein
JI435_422920	QRD05905.1	hypothetical protein
JI435_422930	QRD05929.1	hypothetical protein
JI435_422940	QRD05936.1	hypothetical protein
JI435_422950	QRD05942.1	hypothetical protein
JI435_422960	QRD05943.1	hypothetical protein
JI435_422970	QRD05955.1	hypothetical protein
JI435_422980	QRD05956.1	hypothetical protein
JI435_422990	QRD05965.1	hypothetical protein
JI435_423000	QRD05980.1	hypothetical protein
JI435_423010	QRD05982.1	hypothetical protein
JI435_423020	QRD05984.1	hypothetical protein
JI435_423030	QRD05994.1	hypothetical protein
JI435_423040	QRD06035.1	hypothetical protein
JI435_423050	QRD06037.1	hypothetical protein
JI435_423060	QRD06041.1	hypothetical protein
JI435_423070	QRD06098.1	hypothetical protein
JI435_423080	QRD06100.1	hypothetical protein
JI435_423090	QRD06128.1	hypothetical protein
JI435_423100	QRD06143.1	hypothetical protein
JI435_423110	QRD06155.1	hypothetical protein
JI435_423120	QRD06172.1	hypothetical protein
JI435_423130	QRD06205.1	hypothetical protein
JI435_423140	QRD06208.1	hypothetical protein
JI435_423150	QRD06230.1	hypothetical protein
JI435_423160	QRD06233.1	hypothetical protein
JI435_423170	QRD06257.1	hypothetical protein
JI435_423180	QRD06269.1	hypothetical protein
JI435_423190	QRD06279.1	hypothetical protein
JI435_423200	QRD06293.1	hypothetical protein
JI435_423210	QRD06296.1	hypothetical protein
JI435_423220	QRD06318.1	hypothetical protein
JI435_423230	QRD06331.1	hypothetical protein
JI435_423240	QRD06332.1	hypothetical protein
JI435_423250	QRD06351.1	hypothetical protein
JI435_423260	QRD06352.1	hypothetical protein
JI435_423270	QRD06359.1	hypothetical protein
JI435_423280	QRD06362.1	hypothetical protein
JI435_423290	QRD06365.1	hypothetical protein
JI435_423300	QRD06373.1	hypothetical protein
JI435_423310	QRD06396.1	hypothetical protein
JI435_423320	QRD06418.1	hypothetical protein
JI435_423330	QRD06434.1	hypothetical protein
JI435_423340	QRD06443.1	hypothetical protein
JI435_423350	QRD06450.1	hypothetical protein
JI435_423360	QRD06484.1	hypothetical protein
JI435_423370	QRD06485.1	hypothetical protein
JI435_423380	QRD06494.1	hypothetical protein
JI435_423390	QRD06497.1	hypothetical protein
JI435_423400	QRD06513.1	hypothetical protein
JI435_423410	QRD06552.1	hypothetical protein
JI435_423420	QRD06566.1	hypothetical protein
JI435_423430	QRD06568.1	hypothetical protein
JI435_423440	QRD06570.1	hypothetical protein
JI435_423450	QRD06579.1	hypothetical protein
JI435_423460	QRD06582.1	hypothetical protein
JI435_423470	QRD06586.1	hypothetical protein
JI435_423480	QRD06592.1	hypothetical protein
JI435_423490	QRD06607.1	hypothetical protein
JI435_423500	QRD06617.1	hypothetical protein
JI435_423510	QRD06618.1	hypothetical protein
JI435_423520	QRD06619.1	hypothetical protein
JI435_423530	QRD06622.1	hypothetical protein
JI435_423540	QRD06669.1	hypothetical protein
JI435_423550	QRD06692.1	hypothetical protein
JI435_423560	QRD06709.1	hypothetical protein
JI435_423570	QRD06714.1	hypothetical protein
JI435_423580	QRD06715.1	hypothetical protein
JI435_423590	QRD06716.1	hypothetical protein
JI435_423600	QRD06717.1	hypothetical protein
JI435_423610	QRD06719.1	hypothetical protein
JI435_423620	QRD06737.1	hypothetical protein
JI435_423630	QRD06751.1	hypothetical protein
JI435_423640	QRD06752.1	hypothetical protein
JI435_423650	QRD06753.1	hypothetical protein
JI435_423660	QRD06758.1	hypothetical protein
JI435_423670	QRD06761.1	hypothetical protein
JI435_423680	QRD06763.1	hypothetical protein
JI435_423690	QRD06765.1	hypothetical protein
JI435_423700	QRD06780.1	hypothetical protein
JI435_423710	QRD06791.1	hypothetical protein
JI435_423720	QRD06798.1	hypothetical protein
JI435_423730	QRD06802.1	hypothetical protein
JI435_423740	QRD06803.1	hypothetical protein
JI435_423750	QRD06812.1	hypothetical protein
JI435_423760	QRD06846.1	hypothetical protein
JI435_423770	QRD06847.1	signal recognition particle receptor subunit beta
JI435_423780	QRD06871.1	hypothetical protein
JI435_423790	QRD06872.1	hypothetical protein
JI435_423800	QRD06875.1	hypothetical protein
JI435_423810	QRD06888.1	hypothetical protein
JI435_423820	QRD06899.1	hypothetical protein
JI435_423830	QRD06901.1	hypothetical protein
JI435_423840	QRD06912.1	hypothetical protein
JI435_423850	QRD06914.1	hypothetical protein
JI435_423860	QRD06917.1	hypothetical protein
JI435_423870	QRD06969.1	hypothetical protein
JI435_423880	QRD07003.1	hypothetical protein
JI435_423890	QRD07004.1	hypothetical protein
JI435_423900	QRD07005.1	hypothetical protein
JI435_423910	QRD07009.1	hypothetical protein
JI435_423920	QRD07012.1	hypothetical protein
JI435_423930	QRD07014.1	hypothetical protein
JI435_423940	QRD07024.1	hypothetical protein
JI435_423950	QRD07037.1	hypothetical protein
JI435_423960	QRD07039.1	hypothetical protein
JI435_423970	QRD07044.1	hypothetical protein
JI435_423980	QRD07097.1	hypothetical protein
JI435_423990	QRD07133.1	hypothetical protein
JI435_424000	QRD07154.1	hypothetical protein
JI435_424010	QRD07165.1	hypothetical protein
JI435_424020	QRD07166.1	hypothetical protein
JI435_424030	QRD07181.1	hypothetical protein
JI435_424040	QRD07183.1	hypothetical protein
JI435_424050	QRD07184.1	hypothetical protein
JI435_424060	QRD07185.1	hypothetical protein
JI435_424070	QRD07217.1	hypothetical protein
JI435_424080	QRD07219.1	hypothetical protein
JI435_424090	QRD07221.1	hypothetical protein
JI435_424100	QRD07226.1	hypothetical protein
JI435_424110	QRD07235.1	hypothetical protein
JI435_424120	QRD07239.1	hypothetical protein
JI435_424130	QRD07247.1	hypothetical protein
JI435_424140	QRD07256.1	hypothetical protein
JI435_424150	QRD07261.1	hypothetical protein
JI435_424160	QRD07265.1	hypothetical protein
JI435_424180	QRD07285.1	hypothetical protein
JI435_424190	QRD07286.1	hypothetical protein
JI435_424200	QRD07292.1	hypothetical protein
JI435_424210	QRD07297.1	hypothetical protein
JI435_424220	QRD07314.1	hypothetical protein
JI435_424230	QRD07320.1	hypothetical protein
JI435_424240	QRD07322.1	hypothetical protein
JI435_424250	QRD07325.1	hypothetical protein
JI435_424260	QRD07338.1	hypothetical protein
JI435_424270	QRD07345.1	hypothetical protein
JI435_424280	QRD07368.1	hypothetical protein
JI435_424290	QRD07370.1	hypothetical protein
JI435_424300	QRD07374.1	hypothetical protein
JI435_424310	QRD07376.1	hypothetical protein
JI435_424320	QRD07391.1	hypothetical protein
JI435_424330	QRD07414.1	hypothetical protein
JI435_424340	QRD07415.1	hypothetical protein
JI435_424350	QRD07419.1	hypothetical protein
JI435_424360	QRD07421.1	hypothetical protein
JI435_424370	QRD07437.1	hypothetical protein
JI435_424380	QRD07439.1	hypothetical protein
JI435_424390	QRD07443.1	hypothetical protein
JI435_424400	QRD07448.1	hypothetical protein
JI435_424410	QRD07465.1	hypothetical protein
JI435_424420	QRD07473.1	hypothetical protein
JI435_424430	QRD07474.1	hypothetical protein
JI435_424440	QRD07475.1	hypothetical protein
JI435_424450	QRD07478.1	hypothetical protein
JI435_424460	QRD07489.1	hypothetical protein
JI435_424470	QRD07491.1	hypothetical protein
JI435_424480	QRD07499.1	hypothetical protein
JI435_424490	QRD07502.1	hypothetical protein
JI435_424500	QRD07503.1	hypothetical protein
JI435_424510	QRD07507.1	hypothetical protein
JI435_424520	QRD07508.1	hypothetical protein
JI435_424530	QRD07532.1	hypothetical protein
JI435_424540	QRD07540.1	hypothetical protein
JI435_424550	QRD07541.1	hypothetical protein
JI435_424560	QRD07545.1	hypothetical protein
JI435_424570	QRD07546.1	hypothetical protein
JI435_424580	QRD07547.1	hypothetical protein
JI435_424590	QRD07556.1	hypothetical protein
JI435_424600	QRD07557.1	hypothetical protein
JI435_424610	QRD07563.1	hypothetical protein
JI435_424620	QRD07569.1	hypothetical protein
JI435_424630	QRD07586.1	hypothetical protein
JI435_424640	QRD07603.1	hypothetical protein
JI435_424650	QRD07629.1	hypothetical protein
JI435_424660	QRD07630.1	hypothetical protein
JI435_424670	QRD07631.1	hypothetical protein
JI435_424680	QRD07633.1	hypothetical protein
JI435_424690	QRD07648.1	hypothetical protein
JI435_424700	QRD07650.1	hypothetical protein
JI435_424710	QRD07660.1	hypothetical protein
JI435_424720	QRD07663.1	hypothetical protein
JI435_424730	QRD07696.1	hypothetical protein
JI435_424740	QRD07697.1	hypothetical protein
JI435_424750	QRD07698.1	hypothetical protein
JI435_424760	QRD07708.1	hypothetical protein
JI435_424770	QRD07711.1	hypothetical protein
JI435_424780	QRD07736.1	hypothetical protein
JI435_424790	QRD07741.1	hypothetical protein
JI435_424800	QRD07757.1	hypothetical protein
JI435_424810	QRD07775.1	hypothetical protein
JI435_424820	QRD07779.1	hypothetical protein
JI435_424840	QRC92200.1	hypothetical protein
JI435_424850	QRC92199.1	hypothetical protein
JI435_424860	QRC99742.1	hypothetical protein
JI435_424870	QRC93733.1	hypothetical protein
JI435_424880	QRD04214.1	hypothetical protein
JI435_424890	QRC96451.1	hypothetical protein
JI435_424910	QRC90036.1	hypothetical protein
JI435_424920	QRC90041.1	hypothetical protein
JI435_424950	QRC90070.1	hypothetical protein
JI435_424960	QRC90071.1	hypothetical protein
JI435_424970	QRC90083.1	hypothetical protein
JI435_424980	QRC90117.1	hypothetical protein
JI435_425040	QRC90154.1	hypothetical protein
JI435_425060	QRC90197.1	hypothetical protein
JI435_425070	QRC90199.1	hypothetical protein
JI435_425090	QRC90221.1	hypothetical protein
JI435_425110	QRC90223.1	hypothetical protein
JI435_425120	QRC90230.1	hypothetical protein
JI435_425160	QRC90281.1	hypothetical protein
JI435_425170	QRC90282.1	hypothetical protein
JI435_425180	QRC90290.1	hypothetical protein
JI435_425210	QRC90305.1	hypothetical protein
JI435_425220	QRC90306.1	hypothetical protein
JI435_425230	QRC90310.1	hypothetical protein
JI435_425260	QRC90342.1	hypothetical protein
JI435_425300	QRC90377.1	hypothetical protein
JI435_425310	QRC90396.1	hypothetical protein
JI435_425320	QRC90402.1	hypothetical protein
JI435_425330	QRC90417.1	hypothetical protein
JI435_425340	QRC90429.1	hypothetical protein
JI435_425350	QRC90436.1	hypothetical protein
JI435_425380	QRC90448.1	hypothetical protein
JI435_425440	QRC90493.1	hypothetical protein
JI435_425490	QRC90499.1	hypothetical protein
JI435_425500	QRC90502.1	hypothetical protein
JI435_425520	QRC90507.1	hypothetical protein
JI435_425530	QRC90514.1	hypothetical protein
JI435_425540	QRC90516.1	hypothetical protein
JI435_425550	QRC90517.1	hypothetical protein
JI435_425560	QRC90518.1	hypothetical protein
JI435_425600	QRC90531.1	hypothetical protein
JI435_425620	QRC90534.1	hypothetical protein
JI435_425660	QRC90541.1	hypothetical protein
JI435_425700	QRC90567.1	hypothetical protein
JI435_425740	QRC90601.1	hypothetical protein
JI435_425750	QRC90621.1	hypothetical protein
JI435_425760	QRC90630.1	carboxylic ester hydrolase
JI435_425770	QRC90643.1	hypothetical protein
JI435_425790	QRC90648.1	hypothetical protein
JI435_425800	QRC90649.1	hypothetical protein
JI435_425810	QRC90650.1	hypothetical protein
JI435_425830	QRC90695.1	hypothetical protein
JI435_425840	QRC90696.1	hypothetical protein
JI435_425870	QRC90709.1	hypothetical protein
JI435_425880	QRC90712.1	hypothetical protein
JI435_425890	QRC90713.1	hypothetical protein
JI435_425900	QRC90714.1	hypothetical protein
JI435_425910	QRC90729.1	hypothetical protein
JI435_425950	QRC90768.1	hypothetical protein
JI435_425970	QRC90791.1	hypothetical protein
JI435_426060	QRC90894.1	hypothetical protein
JI435_426070	QRC90895.1	hypothetical protein
JI435_426080	QRC90898.1	hypothetical protein
JI435_426090	QRC90899.1	hypothetical protein
JI435_426100	QRC90900.1	hypothetical protein
JI435_426110	QRC90901.1	hypothetical protein
JI435_426130	QRC90920.1	hypothetical protein
JI435_426150	QRC90932.1	hypothetical protein
JI435_426160	QRC90933.1	hypothetical protein
JI435_426180	QRC90957.1	hypothetical protein
JI435_426190	QRC90958.1	hypothetical protein
JI435_426200	QRC90959.1	hypothetical protein
JI435_426210	QRC90963.1	hypothetical protein
JI435_426230	QRC90966.1	hypothetical protein
JI435_426240	QRC90986.1	hypothetical protein
JI435_426250	QRC90991.1	hypothetical protein
JI435_426270	QRC91007.1	hypothetical protein
JI435_426290	QRC91009.1	hypothetical protein
JI435_426300	QRC91010.1	hypothetical protein
JI435_426310	QRC91012.1	hypothetical protein
JI435_426320	QRC91017.1	hypothetical protein
JI435_426340	QRC91025.1	hypothetical protein
JI435_426350	QRC91026.1	hypothetical protein
JI435_426380	QRC91028.1	hypothetical protein
JI435_426400	QRC91029.1	hypothetical protein
JI435_426410	QRC91038.1	hypothetical protein
JI435_426430	QRC91064.1	hypothetical protein
JI435_426440	QRC91065.1	hypothetical protein
JI435_426460	QRC91083.1	hypothetical protein
JI435_426470	QRC91091.1	hypothetical protein
JI435_426480	QRC91109.1	hypothetical protein
JI435_426490	QRC91110.1	hypothetical protein
JI435_426500	QRC91123.1	hypothetical protein
JI435_426520	QRC91132.1	hypothetical protein
JI435_426530	QRC91136.1	hypothetical protein
JI435_426560	QRC91190.1	hypothetical protein
JI435_426580	QRC91201.1	hypothetical protein
JI435_426600	QRC91219.1	hypothetical protein
JI435_426630	QRC91222.1	hypothetical protein
JI435_426640	QRC91223.1	hypothetical protein
JI435_426660	QRC91225.1	hypothetical protein
JI435_426670	QRC91254.1	hypothetical protein
JI435_426690	QRC91272.1	hypothetical protein
JI435_426750	QRC91334.1	hypothetical protein
JI435_426760	QRC91344.1	hypothetical protein
JI435_426770	QRC91347.1	hypothetical protein
JI435_426780	QRC91348.1	hypothetical protein
JI435_426790	QRC91363.1	hypothetical protein
JI435_426840	QRC91390.1	hypothetical protein
JI435_426850	QRC91391.1	hypothetical protein
JI435_426860	QRC91402.1	hypothetical protein
JI435_426910	QRC91491.1	hypothetical protein
JI435_426920	QRC91492.1	hypothetical protein
JI435_426930	QRC91495.1	hypothetical protein
JI435_426940	QRC91511.1	hypothetical protein
JI435_426960	QRC91518.1	hypothetical protein
JI435_426970	QRC91523.1	hypothetical protein
JI435_426990	QRC91546.1	hypothetical protein
JI435_427010	QRC91553.1	hypothetical protein
JI435_427040	QRC91561.1	hypothetical protein
JI435_427050	QRC91562.1	hypothetical protein
JI435_427060	QRC91572.1	hypothetical protein
JI435_427070	QRC91573.1	hypothetical protein
JI435_427080	QRC91574.1	hypothetical protein
JI435_427090	QRC91575.1	hypothetical protein
JI435_427100	QRC91576.1	hypothetical protein
JI435_427110	QRC91577.1	hypothetical protein
JI435_427120	QRC91578.1	hypothetical protein
JI435_427130	QRC91580.1	hypothetical protein
JI435_427150	QRC91587.1	hypothetical protein
JI435_427160	QRC91596.1	hypothetical protein
JI435_427180	QRC91611.1	hypothetical protein
JI435_427230	QRC91626.1	hypothetical protein
JI435_427240	QRC91627.1	hypothetical protein
JI435_427250	QRC91630.1	hypothetical protein
JI435_427260	QRC91635.1	hypothetical protein
JI435_427270	QRC91645.1	hypothetical protein
JI435_427280	QRC91646.1	hypothetical protein
JI435_427290	QRC91662.1	hypothetical protein
JI435_427300	QRC91675.1	hypothetical protein
JI435_427310	QRC91678.1	hypothetical protein
JI435_427340	QRC91688.1	hypothetical protein
JI435_427350	QRC91692.1	hypothetical protein
JI435_427380	QRC91715.1	hypothetical protein
JI435_427400	QRC91734.1	hypothetical protein
JI435_427410	QRC91742.1	hypothetical protein
JI435_427450	QRC91832.1	hypothetical protein
JI435_427500	QRC91854.1	hypothetical protein
JI435_427540	QRC91920.1	hypothetical protein
JI435_427560	QRC91954.1	hypothetical protein
JI435_427570	QRC91969.1	hypothetical protein
JI435_427580	QRC91998.1	hypothetical protein
JI435_427590	QRC92006.1	hypothetical protein
JI435_427600	QRC92007.1	hypothetical protein
JI435_427610	QRC92008.1	hypothetical protein
JI435_427620	QRC92010.1	hypothetical protein
JI435_427630	QRC92011.1	hypothetical protein
JI435_427640	QRC92045.1	hypothetical protein
JI435_427660	QRC92067.1	hypothetical protein
JI435_427670	QRC92078.1	hypothetical protein
JI435_427680	QRC92091.1	hypothetical protein
JI435_427690	QRC92133.1	hypothetical protein
JI435_427700	QRC92146.1	hypothetical protein
JI435_427710	QRC92147.1	hypothetical protein
JI435_427720	QRC92148.1	hypothetical protein
JI435_427740	QRC92185.1	hypothetical protein
JI435_427750	QRC92186.1	hypothetical protein
JI435_428030	QRC92204.1	hypothetical protein
JI435_428050	QRC92241.1	hypothetical protein
JI435_428070	QRC92260.1	hypothetical protein
JI435_428080	QRC92281.1	hypothetical protein
JI435_428090	QRC92282.1	hypothetical protein
JI435_428100	QRC92283.1	hypothetical protein
JI435_428110	QRC92284.1	hypothetical protein
JI435_428120	QRC92296.1	hypothetical protein
JI435_428130	QRC92297.1	hypothetical protein
JI435_428140	QRC92298.1	hypothetical protein
JI435_428150	QRC92307.1	hypothetical protein
JI435_428160	QRC92313.1	hypothetical protein
JI435_428170	QRC92346.1	hypothetical protein
JI435_428180	QRC92354.1	hypothetical protein
JI435_428190	QRC92357.1	hypothetical protein
JI435_428200	QRC92362.1	hypothetical protein
JI435_428230	QRC92401.1	hypothetical protein
JI435_428270	QRC92454.1	hypothetical protein
JI435_428290	QRC92457.1	hypothetical protein
JI435_428300	QRC92459.1	hypothetical protein
JI435_428310	QRC92464.1	hypothetical protein
JI435_428340	QRC92518.1	hypothetical protein
JI435_428370	QRC92541.1	hypothetical protein
JI435_428380	QRC92550.1	hypothetical protein
JI435_428390	QRC92571.1	hypothetical protein
JI435_428410	QRC92573.1	hypothetical protein
JI435_428420	QRC92593.1	hypothetical protein
JI435_428470	QRC92656.1	hypothetical protein
JI435_428480	QRC92684.1	hypothetical protein
JI435_428500	QRC92690.1	hypothetical protein
JI435_428520	QRC92709.1	hypothetical protein
JI435_428530	QRC92710.1	hypothetical protein
JI435_428550	QRC92736.1	hypothetical protein
JI435_428570	QRC92738.1	hypothetical protein
JI435_428580	QRC92739.1	hypothetical protein
JI435_428590	QRC92800.1	hypothetical protein
JI435_428600	QRC92824.1	hypothetical protein
JI435_428630	QRC92865.1	hypothetical protein
JI435_428640	QRC92866.1	hypothetical protein
JI435_428650	QRC92877.1	hypothetical protein
JI435_428670	QRC92889.1	hypothetical protein
JI435_428680	QRC92890.1	hypothetical protein
JI435_428720	QRC92961.1	hypothetical protein
JI435_428730	QRC92985.1	hypothetical protein
JI435_428740	QRC92986.1	hypothetical protein
JI435_428780	QRC93009.1	hypothetical protein
JI435_428790	QRC93021.1	hypothetical protein
JI435_428800	QRC93035.1	hypothetical protein
JI435_428810	QRC93052.1	hypothetical protein
JI435_428820	QRC93072.1	hypothetical protein
JI435_428830	QRC93081.1	hypothetical protein
JI435_428880	QRC93092.1	hypothetical protein
JI435_428910	QRC93132.1	hypothetical protein
JI435_428920	QRC93133.1	hypothetical protein
JI435_429000	QRC93157.1	hypothetical protein
JI435_429020	QRC93167.1	hypothetical protein
JI435_429030	QRC93173.1	hypothetical protein
JI435_429040	QRC93174.1	hypothetical protein
JI435_429050	QRC93175.1	hypothetical protein
JI435_429060	QRC93178.1	hypothetical protein
JI435_429070	QRC93179.1	hypothetical protein
JI435_429080	QRC93180.1	hypothetical protein
JI435_429090	QRC93187.1	hypothetical protein
JI435_429100	QRC93195.1	hypothetical protein
JI435_429130	QRC93214.1	hypothetical protein
JI435_429140	QRC93215.1	hypothetical protein
JI435_429150	QRC93220.1	hypothetical protein
JI435_429160	QRC93232.1	hypothetical protein
JI435_429190	QRC93309.1	hypothetical protein
JI435_429200	QRC93313.1	hypothetical protein
JI435_429220	QRC93324.1	hypothetical protein
JI435_429230	QRC93355.1	hypothetical protein
JI435_429240	QRC93356.1	hypothetical protein
JI435_429250	QRC93375.1	hypothetical protein
JI435_429260	QRC93385.1	hypothetical protein
JI435_429270	QRC93408.1	hypothetical protein
JI435_429280	QRC93452.1	hypothetical protein
JI435_429300	QRC93504.1	hypothetical protein
JI435_429310	QRC93505.1	hypothetical protein
JI435_429330	QRC93521.1	hypothetical protein
JI435_429370	QRC93567.1	hypothetical protein
JI435_429380	QRC93597.1	hypothetical protein
JI435_429420	QRC93616.1	hypothetical protein
JI435_429430	QRC93624.1	hypothetical protein
JI435_429440	QRC93626.1	hypothetical protein
JI435_429450	QRC93635.1	hypothetical protein
JI435_429460	QRC93638.1	hypothetical protein
JI435_429470	QRC93643.1	hypothetical protein
JI435_429490	QRC93657.1	hypothetical protein
JI435_429510	QRC93723.1	hypothetical protein
JI435_429520	QRC93742.1	hypothetical protein
JI435_429530	QRC93747.1	hypothetical protein
JI435_429570	QRC93778.1	hypothetical protein
JI435_429790	QRC93780.1	hypothetical protein
JI435_429800	QRC93795.1	hypothetical protein
JI435_429820	QRC93861.1	hypothetical protein
JI435_429850	QRC93886.1	hypothetical protein
JI435_429870	QRC93937.1	hypothetical protein
JI435_429910	QRC93973.1	hypothetical protein
JI435_430070	QRC94000.1	hypothetical protein
JI435_430080	QRC94002.1	hypothetical protein
JI435_430100	QRC94015.1	hypothetical protein
JI435_430110	QRC94027.1	hypothetical protein
JI435_430150	QRC94065.1	hypothetical protein
JI435_430170	QRC94068.1	hypothetical protein
JI435_430180	QRC94081.1	hypothetical protein
JI435_430190	QRC94083.1	hypothetical protein
JI435_430200	QRC94091.1	hypothetical protein
JI435_430210	QRC94094.1	hypothetical protein
JI435_430220	QRC94102.1	hypothetical protein
JI435_430230	QRC94109.1	hypothetical protein
JI435_430270	QRC94117.1	hypothetical protein
JI435_430290	QRC94130.1	hypothetical protein
JI435_430320	QRC94145.1	hypothetical protein
JI435_430350	QRC94205.1	hypothetical protein
JI435_430360	QRC94223.1	hypothetical protein
JI435_430380	QRC94224.1	hypothetical protein
JI435_430650	QRC94370.1	hypothetical protein
JI435_430660	QRC94380.1	hypothetical protein
JI435_430680	QRC94405.1	hypothetical protein
JI435_430700	QRC94479.1	hypothetical protein
JI435_430710	QRC94485.1	hypothetical protein
JI435_430740	QRC94502.1	hypothetical protein
JI435_430750	QRC94504.1	hypothetical protein
JI435_430760	QRC94513.1	hypothetical protein
JI435_430770	QRC94533.1	hypothetical protein
JI435_430790	QRC94542.1	hypothetical protein
JI435_430820	QRC94588.1	hypothetical protein
JI435_430840	QRC94592.1	hypothetical protein
JI435_430850	QRC94593.1	hypothetical protein
JI435_430860	QRC94596.1	hypothetical protein
JI435_430880	QRC94609.1	hypothetical protein
JI435_430910	QRC94634.1	stemphyloxin II biosynthesis cluster transcription factor sthR
JI435_431000	QRC94662.1	hypothetical protein
JI435_431010	QRC94666.1	hypothetical protein
JI435_431020	QRC94669.1	hypothetical protein
JI435_431060	QRC94682.1	hypothetical protein
JI435_431070	QRC94685.1	hypothetical protein
JI435_431090	QRC94710.1	hypothetical protein
JI435_431100	QRC94711.1	hypothetical protein
JI435_431110	QRC94712.1	hypothetical protein
JI435_431150	QRC94756.1	hypothetical protein
JI435_431170	QRC94771.1	hypothetical protein
JI435_431200	QRC94773.1	hypothetical protein
JI435_431210	QRC94774.1	carboxylic ester hydrolase
JI435_431220	QRC94775.1	hypothetical protein
JI435_431230	QRC94777.1	hypothetical protein
JI435_431240	QRC94779.1	hypothetical protein
JI435_431270	QRC94783.1	hypothetical protein
JI435_431290	QRC94794.1	hypothetical protein
JI435_431390	QRC94832.1	hypothetical protein
JI435_431400	QRC94848.1	hypothetical protein
JI435_431420	QRC94854.1	hypothetical protein
JI435_431430	QRC94855.1	hypothetical protein
JI435_431440	QRC94856.1	hypothetical protein
JI435_431450	QRC94860.1	hypothetical protein
JI435_431460	QRC94864.1	hypothetical protein
JI435_431470	QRC94869.1	hypothetical protein
JI435_431490	QRC94871.1	hypothetical protein
JI435_431530	QRC94914.1	hypothetical protein
JI435_431540	QRC94921.1	hypothetical protein
JI435_431570	QRC94937.1	hypothetical protein
JI435_431580	QRC94938.1	hypothetical protein
JI435_431590	QRC94951.1	hypothetical protein
JI435_431600	QRC94979.1	hypothetical protein
JI435_431610	QRC94992.1	hypothetical protein
JI435_431620	QRC94993.1	hypothetical protein
JI435_431630	QRC94994.1	hypothetical protein
JI435_431650	QRC94995.1	hypothetical protein
JI435_431670	QRC95033.1	hypothetical protein
JI435_431690	QRC95053.1	hypothetical protein
JI435_431710	QRC95062.1	hypothetical protein
JI435_431730	QRC95067.1	hypothetical protein
JI435_431750	QRC95071.1	hypothetical protein
JI435_431760	QRC95072.1	hypothetical protein
JI435_431770	QRC95082.1	hypothetical protein
JI435_431780	QRC95099.1	hypothetical protein
JI435_431790	QRC95111.1	hypothetical protein
JI435_431800	QRC95126.1	hypothetical protein
JI435_431810	QRC95127.1	hypothetical protein
JI435_431820	QRC95130.1	hypothetical protein
JI435_431840	QRC95138.1	hypothetical protein
JI435_431860	QRC95146.1	hypothetical protein
JI435_431870	QRC95147.1	hypothetical protein
JI435_431880	QRC95148.1	hypothetical protein
JI435_431910	QRC95180.1	hypothetical protein
JI435_431920	QRC95195.1	hypothetical protein
JI435_431930	QRC95209.1	hypothetical protein
JI435_431940	QRC95213.1	hypothetical protein
JI435_431960	QRC95237.1	hypothetical protein
JI435_431970	QRC95244.1	hypothetical protein
JI435_431990	QRC95262.1	hypothetical protein
JI435_432020	QRC95265.1	hypothetical protein
JI435_432030	QRC95266.1	hypothetical protein
JI435_432040	QRC95270.1	hypothetical protein
JI435_432050	QRC95273.1	hypothetical protein
JI435_432060	QRC95276.1	hypothetical protein
JI435_432070	QRC95277.1	hypothetical protein
JI435_432080	QRC95278.1	hypothetical protein
JI435_432120	QRC95300.1	hypothetical protein
JI435_432130	QRC95307.1	hypothetical protein
JI435_432140	QRC95314.1	hypothetical protein
JI435_432150	QRC95315.1	hypothetical protein
JI435_432180	QRC95321.1	hypothetical protein
JI435_432190	QRC95324.1	hypothetical protein
JI435_432210	QRC95374.1	hypothetical protein
JI435_432240	QRC95422.1	hypothetical protein
JI435_432260	QRC95442.1	hypothetical protein
JI435_432280	QRC95457.1	hypothetical protein
JI435_432330	QRC95499.1	hypothetical protein
JI435_432350	QRC95511.1	hypothetical protein
JI435_432400	QRC95533.1	hypothetical protein
JI435_432410	QRC95536.1	hypothetical protein
JI435_432450	QRC95551.1	hypothetical protein
JI435_432470	QRC95578.1	hypothetical protein
JI435_432480	QRC95601.1	hypothetical protein
JI435_432490	QRC95608.1	hypothetical protein
JI435_432510	QRC95628.1	hypothetical protein
JI435_432520	QRC95633.1	hypothetical protein
JI435_432560	QRC95707.1	hypothetical protein
JI435_432570	QRC95708.1	hypothetical protein
JI435_432660	QRC95756.1	hypothetical protein
JI435_432690	QRC95777.1	hypothetical protein
JI435_432700	QRC95783.1	hypothetical protein
JI435_432720	QRC95791.1	hypothetical protein
JI435_432770	QRC95818.1	hypothetical protein
JI435_432780	QRC95827.1	hypothetical protein
JI435_432790	QRC95831.1	hypothetical protein
JI435_432800	QRC95833.1	hypothetical protein
JI435_432830	QRC95844.1	hypothetical protein
JI435_432850	QRC95880.1	hypothetical protein
JI435_432860	QRC95881.1	hypothetical protein
JI435_432890	QRC95894.1	hypothetical protein
JI435_432900	QRC95897.1	hypothetical protein
JI435_432910	QRC95898.1	hypothetical protein
JI435_432920	QRC95904.1	hypothetical protein
JI435_432930	QRC95905.1	hypothetical protein
JI435_432940	QRC95906.1	hypothetical protein
JI435_433000	QRC95935.1	hypothetical protein
JI435_433020	QRC95936.1	hypothetical protein
JI435_433030	QRC95950.1	hypothetical protein
JI435_433040	QRC95953.1	hypothetical protein
JI435_433050	QRC95954.1	hypothetical protein
JI435_433060	QRC95958.1	hypothetical protein
JI435_433080	QRC95959.1	hypothetical protein
JI435_433110	QRC95965.1	hypothetical protein
JI435_433210	QRC96022.1	hypothetical protein
JI435_433270	QRC96091.1	hypothetical protein
JI435_433300	QRC96097.1	hypothetical protein
JI435_433310	QRC96105.1	hypothetical protein
JI435_433330	QRC96106.1	hypothetical protein
JI435_433340	QRC96107.1	hypothetical protein
JI435_433370	QRC96155.1	hypothetical protein
JI435_433380	QRC96158.1	hypothetical protein
JI435_433430	QRC96206.1	hypothetical protein
JI435_433440	QRC96216.1	hypothetical protein
JI435_433460	QRC96268.1	hypothetical protein
JI435_433470	QRC96269.1	hypothetical protein
JI435_433480	QRC96281.1	hypothetical protein
JI435_433510	QRC96361.1	hypothetical protein
JI435_433520	QRC96371.1	hypothetical protein
JI435_433530	QRC96372.1	hypothetical protein
JI435_433590	QRC96414.1	hypothetical protein
JI435_433630	QRC96433.1	hypothetical protein
JI435_433640	QRC96434.1	hypothetical protein
JI435_433650	QRC96435.1	hypothetical protein
JI435_433670	QRC96447.1	hypothetical protein
JI435_433690	QRC96449.1	hypothetical protein
JI435_433700	QRC96450.1	hypothetical protein
JI435_433740	QRC96458.1	hypothetical protein
JI435_433750	QRC96472.1	hypothetical protein
JI435_433770	QRC96491.1	hypothetical protein
JI435_433790	QRC96503.1	hypothetical protein
JI435_433810	QRC96514.1	hypothetical protein
JI435_433820	QRC96515.1	hypothetical protein
JI435_433850	QRC96569.1	hypothetical protein
JI435_433890	QRC96612.1	hypothetical protein
JI435_433900	QRC96613.1	hypothetical protein
JI435_433910	QRC96621.1	hypothetical protein
JI435_433920	QRC96625.1	hypothetical protein
JI435_433940	QRC96631.1	hypothetical protein
JI435_433950	QRC96632.1	hypothetical protein
JI435_433970	QRC96636.1	hypothetical protein
JI435_433980	QRC96637.1	hypothetical protein
JI435_433990	QRC96638.1	hypothetical protein
JI435_434000	QRC96639.1	hypothetical protein
JI435_434020	QRC96640.1	hypothetical protein
JI435_434050	QRC96691.1	hypothetical protein
JI435_434060	QRC96713.1	MYND-type zinc finger protein samB
JI435_434080	QRC96751.1	hypothetical protein
JI435_434090	QRC96759.1	hypothetical protein
JI435_434110	QRC96773.1	hypothetical protein
JI435_434120	QRC96811.1	hypothetical protein
JI435_434130	QRC96812.1	hypothetical protein
JI435_434160	QRC96825.1	hypothetical protein
JI435_434170	QRC96826.1	hypothetical protein
JI435_434200	QRC96838.1	hypothetical protein
JI435_434220	QRC96873.1	hypothetical protein
JI435_434250	QRC96890.1	hypothetical protein
JI435_434270	QRC96903.1	hypothetical protein
JI435_434280	QRC96910.1	hypothetical protein
JI435_434290	QRC96945.1	hypothetical protein
JI435_434300	QRC96946.1	hypothetical protein
JI435_434310	QRC96947.1	hypothetical protein
JI435_434320	QRC96948.1	hypothetical protein
JI435_434330	QRC96955.1	hypothetical protein
JI435_434340	QRC96960.1	hypothetical protein
JI435_434350	QRC96962.1	hypothetical protein
JI435_434360	QRC96968.1	hypothetical protein
JI435_434370	QRC96969.1	hypothetical protein
JI435_434480	QRC97006.1	hypothetical protein
JI435_434500	QRC97007.1	hypothetical protein
JI435_434530	QRC97054.1	hypothetical protein
JI435_434540	QRC97080.1	hypothetical protein
JI435_434560	QRC97118.1	hypothetical protein
JI435_434570	QRC97125.1	hypothetical protein
JI435_434580	QRC97128.1	hypothetical protein
JI435_434590	QRC97129.1	hypothetical protein
JI435_434610	QRC97138.1	hypothetical protein
JI435_434620	QRC97142.1	hypothetical protein
JI435_434650	QRC97148.1	hypothetical protein
JI435_434660	QRC97152.1	hypothetical protein
JI435_434700	QRC97189.1	hypothetical protein
JI435_434750	QRC97275.1	hypothetical protein
JI435_434760	QRC97276.1	hypothetical protein
JI435_434770	QRC97293.1	hypothetical protein
JI435_434790	QRC97335.1	hypothetical protein
JI435_434800	QRC97337.1	hypothetical protein
JI435_434810	QRC97352.1	hypothetical protein
JI435_434820	QRC97365.1	hypothetical protein
JI435_434830	QRC97372.1	hypothetical protein
JI435_434840	QRC97389.1	hypothetical protein
JI435_434860	QRC97402.1	hypothetical protein
JI435_434900	QRC97410.1	hypothetical protein
JI435_434910	QRC97411.1	hypothetical protein
JI435_434960	QRC97527.1	hypothetical protein
JI435_434970	QRC97535.1	hypothetical protein
JI435_434980	QRC97542.1	hypothetical protein
JI435_434990	QRC97543.1	hypothetical protein
JI435_435020	QRC97605.1	hypothetical protein
JI435_435040	QRC97629.1	hypothetical protein
JI435_435060	QRC97666.1	hypothetical protein
JI435_435070	QRC97671.1	hypothetical protein
JI435_435080	QRC97682.1	hypothetical protein
JI435_435090	QRC97683.1	hypothetical protein
JI435_435100	QRC97696.1	hypothetical protein
JI435_435110	QRC97726.1	hypothetical protein
JI435_435120	QRC97745.1	hypothetical protein
JI435_435150	QRC97780.1	hypothetical protein
JI435_435170	QRC97791.1	hypothetical protein
JI435_435220	QRC97848.1	hypothetical protein
JI435_435240	QRC97857.1	hypothetical protein
JI435_435290	QRC97934.1	hypothetical protein
JI435_435310	QRC97962.1	hypothetical protein
JI435_435340	QRC97980.1	hypothetical protein
JI435_435360	QRC97997.1	hypothetical protein
JI435_435390	QRC98018.1	hypothetical protein
JI435_435400	QRC98019.1	hypothetical protein
JI435_435420	QRC98021.1	hypothetical protein
JI435_435490	QRC98213.1	hypothetical protein
JI435_435520	QRC98254.1	hypothetical protein
JI435_435530	QRC98263.1	hypothetical protein
JI435_435540	QRC98265.1	hypothetical protein
JI435_435550	QRC98266.1	hypothetical protein
JI435_435570	QRC98283.1	hypothetical protein
JI435_435590	QRC98322.1	hypothetical protein
JI435_435600	QRC98335.1	hypothetical protein
JI435_435630	QRC98385.1	hypothetical protein
JI435_435660	QRC98393.1	hypothetical protein
JI435_435670	QRC98413.1	hypothetical protein
JI435_435680	QRC98418.1	hypothetical protein
JI435_435690	QRC98436.1	hypothetical protein
JI435_435700	QRC98437.1	hypothetical protein
JI435_435720	QRC98438.1	hypothetical protein
JI435_435730	QRC98469.1	hypothetical protein
JI435_435750	QRC98477.1	hypothetical protein
JI435_435760	QRC98478.1	hypothetical protein
JI435_435770	QRC98498.1	hypothetical protein
JI435_435830	QRC98550.1	hypothetical protein
JI435_435880	QRC98603.1	hypothetical protein
JI435_435910	QRC98616.1	hypothetical protein
JI435_435920	QRC98617.1	hypothetical protein
JI435_436030	QRC98720.1	hypothetical protein
JI435_436080	QRC98732.1	hypothetical protein
JI435_436090	QRC98734.1	hypothetical protein
JI435_436110	QRC98735.1	hypothetical protein
JI435_436120	QRC98736.1	hypothetical protein
JI435_436130	QRC98738.1	hypothetical protein
JI435_436140	QRC98739.1	hypothetical protein
JI435_436290	QRC98752.1	hypothetical protein
JI435_436310	QRC98768.1	hypothetical protein
JI435_436350	QRC98799.1	hypothetical protein
JI435_436360	QRC98800.1	hypothetical protein
JI435_436370	QRC98808.1	hypothetical protein
JI435_436380	QRC98817.1	hypothetical protein
JI435_436400	QRC98833.1	hypothetical protein
JI435_436410	QRC98836.1	hypothetical protein
JI435_436450	QRC98841.1	hypothetical protein
JI435_436460	QRC98842.1	hypothetical protein
JI435_436470	QRC98858.1	hypothetical protein
JI435_436490	QRC98863.1	hypothetical protein
JI435_436500	QRC98864.1	hypothetical protein
JI435_436510	QRC98929.1	hypothetical protein
JI435_436530	QRC98950.1	hypothetical protein
JI435_436570	QRC98987.1	hypothetical protein
JI435_436580	QRC98988.1	hypothetical protein
JI435_436590	QRC98989.1	hypothetical protein
JI435_436600	QRC99006.1	hypothetical protein
JI435_436620	QRC99033.1	hypothetical protein
JI435_436650	QRC99088.1	hypothetical protein
JI435_436660	QRC99113.1	hypothetical protein
JI435_436690	QRC99123.1	hypothetical protein
JI435_436700	QRC99124.1	hypothetical protein
JI435_436730	QRC99144.1	hypothetical protein
JI435_436740	QRC99151.1	hypothetical protein
JI435_436750	QRC99196.1	hypothetical protein
JI435_436760	QRC99203.1	hypothetical protein
JI435_436790	QRC99213.1	hypothetical protein
JI435_436840	QRC99277.1	hypothetical protein
JI435_436880	QRC99327.1	hypothetical protein
JI435_436890	QRC99328.1	hypothetical protein
JI435_436900	QRC99346.1	hypothetical protein
JI435_436940	QRC99393.1	hypothetical protein
JI435_436970	QRC99420.1	hypothetical protein
JI435_436980	QRC99421.1	hypothetical protein
JI435_437040	QRC99512.1	hypothetical protein
JI435_437060	QRC99521.1	hypothetical protein
JI435_437070	QRC99522.1	hypothetical protein
JI435_437140	QRC99563.1	hypothetical protein
JI435_437150	QRC99572.1	hypothetical protein
JI435_437160	QRC99574.1	hypothetical protein
JI435_437190	QRC99594.1	hypothetical protein
JI435_437200	QRC99598.1	hypothetical protein
JI435_437210	QRC99614.1	hypothetical protein
JI435_437220	QRC99629.1	hypothetical protein
JI435_437250	QRC99647.1	hypothetical protein
JI435_437270	QRC99665.1	hypothetical protein
JI435_437280	QRC99666.1	hypothetical protein
JI435_437320	QRC99677.1	hypothetical protein
JI435_437330	QRC99695.1	hypothetical protein
JI435_437350	QRC99704.1	hypothetical protein
JI435_437390	QRC99732.1	hypothetical protein
JI435_437410	QRC99733.1	hypothetical protein
JI435_437460	QRC99743.1	hypothetical protein
JI435_437540	QRC99761.1	hypothetical protein
JI435_437590	QRC99832.1	hypothetical protein
JI435_437600	QRC99838.1	hypothetical protein
JI435_437610	QRC99843.1	hypothetical protein
JI435_437640	QRC99876.1	hypothetical protein
JI435_437650	QRC99882.1	hypothetical protein
JI435_437660	QRC99893.1	hypothetical protein
JI435_437720	QRC99912.1	hypothetical protein
JI435_437730	QRC99913.1	hypothetical protein
JI435_437760	QRC99967.1	hypothetical protein
JI435_437770	QRC99982.1	hypothetical protein
JI435_437800	QRC99989.1	hypothetical protein
JI435_437810	QRD00014.1	hypothetical protein
JI435_437820	QRD00022.1	hypothetical protein
JI435_437840	QRD00061.1	hypothetical protein
JI435_437900	QRD00084.1	hypothetical protein
JI435_437910	QRD00094.1	hypothetical protein
JI435_437920	QRD00107.1	hypothetical protein
JI435_437960	QRD00132.1	hypothetical protein
JI435_437970	QRD00133.1	hypothetical protein
JI435_438010	QRD00148.1	hypothetical protein
JI435_438020	QRD00151.1	hypothetical protein
JI435_438040	QRD00168.1	hypothetical protein
JI435_438070	QRD00237.1	hypothetical protein
JI435_438080	QRD00239.1	hypothetical protein
JI435_438110	QRD00273.1	hypothetical protein
JI435_438120	QRD00285.1	hypothetical protein
JI435_438130	QRD00297.1	hypothetical protein
JI435_438140	QRD00299.1	hypothetical protein
JI435_438230	QRD00411.1	hypothetical protein
JI435_438260	QRD00419.1	hypothetical protein
JI435_438270	QRD00439.1	hypothetical protein
JI435_438300	QRD00466.1	hypothetical protein
JI435_438310	QRD00509.1	hypothetical protein
JI435_438320	QRD00541.1	hypothetical protein
JI435_438330	QRD00553.1	hypothetical protein
JI435_438360	QRD00578.1	hypothetical protein
JI435_438380	QRD00597.1	hypothetical protein
JI435_438400	QRD00618.1	hypothetical protein
JI435_438410	QRD00623.1	hypothetical protein
JI435_438460	QRD00632.1	hypothetical protein
JI435_438490	QRD00672.1	hypothetical protein
JI435_438510	QRD00711.1	hypothetical protein
JI435_438520	QRD00725.1	hypothetical protein
JI435_438540	QRD00726.1	hypothetical protein
JI435_438560	QRD00733.1	hypothetical protein
JI435_438570	QRD00739.1	hypothetical protein
JI435_438580	QRD00767.1	hypothetical protein
JI435_438600	QRD00783.1	hypothetical protein
JI435_438610	QRD00784.1	hypothetical protein
JI435_438620	QRD00809.1	hypothetical protein
JI435_438630	QRD00828.1	hypothetical protein
JI435_438650	QRD00834.1	hypothetical protein
JI435_438670	QRD00839.1	hypothetical protein
JI435_438680	QRD00843.1	hypothetical protein
JI435_438690	QRD00851.1	hypothetical protein
JI435_438700	QRD00858.1	hypothetical protein
JI435_438720	QRD00926.1	hypothetical protein
JI435_438730	QRD00950.1	hypothetical protein
JI435_438750	QRD00963.1	hypothetical protein
JI435_438760	QRD00966.1	hypothetical protein
JI435_438820	QRD01013.1	hypothetical protein
JI435_438870	QRD01083.1	hypothetical protein
JI435_438890	QRD01102.1	hypothetical protein
JI435_438900	QRD01112.1	hypothetical protein
JI435_438910	QRD01125.1	hypothetical protein
JI435_438940	QRD01152.1	hypothetical protein
JI435_438960	QRD01205.1	hypothetical protein
JI435_438970	QRD01223.1	hypothetical protein
JI435_438980	QRD01247.1	hypothetical protein
JI435_439140	QRD01258.1	hypothetical protein
JI435_439150	QRD01259.1	hypothetical protein
JI435_439170	QRD01287.1	hypothetical protein
JI435_439180	QRD01290.1	hypothetical protein
JI435_439210	QRD01300.1	hypothetical protein
JI435_439240	QRD01311.1	hypothetical protein
JI435_439260	QRD01325.1	hypothetical protein
JI435_439270	QRD01326.1	hypothetical protein
JI435_439290	QRD01353.1	hypothetical protein
JI435_439310	QRD01375.1	hypothetical protein
JI435_439320	QRD01396.1	hypothetical protein
JI435_439340	QRD01419.1	hypothetical protein
JI435_439360	QRD01446.1	hypothetical protein
JI435_439370	QRD01448.1	hypothetical protein
JI435_439380	QRD01470.1	hypothetical protein
JI435_439400	QRD01484.1	hypothetical protein
JI435_439430	QRD01527.1	hypothetical protein
JI435_439470	QRD01562.1	hypothetical protein
JI435_439550	QRD01655.1	hypothetical protein
JI435_439580	QRD01668.1	hypothetical protein
JI435_439600	QRD01706.1	hypothetical protein
JI435_439610	QRD01709.1	hypothetical protein
JI435_439620	QRD01712.1	hypothetical protein
JI435_439660	QRD01731.1	hypothetical protein
JI435_439680	QRD01759.1	hypothetical protein
JI435_439710	QRD01779.1	hypothetical protein
JI435_439750	QRD01799.1	hypothetical protein
JI435_439760	QRD01827.1	hypothetical protein
JI435_439810	QRD01859.1	hypothetical protein
JI435_439820	QRD01860.1	hypothetical protein
JI435_439830	QRD01863.1	hypothetical protein
JI435_439860	QRD01903.1	hypothetical protein
JI435_439880	QRD01908.1	hypothetical protein
JI435_439890	QRD01909.1	hypothetical protein
JI435_439910	QRD01930.1	hypothetical protein
JI435_439920	QRD01931.1	hypothetical protein
JI435_439930	QRD01933.1	hypothetical protein
JI435_439940	QRD01939.1	hypothetical protein
JI435_439960	QRD01946.1	hypothetical protein
JI435_439970	QRD01953.1	hypothetical protein
JI435_439980	QRD01954.1	hypothetical protein
JI435_439990	QRD01957.1	hypothetical protein
JI435_440000	QRD01978.1	hypothetical protein
JI435_440030	QRD01992.1	hypothetical protein
JI435_440050	QRD02010.1	hypothetical protein
JI435_440060	QRD02017.1	hypothetical protein
JI435_440110	QRD02052.1	hypothetical protein
JI435_440140	QRD02053.1	hypothetical protein
JI435_440150	QRD02055.1	hypothetical protein
JI435_440190	QRD02072.1	hypothetical protein
JI435_440210	QRD02075.1	hypothetical protein
JI435_440340	QRD02107.1	hypothetical protein
JI435_440350	QRD02108.1	hypothetical protein
JI435_440360	QRD02109.1	hypothetical protein
JI435_440370	QRD02115.1	hypothetical protein
JI435_440400	QRD02139.1	hypothetical protein
JI435_440410	QRD02145.1	hypothetical protein
JI435_440430	QRD02162.1	hypothetical protein
JI435_440440	QRD02176.1	hypothetical protein
JI435_440480	QRD02212.1	hypothetical protein
JI435_440490	QRD02213.1	hypothetical protein
JI435_440510	QRD02216.1	hypothetical protein
JI435_440540	QRD02220.1	hypothetical protein
JI435_440550	QRD02222.1	hypothetical protein
JI435_440570	QRD02231.1	hypothetical protein
JI435_440580	QRD02243.1	hypothetical protein
JI435_440610	QRD02251.1	hypothetical protein
JI435_440660	QRD02299.1	hypothetical protein
JI435_440670	QRD02301.1	hypothetical protein
JI435_440690	QRD02302.1	hypothetical protein
JI435_440750	QRD02374.1	hypothetical protein
JI435_440770	QRD02383.1	hypothetical protein
JI435_440790	QRD02395.1	hypothetical protein
JI435_440800	QRD02398.1	hypothetical protein
JI435_440840	QRD02430.1	hypothetical protein
JI435_440860	QRD02439.1	hypothetical protein
JI435_440870	QRD02454.1	hypothetical protein
JI435_440880	QRD02461.1	hypothetical protein
JI435_440890	QRD02462.1	hypothetical protein
JI435_440900	QRD02463.1	hypothetical protein
JI435_440910	QRD02464.1	hypothetical protein
JI435_440920	QRD02484.1	hypothetical protein
JI435_440930	QRD02489.1	hypothetical protein
JI435_440940	QRD02496.1	hypothetical protein
JI435_441030	QRD02519.1	hypothetical protein
JI435_441040	QRD02540.1	hypothetical protein
JI435_441060	QRD02547.1	hypothetical protein
JI435_441090	QRD02606.1	hypothetical protein
JI435_441100	QRD02609.1	hypothetical protein
JI435_441110	QRD02610.1	hypothetical protein
JI435_441120	QRD02621.1	hypothetical protein
JI435_441140	QRD02657.1	hypothetical protein
JI435_441150	QRD02691.1	hypothetical protein
JI435_441160	QRD02724.1	hypothetical protein
JI435_441210	QRD02743.1	hypothetical protein
JI435_441230	QRD02764.1	hypothetical protein
JI435_441240	QRD02778.1	hypothetical protein
JI435_441290	QRD02843.1	hypothetical protein
JI435_441320	QRD02879.1	hypothetical protein
JI435_441330	QRD02886.1	hypothetical protein
JI435_441420	QRD02919.1	hypothetical protein
JI435_441430	QRD02932.1	hypothetical protein
JI435_441450	QRD02935.1	hypothetical protein
JI435_441460	QRD02942.1	hypothetical protein
JI435_441470	QRD02972.1	hypothetical protein
JI435_441500	QRD03068.1	hypothetical protein
JI435_441510	QRD03069.1	hypothetical protein
JI435_441540	QRD03089.1	hypothetical protein
JI435_441550	QRD03106.1	hypothetical protein
JI435_441600	QRD03139.1	hypothetical protein
JI435_441610	QRD03156.1	hypothetical protein
JI435_441620	QRD03158.1	hypothetical protein
JI435_441630	QRD03190.1	hypothetical protein
JI435_441660	QRD03241.1	hypothetical protein
JI435_441670	QRD03242.1	hypothetical protein
JI435_441680	QRD03243.1	hypothetical protein
JI435_441700	QRD03259.1	hypothetical protein
JI435_441730	QRD03269.1	hypothetical protein
JI435_441750	QRD03270.1	hypothetical protein
JI435_441770	QRD03282.1	hypothetical protein
JI435_441780	QRD03283.1	hypothetical protein
JI435_441790	QRD03286.1	hypothetical protein
JI435_441810	QRD03287.1	hypothetical protein
JI435_441820	QRD03297.1	hypothetical protein
JI435_441840	QRD03310.1	hypothetical protein
JI435_441920	QRD03387.1	hypothetical protein
JI435_441930	QRD03403.1	hypothetical protein
JI435_441950	QRD03424.1	hypothetical protein
JI435_442020	QRD03482.1	hypothetical protein
JI435_442030	QRD03483.1	hypothetical protein
JI435_442040	QRD03485.1	hypothetical protein
JI435_442050	QRD03510.1	hypothetical protein
JI435_442070	QRD03512.1	hypothetical protein
JI435_442080	QRD03529.1	hypothetical protein
JI435_442090	QRD03530.1	hypothetical protein
JI435_442110	QRD03561.1	hypothetical protein
JI435_442120	QRD03605.1	hypothetical protein
JI435_442230	QRD03644.1	hypothetical protein
JI435_442260	QRD03683.1	hypothetical protein
JI435_442290	QRD03704.1	hypothetical protein
JI435_442300	QRD03711.1	hypothetical protein
JI435_442310	QRD03725.1	hypothetical protein
JI435_442370	QRD03794.1	hypothetical protein
JI435_442420	QRD03814.1	hypothetical protein
JI435_442440	QRD03818.1	hypothetical protein
JI435_442600	QRD03909.1	hypothetical protein
JI435_442610	QRD03911.1	hypothetical protein
JI435_442650	QRD03928.1	hypothetical protein
JI435_442660	QRD03947.1	hypothetical protein
JI435_442670	QRD03956.1	hypothetical protein
JI435_442680	QRD03958.1	hypothetical protein
JI435_442690	QRD03959.1	hypothetical protein
JI435_442710	QRD03983.1	hypothetical protein
JI435_442730	QRD04002.1	hypothetical protein
JI435_442740	QRD04003.1	hypothetical protein
JI435_442760	QRD04011.1	hypothetical protein
JI435_442770	QRD04013.1	hypothetical protein
JI435_442970	QRD04090.1	hypothetical protein
JI435_443010	QRD04127.1	hypothetical protein
JI435_443020	QRD04128.1	hypothetical protein
JI435_443030	QRD04130.1	hypothetical protein
JI435_443080	QRD04154.1	hypothetical protein
JI435_443100	QRD04180.1	hypothetical protein
JI435_443120	QRD04192.1	hypothetical protein
JI435_443130	QRD04208.1	hypothetical protein
JI435_443140	QRD04211.1	hypothetical protein
JI435_443150	QRD04226.1	hypothetical protein
JI435_443160	QRD04227.1	hypothetical protein
JI435_443220	QRD04295.1	hypothetical protein
JI435_443330	QRD04322.1	hypothetical protein
JI435_443340	QRD04328.1	hypothetical protein
JI435_443350	QRD04332.1	hypothetical protein
JI435_443370	QRD04353.1	hypothetical protein
JI435_443400	QRD04379.1	hypothetical protein
JI435_443410	QRD04385.1	hypothetical protein
JI435_443430	QRD04388.1	hypothetical protein
JI435_443440	QRD04397.1	hypothetical protein
JI435_443480	QRD04400.1	hypothetical protein
JI435_443490	QRD04430.1	hypothetical protein
JI435_443500	QRD04431.1	hypothetical protein
JI435_443510	QRD04436.1	hypothetical protein
JI435_443570	QRD04505.1	hypothetical protein
JI435_443580	QRD04518.1	hypothetical protein
JI435_443600	QRD04553.1	hypothetical protein
JI435_443620	QRD04571.1	hypothetical protein
JI435_443630	QRD04572.1	hypothetical protein
JI435_443680	QRD04586.1	hypothetical protein
JI435_443730	QRD04700.1	hypothetical protein
JI435_443750	QRD04729.1	hypothetical protein
JI435_443760	QRD04737.1	hypothetical protein
JI435_443810	QRD04779.1	hypothetical protein
JI435_443840	QRD04812.1	hypothetical protein
JI435_443860	QRD04888.1	hypothetical protein
JI435_443900	QRD04912.1	hypothetical protein
JI435_443970	QRD04927.1	hypothetical protein
JI435_444010	QRD04951.1	hypothetical protein
JI435_444030	QRD04991.1	hypothetical protein
JI435_444040	QRD04997.1	hypothetical protein
JI435_444100	QRD05112.1	hypothetical protein
JI435_444110	QRD05127.1	hypothetical protein
JI435_444130	QRD05153.1	hypothetical protein
JI435_444150	QRD05175.1	hypothetical protein
JI435_444180	QRD05191.1	hypothetical protein
JI435_444190	QRD05192.1	hypothetical protein
JI435_444210	QRD05220.1	hypothetical protein
JI435_444220	QRD05242.1	hypothetical protein
JI435_444240	QRD05260.1	hypothetical protein
JI435_444260	QRD05276.1	hypothetical protein
JI435_444270	QRD05286.1	hypothetical protein
JI435_444280	QRD05319.1	hypothetical protein
JI435_444320	QRD05368.1	hypothetical protein
JI435_444330	QRD05372.1	hypothetical protein
JI435_444360	QRD05380.1	hypothetical protein
JI435_444460	QRD05483.1	hypothetical protein
JI435_444470	QRD05484.1	hypothetical protein
JI435_444500	QRD05526.1	hypothetical protein
JI435_444510	QRD05528.1	hypothetical protein
JI435_444560	QRD05546.1	hypothetical protein
JI435_444590	QRD05558.1	hypothetical protein
JI435_444610	QRD05570.1	hypothetical protein
JI435_444620	QRD05573.1	hypothetical protein
JI435_444630	QRD05574.1	hypothetical protein
JI435_444650	QRD05606.1	hypothetical protein
JI435_444690	QRD05627.1	hypothetical protein
JI435_444700	QRD05635.1	hypothetical protein
JI435_444710	QRD05645.1	hypothetical protein
JI435_444730	QRD05654.1	hypothetical protein
JI435_444760	QRD05665.1	hypothetical protein
JI435_444770	QRD05678.1	hypothetical protein
JI435_444800	QRD05714.1	hypothetical protein
JI435_444820	QRD05736.1	hypothetical protein
JI435_444840	QRD05737.1	hypothetical protein
JI435_444870	QRD05784.1	hypothetical protein
JI435_444880	QRD05792.1	hypothetical protein
JI435_444900	QRD05806.1	hypothetical protein
JI435_444970	QRD05842.1	hypothetical protein
JI435_444990	QRD05878.1	hypothetical protein
JI435_445000	QRD05883.1	hypothetical protein
JI435_445040	QRD05909.1	hypothetical protein
JI435_445050	QRD05927.1	hypothetical protein
JI435_445100	QRD05969.1	hypothetical protein
JI435_445110	QRD05970.1	hypothetical protein
JI435_445120	QRD05971.1	hypothetical protein
JI435_445140	QRD05975.1	hypothetical protein
JI435_445170	QRD06013.1	hypothetical protein
JI435_445250	QRD06057.1	hypothetical protein
JI435_445300	QRD06125.1	hypothetical protein
JI435_445320	QRD06139.1	hypothetical protein
JI435_445330	QRD06147.1	hypothetical protein
JI435_445350	QRD06150.1	hypothetical protein
JI435_445360	QRD06153.1	hypothetical protein
JI435_445370	QRD06154.1	hypothetical protein
JI435_445380	QRD06161.1	hypothetical protein
JI435_445390	QRD06162.1	autophagy-related protein
JI435_445400	QRD06167.1	hypothetical protein
JI435_445430	QRD06194.1	hypothetical protein
JI435_445440	QRD06212.1	hypothetical protein
JI435_445450	QRD06223.1	hypothetical protein
JI435_445470	QRD06245.1	hypothetical protein
JI435_445530	QRD06248.1	hypothetical protein
JI435_445540	QRD06262.1	hypothetical protein
JI435_445550	QRD06278.1	hypothetical protein
JI435_445770	QRD06314.1	hypothetical protein
JI435_445780	QRD06328.1	hypothetical protein
JI435_445790	QRD06334.1	hypothetical protein
JI435_445810	QRD06356.1	hypothetical protein
JI435_445820	QRD06357.1	hypothetical protein
JI435_445840	QRD06398.1	hypothetical protein
JI435_445850	QRD06411.1	hypothetical protein
JI435_445880	QRD06420.1	hypothetical protein
JI435_445890	QRD06441.1	hypothetical protein
JI435_445910	QRD06446.1	hypothetical protein
JI435_445940	QRD06453.1	hypothetical protein
JI435_445950	QRD06471.1	hypothetical protein
JI435_445970	QRD06482.1	hypothetical protein
JI435_445990	QRD06512.1	hypothetical protein
JI435_446010	QRD06521.1	hypothetical protein
JI435_446120	QRD06603.1	hypothetical protein
JI435_446130	QRD06604.1	hypothetical protein
JI435_446160	QRD06641.1	hypothetical protein
JI435_446180	QRD06642.1	hypothetical protein
JI435_446190	QRD06643.1	hypothetical protein
JI435_446210	QRD06644.1	hypothetical protein
JI435_446220	QRD06645.1	hypothetical protein
JI435_446230	QRD06646.1	hypothetical protein
JI435_446250	QRD06655.1	hypothetical protein
JI435_446300	QRD06689.1	hypothetical protein
JI435_446370	QRD06778.1	hypothetical protein
JI435_446380	QRD06779.1	hypothetical protein
JI435_446390	QRD06796.1	hypothetical protein
JI435_446460	QRD06827.1	hypothetical protein
JI435_446490	QRD06844.1	hypothetical protein
JI435_446500	QRD06850.1	hypothetical protein
JI435_446530	QRD06873.1	hypothetical protein
JI435_446560	QRD06921.1	hypothetical protein
JI435_446570	QRD06922.1	hypothetical protein
JI435_446590	QRD06931.1	hypothetical protein
JI435_446600	QRD06932.1	hypothetical protein
JI435_446610	QRD06933.1	hypothetical protein
JI435_446640	QRD06974.1	hypothetical protein
JI435_446650	QRD06975.1	hypothetical protein
JI435_446660	QRD06976.1	hypothetical protein
JI435_446670	QRD06985.1	hypothetical protein
JI435_446690	QRD06994.1	hypothetical protein
JI435_446730	QRD07000.1	hypothetical protein
JI435_446750	QRD07018.1	hypothetical protein
JI435_446760	QRD07027.1	hypothetical protein
JI435_446770	QRD07028.1	hypothetical protein
JI435_446780	QRD07040.1	hypothetical protein
JI435_446790	QRD07046.1	hypothetical protein
JI435_446810	QRD07053.1	hypothetical protein
JI435_446840	QRD07069.1	hypothetical protein
JI435_446870	QRD07074.1	hypothetical protein
JI435_446880	QRD07090.1	hypothetical protein
JI435_446890	QRD07105.1	hypothetical protein
JI435_446900	QRD07106.1	hypothetical protein
JI435_446910	QRD07108.1	hypothetical protein
JI435_446930	QRD07112.1	hypothetical protein
JI435_446950	QRD07118.1	hypothetical protein
JI435_447000	QRD07167.1	hypothetical protein
JI435_447020	QRD07178.1	hypothetical protein
JI435_447030	QRD07179.1	hypothetical protein
JI435_447090	QRD07201.1	hypothetical protein
JI435_447110	QRD07228.1	hypothetical protein
JI435_447120	QRD07249.1	hypothetical protein
JI435_447130	QRD07252.1	hypothetical protein
JI435_447140	QRD07263.1	hypothetical protein
JI435_447150	QRD07273.1	hypothetical protein
JI435_447170	QRD07280.1	hypothetical protein
JI435_447190	QRD07295.1	hypothetical protein
JI435_447210	QRD07300.1	hypothetical protein
JI435_447230	QRD07327.1	hypothetical protein
JI435_447240	QRD07328.1	hypothetical protein
JI435_447250	QRD07330.1	hypothetical protein
JI435_447260	QRD07336.1	hypothetical protein
JI435_447270	QRD07340.1	hypothetical protein
JI435_447280	QRD07342.1	hypothetical protein
JI435_447320	QRD07343.1	hypothetical protein
JI435_447370	QRD07385.1	hypothetical protein
JI435_447380	QRD07397.1	hypothetical protein
JI435_447390	QRD07398.1	hypothetical protein
JI435_447400	QRD07401.1	hypothetical protein
JI435_447410	QRD07409.1	hypothetical protein
JI435_447430	QRD07411.1	hypothetical protein
JI435_447490	QRD07464.1	hypothetical protein
JI435_447500	QRD07497.1	hypothetical protein
JI435_447530	QRD07505.1	hypothetical protein
JI435_447540	QRD07506.1	hypothetical protein
JI435_447550	QRD07509.1	hypothetical protein
JI435_447580	QRD07510.1	hypothetical protein
JI435_447600	QRD07523.1	hypothetical protein
JI435_447660	QRD07554.1	hypothetical protein
JI435_447690	QRD07576.1	hypothetical protein
JI435_447700	QRD07579.1	hypothetical protein
JI435_447710	QRD07592.1	hypothetical protein
JI435_447720	QRD07593.1	hypothetical protein
JI435_447730	QRD07597.1	hypothetical protein
JI435_447740	QRD07600.1	hypothetical protein
JI435_447780	QRD07610.1	hypothetical protein
JI435_447790	QRD07621.1	hypothetical protein
JI435_447800	QRD07628.1	hypothetical protein
JI435_447810	QRD07634.1	hypothetical protein
JI435_447970	QRD07676.1	hypothetical protein
JI435_447980	QRD07680.1	hypothetical protein
JI435_447990	QRD07684.1	hypothetical protein
JI435_448000	QRD07685.1	hypothetical protein
JI435_448010	QRD07687.1	hypothetical protein
JI435_448020	QRD07688.1	hypothetical protein
JI435_448030	QRD07689.1	hypothetical protein
JI435_448060	QRD07699.1	hypothetical protein
JI435_448070	QRD07702.1	hypothetical protein
JI435_448120	QRD07717.1	hypothetical protein
JI435_448140	QRD07732.1	hypothetical protein
JI435_448190	QRD07749.1	hypothetical protein
JI435_448200	QRD07750.1	hypothetical protein
JI435_448260	QRD07774.1	hypothetical protein
