transcript_id	gene_id
lcl|CP069023.1_cds_QRC90020.1_1	JI435_094460
lcl|CP069023.1_cds_QRC90021.1_2	JI435_094470
lcl|CP069023.1_cds_QRC90022.1_3	JI435_094490
lcl|CP069023.1_cds_QRC90023.1_4	JI435_094500
lcl|CP069023.1_cds_QRC90024.1_5	JI435_094510
lcl|CP069023.1_cds_QRC90025.1_6	JI435_400000
lcl|CP069023.1_cds_QRC90026.1_7	JI435_094520
lcl|CP069023.1_cds_QRC90027.1_8	JI435_094530
lcl|CP069023.1_cds_QRC90028.1_9	JI435_094560
lcl|CP069023.1_cds_QRC90029.1_10	JI435_094570
lcl|CP069023.1_cds_QRC90030.1_11	JI435_400010
lcl|CP069023.1_cds_QRC90031.1_12	JI435_094580
lcl|CP069023.1_cds_QRC90032.1_13	JI435_094590
lcl|CP069023.1_cds_QRC90033.1_14	JI435_094600
lcl|CP069023.1_cds_QRC90034.1_15	JI435_400020
lcl|CP069023.1_cds_QRC90035.1_16	JI435_094610
lcl|CP069023.1_cds_QRC90036.1_17	JI435_424910
lcl|CP069023.1_cds_QRC90037.1_18	JI435_094620
lcl|CP069023.1_cds_QRC90038.1_19	JI435_094630
lcl|CP069023.1_cds_QRC90039.1_20	JI435_094640
lcl|CP069023.1_cds_QRC90040.1_21	JI435_094660
lcl|CP069023.1_cds_QRC90041.1_22	JI435_424920
lcl|CP069023.1_cds_QRC90042.1_23	JI435_094680
lcl|CP069023.1_cds_QRC90043.1_24	JI435_094690
lcl|CP069023.1_cds_QRC90044.1_25	JI435_094700
lcl|CP069023.1_cds_QRC90045.1_26	JI435_400030
lcl|CP069023.1_cds_QRC90046.1_27	JI435_400040
lcl|CP069023.1_cds_QRC90047.1_28	JI435_094720
lcl|CP069023.1_cds_QRC90048.1_29	JI435_400050
lcl|CP069023.1_cds_QRC90049.1_30	JI435_094730
lcl|CP069023.1_cds_QRC90050.1_31	JI435_400060
lcl|CP069023.1_cds_QRC90051.1_32	JI435_094740
lcl|CP069023.1_cds_QRC90052.1_33	JI435_094750
lcl|CP069023.1_cds_QRC90053.1_34	JI435_094760
lcl|CP069023.1_cds_QRC90054.1_35	JI435_400070
lcl|CP069023.1_cds_QRC90055.1_36	JI435_306580
lcl|CP069023.1_cds_QRC90056.1_37	JI435_094770
lcl|CP069023.1_cds_QRC90057.1_38	JI435_094780
lcl|CP069023.1_cds_QRC90058.1_39	JI435_306590
lcl|CP069023.1_cds_QRC90059.1_40	JI435_094800
lcl|CP069023.1_cds_QRC90060.1_41	JI435_094810
lcl|CP069023.1_cds_QRC90061.1_42	JI435_094820
lcl|CP069023.1_cds_QRC90062.1_43	JI435_094830
lcl|CP069023.1_cds_QRC90063.1_44	JI435_400080
lcl|CP069023.1_cds_QRC90064.1_45	JI435_094840
lcl|CP069023.1_cds_QRC90065.1_46	JI435_400090
lcl|CP069023.1_cds_QRC90066.1_47	JI435_094850
lcl|CP069023.1_cds_QRC90067.1_48	JI435_094860
lcl|CP069023.1_cds_QRC90068.1_49	JI435_094870
lcl|CP069023.1_cds_QRC90069.1_50	JI435_094880
lcl|CP069023.1_cds_QRC90070.1_51	JI435_424950
lcl|CP069023.1_cds_QRC90071.1_52	JI435_424960
lcl|CP069023.1_cds_QRC90072.1_53	JI435_094900
lcl|CP069023.1_cds_QRC90073.1_54	JI435_094930
lcl|CP069023.1_cds_QRC90074.1_55	JI435_094940
lcl|CP069023.1_cds_QRC90075.1_56	JI435_094950
lcl|CP069023.1_cds_QRC90076.1_57	JI435_094960
lcl|CP069023.1_cds_QRC90077.1_58	JI435_400100
lcl|CP069023.1_cds_QRC90078.1_59	JI435_306610
lcl|CP069023.1_cds_QRC90079.1_60	JI435_306620
lcl|CP069023.1_cds_QRC90080.1_61	JI435_094980
lcl|CP069023.1_cds_QRC90081.1_62	JI435_094990
lcl|CP069023.1_cds_QRC90082.1_63	JI435_095000
lcl|CP069023.1_cds_QRC90083.1_64	JI435_424970
lcl|CP069023.1_cds_QRC90084.1_65	JI435_095020
lcl|CP069023.1_cds_QRC90085.1_66	JI435_095030
lcl|CP069023.1_cds_QRC90086.1_67	JI435_095050
lcl|CP069023.1_cds_QRC90087.1_68	JI435_095060
lcl|CP069023.1_cds_QRC90088.1_69	JI435_095080
lcl|CP069023.1_cds_QRC90089.1_70	JI435_306630
lcl|CP069023.1_cds_QRC90090.1_71	JI435_095090
lcl|CP069023.1_cds_QRC90091.1_72	JI435_400110
lcl|CP069023.1_cds_QRC90092.1_73	JI435_095100
lcl|CP069023.1_cds_QRC90093.1_74	JI435_095120
lcl|CP069023.1_cds_QRC90094.1_75	JI435_400120
lcl|CP069023.1_cds_QRC90095.1_76	JI435_095130
lcl|CP069023.1_cds_QRC90096.1_77	JI435_095150
lcl|CP069023.1_cds_QRC90097.1_78	JI435_095160
lcl|CP069023.1_cds_QRC90098.1_79	JI435_095170
lcl|CP069023.1_cds_QRC90099.1_80	JI435_095180
lcl|CP069023.1_cds_QRC90100.1_81	JI435_095190
lcl|CP069023.1_cds_QRC90101.1_82	JI435_095200
lcl|CP069023.1_cds_QRC90102.1_83	JI435_400130
lcl|CP069023.1_cds_QRC90103.1_84	JI435_095210
lcl|CP069023.1_cds_QRC90104.1_85	JI435_095220
lcl|CP069023.1_cds_QRC90105.1_86	JI435_095230
lcl|CP069023.1_cds_QRC90106.1_87	JI435_095240
lcl|CP069023.1_cds_QRC90107.1_88	JI435_400140
lcl|CP069023.1_cds_QRC90108.1_89	JI435_095250
lcl|CP069023.1_cds_QRC90109.1_90	JI435_095260
lcl|CP069023.1_cds_QRC90110.1_91	JI435_095270
lcl|CP069023.1_cds_QRC90111.1_92	JI435_095280
lcl|CP069023.1_cds_QRC90112.1_93	JI435_095290
lcl|CP069023.1_cds_QRC90113.1_94	JI435_095300
lcl|CP069023.1_cds_QRC90114.1_95	JI435_095310
lcl|CP069023.1_cds_QRC90115.1_96	JI435_095320
lcl|CP069023.1_cds_QRC90116.1_97	JI435_095330
lcl|CP069023.1_cds_QRC90117.1_98	JI435_424980
lcl|CP069023.1_cds_QRC90118.1_99	JI435_095340
lcl|CP069023.1_cds_QRC90119.1_100	JI435_095360
lcl|CP069023.1_cds_QRC90120.1_101	JI435_095370
lcl|CP069023.1_cds_QRC90121.1_102	JI435_095380
lcl|CP069023.1_cds_QRC90122.1_103	JI435_400150
lcl|CP069023.1_cds_QRC90123.1_104	JI435_400160
lcl|CP069023.1_cds_QRC90124.1_105	JI435_095390
lcl|CP069023.1_cds_QRC90125.1_106	JI435_095400
lcl|CP069023.1_cds_QRC90126.1_107	JI435_095410
lcl|CP069023.1_cds_QRC90127.1_108	JI435_095420
lcl|CP069023.1_cds_QRC90128.1_109	JI435_095430
lcl|CP069023.1_cds_QRC90129.1_110	JI435_400170
lcl|CP069023.1_cds_QRC90130.1_111	JI435_095440
lcl|CP069023.1_cds_QRC90131.1_112	JI435_095450
lcl|CP069023.1_cds_QRC90132.1_113	JI435_095460
lcl|CP069023.1_cds_QRC90133.1_114	JI435_400180
lcl|CP069023.1_cds_QRC90134.1_115	JI435_400190
lcl|CP069023.1_cds_QRC90135.1_116	JI435_095470
lcl|CP069023.1_cds_QRC90136.1_117	JI435_400200
lcl|CP069023.1_cds_QRC90137.1_118	JI435_400210
lcl|CP069023.1_cds_QRC90138.1_119	JI435_400220
lcl|CP069023.1_cds_QRC90139.1_120	JI435_400230
lcl|CP069023.1_cds_QRC90140.1_121	JI435_095490
lcl|CP069023.1_cds_QRC90141.1_122	JI435_400240
lcl|CP069023.1_cds_QRC90142.1_123	JI435_400250
lcl|CP069023.1_cds_QRC90143.1_124	JI435_095500
lcl|CP069023.1_cds_QRC90144.1_125	JI435_400260
lcl|CP069023.1_cds_QRC90145.1_126	JI435_095510
lcl|CP069023.1_cds_QRC90146.1_127	JI435_400270
lcl|CP069023.1_cds_QRC90147.1_128	JI435_095520
lcl|CP069023.1_cds_QRC90148.1_129	JI435_400280
lcl|CP069023.1_cds_QRC90149.1_130	JI435_095530
lcl|CP069023.1_cds_QRC90150.1_131	JI435_095550
lcl|CP069023.1_cds_QRC90151.1_132	JI435_095560
lcl|CP069023.1_cds_QRC90152.1_133	JI435_095570
lcl|CP069023.1_cds_QRC90153.1_134	JI435_095580
lcl|CP069023.1_cds_QRC90154.1_135	JI435_425040
lcl|CP069023.1_cds_QRC90155.1_136	JI435_306640
lcl|CP069023.1_cds_QRC90156.1_137	JI435_400290
lcl|CP069023.1_cds_QRC90157.1_138	JI435_095630
lcl|CP069023.1_cds_QRC90158.1_139	JI435_095640
lcl|CP069023.1_cds_QRC90159.1_140	JI435_095650
lcl|CP069023.1_cds_QRC90160.1_141	JI435_095660
lcl|CP069023.1_cds_QRC90161.1_142	JI435_095670
lcl|CP069023.1_cds_QRC90162.1_143	JI435_095680
lcl|CP069023.1_cds_QRC90163.1_144	JI435_095690
lcl|CP069023.1_cds_QRC90164.1_145	JI435_095700
lcl|CP069023.1_cds_QRC90165.1_146	JI435_095700
lcl|CP069023.1_cds_QRC90166.1_147	JI435_095710
lcl|CP069023.1_cds_QRC90167.1_148	JI435_095720
lcl|CP069023.1_cds_QRC90168.1_149	JI435_095730
lcl|CP069023.1_cds_QRC90169.1_150	JI435_095740
lcl|CP069023.1_cds_QRC90170.1_151	JI435_095750
lcl|CP069023.1_cds_QRC90171.1_152	JI435_095770
lcl|CP069023.1_cds_QRC90172.1_153	JI435_306650
lcl|CP069023.1_cds_QRC90173.1_154	JI435_306660
lcl|CP069023.1_cds_QRC90174.1_155	JI435_095800
lcl|CP069023.1_cds_QRC90175.1_156	JI435_095810
lcl|CP069023.1_cds_QRC90176.1_157	JI435_095820
lcl|CP069023.1_cds_QRC90177.1_158	JI435_095830
lcl|CP069023.1_cds_QRC90178.1_159	JI435_095840
lcl|CP069023.1_cds_QRC90179.1_160	JI435_095850
lcl|CP069023.1_cds_QRC90180.1_161	JI435_095860
lcl|CP069023.1_cds_QRC90181.1_162	JI435_095870
lcl|CP069023.1_cds_QRC90182.1_163	JI435_095880
lcl|CP069023.1_cds_QRC90183.1_164	JI435_095890
lcl|CP069023.1_cds_QRC90184.1_165	JI435_095900
lcl|CP069023.1_cds_QRC90185.1_166	JI435_095910
lcl|CP069023.1_cds_QRC90186.1_167	JI435_095920
lcl|CP069023.1_cds_QRC90187.1_168	JI435_095930
lcl|CP069023.1_cds_QRC90188.1_169	JI435_095940
lcl|CP069023.1_cds_QRC90189.1_170	JI435_095950
lcl|CP069023.1_cds_QRC90190.1_171	JI435_095960
lcl|CP069023.1_cds_QRC90191.1_172	JI435_095970
lcl|CP069023.1_cds_QRC90192.1_173	JI435_095980
lcl|CP069023.1_cds_QRC90193.1_174	JI435_095990
lcl|CP069023.1_cds_QRC90194.1_175	JI435_096000
lcl|CP069023.1_cds_QRC90195.1_176	JI435_096020
lcl|CP069023.1_cds_QRC90196.1_177	JI435_096030
lcl|CP069023.1_cds_QRC90197.1_178	JI435_425060
lcl|CP069023.1_cds_QRC90198.1_179	JI435_096040
lcl|CP069023.1_cds_QRC90199.1_180	JI435_425070
lcl|CP069023.1_cds_QRC90200.1_181	JI435_096060
lcl|CP069023.1_cds_QRC90201.1_182	JI435_096070
lcl|CP069023.1_cds_QRC90202.1_183	JI435_096080
lcl|CP069023.1_cds_QRC90203.1_184	JI435_096090
lcl|CP069023.1_cds_QRC90204.1_185	JI435_096100
lcl|CP069023.1_cds_QRC90205.1_186	JI435_096110
lcl|CP069023.1_cds_QRC90206.1_187	JI435_306680
lcl|CP069023.1_cds_QRC90207.1_188	JI435_096130
lcl|CP069023.1_cds_QRC90208.1_189	JI435_096140
lcl|CP069023.1_cds_QRC90209.1_190	JI435_096160
lcl|CP069023.1_cds_QRC90210.1_191	JI435_096170
lcl|CP069023.1_cds_QRC90211.1_192	JI435_096180
lcl|CP069023.1_cds_QRC90212.1_193	JI435_096190
lcl|CP069023.1_cds_QRC90213.1_194	JI435_096200
lcl|CP069023.1_cds_QRC90214.1_195	JI435_096210
lcl|CP069023.1_cds_QRC90215.1_196	JI435_096220
lcl|CP069023.1_cds_QRC90216.1_197	JI435_096230
lcl|CP069023.1_cds_QRC90217.1_198	JI435_096240
lcl|CP069023.1_cds_QRC90218.1_199	JI435_096250
lcl|CP069023.1_cds_QRC90219.1_200	JI435_096260
lcl|CP069023.1_cds_QRC90220.1_201	JI435_306690
lcl|CP069023.1_cds_QRC90221.1_202	JI435_425090
lcl|CP069023.1_cds_QRC90222.1_203	JI435_096270
lcl|CP069023.1_cds_QRC90223.1_204	JI435_425110
lcl|CP069023.1_cds_QRC90224.1_205	JI435_096290
lcl|CP069023.1_cds_QRC90225.1_206	JI435_096320
lcl|CP069023.1_cds_QRC90226.1_207	JI435_096330
lcl|CP069023.1_cds_QRC90227.1_208	JI435_096340
lcl|CP069023.1_cds_QRC90228.1_209	JI435_096350
lcl|CP069023.1_cds_QRC90229.1_210	JI435_306700
lcl|CP069023.1_cds_QRC90230.1_211	JI435_425120
lcl|CP069023.1_cds_QRC90231.1_212	JI435_096360
lcl|CP069023.1_cds_QRC90232.1_213	JI435_096370
lcl|CP069023.1_cds_QRC90233.1_214	JI435_096380
lcl|CP069023.1_cds_QRC90234.1_215	JI435_096390
lcl|CP069023.1_cds_QRC90235.1_216	JI435_096400
lcl|CP069023.1_cds_QRC90236.1_217	JI435_096410
lcl|CP069023.1_cds_QRC90237.1_218	JI435_096420
lcl|CP069023.1_cds_QRC90238.1_219	JI435_096430
lcl|CP069023.1_cds_QRC90239.1_220	JI435_096440
lcl|CP069023.1_cds_QRC90240.1_221	JI435_096450
lcl|CP069023.1_cds_QRC90241.1_222	JI435_096460
lcl|CP069023.1_cds_QRC90242.1_223	JI435_096480
lcl|CP069023.1_cds_QRC90243.1_224	JI435_096490
lcl|CP069023.1_cds_QRC90244.1_225	JI435_096500
lcl|CP069023.1_cds_QRC90245.1_226	JI435_096520
lcl|CP069023.1_cds_QRC90246.1_227	JI435_096540
lcl|CP069023.1_cds_QRC90247.1_228	JI435_096550
lcl|CP069023.1_cds_QRC90248.1_229	JI435_096560
lcl|CP069023.1_cds_QRC90249.1_230	JI435_096570
lcl|CP069023.1_cds_QRC90250.1_231	JI435_096590
lcl|CP069023.1_cds_QRC90251.1_232	JI435_096600
lcl|CP069023.1_cds_QRC90252.1_233	JI435_096610
lcl|CP069023.1_cds_QRC90253.1_234	JI435_096620
lcl|CP069023.1_cds_QRC90254.1_235	JI435_400300
lcl|CP069023.1_cds_QRC90255.1_236	JI435_096630
lcl|CP069023.1_cds_QRC90256.1_237	JI435_096640
lcl|CP069023.1_cds_QRC90257.1_238	JI435_096650
lcl|CP069023.1_cds_QRC90258.1_239	JI435_096670
lcl|CP069023.1_cds_QRC90259.1_240	JI435_400310
lcl|CP069023.1_cds_QRC90260.1_241	JI435_096680
lcl|CP069023.1_cds_QRC90261.1_242	JI435_096680
lcl|CP069023.1_cds_QRC90262.1_243	JI435_306710
lcl|CP069023.1_cds_QRC90263.1_244	JI435_096710
lcl|CP069023.1_cds_QRC90264.1_245	JI435_096720
lcl|CP069023.1_cds_QRC90265.1_246	JI435_096740
lcl|CP069023.1_cds_QRC90266.1_247	JI435_096750
lcl|CP069023.1_cds_QRC90267.1_248	JI435_096760
lcl|CP069023.1_cds_QRC90268.1_249	JI435_096770
lcl|CP069023.1_cds_QRC90269.1_250	JI435_096780
lcl|CP069023.1_cds_QRC90270.1_251	JI435_096790
lcl|CP069023.1_cds_QRC90271.1_252	JI435_306720
lcl|CP069023.1_cds_QRC90272.1_253	JI435_096800
lcl|CP069023.1_cds_QRC90273.1_254	JI435_096810
lcl|CP069023.1_cds_QRC90274.1_255	JI435_096820
lcl|CP069023.1_cds_QRC90275.1_256	JI435_306730
lcl|CP069023.1_cds_QRC90276.1_257	JI435_096840
lcl|CP069023.1_cds_QRC90277.1_258	JI435_096850
lcl|CP069023.1_cds_QRC90278.1_259	JI435_096860
lcl|CP069023.1_cds_QRC90279.1_260	JI435_096870
lcl|CP069023.1_cds_QRC90280.1_261	JI435_096880
lcl|CP069023.1_cds_QRC90281.1_262	JI435_425160
lcl|CP069023.1_cds_QRC90282.1_263	JI435_425170
lcl|CP069023.1_cds_QRC90283.1_264	JI435_096900
lcl|CP069023.1_cds_QRC90284.1_265	JI435_306740
lcl|CP069023.1_cds_QRC90285.1_266	JI435_096910
lcl|CP069023.1_cds_QRC90286.1_267	JI435_096920
lcl|CP069023.1_cds_QRC90287.1_268	JI435_096930
lcl|CP069023.1_cds_QRC90288.1_269	JI435_306750
lcl|CP069023.1_cds_QRC90289.1_270	JI435_096950
lcl|CP069023.1_cds_QRC90290.1_271	JI435_425180
lcl|CP069023.1_cds_QRC90291.1_272	JI435_096970
lcl|CP069023.1_cds_QRC90292.1_273	JI435_096980
lcl|CP069023.1_cds_QRC90293.1_274	JI435_400320
lcl|CP069023.1_cds_QRC90294.1_275	JI435_097000
lcl|CP069023.1_cds_QRC90295.1_276	JI435_097010
lcl|CP069023.1_cds_QRC90296.1_277	JI435_097020
lcl|CP069023.1_cds_QRC90297.1_278	JI435_097040
lcl|CP069023.1_cds_QRC90298.1_279	JI435_097050
lcl|CP069023.1_cds_QRC90299.1_280	JI435_097060
lcl|CP069023.1_cds_QRC90300.1_281	JI435_400330
lcl|CP069023.1_cds_QRC90301.1_282	JI435_097070
lcl|CP069023.1_cds_QRC90302.1_283	JI435_097080
lcl|CP069023.1_cds_QRC90303.1_284	JI435_097090
lcl|CP069023.1_cds_QRC90304.1_285	JI435_400340
lcl|CP069023.1_cds_QRC90305.1_286	JI435_425210
lcl|CP069023.1_cds_QRC90306.1_287	JI435_425220
lcl|CP069023.1_cds_QRC90307.1_288	JI435_097100
lcl|CP069023.1_cds_QRC90308.1_289	JI435_097110
lcl|CP069023.1_cds_QRC90309.1_290	JI435_400350
lcl|CP069023.1_cds_QRC90310.1_291	JI435_425230
lcl|CP069023.1_cds_QRC90311.1_292	JI435_097130
lcl|CP069023.1_cds_QRC90312.1_293	JI435_097140
lcl|CP069023.1_cds_QRC90313.1_294	JI435_097150
lcl|CP069023.1_cds_QRC90314.1_295	JI435_097170
lcl|CP069023.1_cds_QRC90315.1_296	JI435_097180
lcl|CP069023.1_cds_QRC90316.1_297	JI435_097190
lcl|CP069023.1_cds_QRC90317.1_298	JI435_097200
lcl|CP069023.1_cds_QRC90318.1_299	JI435_097210
lcl|CP069023.1_cds_QRC90319.1_300	JI435_097220
lcl|CP069023.1_cds_QRC90320.1_301	JI435_097230
lcl|CP069023.1_cds_QRC90321.1_302	JI435_400360
lcl|CP069023.1_cds_QRC90322.1_303	JI435_097250
lcl|CP069023.1_cds_QRC90323.1_304	JI435_097260
lcl|CP069023.1_cds_QRC90324.1_305	JI435_097270
lcl|CP069023.1_cds_QRC90325.1_306	JI435_097280
lcl|CP069023.1_cds_QRC90326.1_307	JI435_097290
lcl|CP069023.1_cds_QRC90327.1_308	JI435_097300
lcl|CP069023.1_cds_QRC90328.1_309	JI435_097310
lcl|CP069023.1_cds_QRC90329.1_310	JI435_097320
lcl|CP069023.1_cds_QRC90330.1_311	JI435_097330
lcl|CP069023.1_cds_QRC90331.1_312	JI435_306760
lcl|CP069023.1_cds_QRC90332.1_313	JI435_400370
lcl|CP069023.1_cds_QRC90333.1_314	JI435_097340
lcl|CP069023.1_cds_QRC90334.1_315	JI435_097350
lcl|CP069023.1_cds_QRC90335.1_316	JI435_097360
lcl|CP069023.1_cds_QRC90336.1_317	JI435_097370
lcl|CP069023.1_cds_QRC90337.1_318	JI435_097380
lcl|CP069023.1_cds_QRC90338.1_319	JI435_097390
lcl|CP069023.1_cds_QRC90339.1_320	JI435_097400
lcl|CP069023.1_cds_QRC90340.1_321	JI435_097410
lcl|CP069023.1_cds_QRC90341.1_322	JI435_097420
lcl|CP069023.1_cds_QRC90342.1_323	JI435_425260
lcl|CP069023.1_cds_QRC90343.1_324	JI435_097440
lcl|CP069023.1_cds_QRC90344.1_325	JI435_097450
lcl|CP069023.1_cds_QRC90345.1_326	JI435_097460
lcl|CP069023.1_cds_QRC90346.1_327	JI435_097470
lcl|CP069023.1_cds_QRC90347.1_328	JI435_097480
lcl|CP069023.1_cds_QRC90348.1_329	JI435_097490
lcl|CP069023.1_cds_QRC90349.1_330	JI435_097500
lcl|CP069023.1_cds_QRC90350.1_331	JI435_097510
lcl|CP069023.1_cds_QRC90351.1_332	JI435_097520
lcl|CP069023.1_cds_QRC90352.1_333	JI435_097530
lcl|CP069023.1_cds_QRC90353.1_334	JI435_097540
lcl|CP069023.1_cds_QRC90354.1_335	JI435_097550
lcl|CP069023.1_cds_QRC90355.1_336	JI435_097560
lcl|CP069023.1_cds_QRC90356.1_337	JI435_097570
lcl|CP069023.1_cds_QRC90357.1_338	JI435_306770
lcl|CP069023.1_cds_QRC90358.1_339	JI435_097580
lcl|CP069023.1_cds_QRC90359.1_340	JI435_097590
lcl|CP069023.1_cds_QRC90360.1_341	JI435_097600
lcl|CP069023.1_cds_QRC90361.1_342	JI435_097610
lcl|CP069023.1_cds_QRC90362.1_343	JI435_097630
lcl|CP069023.1_cds_QRC90363.1_344	JI435_097640
lcl|CP069023.1_cds_QRC90364.1_345	JI435_097660
lcl|CP069023.1_cds_QRC90365.1_346	JI435_097670
lcl|CP069023.1_cds_QRC90366.1_347	JI435_097680
lcl|CP069023.1_cds_QRC90367.1_348	JI435_097690
lcl|CP069023.1_cds_QRC90368.1_349	JI435_097700
lcl|CP069023.1_cds_QRC90369.1_350	JI435_097720
lcl|CP069023.1_cds_QRC90370.1_351	JI435_097730
lcl|CP069023.1_cds_QRC90371.1_352	JI435_097740
lcl|CP069023.1_cds_QRC90372.1_353	JI435_097760
lcl|CP069023.1_cds_QRC90373.1_354	JI435_097770
lcl|CP069023.1_cds_QRC90374.1_355	JI435_097780
lcl|CP069023.1_cds_QRC90375.1_356	JI435_097790
lcl|CP069023.1_cds_QRC90376.1_357	JI435_097810
lcl|CP069023.1_cds_QRC90377.1_358	JI435_425300
lcl|CP069023.1_cds_QRC90378.1_359	JI435_097840
lcl|CP069023.1_cds_QRC90379.1_360	JI435_097850
lcl|CP069023.1_cds_QRC90380.1_361	JI435_097860
lcl|CP069023.1_cds_QRC90381.1_362	JI435_097870
lcl|CP069023.1_cds_QRC90382.1_363	JI435_097880
lcl|CP069023.1_cds_QRC90383.1_364	JI435_097890
lcl|CP069023.1_cds_QRC90384.1_365	JI435_097900
lcl|CP069023.1_cds_QRC90385.1_366	JI435_097910
lcl|CP069023.1_cds_QRC90386.1_367	JI435_097920
lcl|CP069023.1_cds_QRC90387.1_368	JI435_097930
lcl|CP069023.1_cds_QRC90388.1_369	JI435_097940
lcl|CP069023.1_cds_QRC90389.1_370	JI435_097950
lcl|CP069023.1_cds_QRC90390.1_371	JI435_400380
lcl|CP069023.1_cds_QRC90391.1_372	JI435_097960
lcl|CP069023.1_cds_QRC90392.1_373	JI435_400390
lcl|CP069023.1_cds_QRC90393.1_374	JI435_306780
lcl|CP069023.1_cds_QRC90394.1_375	JI435_097980
lcl|CP069023.1_cds_QRC90395.1_376	JI435_098000
lcl|CP069023.1_cds_QRC90396.1_377	JI435_425310
lcl|CP069023.1_cds_QRC90397.1_378	JI435_098040
lcl|CP069023.1_cds_QRC90398.1_379	JI435_098050
lcl|CP069023.1_cds_QRC90399.1_380	JI435_098060
lcl|CP069023.1_cds_QRC90400.1_381	JI435_098070
lcl|CP069023.1_cds_QRC90401.1_382	JI435_098080
lcl|CP069023.1_cds_QRC90402.1_383	JI435_425320
lcl|CP069023.1_cds_QRC90403.1_384	JI435_098090
lcl|CP069023.1_cds_QRC90404.1_385	JI435_098100
lcl|CP069023.1_cds_QRC90405.1_386	JI435_098110
lcl|CP069023.1_cds_QRC90406.1_387	JI435_098130
lcl|CP069023.1_cds_QRC90407.1_388	JI435_098130
lcl|CP069023.1_cds_QRC90408.1_389	JI435_098140
lcl|CP069023.1_cds_QRC90409.1_390	JI435_306790
lcl|CP069023.1_cds_QRC90410.1_391	JI435_098170
lcl|CP069023.1_cds_QRC90411.1_392	JI435_098180
lcl|CP069023.1_cds_QRC90412.1_393	JI435_098190
lcl|CP069023.1_cds_QRC90413.1_394	JI435_098210
lcl|CP069023.1_cds_QRC90414.1_395	JI435_098220
lcl|CP069023.1_cds_QRC90415.1_396	JI435_098230
lcl|CP069023.1_cds_QRC90416.1_397	JI435_098240
lcl|CP069023.1_cds_QRC90417.1_398	JI435_425330
lcl|CP069023.1_cds_QRC90418.1_399	JI435_098270
lcl|CP069023.1_cds_QRC90419.1_400	JI435_098280
lcl|CP069023.1_cds_QRC90420.1_401	JI435_098290
lcl|CP069023.1_cds_QRC90421.1_402	JI435_098300
lcl|CP069023.1_cds_QRC90423.1_403	JI435_098310
lcl|CP069023.1_cds_QRC90422.1_404	JI435_098310
lcl|CP069023.1_cds_QRC90424.1_405	JI435_098330
lcl|CP069023.1_cds_QRC90425.1_406	JI435_098340
lcl|CP069023.1_cds_QRC90426.1_407	JI435_098350
lcl|CP069023.1_cds_QRC90427.1_408	JI435_098360
lcl|CP069023.1_cds_QRC90428.1_409	JI435_098370
lcl|CP069023.1_cds_QRC90429.1_410	JI435_425340
lcl|CP069023.1_cds_QRC90430.1_411	JI435_098390
lcl|CP069023.1_cds_QRC90431.1_412	JI435_098400
lcl|CP069023.1_cds_QRC90432.1_413	JI435_098420
lcl|CP069023.1_cds_QRC90433.1_414	JI435_098430
lcl|CP069023.1_cds_QRC90434.1_415	JI435_098440
lcl|CP069023.1_cds_QRC90435.1_416	JI435_098450
lcl|CP069023.1_cds_QRC90436.1_417	JI435_425350
lcl|CP069023.1_cds_QRC90437.1_418	JI435_098460
lcl|CP069023.1_cds_QRC90438.1_419	JI435_098480
lcl|CP069023.1_cds_QRC90439.1_420	JI435_098490
lcl|CP069023.1_cds_QRC90440.1_421	JI435_098500
lcl|CP069023.1_cds_QRC90441.1_422	JI435_306810
lcl|CP069023.1_cds_QRC90442.1_423	JI435_098520
lcl|CP069023.1_cds_QRC90443.1_424	JI435_098530
lcl|CP069023.1_cds_QRC90444.1_425	JI435_098540
lcl|CP069023.1_cds_QRC90445.1_426	JI435_098550
lcl|CP069023.1_cds_QRC90446.1_427	JI435_098560
lcl|CP069023.1_cds_QRC90447.1_428	JI435_098570
lcl|CP069023.1_cds_QRC90448.1_429	JI435_425380
lcl|CP069023.1_cds_QRC90449.1_430	JI435_098580
lcl|CP069023.1_cds_QRC90450.1_431	JI435_098590
lcl|CP069023.1_cds_QRC90451.1_432	JI435_098610
lcl|CP069023.1_cds_QRC90452.1_433	JI435_098640
lcl|CP069023.1_cds_QRC90453.1_434	JI435_098650
lcl|CP069023.1_cds_QRC90454.1_435	JI435_098660
lcl|CP069023.1_cds_QRC90455.1_436	JI435_098670
lcl|CP069023.1_cds_QRC90456.1_437	JI435_098680
lcl|CP069023.1_cds_QRC90457.1_438	JI435_098690
lcl|CP069023.1_cds_QRC90458.1_439	JI435_098700
lcl|CP069023.1_cds_QRC90459.1_440	JI435_098710
lcl|CP069023.1_cds_QRC90460.1_441	JI435_098720
lcl|CP069023.1_cds_QRC90461.1_442	JI435_098730
lcl|CP069023.1_cds_QRC90462.1_443	JI435_098740
lcl|CP069023.1_cds_QRC90463.1_444	JI435_098750
lcl|CP069023.1_cds_QRC90464.1_445	JI435_098760
lcl|CP069023.1_cds_QRC90465.1_446	JI435_098770
lcl|CP069023.1_cds_QRC90466.1_447	JI435_098780
lcl|CP069023.1_cds_QRC90467.1_448	JI435_098790
lcl|CP069023.1_cds_QRC90468.1_449	JI435_098800
lcl|CP069023.1_cds_QRC90469.1_450	JI435_098820
lcl|CP069023.1_cds_QRC90470.1_451	JI435_098840
lcl|CP069023.1_cds_QRC90471.1_452	JI435_098850
lcl|CP069023.1_cds_QRC90472.1_453	JI435_098860
lcl|CP069023.1_cds_QRC90473.1_454	JI435_098870
lcl|CP069023.1_cds_QRC90474.1_455	JI435_098890
lcl|CP069023.1_cds_QRC90475.1_456	JI435_098900
lcl|CP069023.1_cds_QRC90476.1_457	JI435_098910
lcl|CP069023.1_cds_QRC90477.1_458	JI435_098920
lcl|CP069023.1_cds_QRC90478.1_459	JI435_098930
lcl|CP069023.1_cds_QRC90479.1_460	JI435_098940
lcl|CP069023.1_cds_QRC90480.1_461	JI435_098950
lcl|CP069023.1_cds_QRC90481.1_462	JI435_098960
lcl|CP069023.1_cds_QRC90482.1_463	JI435_098970
lcl|CP069023.1_cds_QRC90483.1_464	JI435_098980
lcl|CP069023.1_cds_QRC90484.1_465	JI435_098990
lcl|CP069023.1_cds_QRC90485.1_466	JI435_099000
lcl|CP069023.1_cds_QRC90486.1_467	JI435_099010
lcl|CP069023.1_cds_QRC90487.1_468	JI435_099020
lcl|CP069023.1_cds_QRC90488.1_469	JI435_099030
lcl|CP069023.1_cds_QRC90489.1_470	JI435_099040
lcl|CP069023.1_cds_QRC90490.1_471	JI435_099050
lcl|CP069023.1_cds_QRC90491.1_472	JI435_306820
lcl|CP069023.1_cds_QRC90492.1_473	JI435_000020
lcl|CP069023.1_cds_QRC90493.1_474	JI435_425440
lcl|CP069023.1_cds_QRC90494.1_475	JI435_000040
lcl|CP069023.1_cds_QRC90495.1_476	JI435_000050
lcl|CP069023.1_cds_QRC90496.1_477	JI435_000060
lcl|CP069023.1_cds_QRC90497.1_478	JI435_000100
lcl|CP069023.1_cds_QRC90498.1_479	JI435_000110
lcl|CP069023.1_cds_QRC90499.1_480	JI435_425490
lcl|CP069023.1_cds_QRC90500.1_481	JI435_400400
lcl|CP069023.1_cds_QRC90501.1_482	JI435_000140
lcl|CP069023.1_cds_QRC90502.1_483	JI435_425500
lcl|CP069023.1_cds_QRC90503.1_484	JI435_000150
lcl|CP069023.1_cds_QRC90504.1_485	JI435_000160
lcl|CP069023.1_cds_QRC90505.1_486	JI435_000170
lcl|CP069023.1_cds_QRC90506.1_487	JI435_000190
lcl|CP069023.1_cds_QRC90507.1_488	JI435_425520
lcl|CP069023.1_cds_QRC90508.1_489	JI435_400410
lcl|CP069023.1_cds_QRC90509.1_490	JI435_000210
lcl|CP069023.1_cds_QRC90510.1_491	JI435_000220
lcl|CP069023.1_cds_QRC90511.1_492	JI435_000230
lcl|CP069023.1_cds_QRC90512.1_493	JI435_000240
lcl|CP069023.1_cds_QRC90513.1_494	JI435_400420
lcl|CP069023.1_cds_QRC90514.1_495	JI435_425530
lcl|CP069023.1_cds_QRC90515.1_496	JI435_000260
lcl|CP069023.1_cds_QRC90516.1_497	JI435_425540
lcl|CP069023.1_cds_QRC90517.1_498	JI435_425550
lcl|CP069023.1_cds_QRC90518.1_499	JI435_425560
lcl|CP069023.1_cds_QRC90519.1_500	JI435_000300
lcl|CP069023.1_cds_QRC90520.1_501	JI435_000310
lcl|CP069023.1_cds_QRC90521.1_502	JI435_000320
lcl|CP069023.1_cds_QRC90522.1_503	JI435_000330
lcl|CP069023.1_cds_QRC90523.1_504	JI435_000350
lcl|CP069023.1_cds_QRC90524.1_505	JI435_000370
lcl|CP069023.1_cds_QRC90525.1_506	JI435_000380
lcl|CP069023.1_cds_QRC90526.1_507	JI435_000390
lcl|CP069023.1_cds_QRC90527.1_508	JI435_000400
lcl|CP069023.1_cds_QRC90528.1_509	JI435_000420
lcl|CP069023.1_cds_QRC90529.1_510	JI435_000430
lcl|CP069023.1_cds_QRC90530.1_511	JI435_000440
lcl|CP069023.1_cds_QRC90531.1_512	JI435_425600
lcl|CP069023.1_cds_QRC90532.1_513	JI435_000460
lcl|CP069023.1_cds_QRC90533.1_514	JI435_400430
lcl|CP069023.1_cds_QRC90534.1_515	JI435_425620
lcl|CP069023.1_cds_QRC90535.1_516	JI435_000480
lcl|CP069023.1_cds_QRC90536.1_517	JI435_000490
lcl|CP069023.1_cds_QRC90537.1_518	JI435_000500
lcl|CP069023.1_cds_QRC90538.1_519	JI435_000510
lcl|CP069023.1_cds_QRC90539.1_520	JI435_000520
lcl|CP069023.1_cds_QRC90540.1_521	JI435_000530
lcl|CP069023.1_cds_QRC90541.1_522	JI435_425660
lcl|CP069023.1_cds_QRC90542.1_523	JI435_000570
lcl|CP069023.1_cds_QRC90543.1_524	JI435_000580
lcl|CP069023.1_cds_QRC90544.1_525	JI435_000600
lcl|CP069023.1_cds_QRC90545.1_526	JI435_000610
lcl|CP069023.1_cds_QRC90546.1_527	JI435_000620
lcl|CP069023.1_cds_QRC90547.1_528	JI435_000630
lcl|CP069023.1_cds_QRC90548.1_529	JI435_000640
lcl|CP069023.1_cds_QRC90549.1_530	JI435_000670
lcl|CP069023.1_cds_QRC90550.1_531	JI435_000680
lcl|CP069023.1_cds_QRC90551.1_532	JI435_000690
lcl|CP069023.1_cds_QRC90552.1_533	JI435_000700
lcl|CP069023.1_cds_QRC90553.1_534	JI435_000710
lcl|CP069023.1_cds_QRC90554.1_535	JI435_000720
lcl|CP069023.1_cds_QRC90555.1_536	JI435_000730
lcl|CP069023.1_cds_QRC90556.1_537	JI435_000740
lcl|CP069023.1_cds_QRC90557.1_538	JI435_000750
lcl|CP069023.1_cds_QRC90558.1_539	JI435_000760
lcl|CP069023.1_cds_QRC90559.1_540	JI435_400440
lcl|CP069023.1_cds_QRC90560.1_541	JI435_000780
lcl|CP069023.1_cds_QRC90561.1_542	JI435_000790
lcl|CP069023.1_cds_QRC90562.1_543	JI435_000810
lcl|CP069023.1_cds_QRC90563.1_544	JI435_000820
lcl|CP069023.1_cds_QRC90564.1_545	JI435_000830
lcl|CP069023.1_cds_QRC90565.1_546	JI435_400450
lcl|CP069023.1_cds_QRC90566.1_547	JI435_000840
lcl|CP069023.1_cds_QRC90567.1_548	JI435_425700
lcl|CP069023.1_cds_QRC90568.1_549	JI435_000860
lcl|CP069023.1_cds_QRC90569.1_550	JI435_000870
lcl|CP069023.1_cds_QRC90570.1_551	JI435_000880
lcl|CP069023.1_cds_QRC90571.1_552	JI435_000890
lcl|CP069023.1_cds_QRC90572.1_553	JI435_000900
lcl|CP069023.1_cds_QRC90573.1_554	JI435_000920
lcl|CP069023.1_cds_QRC90574.1_555	JI435_400460
lcl|CP069023.1_cds_QRC90575.1_556	JI435_000930
lcl|CP069023.1_cds_QRC90576.1_557	JI435_000940
lcl|CP069023.1_cds_QRC90577.1_558	JI435_000960
lcl|CP069023.1_cds_QRC90578.1_559	JI435_000970
lcl|CP069023.1_cds_QRC90579.1_560	JI435_000980
lcl|CP069023.1_cds_QRC90580.1_561	JI435_000990
lcl|CP069023.1_cds_QRC90581.1_562	JI435_001000
lcl|CP069023.1_cds_QRC90582.1_563	JI435_001010
lcl|CP069023.1_cds_QRC90583.1_564	JI435_001020
lcl|CP069023.1_cds_QRC90584.1_565	JI435_001040
lcl|CP069023.1_cds_QRC90585.1_566	JI435_300080
lcl|CP069023.1_cds_QRC90586.1_567	JI435_001050
lcl|CP069023.1_cds_QRC90587.1_568	JI435_001070
lcl|CP069023.1_cds_QRC90588.1_569	JI435_001080
lcl|CP069023.1_cds_QRC90589.1_570	JI435_001100
lcl|CP069023.1_cds_QRC90590.1_571	JI435_001110
lcl|CP069023.1_cds_QRC90591.1_572	JI435_001120
lcl|CP069023.1_cds_QRC90592.1_573	JI435_001130
lcl|CP069023.1_cds_QRC90593.1_574	JI435_001140
lcl|CP069023.1_cds_QRC90594.1_575	JI435_001150
lcl|CP069023.1_cds_QRC90595.1_576	JI435_001160
lcl|CP069023.1_cds_QRC90596.1_577	JI435_001170
lcl|CP069023.1_cds_QRC90597.1_578	JI435_001180
lcl|CP069023.1_cds_QRC90598.1_579	JI435_001190
lcl|CP069023.1_cds_QRC90599.1_580	JI435_001200
lcl|CP069023.1_cds_QRC90600.1_581	JI435_001220
lcl|CP069023.1_cds_QRC90601.1_582	JI435_425740
lcl|CP069023.1_cds_QRC90602.1_583	JI435_001260
lcl|CP069023.1_cds_QRC90603.1_584	JI435_001270
lcl|CP069023.1_cds_QRC90604.1_585	JI435_001280
lcl|CP069023.1_cds_QRC90605.1_586	JI435_001290
lcl|CP069023.1_cds_QRC90606.1_587	JI435_001310
lcl|CP069023.1_cds_QRC90607.1_588	JI435_001320
lcl|CP069023.1_cds_QRC90608.1_589	JI435_001330
lcl|CP069023.1_cds_QRC90609.1_590	JI435_001340
lcl|CP069023.1_cds_QRC90610.1_591	JI435_400470
lcl|CP069023.1_cds_QRC90611.1_592	JI435_001350
lcl|CP069023.1_cds_QRC90612.1_593	JI435_001360
lcl|CP069023.1_cds_QRC90613.1_594	JI435_001370
lcl|CP069023.1_cds_QRC90614.1_595	JI435_001380
lcl|CP069023.1_cds_QRC90615.1_596	JI435_001390
lcl|CP069023.1_cds_QRC90616.1_597	JI435_001400
lcl|CP069023.1_cds_QRC90617.1_598	JI435_001410
lcl|CP069023.1_cds_QRC90618.1_599	JI435_001420
lcl|CP069023.1_cds_QRC90619.1_600	JI435_001430
lcl|CP069023.1_cds_QRC90620.1_601	JI435_001440
lcl|CP069023.1_cds_QRC90621.1_602	JI435_425750
lcl|CP069023.1_cds_QRC90622.1_603	JI435_001470
lcl|CP069023.1_cds_QRC90623.1_604	JI435_001480
lcl|CP069023.1_cds_QRC90624.1_605	JI435_001490
lcl|CP069023.1_cds_QRC90625.1_606	JI435_001500
lcl|CP069023.1_cds_QRC90626.1_607	JI435_001510
lcl|CP069023.1_cds_QRC90627.1_608	JI435_001520
lcl|CP069023.1_cds_QRC90628.1_609	JI435_001530
lcl|CP069023.1_cds_QRC90629.1_610	JI435_400480
lcl|CP069023.1_cds_QRC90630.1_611	JI435_425760
lcl|CP069023.1_cds_QRC90631.1_612	JI435_001550
lcl|CP069023.1_cds_QRC90632.1_613	JI435_001560
lcl|CP069023.1_cds_QRC90633.1_614	JI435_400490
lcl|CP069023.1_cds_QRC90634.1_615	JI435_001570
lcl|CP069023.1_cds_QRC90635.1_616	JI435_001580
lcl|CP069023.1_cds_QRC90636.1_617	JI435_001590
lcl|CP069023.1_cds_QRC90637.1_618	JI435_001600
lcl|CP069023.1_cds_QRC90638.1_619	JI435_001610
lcl|CP069023.1_cds_QRC90639.1_620	JI435_001620
lcl|CP069023.1_cds_QRC90640.1_621	JI435_001640
lcl|CP069023.1_cds_QRC90641.1_622	JI435_001650
lcl|CP069023.1_cds_QRC90642.1_623	JI435_001660
lcl|CP069023.1_cds_QRC90643.1_624	JI435_425770
lcl|CP069023.1_cds_QRC90644.1_625	JI435_001690
lcl|CP069023.1_cds_QRC90645.1_626	JI435_001700
lcl|CP069023.1_cds_QRC90646.1_627	JI435_001710
lcl|CP069023.1_cds_QRC90647.1_628	JI435_001720
lcl|CP069023.1_cds_QRC90648.1_629	JI435_425790
lcl|CP069023.1_cds_QRC90649.1_630	JI435_425800
lcl|CP069023.1_cds_QRC90650.1_631	JI435_425810
lcl|CP069023.1_cds_QRC90651.1_632	JI435_001740
lcl|CP069023.1_cds_QRC90652.1_633	JI435_001750
lcl|CP069023.1_cds_QRC90653.1_634	JI435_001760
lcl|CP069023.1_cds_QRC90654.1_635	JI435_001770
lcl|CP069023.1_cds_QRC90655.1_636	JI435_001780
lcl|CP069023.1_cds_QRC90656.1_637	JI435_001790
lcl|CP069023.1_cds_QRC90657.1_638	JI435_001800
lcl|CP069023.1_cds_QRC90658.1_639	JI435_001810
lcl|CP069023.1_cds_QRC90659.1_640	JI435_001820
lcl|CP069023.1_cds_QRC90660.1_641	JI435_001830
lcl|CP069023.1_cds_QRC90661.1_642	JI435_001840
lcl|CP069023.1_cds_QRC90662.1_643	JI435_001850
lcl|CP069023.1_cds_QRC90663.1_644	JI435_001860
lcl|CP069023.1_cds_QRC90664.1_645	JI435_001870
lcl|CP069023.1_cds_QRC90665.1_646	JI435_001880
lcl|CP069023.1_cds_QRC90666.1_647	JI435_001900
lcl|CP069023.1_cds_QRC90667.1_648	JI435_400500
lcl|CP069023.1_cds_QRC90668.1_649	JI435_001910
lcl|CP069023.1_cds_QRC90669.1_650	JI435_001920
lcl|CP069023.1_cds_QRC90670.1_651	JI435_001930
lcl|CP069023.1_cds_QRC90671.1_652	JI435_001940
lcl|CP069023.1_cds_QRC90672.1_653	JI435_001950
lcl|CP069023.1_cds_QRC90673.1_654	JI435_001960
lcl|CP069023.1_cds_QRC90674.1_655	JI435_001970
lcl|CP069023.1_cds_QRC90675.1_656	JI435_001980
lcl|CP069023.1_cds_QRC90676.1_657	JI435_400510
lcl|CP069023.1_cds_QRC90677.1_658	JI435_400520
lcl|CP069023.1_cds_QRC90678.1_659	JI435_002000
lcl|CP069023.1_cds_QRC90679.1_660	JI435_002010
lcl|CP069023.1_cds_QRC90680.1_661	JI435_002020
lcl|CP069023.1_cds_QRC90681.1_662	JI435_002030
lcl|CP069023.1_cds_QRC90682.1_663	JI435_002050
lcl|CP069023.1_cds_QRC90683.1_664	JI435_002060
lcl|CP069023.1_cds_QRC90684.1_665	JI435_002070
lcl|CP069023.1_cds_QRC90685.1_666	JI435_002080
lcl|CP069023.1_cds_QRC90686.1_667	JI435_002090
lcl|CP069023.1_cds_QRC90687.1_668	JI435_002100
lcl|CP069023.1_cds_QRC90688.1_669	JI435_002110
lcl|CP069023.1_cds_QRC90689.1_670	JI435_002120
lcl|CP069023.1_cds_QRC90690.1_671	JI435_002130
lcl|CP069023.1_cds_QRC90691.1_672	JI435_002140
lcl|CP069023.1_cds_QRC90692.1_673	JI435_002160
lcl|CP069023.1_cds_QRC90693.1_674	JI435_400530
lcl|CP069023.1_cds_QRC90694.1_675	JI435_300110
lcl|CP069023.1_cds_QRC90695.1_676	JI435_425830
lcl|CP069023.1_cds_QRC90696.1_677	JI435_425840
lcl|CP069023.1_cds_QRC90697.1_678	JI435_300120
lcl|CP069023.1_cds_QRC90698.1_679	JI435_002200
lcl|CP069023.1_cds_QRC90699.1_680	JI435_300130
lcl|CP069023.1_cds_QRC90700.1_681	JI435_002210
lcl|CP069023.1_cds_QRC90701.1_682	JI435_002220
lcl|CP069023.1_cds_QRC90702.1_683	JI435_002230
lcl|CP069023.1_cds_QRC90703.1_684	JI435_002240
lcl|CP069023.1_cds_QRC90704.1_685	JI435_300140
lcl|CP069023.1_cds_QRC90705.1_686	JI435_002250
lcl|CP069023.1_cds_QRC90706.1_687	JI435_002260
lcl|CP069023.1_cds_QRC90707.1_688	JI435_002270
lcl|CP069023.1_cds_QRC90708.1_689	JI435_002280
lcl|CP069023.1_cds_QRC90709.1_690	JI435_425870
lcl|CP069023.1_cds_QRC90710.1_691	JI435_002290
lcl|CP069023.1_cds_QRC90711.1_692	JI435_002300
lcl|CP069023.1_cds_QRC90712.1_693	JI435_425880
lcl|CP069023.1_cds_QRC90713.1_694	JI435_425890
lcl|CP069023.1_cds_QRC90714.1_695	JI435_425900
lcl|CP069023.1_cds_QRC90715.1_696	JI435_400540
lcl|CP069023.1_cds_QRC90716.1_697	JI435_002340
lcl|CP069023.1_cds_QRC90717.1_698	JI435_002350
lcl|CP069023.1_cds_QRC90718.1_699	JI435_002360
lcl|CP069023.1_cds_QRC90719.1_700	JI435_002370
lcl|CP069023.1_cds_QRC90720.1_701	JI435_002380
lcl|CP069023.1_cds_QRC90721.1_702	JI435_002390
lcl|CP069023.1_cds_QRC90722.1_703	JI435_002400
lcl|CP069023.1_cds_QRC90723.1_704	JI435_002410
lcl|CP069023.1_cds_QRC90724.1_705	JI435_400550
lcl|CP069023.1_cds_QRC90725.1_706	JI435_002420
lcl|CP069023.1_cds_QRC90726.1_707	JI435_400560
lcl|CP069023.1_cds_QRC90727.1_708	JI435_002430
lcl|CP069023.1_cds_QRC90728.1_709	JI435_002440
lcl|CP069023.1_cds_QRC90729.1_710	JI435_425910
lcl|CP069023.1_cds_QRC90730.1_711	JI435_002460
lcl|CP069023.1_cds_QRC90731.1_712	JI435_002480
lcl|CP069023.1_cds_QRC90732.1_713	JI435_002500
lcl|CP069023.1_cds_QRC90733.1_714	JI435_002510
lcl|CP069023.1_cds_QRC90734.1_715	JI435_002520
lcl|CP069023.1_cds_QRC90735.1_716	JI435_002530
lcl|CP069023.1_cds_QRC90736.1_717	JI435_002540
lcl|CP069023.1_cds_QRC90737.1_718	JI435_002550
lcl|CP069023.1_cds_QRC90738.1_719	JI435_002560
lcl|CP069023.1_cds_QRC90739.1_720	JI435_002570
lcl|CP069023.1_cds_QRC90740.1_721	JI435_400570
lcl|CP069023.1_cds_QRC90741.1_722	JI435_002580
lcl|CP069023.1_cds_QRC90742.1_723	JI435_002590
lcl|CP069023.1_cds_QRC90743.1_724	JI435_400580
lcl|CP069023.1_cds_QRC90744.1_725	JI435_002610
lcl|CP069023.1_cds_QRC90745.1_726	JI435_002620
lcl|CP069023.1_cds_QRC90746.1_727	JI435_002630
lcl|CP069023.1_cds_QRC90747.1_728	JI435_002640
lcl|CP069023.1_cds_QRC90748.1_729	JI435_002650
lcl|CP069023.1_cds_QRC90749.1_730	JI435_002660
lcl|CP069023.1_cds_QRC90750.1_731	JI435_002670
lcl|CP069023.1_cds_QRC90751.1_732	JI435_002690
lcl|CP069023.1_cds_QRC90752.1_733	JI435_002700
lcl|CP069023.1_cds_QRC90753.1_734	JI435_002710
lcl|CP069023.1_cds_QRC90754.1_735	JI435_002720
lcl|CP069023.1_cds_QRC90755.1_736	JI435_002730
lcl|CP069023.1_cds_QRC90756.1_737	JI435_002740
lcl|CP069023.1_cds_QRC90757.1_738	JI435_002750
lcl|CP069023.1_cds_QRC90758.1_739	JI435_002760
lcl|CP069023.1_cds_QRC90759.1_740	JI435_002770
lcl|CP069023.1_cds_QRC90760.1_741	JI435_200020
lcl|CP069023.1_cds_QRC90761.1_742	JI435_002780
lcl|CP069023.1_cds_QRC90762.1_743	JI435_300180
lcl|CP069023.1_cds_QRC90763.1_744	JI435_002820
lcl|CP069023.1_cds_QRC90764.1_745	JI435_002830
lcl|CP069023.1_cds_QRC90765.1_746	JI435_002840
lcl|CP069023.1_cds_QRC90766.1_747	JI435_002850
lcl|CP069023.1_cds_QRC90767.1_748	JI435_002870
lcl|CP069023.1_cds_QRC90768.1_749	JI435_425950
lcl|CP069023.1_cds_QRC90769.1_750	JI435_002880
lcl|CP069023.1_cds_QRC90770.1_751	JI435_400590
lcl|CP069023.1_cds_QRC90771.1_752	JI435_002900
lcl|CP069023.1_cds_QRC90772.1_753	JI435_002910
lcl|CP069023.1_cds_QRC90773.1_754	JI435_002920
lcl|CP069023.1_cds_QRC90774.1_755	JI435_002930
lcl|CP069023.1_cds_QRC90775.1_756	JI435_002940
lcl|CP069023.1_cds_QRC90776.1_757	JI435_400600
lcl|CP069023.1_cds_QRC90777.1_758	JI435_002960
lcl|CP069023.1_cds_QRC90778.1_759	JI435_002970
lcl|CP069023.1_cds_QRC90779.1_760	JI435_002980
lcl|CP069023.1_cds_QRC90780.1_761	JI435_400610
lcl|CP069023.1_cds_QRC90781.1_762	JI435_002990
lcl|CP069023.1_cds_QRC90782.1_763	JI435_003000
lcl|CP069023.1_cds_QRC90783.1_764	JI435_003010
lcl|CP069023.1_cds_QRC90784.1_765	JI435_003020
lcl|CP069023.1_cds_QRC90785.1_766	JI435_003040
lcl|CP069023.1_cds_QRC90786.1_767	JI435_003050
lcl|CP069023.1_cds_QRC90787.1_768	JI435_003060
lcl|CP069023.1_cds_QRC90788.1_769	JI435_003070
lcl|CP069023.1_cds_QRC90789.1_770	JI435_300190
lcl|CP069023.1_cds_QRC90790.1_771	JI435_003080
lcl|CP069023.1_cds_QRC90791.1_772	JI435_425970
lcl|CP069023.1_cds_QRC90792.1_773	JI435_003100
lcl|CP069023.1_cds_QRC90793.1_774	JI435_003110
lcl|CP069023.1_cds_QRC90794.1_775	JI435_003120
lcl|CP069023.1_cds_QRC90795.1_776	JI435_003130
lcl|CP069023.1_cds_QRC90796.1_777	JI435_003140
lcl|CP069023.1_cds_QRC90797.1_778	JI435_003150
lcl|CP069023.1_cds_QRC90798.1_779	JI435_003160
lcl|CP069023.1_cds_QRC90799.1_780	JI435_003170
lcl|CP069023.1_cds_QRC90800.1_781	JI435_003180
lcl|CP069023.1_cds_QRC90801.1_782	JI435_003190
lcl|CP069023.1_cds_QRC90802.1_783	JI435_003200
lcl|CP069023.1_cds_QRC90803.1_784	JI435_003210
lcl|CP069023.1_cds_QRC90804.1_785	JI435_003220
lcl|CP069023.1_cds_QRC90805.1_786	JI435_003230
lcl|CP069023.1_cds_QRC90806.1_787	JI435_003240
lcl|CP069023.1_cds_QRC90807.1_788	JI435_003250
lcl|CP069023.1_cds_QRC90808.1_789	JI435_003260
lcl|CP069023.1_cds_QRC90809.1_790	JI435_003270
lcl|CP069023.1_cds_QRC90810.1_791	JI435_003280
lcl|CP069023.1_cds_QRC90811.1_792	JI435_003290
lcl|CP069023.1_cds_QRC90812.1_793	JI435_003300
lcl|CP069023.1_cds_QRC90813.1_794	JI435_003310
lcl|CP069023.1_cds_QRC90814.1_795	JI435_003320
lcl|CP069023.1_cds_QRC90815.1_796	JI435_003330
lcl|CP069023.1_cds_QRC90816.1_797	JI435_400620
lcl|CP069023.1_cds_QRC90817.1_798	JI435_003340
lcl|CP069023.1_cds_QRC90818.1_799	JI435_003350
lcl|CP069023.1_cds_QRC90819.1_800	JI435_003360
lcl|CP069023.1_cds_QRC90820.1_801	JI435_003370
lcl|CP069023.1_cds_QRC90821.1_802	JI435_003380
lcl|CP069023.1_cds_QRC90822.1_803	JI435_003390
lcl|CP069023.1_cds_QRC90823.1_804	JI435_003400
lcl|CP069023.1_cds_QRC90824.1_805	JI435_003410
lcl|CP069023.1_cds_QRC90825.1_806	JI435_003420
lcl|CP069023.1_cds_QRC90826.1_807	JI435_003430
lcl|CP069023.1_cds_QRC90827.1_808	JI435_003440
lcl|CP069023.1_cds_QRC90828.1_809	JI435_003450
lcl|CP069023.1_cds_QRC90829.1_810	JI435_003460
lcl|CP069023.1_cds_QRC90830.1_811	JI435_003470
lcl|CP069023.1_cds_QRC90831.1_812	JI435_003480
lcl|CP069023.1_cds_QRC90832.1_813	JI435_003490
lcl|CP069023.1_cds_QRC90833.1_814	JI435_003500
lcl|CP069023.1_cds_QRC90834.1_815	JI435_003510
lcl|CP069023.1_cds_QRC90835.1_816	JI435_003520
lcl|CP069023.1_cds_QRC90836.1_817	JI435_003530
lcl|CP069023.1_cds_QRC90837.1_818	JI435_003540
lcl|CP069023.1_cds_QRC90838.1_819	JI435_003550
lcl|CP069023.1_cds_QRC90839.1_820	JI435_003560
lcl|CP069023.1_cds_QRC90840.1_821	JI435_003600
lcl|CP069023.1_cds_QRC90841.1_822	JI435_003600
lcl|CP069023.1_cds_QRC90842.1_823	JI435_003610
lcl|CP069023.1_cds_QRC90843.1_824	JI435_003620
lcl|CP069023.1_cds_QRC90844.1_825	JI435_003650
lcl|CP069023.1_cds_QRC90845.1_826	JI435_300200
lcl|CP069023.1_cds_QRC90846.1_827	JI435_003660
lcl|CP069023.1_cds_QRC90847.1_828	JI435_003670
lcl|CP069023.1_cds_QRC90848.1_829	JI435_003680
lcl|CP069023.1_cds_QRC90849.1_830	JI435_003690
lcl|CP069023.1_cds_QRC90850.1_831	JI435_003700
lcl|CP069023.1_cds_QRC90851.1_832	JI435_003730
lcl|CP069023.1_cds_QRC90852.1_833	JI435_003740
lcl|CP069023.1_cds_QRC90853.1_834	JI435_003750
lcl|CP069023.1_cds_QRC90854.1_835	JI435_400630
lcl|CP069023.1_cds_QRC90855.1_836	JI435_003770
lcl|CP069023.1_cds_QRC90856.1_837	JI435_003780
lcl|CP069023.1_cds_QRC90857.1_838	JI435_003790
lcl|CP069023.1_cds_QRC90858.1_839	JI435_003810
lcl|CP069023.1_cds_QRC90859.1_840	JI435_003820
lcl|CP069023.1_cds_QRC90860.1_841	JI435_003840
lcl|CP069023.1_cds_QRC90861.1_842	JI435_003850
lcl|CP069023.1_cds_QRC90862.1_843	JI435_003870
lcl|CP069023.1_cds_QRC90863.1_844	JI435_003880
lcl|CP069023.1_cds_QRC90864.1_845	JI435_003890
lcl|CP069023.1_cds_QRC90865.1_846	JI435_300220
lcl|CP069023.1_cds_QRC90866.1_847	JI435_003900
lcl|CP069023.1_cds_QRC90867.1_848	JI435_003910
lcl|CP069023.1_cds_QRC90868.1_849	JI435_003920
lcl|CP069023.1_cds_QRC90869.1_850	JI435_003930
lcl|CP069023.1_cds_QRC90870.1_851	JI435_003940
lcl|CP069023.1_cds_QRC90871.1_852	JI435_003950
lcl|CP069023.1_cds_QRC90872.1_853	JI435_003960
lcl|CP069023.1_cds_QRC90873.1_854	JI435_003970
lcl|CP069023.1_cds_QRC90874.1_855	JI435_400640
lcl|CP069023.1_cds_QRC90875.1_856	JI435_003980
lcl|CP069023.1_cds_QRC90876.1_857	JI435_400650
lcl|CP069023.1_cds_QRC90877.1_858	JI435_003990
lcl|CP069023.1_cds_QRC90878.1_859	JI435_004000
lcl|CP069023.1_cds_QRC90879.1_860	JI435_004010
lcl|CP069023.1_cds_QRC90880.1_861	JI435_400660
lcl|CP069023.1_cds_QRC90881.1_862	JI435_004020
lcl|CP069023.1_cds_QRC90882.1_863	JI435_004030
lcl|CP069023.1_cds_QRC90883.1_864	JI435_400670
lcl|CP069023.1_cds_QRC90884.1_865	JI435_004050
lcl|CP069023.1_cds_QRC90885.1_866	JI435_004060
lcl|CP069023.1_cds_QRC90886.1_867	JI435_400680
lcl|CP069023.1_cds_QRC90887.1_868	JI435_004080
lcl|CP069023.1_cds_QRC90888.1_869	JI435_004100
lcl|CP069023.1_cds_QRC90889.1_870	JI435_004110
lcl|CP069023.1_cds_QRC90890.1_871	JI435_300240
lcl|CP069023.1_cds_QRC90891.1_872	JI435_004120
lcl|CP069023.1_cds_QRC90892.1_873	JI435_004130
lcl|CP069023.1_cds_QRC90893.1_874	JI435_400690
lcl|CP069023.1_cds_QRC90894.1_875	JI435_426060
lcl|CP069023.1_cds_QRC90895.1_876	JI435_426070
lcl|CP069023.1_cds_QRC90896.1_877	JI435_004140
lcl|CP069023.1_cds_QRC90897.1_878	JI435_004160
lcl|CP069023.1_cds_QRC90898.1_879	JI435_426080
lcl|CP069023.1_cds_QRC90899.1_880	JI435_426090
lcl|CP069023.1_cds_QRC90900.1_881	JI435_426100
lcl|CP069023.1_cds_QRC90901.1_882	JI435_426110
lcl|CP069023.1_cds_QRC90902.1_883	JI435_004200
lcl|CP069023.1_cds_QRC90903.1_884	JI435_400700
lcl|CP069023.1_cds_QRC90904.1_885	JI435_004210
lcl|CP069023.1_cds_QRC90905.1_886	JI435_004220
lcl|CP069023.1_cds_QRC90906.1_887	JI435_004230
lcl|CP069023.1_cds_QRC90907.1_888	JI435_004240
lcl|CP069023.1_cds_QRC90908.1_889	JI435_004250
lcl|CP069023.1_cds_QRC90909.1_890	JI435_004260
lcl|CP069023.1_cds_QRC90910.1_891	JI435_004270
lcl|CP069023.1_cds_QRC90911.1_892	JI435_004280
lcl|CP069023.1_cds_QRC90912.1_893	JI435_004290
lcl|CP069023.1_cds_QRC90913.1_894	JI435_400710
lcl|CP069023.1_cds_QRC90914.1_895	JI435_004300
lcl|CP069023.1_cds_QRC90915.1_896	JI435_004310
lcl|CP069023.1_cds_QRC90916.1_897	JI435_400720
lcl|CP069023.1_cds_QRC90917.1_898	JI435_004320
lcl|CP069023.1_cds_QRC90918.1_899	JI435_004330
lcl|CP069023.1_cds_QRC90919.1_900	JI435_004340
lcl|CP069023.1_cds_QRC90920.1_901	JI435_426130
lcl|CP069023.1_cds_QRC90921.1_902	JI435_300250
lcl|CP069023.1_cds_QRC90922.1_903	JI435_004370
lcl|CP069023.1_cds_QRC90923.1_904	JI435_004380
lcl|CP069023.1_cds_QRC90924.1_905	JI435_004390
lcl|CP069023.1_cds_QRC90925.1_906	JI435_400730
lcl|CP069023.1_cds_QRC90926.1_907	JI435_004410
lcl|CP069023.1_cds_QRC90927.1_908	JI435_400740
lcl|CP069023.1_cds_QRC90929.1_909	JI435_004420
lcl|CP069023.1_cds_QRC90928.1_910	JI435_004420
lcl|CP069023.1_cds_QRC90930.1_911	JI435_004430
lcl|CP069023.1_cds_QRC90931.1_912	JI435_004450
lcl|CP069023.1_cds_QRC90932.1_913	JI435_426150
lcl|CP069023.1_cds_QRC90933.1_914	JI435_426160
lcl|CP069023.1_cds_QRC90934.1_915	JI435_004480
lcl|CP069023.1_cds_QRC90935.1_916	JI435_004500
lcl|CP069023.1_cds_QRC90936.1_917	JI435_004510
lcl|CP069023.1_cds_QRC90937.1_918	JI435_004520
lcl|CP069023.1_cds_QRC90938.1_919	JI435_400750
lcl|CP069023.1_cds_QRC90939.1_920	JI435_004530
lcl|CP069023.1_cds_QRC90940.1_921	JI435_004540
lcl|CP069023.1_cds_QRC90941.1_922	JI435_004550
lcl|CP069023.1_cds_QRC90942.1_923	JI435_004560
lcl|CP069023.1_cds_QRC90943.1_924	JI435_400760
lcl|CP069023.1_cds_QRC90944.1_925	JI435_004570
lcl|CP069023.1_cds_QRC90945.1_926	JI435_004580
lcl|CP069023.1_cds_QRC90946.1_927	JI435_004590
lcl|CP069023.1_cds_QRC90947.1_928	JI435_400770
lcl|CP069023.1_cds_QRC90948.1_929	JI435_004610
lcl|CP069023.1_cds_QRC90949.1_930	JI435_004630
lcl|CP069023.1_cds_QRC90950.1_931	JI435_400780
lcl|CP069023.1_cds_QRC90951.1_932	JI435_004640
lcl|CP069023.1_cds_QRC90952.1_933	JI435_004650
lcl|CP069023.1_cds_QRC90953.1_934	JI435_400790
lcl|CP069023.1_cds_QRC90954.1_935	JI435_004660
lcl|CP069023.1_cds_QRC90955.1_936	JI435_004670
lcl|CP069023.1_cds_QRC90956.1_937	JI435_004680
lcl|CP069023.1_cds_QRC90957.1_938	JI435_426180
lcl|CP069023.1_cds_QRC90958.1_939	JI435_426190
lcl|CP069023.1_cds_QRC90959.1_940	JI435_426200
lcl|CP069023.1_cds_QRC90960.1_941	JI435_400800
lcl|CP069023.1_cds_QRC90961.1_942	JI435_004710
lcl|CP069023.1_cds_QRC90962.1_943	JI435_004720
lcl|CP069023.1_cds_QRC90963.1_944	JI435_426210
lcl|CP069023.1_cds_QRC90964.1_945	JI435_300260
lcl|CP069023.1_cds_QRC90965.1_946	JI435_004750
lcl|CP069023.1_cds_QRC90966.1_947	JI435_426230
lcl|CP069023.1_cds_QRC90967.1_948	JI435_004770
lcl|CP069023.1_cds_QRC90968.1_949	JI435_004790
lcl|CP069023.1_cds_QRC90969.1_950	JI435_004800
lcl|CP069023.1_cds_QRC90970.1_951	JI435_400810
lcl|CP069023.1_cds_QRC90971.1_952	JI435_004820
lcl|CP069023.1_cds_QRC90972.1_953	JI435_004820
lcl|CP069023.1_cds_QRC90973.1_954	JI435_004830
lcl|CP069023.1_cds_QRC90974.1_955	JI435_004840
lcl|CP069023.1_cds_QRC90975.1_956	JI435_004850
lcl|CP069023.1_cds_QRC90976.1_957	JI435_004860
lcl|CP069023.1_cds_QRC90977.1_958	JI435_004870
lcl|CP069023.1_cds_QRC90978.1_959	JI435_400820
lcl|CP069023.1_cds_QRC90979.1_960	JI435_004880
lcl|CP069023.1_cds_QRC90980.1_961	JI435_004890
lcl|CP069023.1_cds_QRC90981.1_962	JI435_004900
lcl|CP069023.1_cds_QRC90982.1_963	JI435_004910
lcl|CP069023.1_cds_QRC90983.1_964	JI435_004920
lcl|CP069023.1_cds_QRC90984.1_965	JI435_004930
lcl|CP069023.1_cds_QRC90985.1_966	JI435_004940
lcl|CP069023.1_cds_QRC90986.1_967	JI435_426240
lcl|CP069023.1_cds_QRC90987.1_968	JI435_300270
lcl|CP069023.1_cds_QRC90988.1_969	JI435_300280
lcl|CP069023.1_cds_QRC90989.1_970	JI435_004980
lcl|CP069023.1_cds_QRC90990.1_971	JI435_004990
lcl|CP069023.1_cds_QRC90991.1_972	JI435_426250
lcl|CP069023.1_cds_QRC90992.1_973	JI435_005010
lcl|CP069023.1_cds_QRC90993.1_974	JI435_005030
lcl|CP069023.1_cds_QRC90994.1_975	JI435_005040
lcl|CP069023.1_cds_QRC90995.1_976	JI435_005050
lcl|CP069023.1_cds_QRC90996.1_977	JI435_005060
lcl|CP069023.1_cds_QRC90997.1_978	JI435_005070
lcl|CP069023.1_cds_QRC90998.1_979	JI435_005080
lcl|CP069023.1_cds_QRC90999.1_980	JI435_005090
lcl|CP069023.1_cds_QRC91000.1_981	JI435_005100
lcl|CP069023.1_cds_QRC91001.1_982	JI435_400830
lcl|CP069023.1_cds_QRC91002.1_983	JI435_400840
lcl|CP069023.1_cds_QRC91003.1_984	JI435_005110
lcl|CP069023.1_cds_QRC91004.1_985	JI435_005130
lcl|CP069023.1_cds_QRC91005.1_986	JI435_400850
lcl|CP069023.1_cds_QRC91006.1_987	JI435_400860
lcl|CP069023.1_cds_QRC91007.1_988	JI435_426270
lcl|CP069023.1_cds_QRC91008.1_989	JI435_300290
lcl|CP069023.1_cds_QRC91009.1_990	JI435_426290
lcl|CP069023.1_cds_QRC91010.1_991	JI435_426300
lcl|CP069023.1_cds_QRC91011.1_992	JI435_005180
lcl|CP069023.1_cds_QRC91012.1_993	JI435_426310
lcl|CP069023.1_cds_QRC91013.1_994	JI435_005190
lcl|CP069023.1_cds_QRC91014.1_995	JI435_005200
lcl|CP069023.1_cds_QRC91015.1_996	JI435_005210
lcl|CP069023.1_cds_QRC91016.1_997	JI435_005220
lcl|CP069023.1_cds_QRC91017.1_998	JI435_426320
lcl|CP069023.1_cds_QRC91018.1_999	JI435_400870
lcl|CP069023.1_cds_QRC91019.1_1000	JI435_400880
lcl|CP069023.1_cds_QRC91020.1_1001	JI435_400890
lcl|CP069023.1_cds_QRC91021.1_1002	JI435_005230
lcl|CP069023.1_cds_QRC91022.1_1003	JI435_005240
lcl|CP069023.1_cds_QRC91023.1_1004	JI435_400900
lcl|CP069023.1_cds_QRC91024.1_1005	JI435_300300
lcl|CP069023.1_cds_QRC91025.1_1006	JI435_426340
lcl|CP069023.1_cds_QRC91026.1_1007	JI435_426350
lcl|CP069023.1_cds_QRC91027.1_1008	JI435_005310
lcl|CP069023.1_cds_QRC91028.1_1009	JI435_426380
lcl|CP069023.1_cds_QRC91029.1_1010	JI435_426400
lcl|CP069023.1_cds_QRC91030.1_1011	JI435_005360
lcl|CP069023.1_cds_QRC91031.1_1012	JI435_005370
lcl|CP069023.1_cds_QRC91032.1_1013	JI435_005380
lcl|CP069023.1_cds_QRC91033.1_1014	JI435_300310
lcl|CP069023.1_cds_QRC91034.1_1015	JI435_005390
lcl|CP069023.1_cds_QRC91035.1_1016	JI435_005400
lcl|CP069023.1_cds_QRC91036.1_1017	JI435_005410
lcl|CP069023.1_cds_QRC91037.1_1018	JI435_005430
lcl|CP069023.1_cds_QRC91038.1_1019	JI435_426410
lcl|CP069023.1_cds_QRC91039.1_1020	JI435_005460
lcl|CP069023.1_cds_QRC91040.1_1021	JI435_005470
lcl|CP069023.1_cds_QRC91041.1_1022	JI435_005480
lcl|CP069023.1_cds_QRC91042.1_1023	JI435_400910
lcl|CP069023.1_cds_QRC91043.1_1024	JI435_005490
lcl|CP069023.1_cds_QRC91044.1_1025	JI435_400920
lcl|CP069023.1_cds_QRC91045.1_1026	JI435_005500
lcl|CP069023.1_cds_QRC91046.1_1027	JI435_300320
lcl|CP069023.1_cds_QRC91047.1_1028	JI435_005510
lcl|CP069023.1_cds_QRC91048.1_1029	JI435_005530
lcl|CP069023.1_cds_QRC91049.1_1030	JI435_005540
lcl|CP069023.1_cds_QRC91050.1_1031	JI435_005550
lcl|CP069023.1_cds_QRC91051.1_1032	JI435_005560
lcl|CP069023.1_cds_QRC91052.1_1033	JI435_005570
lcl|CP069023.1_cds_QRC91053.1_1034	JI435_005580
lcl|CP069023.1_cds_QRC91054.1_1035	JI435_005590
lcl|CP069023.1_cds_QRC91055.1_1036	JI435_005600
lcl|CP069023.1_cds_QRC91056.1_1037	JI435_005610
lcl|CP069023.1_cds_QRC91057.1_1038	JI435_300340
lcl|CP069023.1_cds_QRC91058.1_1039	JI435_400930
lcl|CP069023.1_cds_QRC91059.1_1040	JI435_300350
lcl|CP069023.1_cds_QRC91060.1_1041	JI435_005620
lcl|CP069023.1_cds_QRC91061.1_1042	JI435_005630
lcl|CP069023.1_cds_QRC91062.1_1043	JI435_005640
lcl|CP069023.1_cds_QRC91063.1_1044	JI435_005650
lcl|CP069023.1_cds_QRC91064.1_1045	JI435_426430
lcl|CP069023.1_cds_QRC91065.1_1046	JI435_426440
lcl|CP069023.1_cds_QRC91066.1_1047	JI435_005690
lcl|CP069023.1_cds_QRC91067.1_1048	JI435_005700
lcl|CP069023.1_cds_QRC91068.1_1049	JI435_005710
lcl|CP069023.1_cds_QRC91069.1_1050	JI435_005720
lcl|CP069023.1_cds_QRC91070.1_1051	JI435_005740
lcl|CP069023.1_cds_QRC91071.1_1052	JI435_005750
lcl|CP069023.1_cds_QRC91072.1_1053	JI435_005750
lcl|CP069023.1_cds_QRC91073.1_1054	JI435_400940
lcl|CP069023.1_cds_QRC91074.1_1055	JI435_300360
lcl|CP069023.1_cds_QRC91075.1_1056	JI435_005770
lcl|CP069023.1_cds_QRC91076.1_1057	JI435_005780
lcl|CP069023.1_cds_QRC91077.1_1058	JI435_400950
lcl|CP069023.1_cds_QRC91078.1_1059	JI435_005790
lcl|CP069023.1_cds_QRC91079.1_1060	JI435_005800
lcl|CP069023.1_cds_QRC91080.1_1061	JI435_005810
lcl|CP069023.1_cds_QRC91081.1_1062	JI435_400960
lcl|CP069023.1_cds_QRC91082.1_1063	JI435_005830
lcl|CP069023.1_cds_QRC91083.1_1064	JI435_426460
lcl|CP069023.1_cds_QRC91084.1_1065	JI435_005850
lcl|CP069023.1_cds_QRC91085.1_1066	JI435_005860
lcl|CP069023.1_cds_QRC91086.1_1067	JI435_005870
lcl|CP069023.1_cds_QRC91087.1_1068	JI435_005880
lcl|CP069023.1_cds_QRC91088.1_1069	JI435_005890
lcl|CP069023.1_cds_QRC91089.1_1070	JI435_400970
lcl|CP069023.1_cds_QRC91090.1_1071	JI435_005900
lcl|CP069023.1_cds_QRC91091.1_1072	JI435_426470
lcl|CP069023.1_cds_QRC91092.1_1073	JI435_005920
lcl|CP069023.1_cds_QRC91093.1_1074	JI435_005930
lcl|CP069023.1_cds_QRC91094.1_1075	JI435_005940
lcl|CP069023.1_cds_QRC91095.1_1076	JI435_005950
lcl|CP069023.1_cds_QRC91096.1_1077	JI435_005960
lcl|CP069023.1_cds_QRC91097.1_1078	JI435_005970
lcl|CP069023.1_cds_QRC91098.1_1079	JI435_400980
lcl|CP069023.1_cds_QRC91099.1_1080	JI435_005980
lcl|CP069023.1_cds_QRC91100.1_1081	JI435_005990
lcl|CP069023.1_cds_QRC91101.1_1082	JI435_200070
lcl|CP069023.1_cds_QRC91102.1_1083	JI435_006000
lcl|CP069023.1_cds_QRC91103.1_1084	JI435_006020
lcl|CP069023.1_cds_QRC91104.1_1085	JI435_400990
lcl|CP069023.1_cds_QRC91105.1_1086	JI435_006040
lcl|CP069023.1_cds_QRC91106.1_1087	JI435_006050
lcl|CP069023.1_cds_QRC91107.1_1088	JI435_006060
lcl|CP069023.1_cds_QRC91108.1_1089	JI435_401000
lcl|CP069023.1_cds_QRC91109.1_1090	JI435_426480
lcl|CP069023.1_cds_QRC91110.1_1091	JI435_426490
lcl|CP069023.1_cds_QRC91111.1_1092	JI435_006080
lcl|CP069023.1_cds_QRC91112.1_1093	JI435_006090
lcl|CP069023.1_cds_QRC91113.1_1094	JI435_006100
lcl|CP069023.1_cds_QRC91114.1_1095	JI435_006110
lcl|CP069023.1_cds_QRC91115.1_1096	JI435_401010
lcl|CP069023.1_cds_QRC91116.1_1097	JI435_006120
lcl|CP069023.1_cds_QRC91117.1_1098	JI435_006130
lcl|CP069023.1_cds_QRC91118.1_1099	JI435_006140
lcl|CP069023.1_cds_QRC91119.1_1100	JI435_006150
lcl|CP069023.1_cds_QRC91120.1_1101	JI435_006160
lcl|CP069023.1_cds_QRC91121.1_1102	JI435_006170
lcl|CP069023.1_cds_QRC91122.1_1103	JI435_006180
lcl|CP069023.1_cds_QRC91123.1_1104	JI435_426500
lcl|CP069023.1_cds_QRC91124.1_1105	JI435_006200
lcl|CP069023.1_cds_QRC91125.1_1106	JI435_401020
lcl|CP069023.1_cds_QRC91126.1_1107	JI435_401030
lcl|CP069023.1_cds_QRC91127.1_1108	JI435_006220
lcl|CP069023.1_cds_QRC91128.1_1109	JI435_006230
lcl|CP069023.1_cds_QRC91129.1_1110	JI435_006240
lcl|CP069023.1_cds_QRC91130.1_1111	JI435_006260
lcl|CP069023.1_cds_QRC91131.1_1112	JI435_006270
lcl|CP069023.1_cds_QRC91132.1_1113	JI435_426520
lcl|CP069023.1_cds_QRC91133.1_1114	JI435_006300
lcl|CP069023.1_cds_QRC91134.1_1115	JI435_006310
lcl|CP069023.1_cds_QRC91135.1_1116	JI435_300390
lcl|CP069023.1_cds_QRC91136.1_1117	JI435_426530
lcl|CP069023.1_cds_QRC91137.1_1118	JI435_006340
lcl|CP069023.1_cds_QRC91138.1_1119	JI435_300400
lcl|CP069023.1_cds_QRC91139.1_1120	JI435_006370
lcl|CP069023.1_cds_QRC91140.1_1121	JI435_006380
lcl|CP069023.1_cds_QRC91141.1_1122	JI435_006390
lcl|CP069023.1_cds_QRC91142.1_1123	JI435_006400
lcl|CP069023.1_cds_JI435_401040_1124	JI435_401040
lcl|CP069023.1_cds_QRC91143.1_1125	JI435_006410
lcl|CP069023.1_cds_QRC91144.1_1126	JI435_006420
lcl|CP069023.1_cds_QRC91145.1_1127	JI435_006430
lcl|CP069023.1_cds_QRC91146.1_1128	JI435_006440
lcl|CP069023.1_cds_QRC91147.1_1129	JI435_006450
lcl|CP069023.1_cds_QRC91148.1_1130	JI435_006460
lcl|CP069023.1_cds_QRC91149.1_1131	JI435_006470
lcl|CP069023.1_cds_QRC91150.1_1132	JI435_006480
lcl|CP069023.1_cds_QRC91151.1_1133	JI435_006490
lcl|CP069023.1_cds_QRC91152.1_1134	JI435_401050
lcl|CP069023.1_cds_QRC91153.1_1135	JI435_006520
lcl|CP069023.1_cds_QRC91154.1_1136	JI435_006530
lcl|CP069023.1_cds_QRC91155.1_1137	JI435_006540
lcl|CP069023.1_cds_QRC91156.1_1138	JI435_006550
lcl|CP069023.1_cds_QRC91157.1_1139	JI435_006560
lcl|CP069023.1_cds_QRC91158.1_1140	JI435_006570
lcl|CP069023.1_cds_QRC91159.1_1141	JI435_006580
lcl|CP069023.1_cds_QRC91160.1_1142	JI435_006590
lcl|CP069023.1_cds_QRC91161.1_1143	JI435_006630
lcl|CP069023.1_cds_QRC91162.1_1144	JI435_300410
lcl|CP069023.1_cds_QRC91163.1_1145	JI435_006650
lcl|CP069023.1_cds_QRC91164.1_1146	JI435_006660
lcl|CP069023.1_cds_QRC91165.1_1147	JI435_006660
lcl|CP069023.1_cds_QRC91166.1_1148	JI435_006670
lcl|CP069023.1_cds_QRC91167.1_1149	JI435_006680
lcl|CP069023.1_cds_QRC91168.1_1150	JI435_300420
lcl|CP069023.1_cds_QRC91169.1_1151	JI435_006700
lcl|CP069023.1_cds_QRC91170.1_1152	JI435_006710
lcl|CP069023.1_cds_QRC91171.1_1153	JI435_006720
lcl|CP069023.1_cds_QRC91172.1_1154	JI435_401060
lcl|CP069023.1_cds_QRC91173.1_1155	JI435_006730
lcl|CP069023.1_cds_QRC91174.1_1156	JI435_006740
lcl|CP069023.1_cds_QRC91175.1_1157	JI435_401070
lcl|CP069023.1_cds_QRC91176.1_1158	JI435_006760
lcl|CP069023.1_cds_QRC91177.1_1159	JI435_006770
lcl|CP069023.1_cds_QRC91178.1_1160	JI435_006790
lcl|CP069023.1_cds_QRC91179.1_1161	JI435_006800
lcl|CP069023.1_cds_QRC91180.1_1162	JI435_006810
lcl|CP069023.1_cds_QRC91181.1_1163	JI435_006820
lcl|CP069023.1_cds_QRC91182.1_1164	JI435_006830
lcl|CP069023.1_cds_QRC91183.1_1165	JI435_006850
lcl|CP069023.1_cds_QRC91184.1_1166	JI435_006860
lcl|CP069023.1_cds_QRC91185.1_1167	JI435_006870
lcl|CP069023.1_cds_QRC91186.1_1168	JI435_006890
lcl|CP069023.1_cds_QRC91187.1_1169	JI435_300430
lcl|CP069023.1_cds_QRC91188.1_1170	JI435_006900
lcl|CP069023.1_cds_QRC91189.1_1171	JI435_006910
lcl|CP069023.1_cds_QRC91190.1_1172	JI435_426560
lcl|CP069023.1_cds_QRC91191.1_1173	JI435_006940
lcl|CP069023.1_cds_QRC91192.1_1174	JI435_401080
lcl|CP069023.1_cds_QRC91193.1_1175	JI435_006950
lcl|CP069023.1_cds_QRC91194.1_1176	JI435_006960
lcl|CP069023.1_cds_QRC91195.1_1177	JI435_006970
lcl|CP069023.1_cds_QRC91196.1_1178	JI435_006990
lcl|CP069023.1_cds_QRC91197.1_1179	JI435_007000
lcl|CP069023.1_cds_QRC91198.1_1180	JI435_007010
lcl|CP069023.1_cds_QRC91199.1_1181	JI435_007030
lcl|CP069023.1_cds_QRC91200.1_1182	JI435_007040
lcl|CP069023.1_cds_QRC91201.1_1183	JI435_426580
lcl|CP069023.1_cds_QRC91202.1_1184	JI435_007060
lcl|CP069023.1_cds_QRC91203.1_1185	JI435_007080
lcl|CP069023.1_cds_QRC91204.1_1186	JI435_007090
lcl|CP069023.1_cds_QRC91206.1_1187	JI435_007100
lcl|CP069023.1_cds_QRC91205.1_1188	JI435_007100
lcl|CP069023.1_cds_QRC91207.1_1189	JI435_007110
lcl|CP069023.1_cds_QRC91208.1_1190	JI435_007120
lcl|CP069023.1_cds_QRC91209.1_1191	JI435_401090
lcl|CP069023.1_cds_QRC91210.1_1192	JI435_401100
lcl|CP069023.1_cds_QRC91211.1_1193	JI435_007130
lcl|CP069023.1_cds_QRC91212.1_1194	JI435_007140
lcl|CP069023.1_cds_QRC91213.1_1195	JI435_007140
lcl|CP069023.1_cds_QRC91214.1_1196	JI435_401110
lcl|CP069023.1_cds_QRC91215.1_1197	JI435_007150
lcl|CP069023.1_cds_QRC91216.1_1198	JI435_007160
lcl|CP069023.1_cds_QRC91217.1_1199	JI435_300440
lcl|CP069023.1_cds_QRC91218.1_1200	JI435_007180
lcl|CP069023.1_cds_QRC91219.1_1201	JI435_426600
lcl|CP069023.1_cds_QRC91220.1_1202	JI435_007190
lcl|CP069023.1_cds_QRC91221.1_1203	JI435_007200
lcl|CP069023.1_cds_QRC91222.1_1204	JI435_426630
lcl|CP069023.1_cds_QRC91223.1_1205	JI435_426640
lcl|CP069023.1_cds_QRC91224.1_1206	JI435_007260
lcl|CP069023.1_cds_QRC91225.1_1207	JI435_426660
lcl|CP069023.1_cds_QRC91226.1_1208	JI435_007280
lcl|CP069023.1_cds_QRC91227.1_1209	JI435_007290
lcl|CP069023.1_cds_QRC91228.1_1210	JI435_007300
lcl|CP069023.1_cds_QRC91229.1_1211	JI435_007310
lcl|CP069023.1_cds_QRC91230.1_1212	JI435_007320
lcl|CP069023.1_cds_QRC91231.1_1213	JI435_007330
lcl|CP069023.1_cds_QRC91232.1_1214	JI435_007340
lcl|CP069023.1_cds_QRC91233.1_1215	JI435_007350
lcl|CP069023.1_cds_QRC91234.1_1216	JI435_007360
lcl|CP069023.1_cds_QRC91235.1_1217	JI435_007370
lcl|CP069023.1_cds_QRC91236.1_1218	JI435_007380
lcl|CP069023.1_cds_QRC91237.1_1219	JI435_007390
lcl|CP069023.1_cds_QRC91238.1_1220	JI435_007400
lcl|CP069023.1_cds_QRC91239.1_1221	JI435_007410
lcl|CP069023.1_cds_QRC91240.1_1222	JI435_007420
lcl|CP069023.1_cds_QRC91241.1_1223	JI435_007430
lcl|CP069023.1_cds_QRC91242.1_1224	JI435_007440
lcl|CP069023.1_cds_QRC91243.1_1225	JI435_007450
lcl|CP069023.1_cds_QRC91244.1_1226	JI435_007460
lcl|CP069023.1_cds_QRC91245.1_1227	JI435_007470
lcl|CP069023.1_cds_QRC91246.1_1228	JI435_300450
lcl|CP069023.1_cds_QRC91247.1_1229	JI435_007490
lcl|CP069023.1_cds_QRC91248.1_1230	JI435_007500
lcl|CP069023.1_cds_QRC91249.1_1231	JI435_007510
lcl|CP069023.1_cds_QRC91250.1_1232	JI435_007510
lcl|CP069023.1_cds_QRC91251.1_1233	JI435_007520
lcl|CP069023.1_cds_QRC91252.1_1234	JI435_007540
lcl|CP069023.1_cds_QRC91253.1_1235	JI435_007550
lcl|CP069023.1_cds_QRC91254.1_1236	JI435_426670
lcl|CP069023.1_cds_QRC91255.1_1237	JI435_007570
lcl|CP069023.1_cds_QRC91256.1_1238	JI435_007580
lcl|CP069023.1_cds_QRC91257.1_1239	JI435_007600
lcl|CP069023.1_cds_QRC91258.1_1240	JI435_401120
lcl|CP069023.1_cds_QRC91259.1_1241	JI435_007610
lcl|CP069023.1_cds_QRC91260.1_1242	JI435_007620
lcl|CP069023.1_cds_QRC91261.1_1243	JI435_007640
lcl|CP069023.1_cds_QRC91262.1_1244	JI435_007660
lcl|CP069023.1_cds_QRC91263.1_1245	JI435_007670
lcl|CP069023.1_cds_QRC91264.1_1246	JI435_401130
lcl|CP069023.1_cds_QRC91265.1_1247	JI435_007690
lcl|CP069023.1_cds_QRC91266.1_1248	JI435_401140
lcl|CP069023.1_cds_QRC91267.1_1249	JI435_007700
lcl|CP069023.1_cds_QRC91268.1_1250	JI435_007710
lcl|CP069023.1_cds_QRC91269.1_1251	JI435_401150
lcl|CP069023.1_cds_QRC91270.1_1252	JI435_300460
lcl|CP069023.1_cds_QRC91271.1_1253	JI435_401160
lcl|CP069023.1_cds_QRC91272.1_1254	JI435_426690
lcl|CP069023.1_cds_QRC91273.1_1255	JI435_007740
lcl|CP069023.1_cds_QRC91274.1_1256	JI435_300470
lcl|CP069023.1_cds_QRC91275.1_1257	JI435_007760
lcl|CP069023.1_cds_QRC91276.1_1258	JI435_007770
lcl|CP069023.1_cds_QRC91277.1_1259	JI435_007780
lcl|CP069023.1_cds_QRC91278.1_1260	JI435_007790
lcl|CP069023.1_cds_QRC91279.1_1261	JI435_007810
lcl|CP069023.1_cds_QRC91280.1_1262	JI435_007820
lcl|CP069023.1_cds_QRC91281.1_1263	JI435_007830
lcl|CP069023.1_cds_QRC91282.1_1264	JI435_007840
lcl|CP069023.1_cds_QRC91283.1_1265	JI435_401170
lcl|CP069023.1_cds_QRC91284.1_1266	JI435_007870
lcl|CP069023.1_cds_QRC91285.1_1267	JI435_007880
lcl|CP069023.1_cds_QRC91286.1_1268	JI435_007890
lcl|CP069023.1_cds_QRC91287.1_1269	JI435_007900
lcl|CP069023.1_cds_QRC91288.1_1270	JI435_401180
lcl|CP069023.1_cds_QRC91289.1_1271	JI435_007910
lcl|CP069023.1_cds_QRC91290.1_1272	JI435_007940
lcl|CP069023.1_cds_QRC91291.1_1273	JI435_007950
lcl|CP069023.1_cds_QRC91292.1_1274	JI435_007960
lcl|CP069023.1_cds_QRC91293.1_1275	JI435_007970
lcl|CP069023.1_cds_QRC91294.1_1276	JI435_007980
lcl|CP069023.1_cds_QRC91295.1_1277	JI435_401190
lcl|CP069023.1_cds_QRC91296.1_1278	JI435_007990
lcl|CP069023.1_cds_QRC91297.1_1279	JI435_008010
lcl|CP069023.1_cds_QRC91298.1_1280	JI435_008020
lcl|CP069023.1_cds_QRC91299.1_1281	JI435_008030
lcl|CP069023.1_cds_QRC91300.1_1282	JI435_008050
lcl|CP069023.1_cds_QRC91301.1_1283	JI435_008060
lcl|CP069023.1_cds_QRC91302.1_1284	JI435_401200
lcl|CP069023.1_cds_QRC91303.1_1285	JI435_008070
lcl|CP069023.1_cds_QRC91304.1_1286	JI435_401210
lcl|CP069023.1_cds_QRC91305.1_1287	JI435_401220
lcl|CP069023.1_cds_QRC91306.1_1288	JI435_008090
lcl|CP069023.1_cds_QRC91307.1_1289	JI435_008100
lcl|CP069023.1_cds_QRC91308.1_1290	JI435_008110
lcl|CP069023.1_cds_QRC91309.1_1291	JI435_008120
lcl|CP069023.1_cds_QRC91310.1_1292	JI435_008130
lcl|CP069023.1_cds_QRC91311.1_1293	JI435_008140
lcl|CP069023.1_cds_QRC91312.1_1294	JI435_008150
lcl|CP069023.1_cds_QRC91313.1_1295	JI435_008160
lcl|CP069023.1_cds_QRC91314.1_1296	JI435_008170
lcl|CP069023.1_cds_QRC91315.1_1297	JI435_008180
lcl|CP069023.1_cds_QRC91316.1_1298	JI435_008190
lcl|CP069023.1_cds_QRC91317.1_1299	JI435_401230
lcl|CP069023.1_cds_QRC91318.1_1300	JI435_008200
lcl|CP069023.1_cds_QRC91319.1_1301	JI435_008210
lcl|CP069023.1_cds_QRC91320.1_1302	JI435_008220
lcl|CP069023.1_cds_QRC91321.1_1303	JI435_401240
lcl|CP069023.1_cds_QRC91322.1_1304	JI435_401250
lcl|CP069023.1_cds_QRC91323.1_1305	JI435_300480
lcl|CP069023.1_cds_QRC91324.1_1306	JI435_401260
lcl|CP069023.1_cds_QRC91325.1_1307	JI435_300490
lcl|CP069023.1_cds_QRC91326.1_1308	JI435_008260
lcl|CP069023.1_cds_QRC91327.1_1309	JI435_008280
lcl|CP069023.1_cds_QRC91328.1_1310	JI435_300500
lcl|CP069023.1_cds_QRC91329.1_1311	JI435_008290
lcl|CP069023.1_cds_QRC91330.1_1312	JI435_008300
lcl|CP069023.1_cds_QRC91331.1_1313	JI435_008310
lcl|CP069023.1_cds_QRC91332.1_1314	JI435_008320
lcl|CP069023.1_cds_QRC91333.1_1315	JI435_008330
lcl|CP069023.1_cds_QRC91334.1_1316	JI435_426750
lcl|CP069023.1_cds_QRC91335.1_1317	JI435_008350
lcl|CP069023.1_cds_QRC91336.1_1318	JI435_008360
lcl|CP069023.1_cds_QRC91337.1_1319	JI435_008370
lcl|CP069023.1_cds_QRC91338.1_1320	JI435_008380
lcl|CP069023.1_cds_QRC91339.1_1321	JI435_008390
lcl|CP069023.1_cds_QRC91340.1_1322	JI435_008400
lcl|CP069023.1_cds_QRC91341.1_1323	JI435_008410
lcl|CP069023.1_cds_QRC91342.1_1324	JI435_008420
lcl|CP069023.1_cds_QRC91343.1_1325	JI435_008440
lcl|CP069023.1_cds_QRC91344.1_1326	JI435_426760
lcl|CP069023.1_cds_QRC91345.1_1327	JI435_008470
lcl|CP069023.1_cds_QRC91346.1_1328	JI435_008480
lcl|CP069023.1_cds_QRC91347.1_1329	JI435_426770
lcl|CP069023.1_cds_QRC91348.1_1330	JI435_426780
lcl|CP069023.1_cds_QRC91349.1_1331	JI435_008490
lcl|CP069023.1_cds_QRC91350.1_1332	JI435_008510
lcl|CP069023.1_cds_QRC91351.1_1333	JI435_008530
lcl|CP069023.1_cds_QRC91352.1_1334	JI435_008540
lcl|CP069023.1_cds_QRC91353.1_1335	JI435_008550
lcl|CP069023.1_cds_QRC91354.1_1336	JI435_008560
lcl|CP069023.1_cds_QRC91355.1_1337	JI435_008590
lcl|CP069023.1_cds_QRC91356.1_1338	JI435_300520
lcl|CP069023.1_cds_QRC91357.1_1339	JI435_008610
lcl|CP069023.1_cds_QRC91358.1_1340	JI435_300530
lcl|CP069023.1_cds_QRC91359.1_1341	JI435_008620
lcl|CP069023.1_cds_QRC91360.1_1342	JI435_008630
lcl|CP069023.1_cds_QRC91361.1_1343	JI435_401270
lcl|CP069023.1_cds_QRC91362.1_1344	JI435_008650
lcl|CP069023.1_cds_QRC91363.1_1345	JI435_426790
lcl|CP069023.1_cds_QRC91364.1_1346	JI435_008680
lcl|CP069023.1_cds_QRC91365.1_1347	JI435_008690
lcl|CP069023.1_cds_QRC91366.1_1348	JI435_008700
lcl|CP069023.1_cds_QRC91367.1_1349	JI435_008710
lcl|CP069023.1_cds_QRC91368.1_1350	JI435_008720
lcl|CP069023.1_cds_QRC91369.1_1351	JI435_008730
lcl|CP069023.1_cds_QRC91370.1_1352	JI435_008740
lcl|CP069023.1_cds_QRC91371.1_1353	JI435_008750
lcl|CP069023.1_cds_QRC91372.1_1354	JI435_008760
lcl|CP069023.1_cds_QRC91373.1_1355	JI435_008770
lcl|CP069023.1_cds_QRC91374.1_1356	JI435_008780
lcl|CP069023.1_cds_QRC91375.1_1357	JI435_008790
lcl|CP069023.1_cds_QRC91376.1_1358	JI435_008800
lcl|CP069023.1_cds_QRC91377.1_1359	JI435_008810
lcl|CP069023.1_cds_QRC91378.1_1360	JI435_008820
lcl|CP069023.1_cds_QRC91379.1_1361	JI435_008830
lcl|CP069023.1_cds_QRC91380.1_1362	JI435_008860
lcl|CP069023.1_cds_QRC91381.1_1363	JI435_008870
lcl|CP069023.1_cds_QRC91382.1_1364	JI435_401280
lcl|CP069023.1_cds_QRC91383.1_1365	JI435_008880
lcl|CP069023.1_cds_QRC91384.1_1366	JI435_008890
lcl|CP069023.1_cds_QRC91385.1_1367	JI435_008900
lcl|CP069023.1_cds_QRC91386.1_1368	JI435_008910
lcl|CP069023.1_cds_QRC91387.1_1369	JI435_401290
lcl|CP069023.1_cds_QRC91388.1_1370	JI435_401300
lcl|CP069023.1_cds_QRC91389.1_1371	JI435_008920
lcl|CP069023.1_cds_QRC91390.1_1372	JI435_426840
lcl|CP069023.1_cds_QRC91391.1_1373	JI435_426850
lcl|CP069023.1_cds_QRC91392.1_1374	JI435_008960
lcl|CP069023.1_cds_QRC91393.1_1375	JI435_008970
lcl|CP069023.1_cds_QRC91394.1_1376	JI435_008980
lcl|CP069023.1_cds_QRC91395.1_1377	JI435_008990
lcl|CP069023.1_cds_QRC91396.1_1378	JI435_009000
lcl|CP069023.1_cds_QRC91397.1_1379	JI435_009010
lcl|CP069023.1_cds_QRC91398.1_1380	JI435_009020
lcl|CP069023.1_cds_QRC91399.1_1381	JI435_009030
lcl|CP069023.1_cds_QRC91400.1_1382	JI435_009040
lcl|CP069023.1_cds_QRC91401.1_1383	JI435_009050
lcl|CP069023.1_cds_QRC91402.1_1384	JI435_426860
lcl|CP069023.1_cds_QRC91403.1_1385	JI435_009080
lcl|CP069023.1_cds_QRC91404.1_1386	JI435_300540
lcl|CP069023.1_cds_QRC91405.1_1387	JI435_009090
lcl|CP069023.1_cds_QRC91406.1_1388	JI435_009110
lcl|CP069023.1_cds_QRC91407.1_1389	JI435_009130
lcl|CP069023.1_cds_QRC91408.1_1390	JI435_009140
lcl|CP069023.1_cds_QRC91409.1_1391	JI435_009150
lcl|CP069023.1_cds_QRC91410.1_1392	JI435_009160
lcl|CP069023.1_cds_QRC91411.1_1393	JI435_009170
lcl|CP069023.1_cds_QRC91412.1_1394	JI435_009180
lcl|CP069023.1_cds_QRC91413.1_1395	JI435_009190
lcl|CP069023.1_cds_QRC91414.1_1396	JI435_009200
lcl|CP069023.1_cds_QRC91415.1_1397	JI435_009210
lcl|CP069023.1_cds_QRC91416.1_1398	JI435_009220
lcl|CP069023.1_cds_QRC91417.1_1399	JI435_009230
lcl|CP069023.1_cds_QRC91418.1_1400	JI435_009240
lcl|CP069023.1_cds_QRC91419.1_1401	JI435_300560
lcl|CP069023.1_cds_QRC91420.1_1402	JI435_009260
lcl|CP069023.1_cds_QRC91421.1_1403	JI435_009270
lcl|CP069023.1_cds_QRC91422.1_1404	JI435_009280
lcl|CP069023.1_cds_QRC91423.1_1405	JI435_009300
lcl|CP069023.1_cds_QRC91424.1_1406	JI435_009310
lcl|CP069023.1_cds_QRC91425.1_1407	JI435_009320
lcl|CP069023.1_cds_QRC91426.1_1408	JI435_009330
lcl|CP069023.1_cds_QRC91427.1_1409	JI435_009350
lcl|CP069023.1_cds_QRC91428.1_1410	JI435_009360
lcl|CP069023.1_cds_QRC91429.1_1411	JI435_009370
lcl|CP069023.1_cds_QRC91430.1_1412	JI435_009380
lcl|CP069023.1_cds_QRC91431.1_1413	JI435_009390
lcl|CP069023.1_cds_QRC91432.1_1414	JI435_009400
lcl|CP069023.1_cds_QRC91433.1_1415	JI435_009410
lcl|CP069023.1_cds_QRC91434.1_1416	JI435_009430
lcl|CP069023.1_cds_QRC91435.1_1417	JI435_200100
lcl|CP069023.1_cds_QRC91436.1_1418	JI435_300570
lcl|CP069023.1_cds_QRC91437.1_1419	JI435_009460
lcl|CP069023.1_cds_QRC91438.1_1420	JI435_009470
lcl|CP069023.1_cds_QRC91439.1_1421	JI435_300580
lcl|CP069023.1_cds_QRC91440.1_1422	JI435_009490
lcl|CP069023.1_cds_QRC91441.1_1423	JI435_009500
lcl|CP069023.1_cds_QRC91442.1_1424	JI435_009510
lcl|CP069023.1_cds_QRC91443.1_1425	JI435_009520
lcl|CP069023.1_cds_QRC91444.1_1426	JI435_009530
lcl|CP069023.1_cds_QRC91445.1_1427	JI435_401320
lcl|CP069023.1_cds_QRC91446.1_1428	JI435_009540
lcl|CP069023.1_cds_QRC91447.1_1429	JI435_009550
lcl|CP069023.1_cds_QRC91448.1_1430	JI435_009560
lcl|CP069023.1_cds_QRC91449.1_1431	JI435_009580
lcl|CP069023.1_cds_QRC91450.1_1432	JI435_009590
lcl|CP069023.1_cds_QRC91451.1_1433	JI435_009600
lcl|CP069023.1_cds_QRC91452.1_1434	JI435_009610
lcl|CP069023.1_cds_QRC91453.1_1435	JI435_009620
lcl|CP069023.1_cds_QRC91454.1_1436	JI435_009630
lcl|CP069023.1_cds_QRC91455.1_1437	JI435_009640
lcl|CP069023.1_cds_QRC91456.1_1438	JI435_401330
lcl|CP069023.1_cds_QRC91457.1_1439	JI435_401340
lcl|CP069023.1_cds_QRC91458.1_1440	JI435_009670
lcl|CP069023.1_cds_QRC91459.1_1441	JI435_009680
lcl|CP069023.1_cds_QRC91460.1_1442	JI435_009690
lcl|CP069023.1_cds_QRC91461.1_1443	JI435_009700
lcl|CP069023.1_cds_QRC91462.1_1444	JI435_009710
lcl|CP069023.1_cds_QRC91463.1_1445	JI435_009720
lcl|CP069023.1_cds_QRC91464.1_1446	JI435_009740
lcl|CP069023.1_cds_QRC91465.1_1447	JI435_009760
lcl|CP069023.1_cds_QRC91466.1_1448	JI435_401350
lcl|CP069023.1_cds_QRC91467.1_1449	JI435_009770
lcl|CP069023.1_cds_QRC91468.1_1450	JI435_009780
lcl|CP069023.1_cds_QRC91469.1_1451	JI435_401360
lcl|CP069023.1_cds_QRC91470.1_1452	JI435_009790
lcl|CP069023.1_cds_QRC91471.1_1453	JI435_009800
lcl|CP069023.1_cds_QRC91472.1_1454	JI435_009810
lcl|CP069023.1_cds_QRC91473.1_1455	JI435_009820
lcl|CP069023.1_cds_QRC91474.1_1456	JI435_009830
lcl|CP069023.1_cds_QRC91475.1_1457	JI435_009840
lcl|CP069023.1_cds_QRC91476.1_1458	JI435_009850
lcl|CP069023.1_cds_QRC91477.1_1459	JI435_009860
lcl|CP069023.1_cds_QRC91478.1_1460	JI435_401370
lcl|CP069023.1_cds_QRC91479.1_1461	JI435_009870
lcl|CP069023.1_cds_QRC91480.1_1462	JI435_009880
lcl|CP069023.1_cds_QRC91481.1_1463	JI435_009890
lcl|CP069023.1_cds_QRC91482.1_1464	JI435_009900
lcl|CP069023.1_cds_QRC91483.1_1465	JI435_009910
lcl|CP069023.1_cds_QRC91484.1_1466	JI435_009920
lcl|CP069023.1_cds_QRC91485.1_1467	JI435_009930
lcl|CP069023.1_cds_QRC91486.1_1468	JI435_401380
lcl|CP069023.1_cds_QRC91487.1_1469	JI435_401390
lcl|CP069023.1_cds_QRC91488.1_1470	JI435_009940
lcl|CP069023.1_cds_QRC91489.1_1471	JI435_401400
lcl|CP069023.1_cds_QRC91490.1_1472	JI435_401410
lcl|CP069023.1_cds_QRC91491.1_1473	JI435_426910
lcl|CP069023.1_cds_QRC91492.1_1474	JI435_426920
lcl|CP069023.1_cds_QRC91493.1_1475	JI435_009960
lcl|CP069023.1_cds_QRC91494.1_1476	JI435_009970
lcl|CP069023.1_cds_QRC91495.1_1477	JI435_426930
lcl|CP069023.1_cds_QRC91496.1_1478	JI435_009990
lcl|CP069023.1_cds_QRC91497.1_1479	JI435_010000
lcl|CP069023.1_cds_QRC91498.1_1480	JI435_010010
lcl|CP069023.1_cds_QRC91499.1_1481	JI435_010020
lcl|CP069023.1_cds_QRC91500.1_1482	JI435_010030
lcl|CP069023.1_cds_QRC91501.1_1483	JI435_010040
lcl|CP069023.1_cds_QRC91502.1_1484	JI435_010050
lcl|CP069023.1_cds_QRC91503.1_1485	JI435_401420
lcl|CP069023.1_cds_QRC91504.1_1486	JI435_010060
lcl|CP069023.1_cds_QRC91505.1_1487	JI435_010070
lcl|CP069023.1_cds_QRC91506.1_1488	JI435_010090
lcl|CP069023.1_cds_QRC91507.1_1489	JI435_010100
lcl|CP069023.1_cds_QRC91508.1_1490	JI435_300600
lcl|CP069023.1_cds_QRC91509.1_1491	JI435_010120
lcl|CP069023.1_cds_QRC91510.1_1492	JI435_010140
lcl|CP069023.1_cds_QRC91511.1_1493	JI435_426940
lcl|CP069023.1_cds_QRC91512.1_1494	JI435_010150
lcl|CP069023.1_cds_QRC91513.1_1495	JI435_010160
lcl|CP069023.1_cds_QRC91514.1_1496	JI435_010170
lcl|CP069023.1_cds_QRC91515.1_1497	JI435_010190
lcl|CP069023.1_cds_QRC91516.1_1498	JI435_200110
lcl|CP069023.1_cds_QRC91517.1_1499	JI435_010200
lcl|CP069023.1_cds_QRC91518.1_1500	JI435_426960
lcl|CP069023.1_cds_QRC91519.1_1501	JI435_010220
lcl|CP069023.1_cds_QRC91520.1_1502	JI435_010230
lcl|CP069023.1_cds_QRC91521.1_1503	JI435_010240
lcl|CP069023.1_cds_QRC91522.1_1504	JI435_010260
lcl|CP069023.1_cds_QRC91523.1_1505	JI435_426970
lcl|CP069023.1_cds_QRC91524.1_1506	JI435_010290
lcl|CP069023.1_cds_QRC91525.1_1507	JI435_300620
lcl|CP069023.1_cds_QRC91526.1_1508	JI435_010300
lcl|CP069023.1_cds_QRC91527.1_1509	JI435_010310
lcl|CP069023.1_cds_QRC91528.1_1510	JI435_010320
lcl|CP069023.1_cds_QRC91529.1_1511	JI435_010330
lcl|CP069023.1_cds_QRC91530.1_1512	JI435_010340
lcl|CP069023.1_cds_QRC91531.1_1513	JI435_300630
lcl|CP069023.1_cds_QRC91532.1_1514	JI435_401430
lcl|CP069023.1_cds_QRC91533.1_1515	JI435_010350
lcl|CP069023.1_cds_QRC91534.1_1516	JI435_010370
lcl|CP069023.1_cds_QRC91535.1_1517	JI435_010380
lcl|CP069023.1_cds_QRC91536.1_1518	JI435_010400
lcl|CP069023.1_cds_QRC91537.1_1519	JI435_010420
lcl|CP069023.1_cds_QRC91538.1_1520	JI435_010430
lcl|CP069023.1_cds_QRC91539.1_1521	JI435_010440
lcl|CP069023.1_cds_QRC91540.1_1522	JI435_010450
lcl|CP069023.1_cds_QRC91541.1_1523	JI435_010460
lcl|CP069023.1_cds_QRC91542.1_1524	JI435_010460
lcl|CP069023.1_cds_QRC91543.1_1525	JI435_010470
lcl|CP069023.1_cds_QRC91544.1_1526	JI435_010480
lcl|CP069023.1_cds_QRC91545.1_1527	JI435_010490
lcl|CP069023.1_cds_QRC91546.1_1528	JI435_426990
lcl|CP069023.1_cds_QRC91547.1_1529	JI435_010510
lcl|CP069023.1_cds_QRC91548.1_1530	JI435_010520
lcl|CP069023.1_cds_QRC91549.1_1531	JI435_010530
lcl|CP069023.1_cds_QRC91550.1_1532	JI435_010550
lcl|CP069023.1_cds_QRC91551.1_1533	JI435_010560
lcl|CP069023.1_cds_QRC91552.1_1534	JI435_010570
lcl|CP069023.1_cds_QRC91553.1_1535	JI435_427010
lcl|CP069023.1_cds_QRC91554.1_1536	JI435_010590
lcl|CP069023.1_cds_QRC91555.1_1537	JI435_010600
lcl|CP069023.1_cds_QRC91556.1_1538	JI435_010610
lcl|CP069023.1_cds_QRC91557.1_1539	JI435_010620
lcl|CP069023.1_cds_QRC91558.1_1540	JI435_010630
lcl|CP069023.1_cds_QRC91559.1_1541	JI435_401440
lcl|CP069023.1_cds_QRC91560.1_1542	JI435_010640
lcl|CP069023.1_cds_QRC91561.1_1543	JI435_427040
lcl|CP069023.1_cds_QRC91562.1_1544	JI435_427050
lcl|CP069023.1_cds_QRC91563.1_1545	JI435_010670
lcl|CP069023.1_cds_QRC91564.1_1546	JI435_010680
lcl|CP069023.1_cds_QRC91565.1_1547	JI435_300640
lcl|CP069023.1_cds_QRC91566.1_1548	JI435_010700
lcl|CP069023.1_cds_QRC91567.1_1549	JI435_300650
lcl|CP069023.1_cds_QRC91568.1_1550	JI435_010710
lcl|CP069023.1_cds_QRC91569.1_1551	JI435_010720
lcl|CP069023.1_cds_QRC91570.1_1552	JI435_010730
lcl|CP069023.1_cds_QRC91571.1_1553	JI435_010740
lcl|CP069023.1_cds_QRC91572.1_1554	JI435_427060
lcl|CP069023.1_cds_QRC91573.1_1555	JI435_427070
lcl|CP069023.1_cds_QRC91574.1_1556	JI435_427080
lcl|CP069023.1_cds_QRC91575.1_1557	JI435_427090
lcl|CP069023.1_cds_QRC91576.1_1558	JI435_427100
lcl|CP069023.1_cds_QRC91577.1_1559	JI435_427110
lcl|CP069023.1_cds_QRC91578.1_1560	JI435_427120
lcl|CP069023.1_cds_QRC91579.1_1561	JI435_010810
lcl|CP069023.1_cds_QRC91580.1_1562	JI435_427130
lcl|CP069023.1_cds_QRC91581.1_1563	JI435_010820
lcl|CP069023.1_cds_QRC91582.1_1564	JI435_010830
lcl|CP069023.1_cds_QRC91583.1_1565	JI435_010850
lcl|CP069023.1_cds_QRC91584.1_1566	JI435_300660
lcl|CP069023.1_cds_QRC91585.1_1567	JI435_010860
lcl|CP069023.1_cds_QRC91586.1_1568	JI435_010870
lcl|CP069023.1_cds_QRC91587.1_1569	JI435_427150
lcl|CP069023.1_cds_QRC91588.1_1570	JI435_010880
lcl|CP069023.1_cds_QRC91589.1_1571	JI435_010890
lcl|CP069023.1_cds_QRC91590.1_1572	JI435_010910
lcl|CP069023.1_cds_QRC91591.1_1573	JI435_010920
lcl|CP069023.1_cds_QRC91592.1_1574	JI435_401450
lcl|CP069023.1_cds_QRC91593.1_1575	JI435_010930
lcl|CP069023.1_cds_QRC91594.1_1576	JI435_300670
lcl|CP069023.1_cds_QRC91595.1_1577	JI435_010940
lcl|CP069023.1_cds_QRC91596.1_1578	JI435_427160
lcl|CP069023.1_cds_QRC91597.1_1579	JI435_010970
lcl|CP069023.1_cds_QRC91598.1_1580	JI435_010980
lcl|CP069023.1_cds_QRC91599.1_1581	JI435_010990
lcl|CP069023.1_cds_QRC91600.1_1582	JI435_011000
lcl|CP069023.1_cds_QRC91601.1_1583	JI435_011010
lcl|CP069023.1_cds_QRC91602.1_1584	JI435_011020
lcl|CP069023.1_cds_QRC91603.1_1585	JI435_011030
lcl|CP069023.1_cds_QRC91604.1_1586	JI435_011050
lcl|CP069023.1_cds_QRC91605.1_1587	JI435_011060
lcl|CP069023.1_cds_QRC91606.1_1588	JI435_011070
lcl|CP069023.1_cds_QRC91607.1_1589	JI435_011080
lcl|CP069023.1_cds_QRC91608.1_1590	JI435_011090
lcl|CP069023.1_cds_QRC91609.1_1591	JI435_011100
lcl|CP069023.1_cds_QRC91610.1_1592	JI435_011120
lcl|CP069023.1_cds_QRC91611.1_1593	JI435_427180
lcl|CP069023.1_cds_QRC91612.1_1594	JI435_011140
lcl|CP069023.1_cds_QRC91613.1_1595	JI435_011150
lcl|CP069023.1_cds_QRC91614.1_1596	JI435_011160
lcl|CP069023.1_cds_QRC91615.1_1597	JI435_011190
lcl|CP069023.1_cds_QRC91616.1_1598	JI435_011200
lcl|CP069023.1_cds_QRC91617.1_1599	JI435_011210
lcl|CP069024.1_cds_QRC91618.1_1600	JI435_018470
lcl|CP069024.1_cds_QRC91619.1_1601	JI435_018480
lcl|CP069024.1_cds_QRC91620.1_1602	JI435_018490
lcl|CP069024.1_cds_QRC91621.1_1603	JI435_018500
lcl|CP069024.1_cds_QRC91622.1_1604	JI435_018510
lcl|CP069024.1_cds_QRC91623.1_1605	JI435_401460
lcl|CP069024.1_cds_QRC91624.1_1606	JI435_018520
lcl|CP069024.1_cds_QRC91625.1_1607	JI435_018530
lcl|CP069024.1_cds_QRC91626.1_1608	JI435_427230
lcl|CP069024.1_cds_QRC91627.1_1609	JI435_427240
lcl|CP069024.1_cds_QRC91628.1_1610	JI435_018560
lcl|CP069024.1_cds_QRC91629.1_1611	JI435_018570
lcl|CP069024.1_cds_QRC91630.1_1612	JI435_427250
lcl|CP069024.1_cds_QRC91631.1_1613	JI435_401470
lcl|CP069024.1_cds_QRC91632.1_1614	JI435_018590
lcl|CP069024.1_cds_QRC91633.1_1615	JI435_018600
lcl|CP069024.1_cds_QRC91634.1_1616	JI435_018610
lcl|CP069024.1_cds_QRC91635.1_1617	JI435_427260
lcl|CP069024.1_cds_QRC91636.1_1618	JI435_018620
lcl|CP069024.1_cds_QRC91637.1_1619	JI435_018630
lcl|CP069024.1_cds_QRC91638.1_1620	JI435_018640
lcl|CP069024.1_cds_QRC91639.1_1621	JI435_018660
lcl|CP069024.1_cds_QRC91640.1_1622	JI435_401480
lcl|CP069024.1_cds_QRC91641.1_1623	JI435_018670
lcl|CP069024.1_cds_QRC91642.1_1624	JI435_018680
lcl|CP069024.1_cds_QRC91643.1_1625	JI435_018680
lcl|CP069024.1_cds_QRC91644.1_1626	JI435_018690
lcl|CP069024.1_cds_QRC91645.1_1627	JI435_427270
lcl|CP069024.1_cds_QRC91646.1_1628	JI435_427280
lcl|CP069024.1_cds_QRC91647.1_1629	JI435_018710
lcl|CP069024.1_cds_QRC91648.1_1630	JI435_401490
lcl|CP069024.1_cds_QRC91649.1_1631	JI435_018720
lcl|CP069024.1_cds_QRC91650.1_1632	JI435_018730
lcl|CP069024.1_cds_QRC91651.1_1633	JI435_018740
lcl|CP069024.1_cds_QRC91652.1_1634	JI435_018750
lcl|CP069024.1_cds_QRC91653.1_1635	JI435_018760
lcl|CP069024.1_cds_QRC91654.1_1636	JI435_018770
lcl|CP069024.1_cds_QRC91655.1_1637	JI435_018780
lcl|CP069024.1_cds_QRC91656.1_1638	JI435_018790
lcl|CP069024.1_cds_QRC91657.1_1639	JI435_301160
lcl|CP069024.1_cds_QRC91658.1_1640	JI435_018800
lcl|CP069024.1_cds_QRC91659.1_1641	JI435_018810
lcl|CP069024.1_cds_QRC91660.1_1642	JI435_401500
lcl|CP069024.1_cds_QRC91661.1_1643	JI435_018820
lcl|CP069024.1_cds_QRC91662.1_1644	JI435_427290
lcl|CP069024.1_cds_QRC91663.1_1645	JI435_018840
lcl|CP069024.1_cds_QRC91664.1_1646	JI435_018850
lcl|CP069024.1_cds_QRC91665.1_1647	JI435_018860
lcl|CP069024.1_cds_QRC91666.1_1648	JI435_018870
lcl|CP069024.1_cds_QRC91667.1_1649	JI435_018880
lcl|CP069024.1_cds_QRC91668.1_1650	JI435_018890
lcl|CP069024.1_cds_QRC91669.1_1651	JI435_018900
lcl|CP069024.1_cds_QRC91670.1_1652	JI435_018910
lcl|CP069024.1_cds_QRC91671.1_1653	JI435_401510
lcl|CP069024.1_cds_QRC91672.1_1654	JI435_018920
lcl|CP069024.1_cds_QRC91673.1_1655	JI435_401520
lcl|CP069024.1_cds_QRC91674.1_1656	JI435_018940
lcl|CP069024.1_cds_QRC91675.1_1657	JI435_427300
lcl|CP069024.1_cds_QRC91676.1_1658	JI435_301180
lcl|CP069024.1_cds_QRC91677.1_1659	JI435_018950
lcl|CP069024.1_cds_QRC91678.1_1660	JI435_427310
lcl|CP069024.1_cds_QRC91679.1_1661	JI435_018970
lcl|CP069024.1_cds_QRC91680.1_1662	JI435_018980
lcl|CP069024.1_cds_QRC91681.1_1663	JI435_019000
lcl|CP069024.1_cds_QRC91682.1_1664	JI435_019010
lcl|CP069024.1_cds_QRC91683.1_1665	JI435_301190
lcl|CP069024.1_cds_QRC91684.1_1666	JI435_019020
lcl|CP069024.1_cds_QRC91685.1_1667	JI435_019040
lcl|CP069024.1_cds_QRC91686.1_1668	JI435_019050
lcl|CP069024.1_cds_QRC91687.1_1669	JI435_401530
lcl|CP069024.1_cds_QRC91688.1_1670	JI435_427340
lcl|CP069024.1_cds_QRC91689.1_1671	JI435_019070
lcl|CP069024.1_cds_QRC91690.1_1672	JI435_019080
lcl|CP069024.1_cds_QRC91691.1_1673	JI435_019090
lcl|CP069024.1_cds_QRC91692.1_1674	JI435_427350
lcl|CP069024.1_cds_QRC91693.1_1675	JI435_019100
lcl|CP069024.1_cds_QRC91694.1_1676	JI435_019110
lcl|CP069024.1_cds_QRC91695.1_1677	JI435_401540
lcl|CP069024.1_cds_QRC91696.1_1678	JI435_019120
lcl|CP069024.1_cds_QRC91697.1_1679	JI435_019130
lcl|CP069024.1_cds_QRC91698.1_1680	JI435_301200
lcl|CP069024.1_cds_QRC91699.1_1681	JI435_401550
lcl|CP069024.1_cds_QRC91700.1_1682	JI435_019140
lcl|CP069024.1_cds_QRC91701.1_1683	JI435_019150
lcl|CP069024.1_cds_QRC91702.1_1684	JI435_019160
lcl|CP069024.1_cds_QRC91703.1_1685	JI435_019180
lcl|CP069024.1_cds_QRC91704.1_1686	JI435_019190
lcl|CP069024.1_cds_QRC91705.1_1687	JI435_401560
lcl|CP069024.1_cds_QRC91706.1_1688	JI435_019200
lcl|CP069024.1_cds_QRC91707.1_1689	JI435_019210
lcl|CP069024.1_cds_QRC91708.1_1690	JI435_019220
lcl|CP069024.1_cds_QRC91709.1_1691	JI435_301210
lcl|CP069024.1_cds_QRC91710.1_1692	JI435_401570
lcl|CP069024.1_cds_QRC91711.1_1693	JI435_019240
lcl|CP069024.1_cds_QRC91712.1_1694	JI435_019240
lcl|CP069024.1_cds_QRC91713.1_1695	JI435_301220
lcl|CP069024.1_cds_QRC91714.1_1696	JI435_019250
lcl|CP069024.1_cds_QRC91715.1_1697	JI435_427380
lcl|CP069024.1_cds_QRC91716.1_1698	JI435_019270
lcl|CP069024.1_cds_QRC91717.1_1699	JI435_019280
lcl|CP069024.1_cds_QRC91718.1_1700	JI435_019290
lcl|CP069024.1_cds_QRC91719.1_1701	JI435_019300
lcl|CP069024.1_cds_QRC91720.1_1702	JI435_401580
lcl|CP069024.1_cds_QRC91721.1_1703	JI435_019310
lcl|CP069024.1_cds_QRC91722.1_1704	JI435_019320
lcl|CP069024.1_cds_QRC91723.1_1705	JI435_019330
lcl|CP069024.1_cds_QRC91724.1_1706	JI435_401590
lcl|CP069024.1_cds_QRC91725.1_1707	JI435_019340
lcl|CP069024.1_cds_QRC91726.1_1708	JI435_019350
lcl|CP069024.1_cds_QRC91727.1_1709	JI435_019360
lcl|CP069024.1_cds_QRC91728.1_1710	JI435_019370
lcl|CP069024.1_cds_QRC91729.1_1711	JI435_401600
lcl|CP069024.1_cds_QRC91730.1_1712	JI435_019380
lcl|CP069024.1_cds_QRC91731.1_1713	JI435_019390
lcl|CP069024.1_cds_QRC91732.1_1714	JI435_019400
lcl|CP069024.1_cds_QRC91733.1_1715	JI435_019410
lcl|CP069024.1_cds_QRC91734.1_1716	JI435_427400
lcl|CP069024.1_cds_QRC91735.1_1717	JI435_019430
lcl|CP069024.1_cds_QRC91736.1_1718	JI435_019440
lcl|CP069024.1_cds_QRC91737.1_1719	JI435_019450
lcl|CP069024.1_cds_QRC91738.1_1720	JI435_019460
lcl|CP069024.1_cds_QRC91739.1_1721	JI435_019470
lcl|CP069024.1_cds_QRC91740.1_1722	JI435_019480
lcl|CP069024.1_cds_QRC91741.1_1723	JI435_019490
lcl|CP069024.1_cds_QRC91742.1_1724	JI435_427410
lcl|CP069024.1_cds_QRC91743.1_1725	JI435_019510
lcl|CP069024.1_cds_QRC91745.1_1726	JI435_019520
lcl|CP069024.1_cds_QRC91744.1_1727	JI435_019520
lcl|CP069024.1_cds_QRC91746.1_1728	JI435_019530
lcl|CP069024.1_cds_QRC91747.1_1729	JI435_019540
lcl|CP069024.1_cds_QRC91748.1_1730	JI435_019550
lcl|CP069024.1_cds_QRC91749.1_1731	JI435_019570
lcl|CP069024.1_cds_QRC91750.1_1732	JI435_019580
lcl|CP069024.1_cds_QRC91751.1_1733	JI435_401610
lcl|CP069024.1_cds_QRC91752.1_1734	JI435_019590
lcl|CP069024.1_cds_QRC91753.1_1735	JI435_401620
lcl|CP069024.1_cds_QRC91754.1_1736	JI435_019610
lcl|CP069024.1_cds_QRC91755.1_1737	JI435_019620
lcl|CP069024.1_cds_QRC91756.1_1738	JI435_301230
lcl|CP069024.1_cds_QRC91757.1_1739	JI435_019630
lcl|CP069024.1_cds_QRC91758.1_1740	JI435_401630
lcl|CP069024.1_cds_QRC91759.1_1741	JI435_019640
lcl|CP069024.1_cds_QRC91760.1_1742	JI435_019650
lcl|CP069024.1_cds_QRC91761.1_1743	JI435_019660
lcl|CP069024.1_cds_QRC91762.1_1744	JI435_019670
lcl|CP069024.1_cds_QRC91763.1_1745	JI435_401640
lcl|CP069024.1_cds_QRC91764.1_1746	JI435_019680
lcl|CP069024.1_cds_QRC91765.1_1747	JI435_401650
lcl|CP069024.1_cds_QRC91766.1_1748	JI435_301240
lcl|CP069024.1_cds_QRC91767.1_1749	JI435_019690
lcl|CP069024.1_cds_QRC91768.1_1750	JI435_019700
lcl|CP069024.1_cds_QRC91769.1_1751	JI435_019710
lcl|CP069024.1_cds_QRC91770.1_1752	JI435_019720
lcl|CP069024.1_cds_QRC91771.1_1753	JI435_019730
lcl|CP069024.1_cds_QRC91772.1_1754	JI435_019740
lcl|CP069024.1_cds_QRC91773.1_1755	JI435_019750
lcl|CP069024.1_cds_QRC91774.1_1756	JI435_401660
lcl|CP069024.1_cds_QRC91775.1_1757	JI435_019760
lcl|CP069024.1_cds_QRC91776.1_1758	JI435_401670
lcl|CP069024.1_cds_QRC91777.1_1759	JI435_019770
lcl|CP069024.1_cds_QRC91778.1_1760	JI435_301250
lcl|CP069024.1_cds_QRC91779.1_1761	JI435_301260
lcl|CP069024.1_cds_QRC91780.1_1762	JI435_401680
lcl|CP069024.1_cds_QRC91781.1_1763	JI435_019800
lcl|CP069024.1_cds_QRC91782.1_1764	JI435_019810
lcl|CP069024.1_cds_QRC91783.1_1765	JI435_019810
lcl|CP069024.1_cds_QRC91784.1_1766	JI435_019820
lcl|CP069024.1_cds_QRC91785.1_1767	JI435_019830
lcl|CP069024.1_cds_QRC91786.1_1768	JI435_019840
lcl|CP069024.1_cds_QRC91787.1_1769	JI435_019850
lcl|CP069024.1_cds_QRC91788.1_1770	JI435_019860
lcl|CP069024.1_cds_QRC91789.1_1771	JI435_019870
lcl|CP069024.1_cds_QRC91790.1_1772	JI435_019880
lcl|CP069024.1_cds_QRC91791.1_1773	JI435_019900
lcl|CP069024.1_cds_QRC91792.1_1774	JI435_019910
lcl|CP069024.1_cds_QRC91793.1_1775	JI435_401690
lcl|CP069024.1_cds_QRC91794.1_1776	JI435_019920
lcl|CP069024.1_cds_QRC91795.1_1777	JI435_019930
lcl|CP069024.1_cds_QRC91796.1_1778	JI435_019950
lcl|CP069024.1_cds_QRC91797.1_1779	JI435_301280
lcl|CP069024.1_cds_QRC91798.1_1780	JI435_019960
lcl|CP069024.1_cds_QRC91799.1_1781	JI435_019970
lcl|CP069024.1_cds_QRC91800.1_1782	JI435_019990
lcl|CP069024.1_cds_QRC91801.1_1783	JI435_401700
lcl|CP069024.1_cds_QRC91802.1_1784	JI435_301290
lcl|CP069024.1_cds_QRC91803.1_1785	JI435_020000
lcl|CP069024.1_cds_QRC91804.1_1786	JI435_020020
lcl|CP069024.1_cds_QRC91805.1_1787	JI435_301300
lcl|CP069024.1_cds_QRC91806.1_1788	JI435_020030
lcl|CP069024.1_cds_QRC91807.1_1789	JI435_020040
lcl|CP069024.1_cds_QRC91808.1_1790	JI435_020060
lcl|CP069024.1_cds_QRC91809.1_1791	JI435_301310
lcl|CP069024.1_cds_QRC91810.1_1792	JI435_401710
lcl|CP069024.1_cds_QRC91811.1_1793	JI435_020070
lcl|CP069024.1_cds_QRC91812.1_1794	JI435_401720
lcl|CP069024.1_cds_QRC91813.1_1795	JI435_020080
lcl|CP069024.1_cds_QRC91814.1_1796	JI435_020090
lcl|CP069024.1_cds_QRC91815.1_1797	JI435_020100
lcl|CP069024.1_cds_QRC91816.1_1798	JI435_020110
lcl|CP069024.1_cds_QRC91817.1_1799	JI435_020120
lcl|CP069024.1_cds_QRC91818.1_1800	JI435_020130
lcl|CP069024.1_cds_QRC91819.1_1801	JI435_020150
lcl|CP069024.1_cds_QRC91820.1_1802	JI435_020160
lcl|CP069024.1_cds_QRC91821.1_1803	JI435_020170
lcl|CP069024.1_cds_QRC91822.1_1804	JI435_020180
lcl|CP069024.1_cds_QRC91823.1_1805	JI435_020190
lcl|CP069024.1_cds_QRC91824.1_1806	JI435_020200
lcl|CP069024.1_cds_QRC91825.1_1807	JI435_401730
lcl|CP069024.1_cds_QRC91826.1_1808	JI435_401740
lcl|CP069024.1_cds_QRC91827.1_1809	JI435_020210
lcl|CP069024.1_cds_QRC91828.1_1810	JI435_401750
lcl|CP069024.1_cds_QRC91829.1_1811	JI435_020220
lcl|CP069024.1_cds_QRC91830.1_1812	JI435_020230
lcl|CP069024.1_cds_QRC91831.1_1813	JI435_020240
lcl|CP069024.1_cds_QRC91832.1_1814	JI435_427450
lcl|CP069024.1_cds_QRC91833.1_1815	JI435_020250
lcl|CP069024.1_cds_QRC91834.1_1816	JI435_301320
lcl|CP069024.1_cds_QRC91835.1_1817	JI435_020260
lcl|CP069024.1_cds_QRC91836.1_1818	JI435_020270
lcl|CP069024.1_cds_QRC91837.1_1819	JI435_020280
lcl|CP069024.1_cds_QRC91838.1_1820	JI435_401760
lcl|CP069024.1_cds_QRC91839.1_1821	JI435_020290
lcl|CP069024.1_cds_QRC91840.1_1822	JI435_020290
lcl|CP069024.1_cds_QRC91841.1_1823	JI435_301340
lcl|CP069024.1_cds_QRC91842.1_1824	JI435_020300
lcl|CP069024.1_cds_QRC91843.1_1825	JI435_401770
lcl|CP069024.1_cds_QRC91844.1_1826	JI435_020310
lcl|CP069024.1_cds_QRC91845.1_1827	JI435_020320
lcl|CP069024.1_cds_QRC91846.1_1828	JI435_020330
lcl|CP069024.1_cds_QRC91847.1_1829	JI435_020340
lcl|CP069024.1_cds_QRC91848.1_1830	JI435_020350
lcl|CP069024.1_cds_QRC91849.1_1831	JI435_401780
lcl|CP069024.1_cds_QRC91850.1_1832	JI435_020360
lcl|CP069024.1_cds_QRC91851.1_1833	JI435_020370
lcl|CP069024.1_cds_QRC91852.1_1834	JI435_020380
lcl|CP069024.1_cds_QRC91853.1_1835	JI435_020390
lcl|CP069024.1_cds_QRC91854.1_1836	JI435_427500
lcl|CP069024.1_cds_QRC91855.1_1837	JI435_020410
lcl|CP069024.1_cds_QRC91856.1_1838	JI435_020420
lcl|CP069024.1_cds_QRC91858.1_1839	JI435_020430
lcl|CP069024.1_cds_QRC91857.1_1840	JI435_020430
lcl|CP069024.1_cds_QRC91859.1_1841	JI435_020440
lcl|CP069024.1_cds_QRC91860.1_1842	JI435_020450
lcl|CP069024.1_cds_QRC91861.1_1843	JI435_020460
lcl|CP069024.1_cds_QRC91862.1_1844	JI435_020470
lcl|CP069024.1_cds_QRC91863.1_1845	JI435_020480
lcl|CP069024.1_cds_QRC91864.1_1846	JI435_020490
lcl|CP069024.1_cds_QRC91865.1_1847	JI435_020500
lcl|CP069024.1_cds_QRC91866.1_1848	JI435_020510
lcl|CP069024.1_cds_QRC91867.1_1849	JI435_020520
lcl|CP069024.1_cds_QRC91868.1_1850	JI435_020530
lcl|CP069024.1_cds_QRC91869.1_1851	JI435_020540
lcl|CP069024.1_cds_QRC91870.1_1852	JI435_020550
lcl|CP069024.1_cds_QRC91871.1_1853	JI435_020560
lcl|CP069024.1_cds_QRC91872.1_1854	JI435_020570
lcl|CP069024.1_cds_QRC91873.1_1855	JI435_020580
lcl|CP069024.1_cds_QRC91874.1_1856	JI435_020590
lcl|CP069024.1_cds_QRC91875.1_1857	JI435_020600
lcl|CP069024.1_cds_QRC91876.1_1858	JI435_020610
lcl|CP069024.1_cds_QRC91877.1_1859	JI435_020620
lcl|CP069024.1_cds_QRC91878.1_1860	JI435_020630
lcl|CP069024.1_cds_QRC91879.1_1861	JI435_020630
lcl|CP069024.1_cds_QRC91880.1_1862	JI435_020630
lcl|CP069024.1_cds_QRC91881.1_1863	JI435_401790
lcl|CP069024.1_cds_QRC91882.1_1864	JI435_020640
lcl|CP069024.1_cds_QRC91883.1_1865	JI435_020650
lcl|CP069024.1_cds_QRC91884.1_1866	JI435_020660
lcl|CP069024.1_cds_QRC91885.1_1867	JI435_020670
lcl|CP069024.1_cds_QRC91886.1_1868	JI435_020680
lcl|CP069024.1_cds_QRC91887.1_1869	JI435_020690
lcl|CP069024.1_cds_QRC91888.1_1870	JI435_020700
lcl|CP069024.1_cds_QRC91889.1_1871	JI435_020710
lcl|CP069024.1_cds_QRC91890.1_1872	JI435_301370
lcl|CP069024.1_cds_QRC91891.1_1873	JI435_020720
lcl|CP069024.1_cds_QRC91892.1_1874	JI435_020730
lcl|CP069024.1_cds_QRC91893.1_1875	JI435_020740
lcl|CP069024.1_cds_QRC91894.1_1876	JI435_020750
lcl|CP069024.1_cds_QRC91895.1_1877	JI435_020770
lcl|CP069024.1_cds_QRC91896.1_1878	JI435_301380
lcl|CP069024.1_cds_QRC91897.1_1879	JI435_020780
lcl|CP069024.1_cds_QRC91898.1_1880	JI435_020790
lcl|CP069024.1_cds_QRC91899.1_1881	JI435_020810
lcl|CP069024.1_cds_QRC91900.1_1882	JI435_301390
lcl|CP069024.1_cds_QRC91901.1_1883	JI435_020820
lcl|CP069024.1_cds_QRC91902.1_1884	JI435_020830
lcl|CP069024.1_cds_QRC91903.1_1885	JI435_020840
lcl|CP069024.1_cds_QRC91904.1_1886	JI435_020850
lcl|CP069024.1_cds_QRC91905.1_1887	JI435_020860
lcl|CP069024.1_cds_QRC91906.1_1888	JI435_020870
lcl|CP069024.1_cds_QRC91907.1_1889	JI435_020880
lcl|CP069024.1_cds_QRC91908.1_1890	JI435_020890
lcl|CP069024.1_cds_QRC91909.1_1891	JI435_020900
lcl|CP069024.1_cds_QRC91910.1_1892	JI435_020910
lcl|CP069024.1_cds_QRC91911.1_1893	JI435_020920
lcl|CP069024.1_cds_QRC91912.1_1894	JI435_401800
lcl|CP069024.1_cds_QRC91913.1_1895	JI435_401810
lcl|CP069024.1_cds_QRC91914.1_1896	JI435_020930
lcl|CP069024.1_cds_QRC91915.1_1897	JI435_401820
lcl|CP069024.1_cds_QRC91916.1_1898	JI435_020940
lcl|CP069024.1_cds_QRC91917.1_1899	JI435_020950
lcl|CP069024.1_cds_QRC91918.1_1900	JI435_020950
lcl|CP069024.1_cds_QRC91919.1_1901	JI435_020960
lcl|CP069024.1_cds_QRC91920.1_1902	JI435_427540
lcl|CP069024.1_cds_QRC91921.1_1903	JI435_401830
lcl|CP069024.1_cds_QRC91922.1_1904	JI435_020970
lcl|CP069024.1_cds_QRC91923.1_1905	JI435_020980
lcl|CP069024.1_cds_QRC91924.1_1906	JI435_020990
lcl|CP069024.1_cds_QRC91925.1_1907	JI435_021000
lcl|CP069024.1_cds_QRC91926.1_1908	JI435_021010
lcl|CP069024.1_cds_QRC91927.1_1909	JI435_301430
lcl|CP069024.1_cds_QRC91928.1_1910	JI435_021020
lcl|CP069024.1_cds_QRC91929.1_1911	JI435_021030
lcl|CP069024.1_cds_QRC91930.1_1912	JI435_021040
lcl|CP069024.1_cds_QRC91931.1_1913	JI435_021050
lcl|CP069024.1_cds_QRC91932.1_1914	JI435_021060
lcl|CP069024.1_cds_QRC91933.1_1915	JI435_021070
lcl|CP069024.1_cds_QRC91934.1_1916	JI435_021080
lcl|CP069024.1_cds_QRC91935.1_1917	JI435_021090
lcl|CP069024.1_cds_QRC91936.1_1918	JI435_021100
lcl|CP069024.1_cds_QRC91937.1_1919	JI435_021110
lcl|CP069024.1_cds_QRC91938.1_1920	JI435_021120
lcl|CP069024.1_cds_QRC91939.1_1921	JI435_021130
lcl|CP069024.1_cds_QRC91940.1_1922	JI435_021140
lcl|CP069024.1_cds_QRC91941.1_1923	JI435_021150
lcl|CP069024.1_cds_QRC91942.1_1924	JI435_021160
lcl|CP069024.1_cds_QRC91943.1_1925	JI435_021170
lcl|CP069024.1_cds_QRC91944.1_1926	JI435_021180
lcl|CP069024.1_cds_QRC91945.1_1927	JI435_021190
lcl|CP069024.1_cds_QRC91946.1_1928	JI435_021200
lcl|CP069024.1_cds_QRC91947.1_1929	JI435_200190
lcl|CP069024.1_cds_QRC91948.1_1930	JI435_401840
lcl|CP069024.1_cds_QRC91949.1_1931	JI435_021210
lcl|CP069024.1_cds_QRC91950.1_1932	JI435_021220
lcl|CP069024.1_cds_QRC91951.1_1933	JI435_021230
lcl|CP069024.1_cds_QRC91952.1_1934	JI435_021240
lcl|CP069024.1_cds_QRC91953.1_1935	JI435_021250
lcl|CP069024.1_cds_QRC91954.1_1936	JI435_427560
lcl|CP069024.1_cds_QRC91955.1_1937	JI435_021270
lcl|CP069024.1_cds_QRC91956.1_1938	JI435_021280
lcl|CP069024.1_cds_QRC91957.1_1939	JI435_021290
lcl|CP069024.1_cds_QRC91959.1_1940	JI435_021300
lcl|CP069024.1_cds_QRC91958.1_1941	JI435_021300
lcl|CP069024.1_cds_QRC91960.1_1942	JI435_401850
lcl|CP069024.1_cds_QRC91961.1_1943	JI435_021310
lcl|CP069024.1_cds_QRC91962.1_1944	JI435_021320
lcl|CP069024.1_cds_QRC91964.1_1945	JI435_021330
lcl|CP069024.1_cds_QRC91963.1_1946	JI435_021330
lcl|CP069024.1_cds_QRC91965.1_1947	JI435_021340
lcl|CP069024.1_cds_QRC91966.1_1948	JI435_021350
lcl|CP069024.1_cds_QRC91967.1_1949	JI435_021360
lcl|CP069024.1_cds_QRC91968.1_1950	JI435_021370
lcl|CP069024.1_cds_QRC91969.1_1951	JI435_427570
lcl|CP069024.1_cds_QRC91970.1_1952	JI435_021380
lcl|CP069024.1_cds_QRC91971.1_1953	JI435_401860
lcl|CP069024.1_cds_QRC91972.1_1954	JI435_021390
lcl|CP069024.1_cds_QRC91973.1_1955	JI435_021400
lcl|CP069024.1_cds_QRC91974.1_1956	JI435_401870
lcl|CP069024.1_cds_QRC91975.1_1957	JI435_021410
lcl|CP069024.1_cds_QRC91976.1_1958	JI435_021420
lcl|CP069024.1_cds_QRC91977.1_1959	JI435_021440
lcl|CP069024.1_cds_QRC91978.1_1960	JI435_021450
lcl|CP069024.1_cds_QRC91979.1_1961	JI435_401880
lcl|CP069024.1_cds_QRC91980.1_1962	JI435_021460
lcl|CP069024.1_cds_QRC91981.1_1963	JI435_021470
lcl|CP069024.1_cds_QRC91982.1_1964	JI435_021480
lcl|CP069024.1_cds_QRC91983.1_1965	JI435_021490
lcl|CP069024.1_cds_QRC91984.1_1966	JI435_021500
lcl|CP069024.1_cds_QRC91985.1_1967	JI435_021510
lcl|CP069024.1_cds_QRC91986.1_1968	JI435_021520
lcl|CP069024.1_cds_QRC91987.1_1969	JI435_021530
lcl|CP069024.1_cds_QRC91988.1_1970	JI435_021540
lcl|CP069024.1_cds_QRC91990.1_1971	JI435_021550
lcl|CP069024.1_cds_QRC91989.1_1972	JI435_021550
lcl|CP069024.1_cds_QRC91991.1_1973	JI435_021560
lcl|CP069024.1_cds_QRC91992.1_1974	JI435_021570
lcl|CP069024.1_cds_QRC91993.1_1975	JI435_021580
lcl|CP069024.1_cds_QRC91994.1_1976	JI435_021590
lcl|CP069024.1_cds_QRC91995.1_1977	JI435_021600
lcl|CP069024.1_cds_QRC91996.1_1978	JI435_021610
lcl|CP069024.1_cds_QRC91997.1_1979	JI435_021620
lcl|CP069024.1_cds_QRC91998.1_1980	JI435_427580
lcl|CP069024.1_cds_QRC91999.1_1981	JI435_021650
lcl|CP069024.1_cds_QRC92000.1_1982	JI435_021660
lcl|CP069024.1_cds_QRC92001.1_1983	JI435_021670
lcl|CP069024.1_cds_QRC92002.1_1984	JI435_021680
lcl|CP069024.1_cds_QRC92003.1_1985	JI435_021690
lcl|CP069024.1_cds_QRC92004.1_1986	JI435_021710
lcl|CP069024.1_cds_QRC92005.1_1987	JI435_021740
lcl|CP069024.1_cds_QRC92006.1_1988	JI435_427590
lcl|CP069024.1_cds_QRC92007.1_1989	JI435_427600
lcl|CP069024.1_cds_QRC92008.1_1990	JI435_427610
lcl|CP069024.1_cds_QRC92009.1_1991	JI435_021770
lcl|CP069024.1_cds_QRC92010.1_1992	JI435_427620
lcl|CP069024.1_cds_QRC92011.1_1993	JI435_427630
lcl|CP069024.1_cds_QRC92012.1_1994	JI435_021790
lcl|CP069024.1_cds_QRC92013.1_1995	JI435_021810
lcl|CP069024.1_cds_QRC92014.1_1996	JI435_021820
lcl|CP069024.1_cds_QRC92015.1_1997	JI435_021830
lcl|CP069024.1_cds_QRC92016.1_1998	JI435_021840
lcl|CP069024.1_cds_QRC92017.1_1999	JI435_021850
lcl|CP069024.1_cds_QRC92018.1_2000	JI435_021860
lcl|CP069024.1_cds_QRC92019.1_2001	JI435_021870
lcl|CP069024.1_cds_QRC92020.1_2002	JI435_021880
lcl|CP069024.1_cds_QRC92021.1_2003	JI435_021890
lcl|CP069024.1_cds_QRC92022.1_2004	JI435_021900
lcl|CP069024.1_cds_QRC92023.1_2005	JI435_021910
lcl|CP069024.1_cds_QRC92024.1_2006	JI435_021920
lcl|CP069024.1_cds_QRC92025.1_2007	JI435_021940
lcl|CP069024.1_cds_QRC92026.1_2008	JI435_021950
lcl|CP069024.1_cds_QRC92027.1_2009	JI435_021960
lcl|CP069024.1_cds_QRC92028.1_2010	JI435_021970
lcl|CP069024.1_cds_QRC92029.1_2011	JI435_021980
lcl|CP069024.1_cds_QRC92030.1_2012	JI435_200200
lcl|CP069024.1_cds_QRC92031.1_2013	JI435_021990
lcl|CP069024.1_cds_QRC92032.1_2014	JI435_022000
lcl|CP069024.1_cds_QRC92033.1_2015	JI435_022010
lcl|CP069024.1_cds_QRC92034.1_2016	JI435_022020
lcl|CP069024.1_cds_QRC92035.1_2017	JI435_022030
lcl|CP069024.1_cds_QRC92036.1_2018	JI435_022040
lcl|CP069024.1_cds_QRC92037.1_2019	JI435_022050
lcl|CP069024.1_cds_QRC92038.1_2020	JI435_309920
lcl|CP069024.1_cds_QRC92039.1_2021	JI435_401890
lcl|CP069024.1_cds_QRC92040.1_2022	JI435_022070
lcl|CP069024.1_cds_QRC92041.1_2023	JI435_401900
lcl|CP069024.1_cds_QRC92042.1_2024	JI435_022090
lcl|CP069024.1_cds_QRC92043.1_2025	JI435_022100
lcl|CP069024.1_cds_QRC92044.1_2026	JI435_022110
lcl|CP069024.1_cds_QRC92045.1_2027	JI435_427640
lcl|CP069024.1_cds_QRC92046.1_2028	JI435_022130
lcl|CP069024.1_cds_QRC92047.1_2029	JI435_022140
lcl|CP069024.1_cds_QRC92048.1_2030	JI435_022150
lcl|CP069024.1_cds_QRC92049.1_2031	JI435_022160
lcl|CP069024.1_cds_QRC92050.1_2032	JI435_022170
lcl|CP069024.1_cds_QRC92051.1_2033	JI435_022180
lcl|CP069024.1_cds_QRC92052.1_2034	JI435_022190
lcl|CP069024.1_cds_QRC92053.1_2035	JI435_022200
lcl|CP069024.1_cds_QRC92054.1_2036	JI435_022210
lcl|CP069024.1_cds_QRC92055.1_2037	JI435_022220
lcl|CP069024.1_cds_QRC92056.1_2038	JI435_022230
lcl|CP069024.1_cds_QRC92057.1_2039	JI435_022240
lcl|CP069024.1_cds_QRC92058.1_2040	JI435_022250
lcl|CP069024.1_cds_QRC92059.1_2041	JI435_022260
lcl|CP069024.1_cds_QRC92060.1_2042	JI435_022270
lcl|CP069024.1_cds_QRC92061.1_2043	JI435_022290
lcl|CP069024.1_cds_QRC92062.1_2044	JI435_022310
lcl|CP069024.1_cds_QRC92063.1_2045	JI435_301470
lcl|CP069024.1_cds_QRC92064.1_2046	JI435_022320
lcl|CP069024.1_cds_QRC92065.1_2047	JI435_022340
lcl|CP069024.1_cds_QRC92066.1_2048	JI435_301480
lcl|CP069024.1_cds_QRC92067.1_2049	JI435_427660
lcl|CP069024.1_cds_QRC92068.1_2050	JI435_022350
lcl|CP069024.1_cds_QRC92069.1_2051	JI435_022360
lcl|CP069024.1_cds_QRC92070.1_2052	JI435_022370
lcl|CP069024.1_cds_QRC92071.1_2053	JI435_022380
lcl|CP069024.1_cds_QRC92072.1_2054	JI435_022390
lcl|CP069024.1_cds_QRC92073.1_2055	JI435_022400
lcl|CP069024.1_cds_QRC92074.1_2056	JI435_022410
lcl|CP069024.1_cds_QRC92075.1_2057	JI435_022420
lcl|CP069024.1_cds_QRC92076.1_2058	JI435_022430
lcl|CP069024.1_cds_QRC92077.1_2059	JI435_022440
lcl|CP069024.1_cds_QRC92078.1_2060	JI435_427670
lcl|CP069024.1_cds_QRC92079.1_2061	JI435_022460
lcl|CP069024.1_cds_QRC92080.1_2062	JI435_401910
lcl|CP069024.1_cds_QRC92081.1_2063	JI435_022470
lcl|CP069024.1_cds_QRC92082.1_2064	JI435_401920
lcl|CP069024.1_cds_QRC92083.1_2065	JI435_022480
lcl|CP069024.1_cds_QRC92084.1_2066	JI435_022490
lcl|CP069024.1_cds_QRC92085.1_2067	JI435_022500
lcl|CP069024.1_cds_QRC92086.1_2068	JI435_022520
lcl|CP069024.1_cds_QRC92087.1_2069	JI435_301490
lcl|CP069024.1_cds_QRC92088.1_2070	JI435_022530
lcl|CP069024.1_cds_QRC92089.1_2071	JI435_022540
lcl|CP069024.1_cds_QRC92090.1_2072	JI435_022550
lcl|CP069024.1_cds_QRC92091.1_2073	JI435_427680
lcl|CP069024.1_cds_QRC92092.1_2074	JI435_022570
lcl|CP069024.1_cds_QRC92093.1_2075	JI435_022580
lcl|CP069024.1_cds_QRC92094.1_2076	JI435_022590
lcl|CP069024.1_cds_QRC92095.1_2077	JI435_022600
lcl|CP069024.1_cds_QRC92096.1_2078	JI435_022610
lcl|CP069024.1_cds_QRC92097.1_2079	JI435_022620
lcl|CP069024.1_cds_QRC92098.1_2080	JI435_022630
lcl|CP069024.1_cds_QRC92099.1_2081	JI435_022640
lcl|CP069024.1_cds_QRC92100.1_2082	JI435_022650
lcl|CP069024.1_cds_QRC92101.1_2083	JI435_022660
lcl|CP069024.1_cds_QRC92102.1_2084	JI435_022670
lcl|CP069024.1_cds_QRC92103.1_2085	JI435_022690
lcl|CP069024.1_cds_QRC92104.1_2086	JI435_401930
lcl|CP069024.1_cds_QRC92105.1_2087	JI435_022700
lcl|CP069024.1_cds_QRC92106.1_2088	JI435_022710
lcl|CP069024.1_cds_QRC92107.1_2089	JI435_022730
lcl|CP069024.1_cds_QRC92108.1_2090	JI435_022740
lcl|CP069024.1_cds_QRC92109.1_2091	JI435_022750
lcl|CP069024.1_cds_QRC92110.1_2092	JI435_022770
lcl|CP069024.1_cds_QRC92111.1_2093	JI435_022780
lcl|CP069024.1_cds_QRC92112.1_2094	JI435_022790
lcl|CP069024.1_cds_QRC92113.1_2095	JI435_022800
lcl|CP069024.1_cds_QRC92114.1_2096	JI435_022810
lcl|CP069024.1_cds_QRC92115.1_2097	JI435_022820
lcl|CP069024.1_cds_QRC92116.1_2098	JI435_022830
lcl|CP069024.1_cds_QRC92117.1_2099	JI435_022840
lcl|CP069024.1_cds_QRC92118.1_2100	JI435_401940
lcl|CP069024.1_cds_QRC92119.1_2101	JI435_401950
lcl|CP069024.1_cds_QRC92120.1_2102	JI435_022850
lcl|CP069024.1_cds_QRC92121.1_2103	JI435_401960
lcl|CP069024.1_cds_QRC92122.1_2104	JI435_401970
lcl|CP069024.1_cds_QRC92123.1_2105	JI435_401980
lcl|CP069024.1_cds_QRC92124.1_2106	JI435_401990
lcl|CP069024.1_cds_QRC92125.1_2107	JI435_022860
lcl|CP069024.1_cds_QRC92126.1_2108	JI435_022870
lcl|CP069024.1_cds_QRC92127.1_2109	JI435_022880
lcl|CP069024.1_cds_QRC92128.1_2110	JI435_402000
lcl|CP069024.1_cds_QRC92130.1_2111	JI435_022890
lcl|CP069024.1_cds_QRC92129.1_2112	JI435_022890
lcl|CP069024.1_cds_QRC92131.1_2113	JI435_022900
lcl|CP069024.1_cds_QRC92132.1_2114	JI435_402010
lcl|CP069024.1_cds_QRC92133.1_2115	JI435_427690
lcl|CP069024.1_cds_QRC92134.1_2116	JI435_022910
lcl|CP069024.1_cds_QRC92135.1_2117	JI435_022920
lcl|CP069024.1_cds_QRC92136.1_2118	JI435_022930
lcl|CP069024.1_cds_QRC92137.1_2119	JI435_022940
lcl|CP069024.1_cds_QRC92138.1_2120	JI435_022950
lcl|CP069024.1_cds_QRC92139.1_2121	JI435_022960
lcl|CP069024.1_cds_QRC92140.1_2122	JI435_022970
lcl|CP069024.1_cds_QRC92141.1_2123	JI435_022980
lcl|CP069024.1_cds_QRC92142.1_2124	JI435_022990
lcl|CP069024.1_cds_QRC92143.1_2125	JI435_301510
lcl|CP069024.1_cds_QRC92144.1_2126	JI435_023010
lcl|CP069024.1_cds_QRC92145.1_2127	JI435_023020
lcl|CP069024.1_cds_QRC92146.1_2128	JI435_427700
lcl|CP069024.1_cds_QRC92147.1_2129	JI435_427710
lcl|CP069024.1_cds_QRC92148.1_2130	JI435_427720
lcl|CP069024.1_cds_QRC92149.1_2131	JI435_023060
lcl|CP069024.1_cds_QRC92150.1_2132	JI435_301520
lcl|CP069024.1_cds_QRC92151.1_2133	JI435_301520
lcl|CP069024.1_cds_QRC92152.1_2134	JI435_023070
lcl|CP069024.1_cds_QRC92153.1_2135	JI435_023080
lcl|CP069024.1_cds_QRC92154.1_2136	JI435_023090
lcl|CP069024.1_cds_QRC92155.1_2137	JI435_023100
lcl|CP069024.1_cds_QRC92156.1_2138	JI435_023110
lcl|CP069024.1_cds_QRC92157.1_2139	JI435_023120
lcl|CP069024.1_cds_QRC92158.1_2140	JI435_023120
lcl|CP069024.1_cds_QRC92159.1_2141	JI435_023130
lcl|CP069024.1_cds_QRC92160.1_2142	JI435_023130
lcl|CP069024.1_cds_QRC92162.1_2143	JI435_301530
lcl|CP069024.1_cds_QRC92161.1_2144	JI435_301530
lcl|CP069024.1_cds_QRC92163.1_2145	JI435_023160
lcl|CP069024.1_cds_QRC92164.1_2146	JI435_023170
lcl|CP069024.1_cds_QRC92165.1_2147	JI435_023180
lcl|CP069024.1_cds_QRC92166.1_2148	JI435_402020
lcl|CP069024.1_cds_QRC92167.1_2149	JI435_402030
lcl|CP069024.1_cds_QRC92168.1_2150	JI435_402040
lcl|CP069024.1_cds_QRC92169.1_2151	JI435_402050
lcl|CP069024.1_cds_QRC92170.1_2152	JI435_023190
lcl|CP069024.1_cds_QRC92171.1_2153	JI435_402060
lcl|CP069024.1_cds_QRC92172.1_2154	JI435_402060
lcl|CP069024.1_cds_QRC92173.1_2155	JI435_023200
lcl|CP069024.1_cds_QRC92174.1_2156	JI435_023210
lcl|CP069024.1_cds_QRC92175.1_2157	JI435_023220
lcl|CP069024.1_cds_QRC92176.1_2158	JI435_023230
lcl|CP069024.1_cds_QRC92177.1_2159	JI435_023240
lcl|CP069024.1_cds_QRC92178.1_2160	JI435_023250
lcl|CP069024.1_cds_QRC92180.1_2161	JI435_023260
lcl|CP069024.1_cds_QRC92179.1_2162	JI435_023260
lcl|CP069024.1_cds_QRC92181.1_2163	JI435_023270
lcl|CP069024.1_cds_QRC92182.1_2164	JI435_023280
lcl|CP069024.1_cds_QRC92183.1_2165	JI435_023300
lcl|CP069024.1_cds_QRC92184.1_2166	JI435_301540
lcl|CP069024.1_cds_QRC92185.1_2167	JI435_427740
lcl|CP069024.1_cds_QRC92186.1_2168	JI435_427750
lcl|CP069024.1_cds_QRC92187.1_2169	JI435_402070
lcl|CP069024.1_cds_QRC92188.1_2170	JI435_023340
lcl|CP069024.1_cds_QRC92189.1_2171	JI435_023350
lcl|CP069024.1_cds_QRC92190.1_2172	JI435_023360
lcl|CP069024.1_cds_QRC92191.1_2173	JI435_023380
lcl|CP069024.1_cds_QRC92192.1_2174	JI435_023400
lcl|CP069024.1_cds_QRC92193.1_2175	JI435_301550
lcl|CP069024.1_cds_QRC92194.1_2176	JI435_023410
lcl|CP069024.1_cds_QRC92195.1_2177	JI435_023420
lcl|CP069024.1_cds_QRC92196.1_2178	JI435_023430
lcl|CP069024.1_cds_QRC92197.1_2179	JI435_023440
lcl|CP069024.1_cds_QRC92198.1_2180	JI435_402080
lcl|CP069024.1_cds_QRC92199.1_2181	JI435_424850
lcl|CP069024.1_cds_QRC92200.1_2182	JI435_424840
lcl|CP069024.1_cds_QRC92201.1_2183	JI435_402090
lcl|CP069024.1_cds_QRC92202.1_2184	JI435_061200
lcl|CP069024.1_cds_QRC92203.1_2185	JI435_402100
lcl|CP069024.1_cds_QRC92204.1_2186	JI435_428030
lcl|CP069024.1_cds_QRC92205.1_2187	JI435_402110
lcl|CP069024.1_cds_QRC92206.1_2188	JI435_402120
lcl|CP069024.1_cds_QRC92207.1_2189	JI435_023450
lcl|CP069024.1_cds_QRC92208.1_2190	JI435_023480
lcl|CP069024.1_cds_QRC92209.1_2191	JI435_023490
lcl|CP069024.1_cds_QRC92210.1_2192	JI435_023500
lcl|CP069024.1_cds_QRC92211.1_2193	JI435_023520
lcl|CP069024.1_cds_QRC92212.1_2194	JI435_023530
lcl|CP069024.1_cds_QRC92213.1_2195	JI435_023540
lcl|CP069024.1_cds_QRC92214.1_2196	JI435_023560
lcl|CP069024.1_cds_QRC92215.1_2197	JI435_023570
lcl|CP069024.1_cds_QRC92216.1_2198	JI435_023580
lcl|CP069024.1_cds_QRC92217.1_2199	JI435_023590
lcl|CP069024.1_cds_QRC92218.1_2200	JI435_023600
lcl|CP069024.1_cds_QRC92219.1_2201	JI435_301580
lcl|CP069024.1_cds_QRC92220.1_2202	JI435_023620
lcl|CP069024.1_cds_QRC92221.1_2203	JI435_023630
lcl|CP069024.1_cds_QRC92222.1_2204	JI435_023640
lcl|CP069024.1_cds_QRC92223.1_2205	JI435_023650
lcl|CP069024.1_cds_QRC92224.1_2206	JI435_023660
lcl|CP069024.1_cds_QRC92225.1_2207	JI435_023670
lcl|CP069024.1_cds_QRC92226.1_2208	JI435_023680
lcl|CP069024.1_cds_QRC92227.1_2209	JI435_023690
lcl|CP069024.1_cds_QRC92228.1_2210	JI435_023710
lcl|CP069024.1_cds_QRC92229.1_2211	JI435_023720
lcl|CP069024.1_cds_QRC92230.1_2212	JI435_023730
lcl|CP069024.1_cds_QRC92231.1_2213	JI435_023740
lcl|CP069024.1_cds_QRC92232.1_2214	JI435_023750
lcl|CP069024.1_cds_QRC92233.1_2215	JI435_023760
lcl|CP069024.1_cds_QRC92234.1_2216	JI435_023770
lcl|CP069024.1_cds_QRC92235.1_2217	JI435_023780
lcl|CP069024.1_cds_QRC92236.1_2218	JI435_023790
lcl|CP069024.1_cds_QRC92237.1_2219	JI435_023800
lcl|CP069024.1_cds_QRC92238.1_2220	JI435_023810
lcl|CP069024.1_cds_QRC92239.1_2221	JI435_023820
lcl|CP069024.1_cds_QRC92240.1_2222	JI435_023830
lcl|CP069024.1_cds_QRC92241.1_2223	JI435_428050
lcl|CP069024.1_cds_QRC92242.1_2224	JI435_023850
lcl|CP069024.1_cds_QRC92243.1_2225	JI435_023860
lcl|CP069024.1_cds_QRC92244.1_2226	JI435_402130
lcl|CP069024.1_cds_QRC92245.1_2227	JI435_023870
lcl|CP069024.1_cds_QRC92246.1_2228	JI435_023880
lcl|CP069024.1_cds_QRC92247.1_2229	JI435_023890
lcl|CP069024.1_cds_QRC92248.1_2230	JI435_023900
lcl|CP069024.1_cds_QRC92249.1_2231	JI435_023910
lcl|CP069024.1_cds_QRC92250.1_2232	JI435_023920
lcl|CP069024.1_cds_QRC92251.1_2233	JI435_023930
lcl|CP069024.1_cds_QRC92252.1_2234	JI435_023940
lcl|CP069024.1_cds_QRC92253.1_2235	JI435_023950
lcl|CP069024.1_cds_QRC92254.1_2236	JI435_023970
lcl|CP069024.1_cds_QRC92255.1_2237	JI435_402140
lcl|CP069024.1_cds_QRC92256.1_2238	JI435_023980
lcl|CP069024.1_cds_QRC92257.1_2239	JI435_402150
lcl|CP069024.1_cds_QRC92258.1_2240	JI435_023990
lcl|CP069024.1_cds_QRC92259.1_2241	JI435_024000
lcl|CP069024.1_cds_QRC92260.1_2242	JI435_428070
lcl|CP069024.1_cds_QRC92261.1_2243	JI435_024010
lcl|CP069024.1_cds_QRC92262.1_2244	JI435_024020
lcl|CP069024.1_cds_QRC92263.1_2245	JI435_024030
lcl|CP069024.1_cds_QRC92264.1_2246	JI435_024040
lcl|CP069024.1_cds_QRC92265.1_2247	JI435_024050
lcl|CP069024.1_cds_QRC92266.1_2248	JI435_024060
lcl|CP069024.1_cds_QRC92267.1_2249	JI435_024070
lcl|CP069024.1_cds_QRC92268.1_2250	JI435_024080
lcl|CP069024.1_cds_QRC92269.1_2251	JI435_024090
lcl|CP069024.1_cds_QRC92270.1_2252	JI435_024100
lcl|CP069024.1_cds_QRC92271.1_2253	JI435_024110
lcl|CP069024.1_cds_QRC92272.1_2254	JI435_024120
lcl|CP069024.1_cds_QRC92273.1_2255	JI435_024130
lcl|CP069024.1_cds_QRC92274.1_2256	JI435_402160
lcl|CP069024.1_cds_QRC92275.1_2257	JI435_402170
lcl|CP069024.1_cds_QRC92277.1_2258	JI435_024140
lcl|CP069024.1_cds_QRC92276.1_2259	JI435_024140
lcl|CP069024.1_cds_QRC92278.1_2260	JI435_024150
lcl|CP069024.1_cds_QRC92279.1_2261	JI435_024160
lcl|CP069024.1_cds_QRC92280.1_2262	JI435_024170
lcl|CP069024.1_cds_QRC92281.1_2263	JI435_428080
lcl|CP069024.1_cds_QRC92282.1_2264	JI435_428090
lcl|CP069024.1_cds_QRC92283.1_2265	JI435_428100
lcl|CP069024.1_cds_QRC92284.1_2266	JI435_428110
lcl|CP069024.1_cds_QRC92285.1_2267	JI435_024220
lcl|CP069024.1_cds_QRC92286.1_2268	JI435_024230
lcl|CP069024.1_cds_QRC92287.1_2269	JI435_402180
lcl|CP069024.1_cds_QRC92288.1_2270	JI435_024240
lcl|CP069024.1_cds_QRC92289.1_2271	JI435_402190
lcl|CP069024.1_cds_QRC92290.1_2272	JI435_024250
lcl|CP069024.1_cds_QRC92291.1_2273	JI435_024260
lcl|CP069024.1_cds_QRC92292.1_2274	JI435_024270
lcl|CP069024.1_cds_QRC92293.1_2275	JI435_402200
lcl|CP069024.1_cds_QRC92294.1_2276	JI435_024290
lcl|CP069024.1_cds_QRC92295.1_2277	JI435_024310
lcl|CP069024.1_cds_QRC92296.1_2278	JI435_428120
lcl|CP069024.1_cds_QRC92297.1_2279	JI435_428130
lcl|CP069024.1_cds_QRC92298.1_2280	JI435_428140
lcl|CP069024.1_cds_QRC92299.1_2281	JI435_024330
lcl|CP069024.1_cds_QRC92300.1_2282	JI435_024340
lcl|CP069024.1_cds_QRC92301.1_2283	JI435_402210
lcl|CP069024.1_cds_QRC92302.1_2284	JI435_024360
lcl|CP069024.1_cds_QRC92303.1_2285	JI435_024370
lcl|CP069024.1_cds_QRC92304.1_2286	JI435_024380
lcl|CP069024.1_cds_QRC92305.1_2287	JI435_024390
lcl|CP069024.1_cds_QRC92306.1_2288	JI435_024400
lcl|CP069024.1_cds_QRC92307.1_2289	JI435_428150
lcl|CP069024.1_cds_QRC92308.1_2290	JI435_024420
lcl|CP069024.1_cds_QRC92309.1_2291	JI435_024430
lcl|CP069024.1_cds_QRC92310.1_2292	JI435_402220
lcl|CP069024.1_cds_QRC92311.1_2293	JI435_024440
lcl|CP069024.1_cds_QRC92312.1_2294	JI435_024460
lcl|CP069024.1_cds_QRC92313.1_2295	JI435_428160
lcl|CP069024.1_cds_QRC92314.1_2296	JI435_024480
lcl|CP069024.1_cds_QRC92315.1_2297	JI435_024490
lcl|CP069024.1_cds_QRC92316.1_2298	JI435_024500
lcl|CP069024.1_cds_QRC92317.1_2299	JI435_402230
lcl|CP069024.1_cds_QRC92318.1_2300	JI435_402240
lcl|CP069024.1_cds_QRC92319.1_2301	JI435_024510
lcl|CP069024.1_cds_QRC92320.1_2302	JI435_024520
lcl|CP069024.1_cds_QRC92321.1_2303	JI435_402250
lcl|CP069024.1_cds_QRC92322.1_2304	JI435_024530
lcl|CP069024.1_cds_QRC92323.1_2305	JI435_402260
lcl|CP069024.1_cds_QRC92324.1_2306	JI435_024540
lcl|CP069024.1_cds_QRC92325.1_2307	JI435_024550
lcl|CP069024.1_cds_QRC92326.1_2308	JI435_024560
lcl|CP069024.1_cds_QRC92327.1_2309	JI435_024570
lcl|CP069024.1_cds_QRC92328.1_2310	JI435_024580
lcl|CP069024.1_cds_QRC92329.1_2311	JI435_402270
lcl|CP069024.1_cds_QRC92330.1_2312	JI435_024590
lcl|CP069024.1_cds_QRC92331.1_2313	JI435_024600
lcl|CP069024.1_cds_QRC92332.1_2314	JI435_024610
lcl|CP069024.1_cds_QRC92333.1_2315	JI435_024620
lcl|CP069024.1_cds_QRC92334.1_2316	JI435_024630
lcl|CP069024.1_cds_QRC92335.1_2317	JI435_024630
lcl|CP069024.1_cds_QRC92336.1_2318	JI435_024640
lcl|CP069024.1_cds_QRC92337.1_2319	JI435_402280
lcl|CP069024.1_cds_QRC92338.1_2320	JI435_402290
lcl|CP069024.1_cds_QRC92339.1_2321	JI435_024650
lcl|CP069024.1_cds_QRC92340.1_2322	JI435_402300
lcl|CP069024.1_cds_QRC92341.1_2323	JI435_024660
lcl|CP069024.1_cds_QRC92342.1_2324	JI435_024690
lcl|CP069024.1_cds_QRC92344.1_2325	JI435_024700
lcl|CP069024.1_cds_QRC92343.1_2326	JI435_024700
lcl|CP069024.1_cds_QRC92345.1_2327	JI435_402310
lcl|CP069024.1_cds_QRC92346.1_2328	JI435_428170
lcl|CP069024.1_cds_QRC92347.1_2329	JI435_024710
lcl|CP069024.1_cds_QRC92348.1_2330	JI435_402320
lcl|CP069024.1_cds_QRC92349.1_2331	JI435_200250
lcl|CP069024.1_cds_QRC92350.1_2332	JI435_024720
lcl|CP069024.1_cds_QRC92351.1_2333	JI435_402330
lcl|CP069024.1_cds_QRC92352.1_2334	JI435_024740
lcl|CP069024.1_cds_QRC92353.1_2335	JI435_024750
lcl|CP069024.1_cds_QRC92354.1_2336	JI435_428180
lcl|CP069024.1_cds_QRC92355.1_2337	JI435_024760
lcl|CP069024.1_cds_QRC92356.1_2338	JI435_024770
lcl|CP069024.1_cds_QRC92357.1_2339	JI435_428190
lcl|CP069024.1_cds_QRC92358.1_2340	JI435_024790
lcl|CP069024.1_cds_QRC92359.1_2341	JI435_024800
lcl|CP069024.1_cds_QRC92360.1_2342	JI435_402340
lcl|CP069024.1_cds_QRC92361.1_2343	JI435_024810
lcl|CP069024.1_cds_QRC92362.1_2344	JI435_428200
lcl|CP069024.1_cds_QRC92363.1_2345	JI435_024830
lcl|CP069024.1_cds_QRC92364.1_2346	JI435_024840
lcl|CP069024.1_cds_QRC92365.1_2347	JI435_024850
lcl|CP069024.1_cds_QRC92366.1_2348	JI435_024860
lcl|CP069024.1_cds_QRC92367.1_2349	JI435_024870
lcl|CP069024.1_cds_QRC92368.1_2350	JI435_402350
lcl|CP069024.1_cds_QRC92369.1_2351	JI435_024880
lcl|CP069024.1_cds_QRC92370.1_2352	JI435_024880
lcl|CP069024.1_cds_QRC92371.1_2353	JI435_024890
lcl|CP069024.1_cds_QRC92372.1_2354	JI435_402360
lcl|CP069024.1_cds_QRC92373.1_2355	JI435_024900
lcl|CP069024.1_cds_QRC92374.1_2356	JI435_024920
lcl|CP069024.1_cds_QRC92375.1_2357	JI435_024930
lcl|CP069024.1_cds_QRC92376.1_2358	JI435_402370
lcl|CP069024.1_cds_QRC92377.1_2359	JI435_024940
lcl|CP069024.1_cds_QRC92378.1_2360	JI435_024950
lcl|CP069024.1_cds_QRC92379.1_2361	JI435_024960
lcl|CP069024.1_cds_QRC92380.1_2362	JI435_024980
lcl|CP069024.1_cds_QRC92381.1_2363	JI435_301640
lcl|CP069024.1_cds_QRC92382.1_2364	JI435_024990
lcl|CP069024.1_cds_QRC92383.1_2365	JI435_025000
lcl|CP069024.1_cds_QRC92384.1_2366	JI435_402380
lcl|CP069024.1_cds_QRC92385.1_2367	JI435_025010
lcl|CP069024.1_cds_QRC92386.1_2368	JI435_025020
lcl|CP069024.1_cds_QRC92387.1_2369	JI435_402390
lcl|CP069024.1_cds_QRC92388.1_2370	JI435_025030
lcl|CP069024.1_cds_QRC92389.1_2371	JI435_025040
lcl|CP069024.1_cds_QRC92390.1_2372	JI435_402400
lcl|CP069024.1_cds_QRC92391.1_2373	JI435_025060
lcl|CP069024.1_cds_QRC92392.1_2374	JI435_025080
lcl|CP069024.1_cds_QRC92393.1_2375	JI435_301670
lcl|CP069024.1_cds_QRC92394.1_2376	JI435_025090
lcl|CP069024.1_cds_QRC92395.1_2377	JI435_025100
lcl|CP069024.1_cds_QRC92396.1_2378	JI435_025110
lcl|CP069024.1_cds_QRC92397.1_2379	JI435_402410
lcl|CP069024.1_cds_QRC92398.1_2380	JI435_025120
lcl|CP069024.1_cds_QRC92399.1_2381	JI435_025140
lcl|CP069024.1_cds_QRC92400.1_2382	JI435_025150
lcl|CP069024.1_cds_QRC92401.1_2383	JI435_428230
lcl|CP069024.1_cds_QRC92402.1_2384	JI435_025160
lcl|CP069024.1_cds_QRC92403.1_2385	JI435_025170
lcl|CP069024.1_cds_QRC92404.1_2386	JI435_025180
lcl|CP069024.1_cds_QRC92405.1_2387	JI435_402420
lcl|CP069024.1_cds_QRC92406.1_2388	JI435_025200
lcl|CP069024.1_cds_QRC92407.1_2389	JI435_301690
lcl|CP069024.1_cds_QRC92408.1_2390	JI435_402430
lcl|CP069024.1_cds_QRC92409.1_2391	JI435_025210
lcl|CP069024.1_cds_QRC92410.1_2392	JI435_301700
lcl|CP069024.1_cds_QRC92411.1_2393	JI435_301710
lcl|CP069024.1_cds_QRC92412.1_2394	JI435_402440
lcl|CP069024.1_cds_QRC92413.1_2395	JI435_025240
lcl|CP069024.1_cds_QRC92414.1_2396	JI435_025250
lcl|CP069024.1_cds_QRC92415.1_2397	JI435_025260
lcl|CP069024.1_cds_QRC92416.1_2398	JI435_025270
lcl|CP069024.1_cds_QRC92417.1_2399	JI435_025280
lcl|CP069024.1_cds_QRC92418.1_2400	JI435_025290
lcl|CP069024.1_cds_QRC92419.1_2401	JI435_025300
lcl|CP069024.1_cds_QRC92420.1_2402	JI435_025310
lcl|CP069024.1_cds_QRC92421.1_2403	JI435_025320
lcl|CP069024.1_cds_QRC92422.1_2404	JI435_025330
lcl|CP069024.1_cds_QRC92423.1_2405	JI435_025340
lcl|CP069024.1_cds_QRC92424.1_2406	JI435_025350
lcl|CP069024.1_cds_QRC92425.1_2407	JI435_025360
lcl|CP069024.1_cds_QRC92426.1_2408	JI435_025370
lcl|CP069024.1_cds_QRC92427.1_2409	JI435_025380
lcl|CP069024.1_cds_QRC92428.1_2410	JI435_025390
lcl|CP069024.1_cds_QRC92429.1_2411	JI435_025400
lcl|CP069024.1_cds_QRC92430.1_2412	JI435_025410
lcl|CP069024.1_cds_QRC92431.1_2413	JI435_025420
lcl|CP069024.1_cds_QRC92432.1_2414	JI435_025430
lcl|CP069024.1_cds_QRC92433.1_2415	JI435_025440
lcl|CP069024.1_cds_QRC92434.1_2416	JI435_025450
lcl|CP069024.1_cds_QRC92435.1_2417	JI435_402450
lcl|CP069024.1_cds_QRC92436.1_2418	JI435_025460
lcl|CP069024.1_cds_QRC92437.1_2419	JI435_025470
lcl|CP069024.1_cds_QRC92438.1_2420	JI435_025480
lcl|CP069024.1_cds_QRC92439.1_2421	JI435_402460
lcl|CP069024.1_cds_QRC92440.1_2422	JI435_402470
lcl|CP069024.1_cds_QRC92441.1_2423	JI435_402480
lcl|CP069024.1_cds_QRC92442.1_2424	JI435_025490
lcl|CP069024.1_cds_QRC92443.1_2425	JI435_025510
lcl|CP069024.1_cds_QRC92444.1_2426	JI435_025520
lcl|CP069024.1_cds_QRC92445.1_2427	JI435_025530
lcl|CP069024.1_cds_QRC92446.1_2428	JI435_025540
lcl|CP069024.1_cds_QRC92447.1_2429	JI435_200270
lcl|CP069024.1_cds_QRC92448.1_2430	JI435_025550
lcl|CP069024.1_cds_QRC92449.1_2431	JI435_025560
lcl|CP069024.1_cds_QRC92450.1_2432	JI435_025580
lcl|CP069024.1_cds_QRC92451.1_2433	JI435_402490
lcl|CP069024.1_cds_QRC92452.1_2434	JI435_025590
lcl|CP069024.1_cds_QRC92453.1_2435	JI435_084690
lcl|CP069024.1_cds_QRC92454.1_2436	JI435_428270
lcl|CP069024.1_cds_QRC92455.1_2437	JI435_084670
lcl|CP069024.1_cds_QRC92456.1_2438	JI435_084660
lcl|CP069024.1_cds_QRC92457.1_2439	JI435_428290
lcl|CP069024.1_cds_QRC92458.1_2440	JI435_084640
lcl|CP069024.1_cds_QRC92459.1_2441	JI435_428300
lcl|CP069024.1_cds_QRC92460.1_2442	JI435_402500
lcl|CP069024.1_cds_QRC92461.1_2443	JI435_084620
lcl|CP069024.1_cds_QRC92462.1_2444	JI435_084610
lcl|CP069024.1_cds_QRC92463.1_2445	JI435_084600
lcl|CP069024.1_cds_QRC92464.1_2446	JI435_428310
lcl|CP069024.1_cds_QRC92465.1_2447	JI435_084590
lcl|CP069024.1_cds_QRC92466.1_2448	JI435_084580
lcl|CP069024.1_cds_QRC92467.1_2449	JI435_084570
lcl|CP069024.1_cds_QRC92468.1_2450	JI435_084560
lcl|CP069024.1_cds_QRC92469.1_2451	JI435_402510
lcl|CP069024.1_cds_QRC92470.1_2452	JI435_084550
lcl|CP069024.1_cds_QRC92471.1_2453	JI435_084540
lcl|CP069024.1_cds_QRC92472.1_2454	JI435_084520
lcl|CP069024.1_cds_QRC92473.1_2455	JI435_084500
lcl|CP069024.1_cds_QRC92474.1_2456	JI435_402520
lcl|CP069024.1_cds_QRC92475.1_2457	JI435_402530
lcl|CP069024.1_cds_QRC92476.1_2458	JI435_305970
lcl|CP069024.1_cds_QRC92477.1_2459	JI435_084480
lcl|CP069024.1_cds_QRC92478.1_2460	JI435_402540
lcl|CP069024.1_cds_QRC92479.1_2461	JI435_084470
lcl|CP069024.1_cds_QRC92480.1_2462	JI435_084460
lcl|CP069024.1_cds_QRC92481.1_2463	JI435_084450
lcl|CP069024.1_cds_QRC92482.1_2464	JI435_084440
lcl|CP069024.1_cds_QRC92483.1_2465	JI435_084430
lcl|CP069024.1_cds_QRC92484.1_2466	JI435_084420
lcl|CP069024.1_cds_QRC92485.1_2467	JI435_305960
lcl|CP069024.1_cds_QRC92486.1_2468	JI435_402550
lcl|CP069024.1_cds_QRC92487.1_2469	JI435_402560
lcl|CP069024.1_cds_QRC92488.1_2470	JI435_305950
lcl|CP069024.1_cds_QRC92489.1_2471	JI435_084410
lcl|CP069024.1_cds_QRC92490.1_2472	JI435_084400
lcl|CP069024.1_cds_QRC92491.1_2473	JI435_402570
lcl|CP069024.1_cds_QRC92492.1_2474	JI435_084390
lcl|CP069024.1_cds_QRC92493.1_2475	JI435_084380
lcl|CP069024.1_cds_QRC92494.1_2476	JI435_084370
lcl|CP069024.1_cds_QRC92495.1_2477	JI435_084360
lcl|CP069024.1_cds_QRC92496.1_2478	JI435_084350
lcl|CP069024.1_cds_QRC92497.1_2479	JI435_084340
lcl|CP069024.1_cds_QRC92498.1_2480	JI435_084330
lcl|CP069024.1_cds_QRC92499.1_2481	JI435_084320
lcl|CP069024.1_cds_QRC92500.1_2482	JI435_084310
lcl|CP069024.1_cds_QRC92501.1_2483	JI435_402580
lcl|CP069024.1_cds_QRC92502.1_2484	JI435_084290
lcl|CP069024.1_cds_QRC92503.1_2485	JI435_084280
lcl|CP069024.1_cds_QRC92504.1_2486	JI435_084270
lcl|CP069024.1_cds_QRC92505.1_2487	JI435_084260
lcl|CP069024.1_cds_QRC92506.1_2488	JI435_084250
lcl|CP069024.1_cds_QRC92507.1_2489	JI435_402590
lcl|CP069024.1_cds_QRC92508.1_2490	JI435_084240
lcl|CP069024.1_cds_QRC92509.1_2491	JI435_084230
lcl|CP069024.1_cds_QRC92510.1_2492	JI435_084220
lcl|CP069024.1_cds_QRC92511.1_2493	JI435_402600
lcl|CP069024.1_cds_QRC92512.1_2494	JI435_084210
lcl|CP069024.1_cds_QRC92513.1_2495	JI435_084190
lcl|CP069024.1_cds_QRC92514.1_2496	JI435_084180
lcl|CP069024.1_cds_QRC92515.1_2497	JI435_084180
lcl|CP069024.1_cds_QRC92516.1_2498	JI435_402610
lcl|CP069024.1_cds_QRC92517.1_2499	JI435_084170
lcl|CP069024.1_cds_QRC92518.1_2500	JI435_428340
lcl|CP069024.1_cds_QRC92519.1_2501	JI435_084160
lcl|CP069024.1_cds_QRC92520.1_2502	JI435_084150
lcl|CP069024.1_cds_QRC92521.1_2503	JI435_084140
lcl|CP069024.1_cds_QRC92522.1_2504	JI435_084130
lcl|CP069024.1_cds_QRC92523.1_2505	JI435_084120
lcl|CP069024.1_cds_QRC92524.1_2506	JI435_084090
lcl|CP069024.1_cds_QRC92525.1_2507	JI435_084080
lcl|CP069024.1_cds_QRC92526.1_2508	JI435_402620
lcl|CP069024.1_cds_QRC92527.1_2509	JI435_084070
lcl|CP069024.1_cds_QRC92528.1_2510	JI435_402630
lcl|CP069024.1_cds_QRC92529.1_2511	JI435_084060
lcl|CP069024.1_cds_QRC92530.1_2512	JI435_084050
lcl|CP069024.1_cds_QRC92531.1_2513	JI435_084040
lcl|CP069024.1_cds_QRC92532.1_2514	JI435_084030
lcl|CP069024.1_cds_QRC92533.1_2515	JI435_402640
lcl|CP069024.1_cds_QRC92534.1_2516	JI435_084020
lcl|CP069024.1_cds_QRC92535.1_2517	JI435_402650
lcl|CP069024.1_cds_QRC92536.1_2518	JI435_305940
lcl|CP069024.1_cds_QRC92537.1_2519	JI435_084000
lcl|CP069024.1_cds_QRC92538.1_2520	JI435_083990
lcl|CP069024.1_cds_QRC92539.1_2521	JI435_083980
lcl|CP069024.1_cds_QRC92540.1_2522	JI435_083970
lcl|CP069024.1_cds_QRC92541.1_2523	JI435_428370
lcl|CP069024.1_cds_QRC92542.1_2524	JI435_083950
lcl|CP069024.1_cds_QRC92543.1_2525	JI435_083940
lcl|CP069024.1_cds_QRC92544.1_2526	JI435_083930
lcl|CP069024.1_cds_QRC92545.1_2527	JI435_305930
lcl|CP069024.1_cds_QRC92546.1_2528	JI435_083910
lcl|CP069024.1_cds_QRC92547.1_2529	JI435_083900
lcl|CP069024.1_cds_QRC92548.1_2530	JI435_402660
lcl|CP069024.1_cds_QRC92549.1_2531	JI435_083890
lcl|CP069024.1_cds_QRC92550.1_2532	JI435_428380
lcl|CP069024.1_cds_QRC92551.1_2533	JI435_402670
lcl|CP069024.1_cds_QRC92552.1_2534	JI435_083870
lcl|CP069024.1_cds_QRC92553.1_2535	JI435_305920
lcl|CP069024.1_cds_QRC92554.1_2536	JI435_305910
lcl|CP069024.1_cds_QRC92555.1_2537	JI435_305900
lcl|CP069024.1_cds_QRC92556.1_2538	JI435_083830
lcl|CP069024.1_cds_QRC92557.1_2539	JI435_083820
lcl|CP069024.1_cds_QRC92558.1_2540	JI435_083810
lcl|CP069024.1_cds_QRC92559.1_2541	JI435_305890
lcl|CP069024.1_cds_QRC92560.1_2542	JI435_083800
lcl|CP069024.1_cds_QRC92561.1_2543	JI435_083790
lcl|CP069024.1_cds_QRC92562.1_2544	JI435_402680
lcl|CP069024.1_cds_QRC92563.1_2545	JI435_402690
lcl|CP069024.1_cds_QRC92564.1_2546	JI435_083780
lcl|CP069024.1_cds_QRC92565.1_2547	JI435_402700
lcl|CP069024.1_cds_QRC92566.1_2548	JI435_402710
lcl|CP069024.1_cds_QRC92567.1_2549	JI435_402720
lcl|CP069024.1_cds_QRC92568.1_2550	JI435_083770
lcl|CP069024.1_cds_QRC92569.1_2551	JI435_083760
lcl|CP069024.1_cds_QRC92570.1_2552	JI435_083750
lcl|CP069024.1_cds_QRC92571.1_2553	JI435_428390
lcl|CP069024.1_cds_QRC92572.1_2554	JI435_083740
lcl|CP069024.1_cds_QRC92573.1_2555	JI435_428410
lcl|CP069024.1_cds_QRC92574.1_2556	JI435_083730
lcl|CP069024.1_cds_QRC92575.1_2557	JI435_083700
lcl|CP069024.1_cds_QRC92576.1_2558	JI435_083690
lcl|CP069024.1_cds_QRC92577.1_2559	JI435_083680
lcl|CP069024.1_cds_QRC92578.1_2560	JI435_305880
lcl|CP069024.1_cds_QRC92579.1_2561	JI435_083670
lcl|CP069024.1_cds_QRC92580.1_2562	JI435_402730
lcl|CP069024.1_cds_QRC92581.1_2563	JI435_402740
lcl|CP069024.1_cds_QRC92582.1_2564	JI435_083630
lcl|CP069024.1_cds_QRC92585.1_2565	JI435_083620
lcl|CP069024.1_cds_QRC92583.1_2566	JI435_083620
lcl|CP069024.1_cds_QRC92584.1_2567	JI435_083620
lcl|CP069024.1_cds_QRC92586.1_2568	JI435_083610
lcl|CP069024.1_cds_QRC92587.1_2569	JI435_083600
lcl|CP069024.1_cds_QRC92588.1_2570	JI435_305870
lcl|CP069024.1_cds_QRC92589.1_2571	JI435_083590
lcl|CP069024.1_cds_QRC92590.1_2572	JI435_083570
lcl|CP069024.1_cds_QRC92591.1_2573	JI435_083560
lcl|CP069024.1_cds_QRC92592.1_2574	JI435_083550
lcl|CP069024.1_cds_QRC92593.1_2575	JI435_428420
lcl|CP069024.1_cds_QRC92594.1_2576	JI435_083530
lcl|CP069024.1_cds_QRC92595.1_2577	JI435_083520
lcl|CP069024.1_cds_QRC92596.1_2578	JI435_083510
lcl|CP069024.1_cds_QRC92597.1_2579	JI435_083500
lcl|CP069024.1_cds_QRC92598.1_2580	JI435_083490
lcl|CP069024.1_cds_QRC92599.1_2581	JI435_083470
lcl|CP069024.1_cds_QRC92600.1_2582	JI435_083460
lcl|CP069024.1_cds_QRC92601.1_2583	JI435_083450
lcl|CP069024.1_cds_QRC92602.1_2584	JI435_083440
lcl|CP069024.1_cds_QRC92603.1_2585	JI435_083420
lcl|CP069024.1_cds_QRC92604.1_2586	JI435_083410
lcl|CP069024.1_cds_QRC92605.1_2587	JI435_083400
lcl|CP069024.1_cds_QRC92606.1_2588	JI435_083390
lcl|CP069024.1_cds_QRC92607.1_2589	JI435_083380
lcl|CP069024.1_cds_QRC92608.1_2590	JI435_083370
lcl|CP069024.1_cds_QRC92609.1_2591	JI435_083360
lcl|CP069024.1_cds_QRC92610.1_2592	JI435_083350
lcl|CP069024.1_cds_QRC92611.1_2593	JI435_083340
lcl|CP069024.1_cds_QRC92612.1_2594	JI435_402750
lcl|CP069024.1_cds_QRC92613.1_2595	JI435_083330
lcl|CP069024.1_cds_QRC92614.1_2596	JI435_083320
lcl|CP069024.1_cds_QRC92615.1_2597	JI435_083300
lcl|CP069024.1_cds_QRC92616.1_2598	JI435_402760
lcl|CP069024.1_cds_QRC92617.1_2599	JI435_083290
lcl|CP069024.1_cds_QRC92618.1_2600	JI435_083280
lcl|CP069024.1_cds_QRC92619.1_2601	JI435_083270
lcl|CP069024.1_cds_QRC92620.1_2602	JI435_305850
lcl|CP069024.1_cds_QRC92621.1_2603	JI435_083240
lcl|CP069024.1_cds_QRC92622.1_2604	JI435_083230
lcl|CP069024.1_cds_QRC92623.1_2605	JI435_083220
lcl|CP069024.1_cds_QRC92624.1_2606	JI435_083210
lcl|CP069024.1_cds_QRC92625.1_2607	JI435_083200
lcl|CP069024.1_cds_QRC92626.1_2608	JI435_083190
lcl|CP069024.1_cds_QRC92627.1_2609	JI435_083180
lcl|CP069024.1_cds_QRC92628.1_2610	JI435_083170
lcl|CP069024.1_cds_QRC92629.1_2611	JI435_083150
lcl|CP069024.1_cds_QRC92630.1_2612	JI435_083140
lcl|CP069024.1_cds_QRC92631.1_2613	JI435_083130
lcl|CP069024.1_cds_QRC92632.1_2614	JI435_083120
lcl|CP069024.1_cds_QRC92633.1_2615	JI435_305840
lcl|CP069024.1_cds_QRC92634.1_2616	JI435_305830
lcl|CP069024.1_cds_QRC92635.1_2617	JI435_402770
lcl|CP069024.1_cds_QRC92636.1_2618	JI435_083080
lcl|CP069024.1_cds_QRC92637.1_2619	JI435_083060
lcl|CP069024.1_cds_QRC92638.1_2620	JI435_083050
lcl|CP069024.1_cds_QRC92639.1_2621	JI435_083040
lcl|CP069024.1_cds_QRC92640.1_2622	JI435_083020
lcl|CP069024.1_cds_QRC92641.1_2623	JI435_402780
lcl|CP069024.1_cds_QRC92642.1_2624	JI435_402790
lcl|CP069024.1_cds_QRC92643.1_2625	JI435_083010
lcl|CP069024.1_cds_QRC92644.1_2626	JI435_083000
lcl|CP069024.1_cds_QRC92645.1_2627	JI435_082990
lcl|CP069024.1_cds_QRC92646.1_2628	JI435_402800
lcl|CP069024.1_cds_QRC92647.1_2629	JI435_082980
lcl|CP069024.1_cds_QRC92648.1_2630	JI435_082970
lcl|CP069024.1_cds_QRC92649.1_2631	JI435_200960
lcl|CP069024.1_cds_QRC92650.1_2632	JI435_082960
lcl|CP069024.1_cds_QRC92651.1_2633	JI435_082950
lcl|CP069024.1_cds_QRC92652.1_2634	JI435_082940
lcl|CP069024.1_cds_QRC92653.1_2635	JI435_082930
lcl|CP069024.1_cds_QRC92654.1_2636	JI435_082920
lcl|CP069024.1_cds_QRC92655.1_2637	JI435_082910
lcl|CP069024.1_cds_QRC92656.1_2638	JI435_428470
lcl|CP069024.1_cds_QRC92657.1_2639	JI435_082890
lcl|CP069024.1_cds_QRC92658.1_2640	JI435_402810
lcl|CP069024.1_cds_QRC92659.1_2641	JI435_402820
lcl|CP069024.1_cds_QRC92660.1_2642	JI435_082880
lcl|CP069024.1_cds_QRC92661.1_2643	JI435_082870
lcl|CP069024.1_cds_QRC92662.1_2644	JI435_082860
lcl|CP069024.1_cds_QRC92663.1_2645	JI435_082850
lcl|CP069024.1_cds_QRC92664.1_2646	JI435_082840
lcl|CP069024.1_cds_QRC92665.1_2647	JI435_305820
lcl|CP069024.1_cds_QRC92666.1_2648	JI435_082820
lcl|CP069024.1_cds_QRC92667.1_2649	JI435_082810
lcl|CP069024.1_cds_QRC92668.1_2650	JI435_082800
lcl|CP069024.1_cds_QRC92669.1_2651	JI435_305810
lcl|CP069024.1_cds_QRC92670.1_2652	JI435_082770
lcl|CP069024.1_cds_QRC92671.1_2653	JI435_082760
lcl|CP069024.1_cds_QRC92672.1_2654	JI435_082750
lcl|CP069024.1_cds_QRC92673.1_2655	JI435_082740
lcl|CP069024.1_cds_QRC92674.1_2656	JI435_305790
lcl|CP069024.1_cds_QRC92675.1_2657	JI435_082700
lcl|CP069024.1_cds_QRC92676.1_2658	JI435_082690
lcl|CP069024.1_cds_QRC92677.1_2659	JI435_082680
lcl|CP069024.1_cds_QRC92678.1_2660	JI435_082670
lcl|CP069024.1_cds_QRC92679.1_2661	JI435_082660
lcl|CP069024.1_cds_QRC92680.1_2662	JI435_082650
lcl|CP069024.1_cds_QRC92681.1_2663	JI435_082630
lcl|CP069024.1_cds_QRC92682.1_2664	JI435_082620
lcl|CP069024.1_cds_QRC92683.1_2665	JI435_082610
lcl|CP069024.1_cds_QRC92684.1_2666	JI435_428480
lcl|CP069024.1_cds_QRC92685.1_2667	JI435_082590
lcl|CP069024.1_cds_QRC92686.1_2668	JI435_082550
lcl|CP069024.1_cds_QRC92687.1_2669	JI435_082530
lcl|CP069024.1_cds_QRC92688.1_2670	JI435_082520
lcl|CP069024.1_cds_QRC92689.1_2671	JI435_082510
lcl|CP069024.1_cds_QRC92690.1_2672	JI435_428500
lcl|CP069024.1_cds_QRC92691.1_2673	JI435_082500
lcl|CP069024.1_cds_QRC92692.1_2674	JI435_305780
lcl|CP069024.1_cds_QRC92693.1_2675	JI435_402830
lcl|CP069024.1_cds_QRC92694.1_2676	JI435_305770
lcl|CP069024.1_cds_QRC92695.1_2677	JI435_082470
lcl|CP069024.1_cds_QRC92696.1_2678	JI435_082460
lcl|CP069024.1_cds_QRC92697.1_2679	JI435_082440
lcl|CP069024.1_cds_QRC92698.1_2680	JI435_402840
lcl|CP069024.1_cds_QRC92699.1_2681	JI435_082430
lcl|CP069024.1_cds_QRC92700.1_2682	JI435_402850
lcl|CP069024.1_cds_QRC92701.1_2683	JI435_082420
lcl|CP069024.1_cds_QRC92702.1_2684	JI435_082400
lcl|CP069024.1_cds_QRC92703.1_2685	JI435_082390
lcl|CP069024.1_cds_QRC92704.1_2686	JI435_082380
lcl|CP069024.1_cds_QRC92705.1_2687	JI435_402860
lcl|CP069024.1_cds_QRC92706.1_2688	JI435_402870
lcl|CP069024.1_cds_QRC92707.1_2689	JI435_082370
lcl|CP069024.1_cds_QRC92708.1_2690	JI435_402880
lcl|CP069024.1_cds_QRC92709.1_2691	JI435_428520
lcl|CP069024.1_cds_QRC92710.1_2692	JI435_428530
lcl|CP069024.1_cds_QRC92711.1_2693	JI435_082340
lcl|CP069024.1_cds_QRC92712.1_2694	JI435_402890
lcl|CP069024.1_cds_QRC92713.1_2695	JI435_082330
lcl|CP069024.1_cds_QRC92714.1_2696	JI435_082320
lcl|CP069024.1_cds_QRC92715.1_2697	JI435_082310
lcl|CP069024.1_cds_QRC92716.1_2698	JI435_082300
lcl|CP069024.1_cds_QRC92717.1_2699	JI435_082290
lcl|CP069024.1_cds_QRC92718.1_2700	JI435_082280
lcl|CP069024.1_cds_QRC92719.1_2701	JI435_082270
lcl|CP069024.1_cds_QRC92720.1_2702	JI435_082260
lcl|CP069024.1_cds_QRC92721.1_2703	JI435_082250
lcl|CP069024.1_cds_QRC92722.1_2704	JI435_082240
lcl|CP069024.1_cds_QRC92723.1_2705	JI435_082230
lcl|CP069024.1_cds_QRC92724.1_2706	JI435_082220
lcl|CP069024.1_cds_QRC92725.1_2707	JI435_082210
lcl|CP069024.1_cds_QRC92726.1_2708	JI435_082190
lcl|CP069024.1_cds_QRC92727.1_2709	JI435_082180
lcl|CP069024.1_cds_QRC92728.1_2710	JI435_082170
lcl|CP069024.1_cds_QRC92729.1_2711	JI435_082160
lcl|CP069024.1_cds_QRC92730.1_2712	JI435_082150
lcl|CP069024.1_cds_QRC92731.1_2713	JI435_082140
lcl|CP069024.1_cds_QRC92733.1_2714	JI435_082130
lcl|CP069024.1_cds_QRC92732.1_2715	JI435_082130
lcl|CP069024.1_cds_QRC92734.1_2716	JI435_082120
lcl|CP069024.1_cds_QRC92735.1_2717	JI435_082110
lcl|CP069024.1_cds_QRC92736.1_2718	JI435_428550
lcl|CP069024.1_cds_QRC92737.1_2719	JI435_082060
lcl|CP069024.1_cds_QRC92738.1_2720	JI435_428570
lcl|CP069024.1_cds_QRC92739.1_2721	JI435_428580
lcl|CP069024.1_cds_QRC92740.1_2722	JI435_082030
lcl|CP069024.1_cds_QRC92741.1_2723	JI435_082020
lcl|CP069024.1_cds_QRC92742.1_2724	JI435_082010
lcl|CP069024.1_cds_QRC92743.1_2725	JI435_082000
lcl|CP069024.1_cds_QRC92744.1_2726	JI435_081990
lcl|CP069024.1_cds_QRC92745.1_2727	JI435_081960
lcl|CP069024.1_cds_QRC92746.1_2728	JI435_081950
lcl|CP069024.1_cds_QRC92747.1_2729	JI435_081940
lcl|CP069024.1_cds_QRC92748.1_2730	JI435_081930
lcl|CP069024.1_cds_QRC92749.1_2731	JI435_081920
lcl|CP069024.1_cds_QRC92750.1_2732	JI435_081910
lcl|CP069024.1_cds_QRC92751.1_2733	JI435_081900
lcl|CP069024.1_cds_QRC92752.1_2734	JI435_081890
lcl|CP069024.1_cds_QRC92753.1_2735	JI435_081880
lcl|CP069024.1_cds_QRC92754.1_2736	JI435_081870
lcl|CP069024.1_cds_QRC92755.1_2737	JI435_081860
lcl|CP069024.1_cds_QRC92756.1_2738	JI435_402900
lcl|CP069024.1_cds_QRC92757.1_2739	JI435_402910
lcl|CP069024.1_cds_QRC92758.1_2740	JI435_081850
lcl|CP069024.1_cds_QRC92759.1_2741	JI435_402920
lcl|CP069024.1_cds_QRC92760.1_2742	JI435_081840
lcl|CP069024.1_cds_QRC92761.1_2743	JI435_081830
lcl|CP069024.1_cds_QRC92762.1_2744	JI435_402930
lcl|CP069024.1_cds_QRC92763.1_2745	JI435_081820
lcl|CP069024.1_cds_QRC92764.1_2746	JI435_081800
lcl|CP069024.1_cds_QRC92765.1_2747	JI435_081790
lcl|CP069024.1_cds_QRC92766.1_2748	JI435_081780
lcl|CP069024.1_cds_QRC92767.1_2749	JI435_081770
lcl|CP069024.1_cds_QRC92768.1_2750	JI435_305760
lcl|CP069024.1_cds_QRC92769.1_2751	JI435_081760
lcl|CP069024.1_cds_QRC92770.1_2752	JI435_081730
lcl|CP069024.1_cds_QRC92771.1_2753	JI435_081720
lcl|CP069024.1_cds_QRC92772.1_2754	JI435_081710
lcl|CP069024.1_cds_QRC92773.1_2755	JI435_081700
lcl|CP069024.1_cds_QRC92774.1_2756	JI435_081680
lcl|CP069024.1_cds_QRC92775.1_2757	JI435_081670
lcl|CP069024.1_cds_QRC92776.1_2758	JI435_081660
lcl|CP069024.1_cds_QRC92777.1_2759	JI435_305750
lcl|CP069024.1_cds_QRC92778.1_2760	JI435_081650
lcl|CP069024.1_cds_QRC92779.1_2761	JI435_081630
lcl|CP069024.1_cds_QRC92780.1_2762	JI435_081620
lcl|CP069024.1_cds_QRC92781.1_2763	JI435_081600
lcl|CP069024.1_cds_QRC92782.1_2764	JI435_081590
lcl|CP069024.1_cds_QRC92783.1_2765	JI435_081580
lcl|CP069024.1_cds_QRC92784.1_2766	JI435_081570
lcl|CP069024.1_cds_QRC92785.1_2767	JI435_081560
lcl|CP069024.1_cds_QRC92786.1_2768	JI435_081550
lcl|CP069024.1_cds_QRC92787.1_2769	JI435_081540
lcl|CP069024.1_cds_QRC92788.1_2770	JI435_081530
lcl|CP069024.1_cds_QRC92789.1_2771	JI435_081520
lcl|CP069024.1_cds_QRC92790.1_2772	JI435_081510
lcl|CP069024.1_cds_QRC92791.1_2773	JI435_081500
lcl|CP069024.1_cds_QRC92792.1_2774	JI435_402940
lcl|CP069024.1_cds_QRC92793.1_2775	JI435_402950
lcl|CP069024.1_cds_QRC92794.1_2776	JI435_081490
lcl|CP069024.1_cds_QRC92795.1_2777	JI435_081480
lcl|CP069024.1_cds_QRC92796.1_2778	JI435_081460
lcl|CP069024.1_cds_QRC92797.1_2779	JI435_081450
lcl|CP069024.1_cds_QRC92798.1_2780	JI435_081440
lcl|CP069024.1_cds_QRC92799.1_2781	JI435_081430
lcl|CP069024.1_cds_QRC92800.1_2782	JI435_428590
lcl|CP069024.1_cds_QRC92801.1_2783	JI435_081420
lcl|CP069024.1_cds_QRC92802.1_2784	JI435_402960
lcl|CP069024.1_cds_QRC92803.1_2785	JI435_081410
lcl|CP069024.1_cds_QRC92804.1_2786	JI435_081400
lcl|CP069024.1_cds_QRC92805.1_2787	JI435_081380
lcl|CP069024.1_cds_QRC92806.1_2788	JI435_081370
lcl|CP069024.1_cds_QRC92807.1_2789	JI435_081360
lcl|CP069024.1_cds_QRC92808.1_2790	JI435_081350
lcl|CP069024.1_cds_QRC92809.1_2791	JI435_081340
lcl|CP069024.1_cds_QRC92810.1_2792	JI435_081330
lcl|CP069024.1_cds_QRC92811.1_2793	JI435_402970
lcl|CP069024.1_cds_QRC92812.1_2794	JI435_081320
lcl|CP069024.1_cds_QRC92813.1_2795	JI435_081310
lcl|CP069024.1_cds_QRC92814.1_2796	JI435_081300
lcl|CP069024.1_cds_QRC92815.1_2797	JI435_402980
lcl|CP069024.1_cds_QRC92816.1_2798	JI435_081290
lcl|CP069024.1_cds_QRC92817.1_2799	JI435_402990
lcl|CP069024.1_cds_QRC92818.1_2800	JI435_403000
lcl|CP069024.1_cds_QRC92819.1_2801	JI435_081280
lcl|CP069024.1_cds_QRC92820.1_2802	JI435_403010
lcl|CP069024.1_cds_QRC92821.1_2803	JI435_403020
lcl|CP069024.1_cds_QRC92822.1_2804	JI435_403030
lcl|CP069024.1_cds_QRC92823.1_2805	JI435_081250
lcl|CP069024.1_cds_QRC92824.1_2806	JI435_428600
lcl|CP069024.1_cds_QRC92825.1_2807	JI435_081230
lcl|CP069024.1_cds_QRC92826.1_2808	JI435_081220
lcl|CP069024.1_cds_QRC92827.1_2809	JI435_081210
lcl|CP069024.1_cds_QRC92828.1_2810	JI435_081200
lcl|CP069024.1_cds_QRC92829.1_2811	JI435_081190
lcl|CP069024.1_cds_QRC92830.1_2812	JI435_081180
lcl|CP069024.1_cds_QRC92831.1_2813	JI435_081170
lcl|CP069024.1_cds_QRC92832.1_2814	JI435_081160
lcl|CP069024.1_cds_QRC92833.1_2815	JI435_081150
lcl|CP069024.1_cds_QRC92834.1_2816	JI435_305740
lcl|CP069024.1_cds_QRC92835.1_2817	JI435_081120
lcl|CP069024.1_cds_QRC92836.1_2818	JI435_081110
lcl|CP069024.1_cds_QRC92837.1_2819	JI435_081100
lcl|CP069024.1_cds_QRC92838.1_2820	JI435_081090
lcl|CP069024.1_cds_QRC92839.1_2821	JI435_081080
lcl|CP069024.1_cds_QRC92840.1_2822	JI435_081070
lcl|CP069024.1_cds_QRC92841.1_2823	JI435_081060
lcl|CP069024.1_cds_QRC92842.1_2824	JI435_081040
lcl|CP069024.1_cds_QRC92843.1_2825	JI435_081030
lcl|CP069024.1_cds_QRC92844.1_2826	JI435_081020
lcl|CP069024.1_cds_QRC92845.1_2827	JI435_081010
lcl|CP069024.1_cds_QRC92846.1_2828	JI435_081000
lcl|CP069024.1_cds_QRC92847.1_2829	JI435_403040
lcl|CP069024.1_cds_QRC92848.1_2830	JI435_080980
lcl|CP069024.1_cds_QRC92849.1_2831	JI435_403050
lcl|CP069024.1_cds_QRC92850.1_2832	JI435_080970
lcl|CP069024.1_cds_QRC92851.1_2833	JI435_080960
lcl|CP069024.1_cds_QRC92852.1_2834	JI435_080940
lcl|CP069024.1_cds_QRC92853.1_2835	JI435_080920
lcl|CP069024.1_cds_QRC92854.1_2836	JI435_080910
lcl|CP069024.1_cds_QRC92855.1_2837	JI435_080900
lcl|CP069024.1_cds_QRC92856.1_2838	JI435_403060
lcl|CP069024.1_cds_QRC92857.1_2839	JI435_080890
lcl|CP069024.1_cds_QRC92858.1_2840	JI435_305730
lcl|CP069024.1_cds_QRC92859.1_2841	JI435_403070
lcl|CP069024.1_cds_QRC92860.1_2842	JI435_080860
lcl|CP069024.1_cds_QRC92861.1_2843	JI435_080850
lcl|CP069024.1_cds_QRC92862.1_2844	JI435_080840
lcl|CP069024.1_cds_QRC92863.1_2845	JI435_403080
lcl|CP069024.1_cds_QRC92864.1_2846	JI435_080830
lcl|CP069024.1_cds_QRC92865.1_2847	JI435_428630
lcl|CP069024.1_cds_QRC92866.1_2848	JI435_428640
lcl|CP069024.1_cds_QRC92867.1_2849	JI435_080810
lcl|CP069024.1_cds_QRC92868.1_2850	JI435_080800
lcl|CP069024.1_cds_QRC92869.1_2851	JI435_080790
lcl|CP069024.1_cds_QRC92870.1_2852	JI435_080780
lcl|CP069024.1_cds_QRC92871.1_2853	JI435_080760
lcl|CP069024.1_cds_QRC92872.1_2854	JI435_080750
lcl|CP069024.1_cds_QRC92873.1_2855	JI435_403090
lcl|CP069024.1_cds_QRC92875.1_2856	JI435_080740
lcl|CP069024.1_cds_QRC92874.1_2857	JI435_080740
lcl|CP069024.1_cds_QRC92876.1_2858	JI435_080730
lcl|CP069024.1_cds_QRC92877.1_2859	JI435_428650
lcl|CP069024.1_cds_QRC92878.1_2860	JI435_080710
lcl|CP069024.1_cds_QRC92879.1_2861	JI435_080690
lcl|CP069024.1_cds_QRC92880.1_2862	JI435_080680
lcl|CP069024.1_cds_QRC92881.1_2863	JI435_080670
lcl|CP069024.1_cds_QRC92882.1_2864	JI435_080660
lcl|CP069024.1_cds_QRC92883.1_2865	JI435_403100
lcl|CP069024.1_cds_QRC92884.1_2866	JI435_080640
lcl|CP069024.1_cds_QRC92885.1_2867	JI435_080630
lcl|CP069024.1_cds_QRC92886.1_2868	JI435_080620
lcl|CP069024.1_cds_QRC92887.1_2869	JI435_080600
lcl|CP069024.1_cds_QRC92888.1_2870	JI435_080590
lcl|CP069024.1_cds_QRC92889.1_2871	JI435_428670
lcl|CP069024.1_cds_QRC92890.1_2872	JI435_428680
lcl|CP069024.1_cds_QRC92891.1_2873	JI435_080560
lcl|CP069024.1_cds_QRC92892.1_2874	JI435_080550
lcl|CP069024.1_cds_QRC92893.1_2875	JI435_080540
lcl|CP069024.1_cds_QRC92894.1_2876	JI435_080530
lcl|CP069024.1_cds_QRC92895.1_2877	JI435_080520
lcl|CP069024.1_cds_QRC92896.1_2878	JI435_403110
lcl|CP069024.1_cds_QRC92897.1_2879	JI435_080510
lcl|CP069024.1_cds_QRC92898.1_2880	JI435_080500
lcl|CP069024.1_cds_QRC92899.1_2881	JI435_080490
lcl|CP069024.1_cds_QRC92900.1_2882	JI435_080480
lcl|CP069024.1_cds_QRC92901.1_2883	JI435_305710
lcl|CP069024.1_cds_QRC92902.1_2884	JI435_403120
lcl|CP069024.1_cds_QRC92903.1_2885	JI435_403130
lcl|CP069024.1_cds_QRC92904.1_2886	JI435_080470
lcl|CP069024.1_cds_QRC92905.1_2887	JI435_080460
lcl|CP069024.1_cds_QRC92906.1_2888	JI435_080450
lcl|CP069024.1_cds_QRC92907.1_2889	JI435_080440
lcl|CP069024.1_cds_QRC92908.1_2890	JI435_403140
lcl|CP069024.1_cds_QRC92909.1_2891	JI435_080430
lcl|CP069024.1_cds_QRC92910.1_2892	JI435_080420
lcl|CP069024.1_cds_QRC92911.1_2893	JI435_080410
lcl|CP069024.1_cds_QRC92912.1_2894	JI435_080400
lcl|CP069024.1_cds_QRC92913.1_2895	JI435_080390
lcl|CP069024.1_cds_QRC92914.1_2896	JI435_080380
lcl|CP069024.1_cds_QRC92915.1_2897	JI435_403150
lcl|CP069024.1_cds_QRC92916.1_2898	JI435_403160
lcl|CP069024.1_cds_QRC92917.1_2899	JI435_080370
lcl|CP069024.1_cds_QRC92918.1_2900	JI435_080360
lcl|CP069024.1_cds_QRC92919.1_2901	JI435_403170
lcl|CP069024.1_cds_QRC92920.1_2902	JI435_080350
lcl|CP069024.1_cds_QRC92921.1_2903	JI435_403180
lcl|CP069024.1_cds_QRC92922.1_2904	JI435_080340
lcl|CP069024.1_cds_QRC92923.1_2905	JI435_080330
lcl|CP069024.1_cds_QRC92924.1_2906	JI435_080320
lcl|CP069024.1_cds_QRC92925.1_2907	JI435_080310
lcl|CP069024.1_cds_QRC92926.1_2908	JI435_403190
lcl|CP069024.1_cds_QRC92927.1_2909	JI435_080300
lcl|CP069024.1_cds_QRC92928.1_2910	JI435_080290
lcl|CP069024.1_cds_QRC92929.1_2911	JI435_080280
lcl|CP069024.1_cds_QRC92930.1_2912	JI435_080270
lcl|CP069024.1_cds_QRC92931.1_2913	JI435_080260
lcl|CP069024.1_cds_QRC92932.1_2914	JI435_080240
lcl|CP069024.1_cds_QRC92933.1_2915	JI435_080230
lcl|CP069024.1_cds_QRC92934.1_2916	JI435_080220
lcl|CP069024.1_cds_QRC92935.1_2917	JI435_080210
lcl|CP069024.1_cds_QRC92936.1_2918	JI435_080200
lcl|CP069024.1_cds_QRC92937.1_2919	JI435_080190
lcl|CP069024.1_cds_QRC92938.1_2920	JI435_080180
lcl|CP069024.1_cds_QRC92939.1_2921	JI435_080170
lcl|CP069024.1_cds_QRC92940.1_2922	JI435_080160
lcl|CP069024.1_cds_QRC92941.1_2923	JI435_080150
lcl|CP069024.1_cds_QRC92942.1_2924	JI435_080140
lcl|CP069024.1_cds_QRC92943.1_2925	JI435_080130
lcl|CP069024.1_cds_QRC92944.1_2926	JI435_403200
lcl|CP069024.1_cds_QRC92945.1_2927	JI435_080120
lcl|CP069024.1_cds_QRC92946.1_2928	JI435_080110
lcl|CP069024.1_cds_QRC92947.1_2929	JI435_080100
lcl|CP069024.1_cds_QRC92948.1_2930	JI435_080090
lcl|CP069024.1_cds_QRC92949.1_2931	JI435_080070
lcl|CP069024.1_cds_QRC92950.1_2932	JI435_080060
lcl|CP069024.1_cds_QRC92951.1_2933	JI435_080040
lcl|CP069024.1_cds_QRC92952.1_2934	JI435_080030
lcl|CP069024.1_cds_QRC92953.1_2935	JI435_080020
lcl|CP069024.1_cds_QRC92954.1_2936	JI435_080010
lcl|CP069024.1_cds_QRC92955.1_2937	JI435_080000
lcl|CP069024.1_cds_QRC92956.1_2938	JI435_079990
lcl|CP069024.1_cds_QRC92957.1_2939	JI435_079980
lcl|CP069024.1_cds_QRC92958.1_2940	JI435_079970
lcl|CP069024.1_cds_QRC92959.1_2941	JI435_079960
lcl|CP069024.1_cds_QRC92960.1_2942	JI435_079950
lcl|CP069024.1_cds_QRC92961.1_2943	JI435_428720
lcl|CP069024.1_cds_QRC92962.1_2944	JI435_079910
lcl|CP069024.1_cds_QRC92963.1_2945	JI435_200930
lcl|CP069024.1_cds_QRC92964.1_2946	JI435_079900
lcl|CP069024.1_cds_QRC92965.1_2947	JI435_403210
lcl|CP069024.1_cds_QRC92966.1_2948	JI435_079890
lcl|CP069024.1_cds_QRC92967.1_2949	JI435_403220
lcl|CP069024.1_cds_QRC92968.1_2950	JI435_403220
lcl|CP069024.1_cds_QRC92969.1_2951	JI435_079870
lcl|CP069024.1_cds_QRC92970.1_2952	JI435_403230
lcl|CP069024.1_cds_QRC92971.1_2953	JI435_079860
lcl|CP069024.1_cds_QRC92972.1_2954	JI435_079850
lcl|CP069024.1_cds_QRC92973.1_2955	JI435_200920
lcl|CP069024.1_cds_QRC92974.1_2956	JI435_079840
lcl|CP069024.1_cds_QRC92975.1_2957	JI435_079830
lcl|CP069024.1_cds_QRC92976.1_2958	JI435_079820
lcl|CP069024.1_cds_QRC92977.1_2959	JI435_079800
lcl|CP069024.1_cds_QRC92978.1_2960	JI435_079790
lcl|CP069024.1_cds_QRC92979.1_2961	JI435_079780
lcl|CP069024.1_cds_QRC92980.1_2962	JI435_079770
lcl|CP069024.1_cds_QRC92981.1_2963	JI435_079760
lcl|CP069024.1_cds_QRC92982.1_2964	JI435_305690
lcl|CP069024.1_cds_QRC92983.1_2965	JI435_079750
lcl|CP069024.1_cds_QRC92984.1_2966	JI435_079740
lcl|CP069024.1_cds_QRC92985.1_2967	JI435_428730
lcl|CP069024.1_cds_QRC92986.1_2968	JI435_428740
lcl|CP069024.1_cds_QRC92987.1_2969	JI435_079710
lcl|CP069024.1_cds_QRC92988.1_2970	JI435_079700
lcl|CP069024.1_cds_QRC92989.1_2971	JI435_079690
lcl|CP069024.1_cds_QRC92990.1_2972	JI435_079680
lcl|CP069024.1_cds_QRC92991.1_2973	JI435_079670
lcl|CP069024.1_cds_QRC92992.1_2974	JI435_079660
lcl|CP069024.1_cds_QRC92993.1_2975	JI435_079650
lcl|CP069024.1_cds_QRC92994.1_2976	JI435_079620
lcl|CP069024.1_cds_QRC92995.1_2977	JI435_079580
lcl|CP069024.1_cds_QRC92996.1_2978	JI435_403240
lcl|CP069024.1_cds_QRC92997.1_2979	JI435_079570
lcl|CP069024.1_cds_QRC92998.1_2980	JI435_079560
lcl|CP069024.1_cds_QRC92999.1_2981	JI435_079540
lcl|CP069024.1_cds_QRC93000.1_2982	JI435_079530
lcl|CP069024.1_cds_QRC93001.1_2983	JI435_079510
lcl|CP069024.1_cds_QRC93002.1_2984	JI435_200910
lcl|CP069024.1_cds_QRC93003.1_2985	JI435_403250
lcl|CP069024.1_cds_QRC93004.1_2986	JI435_079500
lcl|CP069024.1_cds_QRC93005.1_2987	JI435_403260
lcl|CP069024.1_cds_QRC93006.1_2988	JI435_079470
lcl|CP069024.1_cds_QRC93007.1_2989	JI435_079460
lcl|CP069024.1_cds_QRC93008.1_2990	JI435_079440
lcl|CP069024.1_cds_QRC93009.1_2991	JI435_428780
lcl|CP069024.1_cds_QRC93010.1_2992	JI435_079420
lcl|CP069024.1_cds_QRC93011.1_2993	JI435_079410
lcl|CP069024.1_cds_QRC93012.1_2994	JI435_079400
lcl|CP069024.1_cds_QRC93013.1_2995	JI435_079390
lcl|CP069024.1_cds_QRC93014.1_2996	JI435_079380
lcl|CP069024.1_cds_QRC93015.1_2997	JI435_079370
lcl|CP069024.1_cds_QRC93016.1_2998	JI435_079360
lcl|CP069024.1_cds_QRC93017.1_2999	JI435_079350
lcl|CP069024.1_cds_QRC93018.1_3000	JI435_305680
lcl|CP069024.1_cds_QRC93019.1_3001	JI435_079320
lcl|CP069024.1_cds_QRC93020.1_3002	JI435_079300
lcl|CP069024.1_cds_QRC93021.1_3003	JI435_428790
lcl|CP069024.1_cds_QRC93022.1_3004	JI435_079280
lcl|CP069024.1_cds_QRC93023.1_3005	JI435_079270
lcl|CP069024.1_cds_QRC93024.1_3006	JI435_079260
lcl|CP069024.1_cds_QRC93025.1_3007	JI435_079250
lcl|CP069024.1_cds_QRC93026.1_3008	JI435_079240
lcl|CP069024.1_cds_QRC93027.1_3009	JI435_079230
lcl|CP069024.1_cds_QRC93028.1_3010	JI435_079220
lcl|CP069024.1_cds_QRC93029.1_3011	JI435_079210
lcl|CP069024.1_cds_QRC93030.1_3012	JI435_079200
lcl|CP069024.1_cds_QRC93031.1_3013	JI435_079190
lcl|CP069024.1_cds_QRC93032.1_3014	JI435_079180
lcl|CP069024.1_cds_QRC93033.1_3015	JI435_079170
lcl|CP069024.1_cds_QRC93034.1_3016	JI435_079160
lcl|CP069024.1_cds_QRC93035.1_3017	JI435_428800
lcl|CP069024.1_cds_QRC93036.1_3018	JI435_079150
lcl|CP069024.1_cds_QRC93037.1_3019	JI435_079140
lcl|CP069024.1_cds_QRC93038.1_3020	JI435_079130
lcl|CP069024.1_cds_QRC93039.1_3021	JI435_079120
lcl|CP069024.1_cds_QRC93040.1_3022	JI435_079110
lcl|CP069024.1_cds_QRC93041.1_3023	JI435_079100
lcl|CP069024.1_cds_QRC93042.1_3024	JI435_079090
lcl|CP069024.1_cds_QRC93043.1_3025	JI435_079080
lcl|CP069024.1_cds_QRC93044.1_3026	JI435_079070
lcl|CP069024.1_cds_QRC93045.1_3027	JI435_079060
lcl|CP069024.1_cds_QRC93046.1_3028	JI435_079050
lcl|CP069024.1_cds_QRC93047.1_3029	JI435_079040
lcl|CP069024.1_cds_QRC93048.1_3030	JI435_079030
lcl|CP069024.1_cds_QRC93049.1_3031	JI435_079020
lcl|CP069024.1_cds_QRC93050.1_3032	JI435_079010
lcl|CP069024.1_cds_QRC93051.1_3033	JI435_079000
lcl|CP069024.1_cds_QRC93052.1_3034	JI435_428810
lcl|CP069024.1_cds_QRC93053.1_3035	JI435_403270
lcl|CP069024.1_cds_QRC93054.1_3036	JI435_403280
lcl|CP069024.1_cds_QRC93055.1_3037	JI435_078990
lcl|CP069024.1_cds_QRC93056.1_3038	JI435_078980
lcl|CP069024.1_cds_QRC93057.1_3039	JI435_078970
lcl|CP069024.1_cds_QRC93058.1_3040	JI435_078960
lcl|CP069024.1_cds_QRC93059.1_3041	JI435_403290
lcl|CP069024.1_cds_QRC93060.1_3042	JI435_078950
lcl|CP069024.1_cds_QRC93061.1_3043	JI435_078940
lcl|CP069024.1_cds_QRC93062.1_3044	JI435_078930
lcl|CP069024.1_cds_QRC93063.1_3045	JI435_078920
lcl|CP069024.1_cds_QRC93064.1_3046	JI435_403300
lcl|CP069024.1_cds_QRC93065.1_3047	JI435_078910
lcl|CP069024.1_cds_QRC93066.1_3048	JI435_078900
lcl|CP069024.1_cds_QRC93067.1_3049	JI435_305670
lcl|CP069024.1_cds_QRC93068.1_3050	JI435_078880
lcl|CP069024.1_cds_QRC93069.1_3051	JI435_078870
lcl|CP069024.1_cds_QRC93070.1_3052	JI435_078860
lcl|CP069024.1_cds_QRC93071.1_3053	JI435_078850
lcl|CP069024.1_cds_QRC93072.1_3054	JI435_428820
lcl|CP069024.1_cds_QRC93073.1_3055	JI435_078830
lcl|CP069024.1_cds_QRC93074.1_3056	JI435_078820
lcl|CP069024.1_cds_QRC93075.1_3057	JI435_078810
lcl|CP069024.1_cds_QRC93076.1_3058	JI435_078800
lcl|CP069024.1_cds_QRC93077.1_3059	JI435_078790
lcl|CP069024.1_cds_QRC93078.1_3060	JI435_078780
lcl|CP069024.1_cds_QRC93079.1_3061	JI435_078770
lcl|CP069024.1_cds_QRC93080.1_3062	JI435_078750
lcl|CP069024.1_cds_QRC93081.1_3063	JI435_428830
lcl|CP069024.1_cds_QRC93082.1_3064	JI435_078740
lcl|CP069024.1_cds_QRC93083.1_3065	JI435_078730
lcl|CP069025.1_cds_QRC93084.1_3066	JI435_033280
lcl|CP069025.1_cds_QRC93085.1_3067	JI435_033290
lcl|CP069025.1_cds_QRC93086.1_3068	JI435_033300
lcl|CP069025.1_cds_QRC93087.1_3069	JI435_033310
lcl|CP069025.1_cds_QRC93088.1_3070	JI435_033320
lcl|CP069025.1_cds_QRC93089.1_3071	JI435_033330
lcl|CP069025.1_cds_QRC93090.1_3072	JI435_033340
lcl|CP069025.1_cds_QRC93091.1_3073	JI435_033350
lcl|CP069025.1_cds_QRC93092.1_3074	JI435_428880
lcl|CP069025.1_cds_QRC93093.1_3075	JI435_403310
lcl|CP069025.1_cds_QRC93094.1_3076	JI435_403320
lcl|CP069025.1_cds_QRC93095.1_3077	JI435_033370
lcl|CP069025.1_cds_QRC93096.1_3078	JI435_033380
lcl|CP069025.1_cds_QRC93097.1_3079	JI435_403330
lcl|CP069025.1_cds_QRC93098.1_3080	JI435_033390
lcl|CP069025.1_cds_QRC93099.1_3081	JI435_033400
lcl|CP069025.1_cds_QRC93100.1_3082	JI435_033420
lcl|CP069025.1_cds_QRC93101.1_3083	JI435_033430
lcl|CP069025.1_cds_QRC93102.1_3084	JI435_403340
lcl|CP069025.1_cds_QRC93103.1_3085	JI435_033440
lcl|CP069025.1_cds_QRC93104.1_3086	JI435_403350
lcl|CP069025.1_cds_QRC93105.1_3087	JI435_033460
lcl|CP069025.1_cds_QRC93106.1_3088	JI435_033470
lcl|CP069025.1_cds_QRC93107.1_3089	JI435_033480
lcl|CP069025.1_cds_QRC93108.1_3090	JI435_033490
lcl|CP069025.1_cds_QRC93109.1_3091	JI435_033500
lcl|CP069025.1_cds_QRC93110.1_3092	JI435_033510
lcl|CP069025.1_cds_QRC93111.1_3093	JI435_033520
lcl|CP069025.1_cds_QRC93112.1_3094	JI435_033530
lcl|CP069025.1_cds_QRC93113.1_3095	JI435_033540
lcl|CP069025.1_cds_QRC93114.1_3096	JI435_033550
lcl|CP069025.1_cds_QRC93115.1_3097	JI435_033560
lcl|CP069025.1_cds_QRC93116.1_3098	JI435_403360
lcl|CP069025.1_cds_QRC93117.1_3099	JI435_033570
lcl|CP069025.1_cds_QRC93118.1_3100	JI435_033580
lcl|CP069025.1_cds_QRC93119.1_3101	JI435_403370
lcl|CP069025.1_cds_QRC93120.1_3102	JI435_033590
lcl|CP069025.1_cds_QRC93121.1_3103	JI435_403380
lcl|CP069025.1_cds_QRC93122.1_3104	JI435_033610
lcl|CP069025.1_cds_QRC93123.1_3105	JI435_403390
lcl|CP069025.1_cds_QRC93124.1_3106	JI435_033620
lcl|CP069025.1_cds_QRC93125.1_3107	JI435_033640
lcl|CP069025.1_cds_QRC93126.1_3108	JI435_033650
lcl|CP069025.1_cds_QRC93127.1_3109	JI435_302550
lcl|CP069025.1_cds_QRC93128.1_3110	JI435_033660
lcl|CP069025.1_cds_QRC93129.1_3111	JI435_033670
lcl|CP069025.1_cds_QRC93130.1_3112	JI435_033680
lcl|CP069025.1_cds_QRC93131.1_3113	JI435_033690
lcl|CP069025.1_cds_QRC93132.1_3114	JI435_428910
lcl|CP069025.1_cds_QRC93133.1_3115	JI435_428920
lcl|CP069025.1_cds_QRC93134.1_3116	JI435_302560
lcl|CP069025.1_cds_QRC93135.1_3117	JI435_033720
lcl|CP069025.1_cds_QRC93136.1_3118	JI435_403400
lcl|CP069025.1_cds_QRC93137.1_3119	JI435_033740
lcl|CP069025.1_cds_QRC93138.1_3120	JI435_033750
lcl|CP069025.1_cds_QRC93139.1_3121	JI435_033760
lcl|CP069025.1_cds_QRC93140.1_3122	JI435_033770
lcl|CP069025.1_cds_QRC93141.1_3123	JI435_033780
lcl|CP069025.1_cds_QRC93142.1_3124	JI435_033790
lcl|CP069025.1_cds_QRC93143.1_3125	JI435_033810
lcl|CP069025.1_cds_QRC93144.1_3126	JI435_033820
lcl|CP069025.1_cds_QRC93145.1_3127	JI435_033830
lcl|CP069025.1_cds_QRC93146.1_3128	JI435_033840
lcl|CP069025.1_cds_QRC93147.1_3129	JI435_033850
lcl|CP069025.1_cds_QRC93148.1_3130	JI435_033860
lcl|CP069025.1_cds_QRC93149.1_3131	JI435_403410
lcl|CP069025.1_cds_QRC93150.1_3132	JI435_033870
lcl|CP069025.1_cds_QRC93151.1_3133	JI435_033890
lcl|CP069025.1_cds_QRC93152.1_3134	JI435_302570
lcl|CP069025.1_cds_QRC93153.1_3135	JI435_302580
lcl|CP069025.1_cds_QRC93154.1_3136	JI435_200330
lcl|CP069025.1_cds_QRC93155.1_3137	JI435_033960
lcl|CP069025.1_cds_QRC93156.1_3138	JI435_033970
lcl|CP069025.1_cds_QRC93157.1_3139	JI435_429000
lcl|CP069025.1_cds_QRC93158.1_3140	JI435_034010
lcl|CP069025.1_cds_QRC93159.1_3141	JI435_034020
lcl|CP069025.1_cds_QRC93160.1_3142	JI435_034040
lcl|CP069025.1_cds_QRC93161.1_3143	JI435_034050
lcl|CP069025.1_cds_QRC93162.1_3144	JI435_034060
lcl|CP069025.1_cds_QRC93163.1_3145	JI435_302600
lcl|CP069025.1_cds_QRC93164.1_3146	JI435_034080
lcl|CP069025.1_cds_QRC93165.1_3147	JI435_034090
lcl|CP069025.1_cds_QRC93166.1_3148	JI435_034110
lcl|CP069025.1_cds_QRC93167.1_3149	JI435_429020
lcl|CP069025.1_cds_QRC93168.1_3150	JI435_034120
lcl|CP069025.1_cds_QRC93169.1_3151	JI435_034130
lcl|CP069025.1_cds_QRC93170.1_3152	JI435_034140
lcl|CP069025.1_cds_QRC93171.1_3153	JI435_034150
lcl|CP069025.1_cds_QRC93172.1_3154	JI435_034160
lcl|CP069025.1_cds_QRC93173.1_3155	JI435_429030
lcl|CP069025.1_cds_QRC93174.1_3156	JI435_429040
lcl|CP069025.1_cds_QRC93175.1_3157	JI435_429050
lcl|CP069025.1_cds_QRC93176.1_3158	JI435_034220
lcl|CP069025.1_cds_QRC93177.1_3159	JI435_034240
lcl|CP069025.1_cds_QRC93178.1_3160	JI435_429060
lcl|CP069025.1_cds_QRC93179.1_3161	JI435_429070
lcl|CP069025.1_cds_QRC93180.1_3162	JI435_429080
lcl|CP069025.1_cds_QRC93181.1_3163	JI435_034290
lcl|CP069025.1_cds_QRC93182.1_3164	JI435_034300
lcl|CP069025.1_cds_QRC93183.1_3165	JI435_034310
lcl|CP069025.1_cds_QRC93184.1_3166	JI435_034320
lcl|CP069025.1_cds_QRC93185.1_3167	JI435_034330
lcl|CP069025.1_cds_QRC93186.1_3168	JI435_034340
lcl|CP069025.1_cds_QRC93187.1_3169	JI435_429090
lcl|CP069025.1_cds_QRC93188.1_3170	JI435_034360
lcl|CP069025.1_cds_QRC93189.1_3171	JI435_034370
lcl|CP069025.1_cds_QRC93190.1_3172	JI435_034390
lcl|CP069025.1_cds_QRC93191.1_3173	JI435_034390
lcl|CP069025.1_cds_QRC93192.1_3174	JI435_034400
lcl|CP069025.1_cds_QRC93193.1_3175	JI435_034410
lcl|CP069025.1_cds_QRC93194.1_3176	JI435_034420
lcl|CP069025.1_cds_QRC93195.1_3177	JI435_429100
lcl|CP069025.1_cds_QRC93196.1_3178	JI435_034440
lcl|CP069025.1_cds_QRC93197.1_3179	JI435_302610
lcl|CP069025.1_cds_QRC93198.1_3180	JI435_034460
lcl|CP069025.1_cds_QRC93199.1_3181	JI435_034470
lcl|CP069025.1_cds_QRC93200.1_3182	JI435_034480
lcl|CP069025.1_cds_QRC93201.1_3183	JI435_034490
lcl|CP069025.1_cds_QRC93202.1_3184	JI435_034500
lcl|CP069025.1_cds_QRC93203.1_3185	JI435_034510
lcl|CP069025.1_cds_QRC93204.1_3186	JI435_034540
lcl|CP069025.1_cds_QRC93205.1_3187	JI435_034550
lcl|CP069025.1_cds_QRC93206.1_3188	JI435_403420
lcl|CP069025.1_cds_QRC93207.1_3189	JI435_403430
lcl|CP069025.1_cds_QRC93208.1_3190	JI435_034570
lcl|CP069025.1_cds_QRC93209.1_3191	JI435_403440
lcl|CP069025.1_cds_QRC93210.1_3192	JI435_403450
lcl|CP069025.1_cds_QRC93211.1_3193	JI435_034580
lcl|CP069025.1_cds_QRC93212.1_3194	JI435_034590
lcl|CP069025.1_cds_QRC93213.1_3195	JI435_034600
lcl|CP069025.1_cds_QRC93214.1_3196	JI435_429130
lcl|CP069025.1_cds_QRC93215.1_3197	JI435_429140
lcl|CP069025.1_cds_QRC93216.1_3198	JI435_034650
lcl|CP069025.1_cds_QRC93217.1_3199	JI435_034650
lcl|CP069025.1_cds_QRC93218.1_3200	JI435_034660
lcl|CP069025.1_cds_QRC93219.1_3201	JI435_034670
lcl|CP069025.1_cds_QRC93220.1_3202	JI435_429150
lcl|CP069025.1_cds_QRC93221.1_3203	JI435_034680
lcl|CP069025.1_cds_QRC93222.1_3204	JI435_034690
lcl|CP069025.1_cds_QRC93223.1_3205	JI435_034700
lcl|CP069025.1_cds_QRC93224.1_3206	JI435_034710
lcl|CP069025.1_cds_QRC93225.1_3207	JI435_034720
lcl|CP069025.1_cds_QRC93226.1_3208	JI435_034740
lcl|CP069025.1_cds_QRC93227.1_3209	JI435_034750
lcl|CP069025.1_cds_QRC93228.1_3210	JI435_034760
lcl|CP069025.1_cds_QRC93229.1_3211	JI435_034770
lcl|CP069025.1_cds_QRC93230.1_3212	JI435_034780
lcl|CP069025.1_cds_QRC93231.1_3213	JI435_034790
lcl|CP069025.1_cds_QRC93232.1_3214	JI435_429160
lcl|CP069025.1_cds_QRC93233.1_3215	JI435_034810
lcl|CP069025.1_cds_QRC93234.1_3216	JI435_034830
lcl|CP069025.1_cds_QRC93235.1_3217	JI435_302630
lcl|CP069025.1_cds_QRC93236.1_3218	JI435_034840
lcl|CP069025.1_cds_QRC93237.1_3219	JI435_302640
lcl|CP069025.1_cds_QRC93238.1_3220	JI435_403460
lcl|CP069025.1_cds_QRC93239.1_3221	JI435_034850
lcl|CP069025.1_cds_QRC93240.1_3222	JI435_034880
lcl|CP069025.1_cds_QRC93241.1_3223	JI435_034900
lcl|CP069025.1_cds_QRC93243.1_3224	JI435_034920
lcl|CP069025.1_cds_QRC93242.1_3225	JI435_034920
lcl|CP069025.1_cds_QRC93244.1_3226	JI435_034930
lcl|CP069025.1_cds_QRC93245.1_3227	JI435_034930
lcl|CP069025.1_cds_QRC93246.1_3228	JI435_034940
lcl|CP069025.1_cds_QRC93247.1_3229	JI435_034960
lcl|CP069025.1_cds_QRC93248.1_3230	JI435_034970
lcl|CP069025.1_cds_QRC93249.1_3231	JI435_034980
lcl|CP069025.1_cds_QRC93250.1_3232	JI435_035000
lcl|CP069025.1_cds_QRC93251.1_3233	JI435_403470
lcl|CP069025.1_cds_QRC93252.1_3234	JI435_302650
lcl|CP069025.1_cds_QRC93253.1_3235	JI435_035020
lcl|CP069025.1_cds_QRC93254.1_3236	JI435_035030
lcl|CP069025.1_cds_QRC93255.1_3237	JI435_403480
lcl|CP069025.1_cds_QRC93256.1_3238	JI435_035040
lcl|CP069025.1_cds_QRC93257.1_3239	JI435_035070
lcl|CP069025.1_cds_QRC93258.1_3240	JI435_035090
lcl|CP069025.1_cds_QRC93260.1_3241	JI435_035100
lcl|CP069025.1_cds_QRC93259.1_3242	JI435_035100
lcl|CP069025.1_cds_QRC93261.1_3243	JI435_035110
lcl|CP069025.1_cds_QRC93262.1_3244	JI435_302660
lcl|CP069025.1_cds_QRC93263.1_3245	JI435_403490
lcl|CP069025.1_cds_QRC93264.1_3246	JI435_035120
lcl|CP069025.1_cds_QRC93265.1_3247	JI435_035130
lcl|CP069025.1_cds_QRC93266.1_3248	JI435_035140
lcl|CP069025.1_cds_QRC93267.1_3249	JI435_035150
lcl|CP069025.1_cds_QRC93268.1_3250	JI435_035160
lcl|CP069025.1_cds_QRC93269.1_3251	JI435_035170
lcl|CP069025.1_cds_QRC93270.1_3252	JI435_035190
lcl|CP069025.1_cds_QRC93271.1_3253	JI435_302670
lcl|CP069025.1_cds_QRC93272.1_3254	JI435_035200
lcl|CP069025.1_cds_QRC93273.1_3255	JI435_302680
lcl|CP069025.1_cds_QRC93274.1_3256	JI435_035210
lcl|CP069025.1_cds_QRC93275.1_3257	JI435_035220
lcl|CP069025.1_cds_QRC93276.1_3258	JI435_035230
lcl|CP069025.1_cds_QRC93277.1_3259	JI435_035240
lcl|CP069025.1_cds_QRC93278.1_3260	JI435_403500
lcl|CP069025.1_cds_QRC93279.1_3261	JI435_403510
lcl|CP069025.1_cds_QRC93280.1_3262	JI435_403520
lcl|CP069025.1_cds_QRC93281.1_3263	JI435_302690
lcl|CP069025.1_cds_QRC93282.1_3264	JI435_403530
lcl|CP069025.1_cds_QRC93283.1_3265	JI435_035260
lcl|CP069025.1_cds_QRC93284.1_3266	JI435_035270
lcl|CP069025.1_cds_QRC93285.1_3267	JI435_403540
lcl|CP069025.1_cds_QRC93286.1_3268	JI435_035280
lcl|CP069025.1_cds_QRC93287.1_3269	JI435_035290
lcl|CP069025.1_cds_QRC93288.1_3270	JI435_035300
lcl|CP069025.1_cds_QRC93289.1_3271	JI435_035310
lcl|CP069025.1_cds_QRC93290.1_3272	JI435_035330
lcl|CP069025.1_cds_QRC93291.1_3273	JI435_403550
lcl|CP069025.1_cds_QRC93292.1_3274	JI435_035340
lcl|CP069025.1_cds_QRC93293.1_3275	JI435_403560
lcl|CP069025.1_cds_QRC93294.1_3276	JI435_035350
lcl|CP069025.1_cds_QRC93295.1_3277	JI435_035360
lcl|CP069025.1_cds_QRC93296.1_3278	JI435_035370
lcl|CP069025.1_cds_QRC93297.1_3279	JI435_403570
lcl|CP069025.1_cds_QRC93298.1_3280	JI435_035380
lcl|CP069025.1_cds_QRC93299.1_3281	JI435_035390
lcl|CP069025.1_cds_QRC93300.1_3282	JI435_035400
lcl|CP069025.1_cds_QRC93301.1_3283	JI435_035410
lcl|CP069025.1_cds_QRC93302.1_3284	JI435_035420
lcl|CP069025.1_cds_QRC93303.1_3285	JI435_403580
lcl|CP069025.1_cds_QRC93304.1_3286	JI435_035430
lcl|CP069025.1_cds_QRC93305.1_3287	JI435_035440
lcl|CP069025.1_cds_QRC93306.1_3288	JI435_035450
lcl|CP069025.1_cds_QRC93307.1_3289	JI435_035460
lcl|CP069025.1_cds_QRC93308.1_3290	JI435_035470
lcl|CP069025.1_cds_QRC93309.1_3291	JI435_429190
lcl|CP069025.1_cds_QRC93310.1_3292	JI435_035490
lcl|CP069025.1_cds_QRC93311.1_3293	JI435_403590
lcl|CP069025.1_cds_QRC93312.1_3294	JI435_035500
lcl|CP069025.1_cds_QRC93313.1_3295	JI435_429200
lcl|CP069025.1_cds_QRC93314.1_3296	JI435_035520
lcl|CP069025.1_cds_QRC93315.1_3297	JI435_035530
lcl|CP069025.1_cds_QRC93316.1_3298	JI435_035540
lcl|CP069025.1_cds_QRC93317.1_3299	JI435_403600
lcl|CP069025.1_cds_QRC93318.1_3300	JI435_035550
lcl|CP069025.1_cds_QRC93319.1_3301	JI435_035560
lcl|CP069025.1_cds_QRC93320.1_3302	JI435_035570
lcl|CP069025.1_cds_QRC93322.1_3303	JI435_035580
lcl|CP069025.1_cds_QRC93321.1_3304	JI435_035580
lcl|CP069025.1_cds_QRC93323.1_3305	JI435_403610
lcl|CP069025.1_cds_QRC93324.1_3306	JI435_429220
lcl|CP069025.1_cds_QRC93325.1_3307	JI435_035600
lcl|CP069025.1_cds_QRC93326.1_3308	JI435_035620
lcl|CP069025.1_cds_QRC93327.1_3309	JI435_035640
lcl|CP069025.1_cds_QRC93328.1_3310	JI435_035650
lcl|CP069025.1_cds_QRC93329.1_3311	JI435_035680
lcl|CP069025.1_cds_QRC93330.1_3312	JI435_035700
lcl|CP069025.1_cds_QRC93331.1_3313	JI435_403620
lcl|CP069025.1_cds_QRC93332.1_3314	JI435_035710
lcl|CP069025.1_cds_QRC93333.1_3315	JI435_403630
lcl|CP069025.1_cds_QRC93334.1_3316	JI435_035720
lcl|CP069025.1_cds_QRC93335.1_3317	JI435_403640
lcl|CP069025.1_cds_QRC93336.1_3318	JI435_302700
lcl|CP069025.1_cds_QRC93337.1_3319	JI435_035730
lcl|CP069025.1_cds_QRC93338.1_3320	JI435_035750
lcl|CP069025.1_cds_QRC93339.1_3321	JI435_035760
lcl|CP069025.1_cds_QRC93340.1_3322	JI435_035770
lcl|CP069025.1_cds_QRC93341.1_3323	JI435_035780
lcl|CP069025.1_cds_QRC93342.1_3324	JI435_403650
lcl|CP069025.1_cds_QRC93343.1_3325	JI435_403660
lcl|CP069025.1_cds_QRC93344.1_3326	JI435_035790
lcl|CP069025.1_cds_QRC93345.1_3327	JI435_403670
lcl|CP069025.1_cds_QRC93346.1_3328	JI435_403680
lcl|CP069025.1_cds_QRC93347.1_3329	JI435_035800
lcl|CP069025.1_cds_QRC93348.1_3330	JI435_035810
lcl|CP069025.1_cds_QRC93349.1_3331	JI435_035820
lcl|CP069025.1_cds_QRC93350.1_3332	JI435_035840
lcl|CP069025.1_cds_QRC93351.1_3333	JI435_035850
lcl|CP069025.1_cds_QRC93352.1_3334	JI435_035860
lcl|CP069025.1_cds_QRC93353.1_3335	JI435_035870
lcl|CP069025.1_cds_QRC93354.1_3336	JI435_035880
lcl|CP069025.1_cds_QRC93355.1_3337	JI435_429230
lcl|CP069025.1_cds_QRC93356.1_3338	JI435_429240
lcl|CP069025.1_cds_QRC93357.1_3339	JI435_035910
lcl|CP069025.1_cds_QRC93358.1_3340	JI435_035930
lcl|CP069025.1_cds_QRC93359.1_3341	JI435_035940
lcl|CP069025.1_cds_QRC93360.1_3342	JI435_035950
lcl|CP069025.1_cds_QRC93361.1_3343	JI435_035960
lcl|CP069025.1_cds_QRC93362.1_3344	JI435_302710
lcl|CP069025.1_cds_QRC93363.1_3345	JI435_036000
lcl|CP069025.1_cds_QRC93364.1_3346	JI435_036010
lcl|CP069025.1_cds_QRC93365.1_3347	JI435_036020
lcl|CP069025.1_cds_QRC93366.1_3348	JI435_036030
lcl|CP069025.1_cds_QRC93367.1_3349	JI435_403690
lcl|CP069025.1_cds_QRC93368.1_3350	JI435_036060
lcl|CP069025.1_cds_QRC93369.1_3351	JI435_036080
lcl|CP069025.1_cds_QRC93370.1_3352	JI435_403700
lcl|CP069025.1_cds_QRC93371.1_3353	JI435_036090
lcl|CP069025.1_cds_QRC93372.1_3354	JI435_403710
lcl|CP069025.1_cds_QRC93373.1_3355	JI435_036100
lcl|CP069025.1_cds_QRC93374.1_3356	JI435_036110
lcl|CP069025.1_cds_QRC93375.1_3357	JI435_429250
lcl|CP069025.1_cds_QRC93376.1_3358	JI435_036130
lcl|CP069025.1_cds_QRC93377.1_3359	JI435_036140
lcl|CP069025.1_cds_QRC93378.1_3360	JI435_036150
lcl|CP069025.1_cds_QRC93379.1_3361	JI435_036160
lcl|CP069025.1_cds_QRC93380.1_3362	JI435_403720
lcl|CP069025.1_cds_QRC93381.1_3363	JI435_036170
lcl|CP069025.1_cds_QRC93382.1_3364	JI435_036180
lcl|CP069025.1_cds_QRC93383.1_3365	JI435_036190
lcl|CP069025.1_cds_QRC93384.1_3366	JI435_036200
lcl|CP069025.1_cds_QRC93385.1_3367	JI435_429260
lcl|CP069025.1_cds_QRC93386.1_3368	JI435_036210
lcl|CP069025.1_cds_QRC93387.1_3369	JI435_036220
lcl|CP069025.1_cds_QRC93388.1_3370	JI435_036230
lcl|CP069025.1_cds_QRC93389.1_3371	JI435_403730
lcl|CP069025.1_cds_QRC93390.1_3372	JI435_036240
lcl|CP069025.1_cds_QRC93391.1_3373	JI435_036250
lcl|CP069025.1_cds_QRC93392.1_3374	JI435_036260
lcl|CP069025.1_cds_QRC93393.1_3375	JI435_036270
lcl|CP069025.1_cds_QRC93394.1_3376	JI435_036280
lcl|CP069025.1_cds_QRC93395.1_3377	JI435_036290
lcl|CP069025.1_cds_QRC93396.1_3378	JI435_036300
lcl|CP069025.1_cds_QRC93397.1_3379	JI435_403740
lcl|CP069025.1_cds_QRC93398.1_3380	JI435_403750
lcl|CP069025.1_cds_QRC93399.1_3381	JI435_036330
lcl|CP069025.1_cds_QRC93400.1_3382	JI435_302720
lcl|CP069025.1_cds_QRC93401.1_3383	JI435_403760
lcl|CP069025.1_cds_QRC93402.1_3384	JI435_403770
lcl|CP069025.1_cds_QRC93403.1_3385	JI435_036340
lcl|CP069025.1_cds_QRC93404.1_3386	JI435_403780
lcl|CP069025.1_cds_QRC93405.1_3387	JI435_036350
lcl|CP069025.1_cds_QRC93406.1_3388	JI435_036360
lcl|CP069025.1_cds_QRC93407.1_3389	JI435_036370
lcl|CP069025.1_cds_QRC93408.1_3390	JI435_429270
lcl|CP069025.1_cds_QRC93409.1_3391	JI435_036390
lcl|CP069025.1_cds_QRC93410.1_3392	JI435_036400
lcl|CP069025.1_cds_QRC93411.1_3393	JI435_036430
lcl|CP069025.1_cds_QRC93412.1_3394	JI435_403790
lcl|CP069025.1_cds_QRC93413.1_3395	JI435_036440
lcl|CP069025.1_cds_QRC93414.1_3396	JI435_302730
lcl|CP069025.1_cds_QRC93415.1_3397	JI435_036450
lcl|CP069025.1_cds_QRC93416.1_3398	JI435_036460
lcl|CP069025.1_cds_QRC93417.1_3399	JI435_036470
lcl|CP069025.1_cds_QRC93418.1_3400	JI435_036480
lcl|CP069025.1_cds_QRC93420.1_3401	JI435_036490
lcl|CP069025.1_cds_QRC93419.1_3402	JI435_036490
lcl|CP069025.1_cds_QRC93421.1_3403	JI435_036500
lcl|CP069025.1_cds_QRC93422.1_3404	JI435_036510
lcl|CP069025.1_cds_QRC93423.1_3405	JI435_036520
lcl|CP069025.1_cds_QRC93424.1_3406	JI435_036530
lcl|CP069025.1_cds_QRC93425.1_3407	JI435_036540
lcl|CP069025.1_cds_QRC93426.1_3408	JI435_036550
lcl|CP069025.1_cds_QRC93427.1_3409	JI435_036560
lcl|CP069025.1_cds_QRC93428.1_3410	JI435_036570
lcl|CP069025.1_cds_QRC93429.1_3411	JI435_036580
lcl|CP069025.1_cds_QRC93430.1_3412	JI435_403800
lcl|CP069025.1_cds_QRC93431.1_3413	JI435_036590
lcl|CP069025.1_cds_QRC93432.1_3414	JI435_036600
lcl|CP069025.1_cds_QRC93433.1_3415	JI435_403810
lcl|CP069025.1_cds_QRC93434.1_3416	JI435_036610
lcl|CP069025.1_cds_QRC93435.1_3417	JI435_036620
lcl|CP069025.1_cds_QRC93436.1_3418	JI435_036630
lcl|CP069025.1_cds_QRC93437.1_3419	JI435_036640
lcl|CP069025.1_cds_QRC93438.1_3420	JI435_036640
lcl|CP069025.1_cds_QRC93439.1_3421	JI435_036650
lcl|CP069025.1_cds_QRC93440.1_3422	JI435_036660
lcl|CP069025.1_cds_QRC93441.1_3423	JI435_036670
lcl|CP069025.1_cds_QRC93442.1_3424	JI435_036680
lcl|CP069025.1_cds_QRC93443.1_3425	JI435_036690
lcl|CP069025.1_cds_QRC93444.1_3426	JI435_036700
lcl|CP069025.1_cds_QRC93445.1_3427	JI435_036710
lcl|CP069025.1_cds_QRC93446.1_3428	JI435_036730
lcl|CP069025.1_cds_QRC93447.1_3429	JI435_403820
lcl|CP069025.1_cds_QRC93448.1_3430	JI435_403830
lcl|CP069025.1_cds_QRC93449.1_3431	JI435_403840
lcl|CP069025.1_cds_QRC93450.1_3432	JI435_036740
lcl|CP069025.1_cds_QRC93451.1_3433	JI435_036750
lcl|CP069025.1_cds_QRC93452.1_3434	JI435_429280
lcl|CP069025.1_cds_QRC93453.1_3435	JI435_036770
lcl|CP069025.1_cds_QRC93454.1_3436	JI435_036780
lcl|CP069025.1_cds_QRC93455.1_3437	JI435_036790
lcl|CP069025.1_cds_QRC93456.1_3438	JI435_036820
lcl|CP069025.1_cds_QRC93457.1_3439	JI435_302740
lcl|CP069025.1_cds_QRC93458.1_3440	JI435_302750
lcl|CP069025.1_cds_QRC93459.1_3441	JI435_036830
lcl|CP069025.1_cds_QRC93460.1_3442	JI435_036840
lcl|CP069025.1_cds_QRC93461.1_3443	JI435_036850
lcl|CP069025.1_cds_QRC93462.1_3444	JI435_036870
lcl|CP069025.1_cds_QRC93463.1_3445	JI435_036880
lcl|CP069025.1_cds_QRC93464.1_3446	JI435_403850
lcl|CP069025.1_cds_QRC93465.1_3447	JI435_403860
lcl|CP069025.1_cds_QRC93466.1_3448	JI435_036890
lcl|CP069025.1_cds_QRC93467.1_3449	JI435_403870
lcl|CP069025.1_cds_QRC93468.1_3450	JI435_403880
lcl|CP069025.1_cds_QRC93469.1_3451	JI435_036900
lcl|CP069025.1_cds_QRC93470.1_3452	JI435_036910
lcl|CP069025.1_cds_QRC93471.1_3453	JI435_036920
lcl|CP069025.1_cds_QRC93472.1_3454	JI435_036930
lcl|CP069025.1_cds_QRC93473.1_3455	JI435_403890
lcl|CP069025.1_cds_QRC93474.1_3456	JI435_403900
lcl|CP069025.1_cds_QRC93475.1_3457	JI435_036940
lcl|CP069025.1_cds_QRC93476.1_3458	JI435_036950
lcl|CP069025.1_cds_QRC93477.1_3459	JI435_036960
lcl|CP069025.1_cds_QRC93478.1_3460	JI435_403910
lcl|CP069025.1_cds_QRC93479.1_3461	JI435_036970
lcl|CP069025.1_cds_QRC93480.1_3462	JI435_036980
lcl|CP069025.1_cds_QRC93481.1_3463	JI435_036990
lcl|CP069025.1_cds_QRC93482.1_3464	JI435_037010
lcl|CP069025.1_cds_QRC93483.1_3465	JI435_037020
lcl|CP069025.1_cds_QRC93484.1_3466	JI435_037030
lcl|CP069025.1_cds_QRC93485.1_3467	JI435_037040
lcl|CP069025.1_cds_QRC93486.1_3468	JI435_403920
lcl|CP069025.1_cds_QRC93487.1_3469	JI435_037060
lcl|CP069025.1_cds_QRC93488.1_3470	JI435_403930
lcl|CP069025.1_cds_QRC93489.1_3471	JI435_037070
lcl|CP069025.1_cds_QRC93490.1_3472	JI435_037070
lcl|CP069025.1_cds_QRC93491.1_3473	JI435_037080
lcl|CP069025.1_cds_QRC93492.1_3474	JI435_037090
lcl|CP069025.1_cds_QRC93493.1_3475	JI435_037100
lcl|CP069025.1_cds_QRC93494.1_3476	JI435_037110
lcl|CP069025.1_cds_QRC93495.1_3477	JI435_403940
lcl|CP069025.1_cds_QRC93496.1_3478	JI435_403950
lcl|CP069025.1_cds_QRC93497.1_3479	JI435_037120
lcl|CP069025.1_cds_QRC93498.1_3480	JI435_037130
lcl|CP069025.1_cds_QRC93499.1_3481	JI435_037150
lcl|CP069025.1_cds_QRC93500.1_3482	JI435_403960
lcl|CP069025.1_cds_QRC93501.1_3483	JI435_037160
lcl|CP069025.1_cds_QRC93502.1_3484	JI435_037180
lcl|CP069025.1_cds_QRC93503.1_3485	JI435_037190
lcl|CP069025.1_cds_QRC93504.1_3486	JI435_429300
lcl|CP069025.1_cds_QRC93505.1_3487	JI435_429310
lcl|CP069025.1_cds_QRC93506.1_3488	JI435_037210
lcl|CP069025.1_cds_QRC93507.1_3489	JI435_037230
lcl|CP069025.1_cds_QRC93508.1_3490	JI435_403970
lcl|CP069025.1_cds_QRC93509.1_3491	JI435_037240
lcl|CP069025.1_cds_QRC93510.1_3492	JI435_037250
lcl|CP069025.1_cds_QRC93511.1_3493	JI435_037260
lcl|CP069025.1_cds_QRC93512.1_3494	JI435_037270
lcl|CP069025.1_cds_QRC93513.1_3495	JI435_037280
lcl|CP069025.1_cds_QRC93514.1_3496	JI435_403980
lcl|CP069025.1_cds_QRC93515.1_3497	JI435_403990
lcl|CP069025.1_cds_QRC93516.1_3498	JI435_404000
lcl|CP069025.1_cds_QRC93517.1_3499	JI435_037290
lcl|CP069025.1_cds_QRC93518.1_3500	JI435_037300
lcl|CP069025.1_cds_QRC93519.1_3501	JI435_037310
lcl|CP069025.1_cds_QRC93520.1_3502	JI435_037330
lcl|CP069025.1_cds_QRC93521.1_3503	JI435_429330
lcl|CP069025.1_cds_QRC93522.1_3504	JI435_037360
lcl|CP069025.1_cds_QRC93523.1_3505	JI435_037370
lcl|CP069025.1_cds_QRC93524.1_3506	JI435_037390
lcl|CP069025.1_cds_QRC93525.1_3507	JI435_037400
lcl|CP069025.1_cds_QRC93526.1_3508	JI435_037410
lcl|CP069025.1_cds_QRC93527.1_3509	JI435_404010
lcl|CP069025.1_cds_QRC93528.1_3510	JI435_037420
lcl|CP069025.1_cds_QRC93529.1_3511	JI435_037430
lcl|CP069025.1_cds_QRC93530.1_3512	JI435_037440
lcl|CP069025.1_cds_QRC93531.1_3513	JI435_037460
lcl|CP069025.1_cds_QRC93532.1_3514	JI435_037470
lcl|CP069025.1_cds_QRC93533.1_3515	JI435_037480
lcl|CP069025.1_cds_QRC93534.1_3516	JI435_037490
lcl|CP069025.1_cds_QRC93535.1_3517	JI435_037500
lcl|CP069025.1_cds_QRC93536.1_3518	JI435_037520
lcl|CP069025.1_cds_QRC93537.1_3519	JI435_037540
lcl|CP069025.1_cds_QRC93538.1_3520	JI435_404020
lcl|CP069025.1_cds_QRC93539.1_3521	JI435_037550
lcl|CP069025.1_cds_QRC93540.1_3522	JI435_404030
lcl|CP069025.1_cds_QRC93541.1_3523	JI435_404040
lcl|CP069025.1_cds_QRC93542.1_3524	JI435_037560
lcl|CP069025.1_cds_QRC93543.1_3525	JI435_037580
lcl|CP069025.1_cds_QRC93544.1_3526	JI435_037590
lcl|CP069025.1_cds_QRC93545.1_3527	JI435_037610
lcl|CP069025.1_cds_QRC93546.1_3528	JI435_037620
lcl|CP069025.1_cds_QRC93547.1_3529	JI435_037630
lcl|CP069025.1_cds_QRC93548.1_3530	JI435_037640
lcl|CP069025.1_cds_QRC93549.1_3531	JI435_037650
lcl|CP069025.1_cds_QRC93550.1_3532	JI435_037670
lcl|CP069025.1_cds_QRC93551.1_3533	JI435_037680
lcl|CP069025.1_cds_QRC93552.1_3534	JI435_404050
lcl|CP069025.1_cds_QRC93553.1_3535	JI435_037690
lcl|CP069025.1_cds_QRC93554.1_3536	JI435_037710
lcl|CP069025.1_cds_QRC93555.1_3537	JI435_037720
lcl|CP069025.1_cds_QRC93556.1_3538	JI435_037730
lcl|CP069025.1_cds_QRC93557.1_3539	JI435_404060
lcl|CP069025.1_cds_QRC93558.1_3540	JI435_037740
lcl|CP069025.1_cds_QRC93559.1_3541	JI435_404070
lcl|CP069025.1_cds_QRC93560.1_3542	JI435_037760
lcl|CP069025.1_cds_QRC93561.1_3543	JI435_037770
lcl|CP069025.1_cds_QRC93562.1_3544	JI435_037780
lcl|CP069025.1_cds_QRC93563.1_3545	JI435_037790
lcl|CP069025.1_cds_QRC93564.1_3546	JI435_404080
lcl|CP069025.1_cds_QRC93565.1_3547	JI435_037800
lcl|CP069025.1_cds_QRC93566.1_3548	JI435_037820
lcl|CP069025.1_cds_QRC93567.1_3549	JI435_429370
lcl|CP069025.1_cds_QRC93568.1_3550	JI435_404090
lcl|CP069025.1_cds_QRC93569.1_3551	JI435_037830
lcl|CP069025.1_cds_QRC93570.1_3552	JI435_037840
lcl|CP069025.1_cds_QRC93571.1_3553	JI435_404100
lcl|CP069025.1_cds_QRC93572.1_3554	JI435_037850
lcl|CP069025.1_cds_QRC93573.1_3555	JI435_037860
lcl|CP069025.1_cds_QRC93574.1_3556	JI435_037880
lcl|CP069025.1_cds_QRC93575.1_3557	JI435_302770
lcl|CP069025.1_cds_QRC93576.1_3558	JI435_037890
lcl|CP069025.1_cds_QRC93577.1_3559	JI435_037890
lcl|CP069025.1_cds_QRC93578.1_3560	JI435_037900
lcl|CP069025.1_cds_QRC93579.1_3561	JI435_037910
lcl|CP069025.1_cds_QRC93580.1_3562	JI435_037920
lcl|CP069025.1_cds_QRC93581.1_3563	JI435_037930
lcl|CP069025.1_cds_QRC93582.1_3564	JI435_037940
lcl|CP069025.1_cds_QRC93583.1_3565	JI435_037950
lcl|CP069025.1_cds_QRC93584.1_3566	JI435_037960
lcl|CP069025.1_cds_QRC93585.1_3567	JI435_037970
lcl|CP069025.1_cds_QRC93586.1_3568	JI435_404110
lcl|CP069025.1_cds_QRC93587.1_3569	JI435_404120
lcl|CP069025.1_cds_QRC93588.1_3570	JI435_037980
lcl|CP069025.1_cds_QRC93589.1_3571	JI435_037990
lcl|CP069025.1_cds_QRC93590.1_3572	JI435_038000
lcl|CP069025.1_cds_QRC93591.1_3573	JI435_038010
lcl|CP069025.1_cds_QRC93592.1_3574	JI435_038020
lcl|CP069025.1_cds_QRC93593.1_3575	JI435_404130
lcl|CP069025.1_cds_QRC93594.1_3576	JI435_038030
lcl|CP069025.1_cds_QRC93595.1_3577	JI435_038040
lcl|CP069025.1_cds_QRC93596.1_3578	JI435_038050
lcl|CP069025.1_cds_QRC93597.1_3579	JI435_429380
lcl|CP069025.1_cds_QRC93598.1_3580	JI435_404140
lcl|CP069025.1_cds_QRC93599.1_3581	JI435_404150
lcl|CP069025.1_cds_QRC93600.1_3582	JI435_038070
lcl|CP069025.1_cds_QRC93601.1_3583	JI435_038080
lcl|CP069025.1_cds_QRC93602.1_3584	JI435_404160
lcl|CP069025.1_cds_QRC93603.1_3585	JI435_038100
lcl|CP069025.1_cds_QRC93605.1_3586	JI435_038110
lcl|CP069025.1_cds_QRC93604.1_3587	JI435_404170
lcl|CP069025.1_cds_QRC93606.1_3588	JI435_038120
lcl|CP069025.1_cds_QRC93607.1_3589	JI435_404180
lcl|CP069025.1_cds_QRC93608.1_3590	JI435_404190
lcl|CP069025.1_cds_QRC93609.1_3591	JI435_404200
lcl|CP069025.1_cds_QRC93610.1_3592	JI435_038130
lcl|CP069025.1_cds_QRC93611.1_3593	JI435_404210
lcl|CP069025.1_cds_QRC93612.1_3594	JI435_038140
lcl|CP069025.1_cds_QRC93613.1_3595	JI435_038160
lcl|CP069025.1_cds_QRC93614.1_3596	JI435_038170
lcl|CP069025.1_cds_QRC93615.1_3597	JI435_404220
lcl|CP069025.1_cds_QRC93616.1_3598	JI435_429420
lcl|CP069025.1_cds_QRC93617.1_3599	JI435_038180
lcl|CP069025.1_cds_QRC93618.1_3600	JI435_038190
lcl|CP069025.1_cds_QRC93619.1_3601	JI435_038200
lcl|CP069025.1_cds_QRC93620.1_3602	JI435_038210
lcl|CP069025.1_cds_QRC93621.1_3603	JI435_038220
lcl|CP069025.1_cds_QRC93622.1_3604	JI435_038230
lcl|CP069025.1_cds_QRC93623.1_3605	JI435_038240
lcl|CP069025.1_cds_QRC93624.1_3606	JI435_429430
lcl|CP069025.1_cds_QRC93625.1_3607	JI435_038250
lcl|CP069025.1_cds_QRC93626.1_3608	JI435_429440
lcl|CP069025.1_cds_QRC93627.1_3609	JI435_404230
lcl|CP069025.1_cds_QRC93628.1_3610	JI435_404240
lcl|CP069025.1_cds_QRC93629.1_3611	JI435_038280
lcl|CP069025.1_cds_QRC93630.1_3612	JI435_038290
lcl|CP069025.1_cds_QRC93631.1_3613	JI435_038300
lcl|CP069025.1_cds_QRC93632.1_3614	JI435_038310
lcl|CP069025.1_cds_QRC93633.1_3615	JI435_302790
lcl|CP069025.1_cds_QRC93634.1_3616	JI435_038320
lcl|CP069025.1_cds_QRC93635.1_3617	JI435_429450
lcl|CP069025.1_cds_QRC93636.1_3618	JI435_038330
lcl|CP069025.1_cds_QRC93637.1_3619	JI435_038360
lcl|CP069025.1_cds_QRC93638.1_3620	JI435_429460
lcl|CP069025.1_cds_QRC93639.1_3621	JI435_038390
lcl|CP069025.1_cds_QRC93640.1_3622	JI435_038410
lcl|CP069025.1_cds_QRC93641.1_3623	JI435_038430
lcl|CP069025.1_cds_QRC93642.1_3624	JI435_038440
lcl|CP069025.1_cds_QRC93643.1_3625	JI435_429470
lcl|CP069025.1_cds_QRC93644.1_3626	JI435_038460
lcl|CP069025.1_cds_QRC93645.1_3627	JI435_038470
lcl|CP069025.1_cds_QRC93646.1_3628	JI435_038490
lcl|CP069025.1_cds_QRC93647.1_3629	JI435_038500
lcl|CP069025.1_cds_QRC93648.1_3630	JI435_038520
lcl|CP069025.1_cds_QRC93649.1_3631	JI435_038550
lcl|CP069025.1_cds_QRC93650.1_3632	JI435_038560
lcl|CP069025.1_cds_QRC93651.1_3633	JI435_038570
lcl|CP069025.1_cds_QRC93652.1_3634	JI435_038580
lcl|CP069025.1_cds_QRC93653.1_3635	JI435_038590
lcl|CP069025.1_cds_QRC93654.1_3636	JI435_038600
lcl|CP069025.1_cds_QRC93655.1_3637	JI435_038610
lcl|CP069025.1_cds_QRC93656.1_3638	JI435_038620
lcl|CP069025.1_cds_QRC93657.1_3639	JI435_429490
lcl|CP069025.1_cds_QRC93658.1_3640	JI435_038650
lcl|CP069025.1_cds_QRC93659.1_3641	JI435_038660
lcl|CP069025.1_cds_QRC93660.1_3642	JI435_038670
lcl|CP069025.1_cds_QRC93661.1_3643	JI435_038690
lcl|CP069025.1_cds_QRC93662.1_3644	JI435_038700
lcl|CP069025.1_cds_QRC93663.1_3645	JI435_038710
lcl|CP069025.1_cds_QRC93664.1_3646	JI435_038720
lcl|CP069025.1_cds_QRC93665.1_3647	JI435_038730
lcl|CP069025.1_cds_QRC93666.1_3648	JI435_038740
lcl|CP069025.1_cds_QRC93667.1_3649	JI435_038750
lcl|CP069025.1_cds_QRC93668.1_3650	JI435_404250
lcl|CP069025.1_cds_QRC93669.1_3651	JI435_038760
lcl|CP069025.1_cds_QRC93670.1_3652	JI435_038770
lcl|CP069025.1_cds_QRC93672.1_3653	JI435_038800
lcl|CP069025.1_cds_QRC93671.1_3654	JI435_038800
lcl|CP069025.1_cds_QRC93673.1_3655	JI435_302820
lcl|CP069025.1_cds_QRC93674.1_3656	JI435_404260
lcl|CP069025.1_cds_QRC93675.1_3657	JI435_038820
lcl|CP069025.1_cds_QRC93676.1_3658	JI435_404270
lcl|CP069025.1_cds_QRC93677.1_3659	JI435_038830
lcl|CP069025.1_cds_QRC93678.1_3660	JI435_038840
lcl|CP069025.1_cds_QRC93679.1_3661	JI435_404280
lcl|CP069025.1_cds_QRC93680.1_3662	JI435_038850
lcl|CP069025.1_cds_QRC93681.1_3663	JI435_038860
lcl|CP069025.1_cds_QRC93682.1_3664	JI435_038870
lcl|CP069025.1_cds_QRC93684.1_3665	JI435_038880
lcl|CP069025.1_cds_QRC93683.1_3666	JI435_038880
lcl|CP069025.1_cds_QRC93685.1_3667	JI435_038890
lcl|CP069025.1_cds_QRC93686.1_3668	JI435_404290
lcl|CP069025.1_cds_QRC93687.1_3669	JI435_038900
lcl|CP069025.1_cds_QRC93688.1_3670	JI435_404300
lcl|CP069025.1_cds_QRC93689.1_3671	JI435_038910
lcl|CP069025.1_cds_QRC93690.1_3672	JI435_038930
lcl|CP069025.1_cds_QRC93691.1_3673	JI435_404310
lcl|CP069025.1_cds_QRC93692.1_3674	JI435_038940
lcl|CP069025.1_cds_QRC93693.1_3675	JI435_038960
lcl|CP069025.1_cds_QRC93694.1_3676	JI435_038970
lcl|CP069025.1_cds_QRC93695.1_3677	JI435_302830
lcl|CP069025.1_cds_QRC93697.1_3678	JI435_038980
lcl|CP069025.1_cds_QRC93696.1_3679	JI435_038980
lcl|CP069025.1_cds_QRC93698.1_3680	JI435_302840
lcl|CP069025.1_cds_QRC93699.1_3681	JI435_039000
lcl|CP069025.1_cds_QRC93700.1_3682	JI435_302850
lcl|CP069025.1_cds_QRC93701.1_3683	JI435_404320
lcl|CP069025.1_cds_QRC93702.1_3684	JI435_039010
lcl|CP069025.1_cds_QRC93703.1_3685	JI435_404330
lcl|CP069025.1_cds_QRC93704.1_3686	JI435_302860
lcl|CP069025.1_cds_QRC93705.1_3687	JI435_039020
lcl|CP069025.1_cds_QRC93706.1_3688	JI435_039030
lcl|CP069025.1_cds_QRC93707.1_3689	JI435_039040
lcl|CP069025.1_cds_QRC93708.1_3690	JI435_200350
lcl|CP069025.1_cds_QRC93709.1_3691	JI435_039060
lcl|CP069025.1_cds_QRC93710.1_3692	JI435_039070
lcl|CP069025.1_cds_QRC93711.1_3693	JI435_039070
lcl|CP069025.1_cds_QRC93712.1_3694	JI435_039080
lcl|CP069025.1_cds_QRC93713.1_3695	JI435_039090
lcl|CP069025.1_cds_QRC93714.1_3696	JI435_039100
lcl|CP069025.1_cds_QRC93715.1_3697	JI435_404340
lcl|CP069025.1_cds_QRC93716.1_3698	JI435_039110
lcl|CP069025.1_cds_QRC93717.1_3699	JI435_404350
lcl|CP069025.1_cds_QRC93718.1_3700	JI435_039120
lcl|CP069025.1_cds_QRC93720.1_3701	JI435_039130
lcl|CP069025.1_cds_QRC93719.1_3702	JI435_039130
lcl|CP069025.1_cds_QRC93721.1_3703	JI435_039140
lcl|CP069025.1_cds_QRC93722.1_3704	JI435_039160
lcl|CP069025.1_cds_QRC93723.1_3705	JI435_429510
lcl|CP069025.1_cds_QRC93724.1_3706	JI435_039180
lcl|CP069025.1_cds_QRC93725.1_3707	JI435_039190
lcl|CP069025.1_cds_QRC93726.1_3708	JI435_039200
lcl|CP069025.1_cds_QRC93727.1_3709	JI435_039210
lcl|CP069025.1_cds_QRC93728.1_3710	JI435_039220
lcl|CP069025.1_cds_QRC93729.1_3711	JI435_039230
lcl|CP069025.1_cds_QRC93730.1_3712	JI435_039250
lcl|CP069025.1_cds_QRC93731.1_3713	JI435_039260
lcl|CP069025.1_cds_QRC93732.1_3714	JI435_039270
lcl|CP069025.1_cds_QRC93733.1_3715	JI435_424870
lcl|CP069025.1_cds_QRC93734.1_3716	JI435_039280
lcl|CP069025.1_cds_QRC93735.1_3717	JI435_039290
lcl|CP069025.1_cds_QRC93736.1_3718	JI435_404360
lcl|CP069025.1_cds_QRC93737.1_3719	JI435_039310
lcl|CP069025.1_cds_QRC93738.1_3720	JI435_404370
lcl|CP069025.1_cds_QRC93740.1_3721	JI435_039320
lcl|CP069025.1_cds_QRC93739.1_3722	JI435_039320
lcl|CP069025.1_cds_QRC93741.1_3723	JI435_039320
lcl|CP069025.1_cds_QRC93742.1_3724	JI435_429520
lcl|CP069025.1_cds_QRC93743.1_3725	JI435_039330
lcl|CP069025.1_cds_QRC93744.1_3726	JI435_039330
lcl|CP069025.1_cds_QRC93745.1_3727	JI435_039340
lcl|CP069025.1_cds_QRC93746.1_3728	JI435_039350
lcl|CP069025.1_cds_QRC93747.1_3729	JI435_429530
lcl|CP069025.1_cds_QRC93748.1_3730	JI435_039360
lcl|CP069025.1_cds_QRC93749.1_3731	JI435_039370
lcl|CP069025.1_cds_QRC93750.1_3732	JI435_039380
lcl|CP069025.1_cds_QRC93751.1_3733	JI435_039390
lcl|CP069025.1_cds_QRC93752.1_3734	JI435_039400
lcl|CP069025.1_cds_QRC93753.1_3735	JI435_039410
lcl|CP069025.1_cds_QRC93754.1_3736	JI435_039420
lcl|CP069025.1_cds_QRC93755.1_3737	JI435_302870
lcl|CP069025.1_cds_QRC93756.1_3738	JI435_302870
lcl|CP069025.1_cds_QRC93757.1_3739	JI435_302880
lcl|CP069025.1_cds_QRC93758.1_3740	JI435_039430
lcl|CP069025.1_cds_QRC93759.1_3741	JI435_039450
lcl|CP069025.1_cds_QRC93760.1_3742	JI435_039460
lcl|CP069025.1_cds_QRC93761.1_3743	JI435_039470
lcl|CP069025.1_cds_QRC93762.1_3744	JI435_039490
lcl|CP069025.1_cds_QRC93763.1_3745	JI435_039510
lcl|CP069025.1_cds_QRC93764.1_3746	JI435_404380
lcl|CP069025.1_cds_QRC93765.1_3747	JI435_039530
lcl|CP069025.1_cds_QRC93766.1_3748	JI435_039550
lcl|CP069025.1_cds_QRC93767.1_3749	JI435_039560
lcl|CP069025.1_cds_QRC93768.1_3750	JI435_039570
lcl|CP069025.1_cds_QRC93769.1_3751	JI435_404390
lcl|CP069025.1_cds_QRC93770.1_3752	JI435_404400
lcl|CP069025.1_cds_QRC93771.1_3753	JI435_039580
lcl|CP069025.1_cds_QRC93772.1_3754	JI435_039590
lcl|CP069025.1_cds_QRC93773.1_3755	JI435_039600
lcl|CP069025.1_cds_QRC93774.1_3756	JI435_039630
lcl|CP069025.1_cds_QRC93775.1_3757	JI435_039650
lcl|CP069025.1_cds_QRC93776.1_3758	JI435_039660
lcl|CP069025.1_cds_QRC93777.1_3759	JI435_039680
lcl|CP069025.1_cds_QRC93778.1_3760	JI435_429570
lcl|CP069026.1_cds_QRC93779.1_3761	JI435_404500
lcl|CP069026.1_cds_QRC93780.1_3762	JI435_429790
lcl|CP069026.1_cds_QRC93781.1_3763	JI435_157000
lcl|CP069026.1_cds_QRC93782.1_3764	JI435_156990
lcl|CP069026.1_cds_QRC93783.1_3765	JI435_156980
lcl|CP069026.1_cds_QRC93784.1_3766	JI435_156970
lcl|CP069026.1_cds_QRC93785.1_3767	JI435_404510
lcl|CP069026.1_cds_QRC93786.1_3768	JI435_156960
lcl|CP069026.1_cds_QRC93787.1_3769	JI435_156950
lcl|CP069026.1_cds_QRC93788.1_3770	JI435_156940
lcl|CP069026.1_cds_QRC93789.1_3771	JI435_309420
lcl|CP069026.1_cds_QRC93790.1_3772	JI435_156920
lcl|CP069026.1_cds_QRC93791.1_3773	JI435_156890
lcl|CP069026.1_cds_QRC93792.1_3774	JI435_156880
lcl|CP069026.1_cds_QRC93794.1_3775	JI435_156860
lcl|CP069026.1_cds_QRC93793.1_3776	JI435_156860
lcl|CP069026.1_cds_QRC93795.1_3777	JI435_429800
lcl|CP069026.1_cds_QRC93796.1_3778	JI435_156840
lcl|CP069026.1_cds_QRC93797.1_3779	JI435_156830
lcl|CP069026.1_cds_QRC93798.1_3780	JI435_156820
lcl|CP069026.1_cds_QRC93799.1_3781	JI435_156810
lcl|CP069026.1_cds_QRC93800.1_3782	JI435_156800
lcl|CP069026.1_cds_QRC93801.1_3783	JI435_156790
lcl|CP069026.1_cds_QRC93802.1_3784	JI435_156780
lcl|CP069026.1_cds_QRC93803.1_3785	JI435_404520
lcl|CP069026.1_cds_QRC93804.1_3786	JI435_404530
lcl|CP069026.1_cds_QRC93805.1_3787	JI435_404540
lcl|CP069026.1_cds_QRC93806.1_3788	JI435_156770
lcl|CP069026.1_cds_QRC93807.1_3789	JI435_156760
lcl|CP069026.1_cds_QRC93808.1_3790	JI435_156750
lcl|CP069026.1_cds_QRC93809.1_3791	JI435_404550
lcl|CP069026.1_cds_QRC93810.1_3792	JI435_156740
lcl|CP069026.1_cds_QRC93811.1_3793	JI435_156730
lcl|CP069026.1_cds_QRC93812.1_3794	JI435_156720
lcl|CP069026.1_cds_QRC93813.1_3795	JI435_156710
lcl|CP069026.1_cds_QRC93814.1_3796	JI435_156700
lcl|CP069026.1_cds_QRC93815.1_3797	JI435_156690
lcl|CP069026.1_cds_QRC93816.1_3798	JI435_404560
lcl|CP069026.1_cds_QRC93817.1_3799	JI435_404570
lcl|CP069026.1_cds_QRC93818.1_3800	JI435_156680
lcl|CP069026.1_cds_QRC93819.1_3801	JI435_404580
lcl|CP069026.1_cds_QRC93820.1_3802	JI435_309410
lcl|CP069026.1_cds_QRC93821.1_3803	JI435_156650
lcl|CP069026.1_cds_QRC93822.1_3804	JI435_156640
lcl|CP069026.1_cds_QRC93823.1_3805	JI435_156630
lcl|CP069026.1_cds_QRC93824.1_3806	JI435_156620
lcl|CP069026.1_cds_QRC93825.1_3807	JI435_156600
lcl|CP069026.1_cds_QRC93826.1_3808	JI435_156590
lcl|CP069026.1_cds_QRC93827.1_3809	JI435_156580
lcl|CP069026.1_cds_QRC93828.1_3810	JI435_156570
lcl|CP069026.1_cds_QRC93829.1_3811	JI435_156560
lcl|CP069026.1_cds_QRC93830.1_3812	JI435_156550
lcl|CP069026.1_cds_QRC93831.1_3813	JI435_156540
lcl|CP069026.1_cds_QRC93832.1_3814	JI435_156530
lcl|CP069026.1_cds_QRC93833.1_3815	JI435_404590
lcl|CP069026.1_cds_QRC93834.1_3816	JI435_156520
lcl|CP069026.1_cds_QRC93835.1_3817	JI435_404600
lcl|CP069026.1_cds_QRC93836.1_3818	JI435_156510
lcl|CP069026.1_cds_QRC93837.1_3819	JI435_156500
lcl|CP069026.1_cds_QRC93838.1_3820	JI435_156490
lcl|CP069026.1_cds_QRC93839.1_3821	JI435_404610
lcl|CP069026.1_cds_QRC93840.1_3822	JI435_156480
lcl|CP069026.1_cds_QRC93841.1_3823	JI435_404620
lcl|CP069026.1_cds_QRC93842.1_3824	JI435_156470
lcl|CP069026.1_cds_QRC93843.1_3825	JI435_156460
lcl|CP069026.1_cds_QRC93844.1_3826	JI435_156450
lcl|CP069026.1_cds_QRC93845.1_3827	JI435_156440
lcl|CP069026.1_cds_QRC93846.1_3828	JI435_156430
lcl|CP069026.1_cds_QRC93847.1_3829	JI435_404630
lcl|CP069026.1_cds_QRC93848.1_3830	JI435_156420
lcl|CP069026.1_cds_QRC93849.1_3831	JI435_156400
lcl|CP069026.1_cds_QRC93850.1_3832	JI435_156390
lcl|CP069026.1_cds_QRC93851.1_3833	JI435_156380
lcl|CP069026.1_cds_QRC93852.1_3834	JI435_309400
lcl|CP069026.1_cds_QRC93853.1_3835	JI435_156360
lcl|CP069026.1_cds_QRC93854.1_3836	JI435_156350
lcl|CP069026.1_cds_QRC93855.1_3837	JI435_404640
lcl|CP069026.1_cds_QRC93856.1_3838	JI435_156340
lcl|CP069026.1_cds_QRC93857.1_3839	JI435_156330
lcl|CP069026.1_cds_QRC93858.1_3840	JI435_404650
lcl|CP069026.1_cds_QRC93859.1_3841	JI435_156320
lcl|CP069026.1_cds_QRC93860.1_3842	JI435_156310
lcl|CP069026.1_cds_QRC93861.1_3843	JI435_429820
lcl|CP069026.1_cds_QRC93862.1_3844	JI435_156290
lcl|CP069026.1_cds_QRC93863.1_3845	JI435_156280
lcl|CP069026.1_cds_QRC93864.1_3846	JI435_156270
lcl|CP069026.1_cds_QRC93865.1_3847	JI435_156260
lcl|CP069026.1_cds_QRC93866.1_3848	JI435_156250
lcl|CP069026.1_cds_QRC93867.1_3849	JI435_404660
lcl|CP069026.1_cds_QRC93868.1_3850	JI435_156240
lcl|CP069026.1_cds_QRC93869.1_3851	JI435_156230
lcl|CP069026.1_cds_QRC93870.1_3852	JI435_156220
lcl|CP069026.1_cds_QRC93871.1_3853	JI435_404670
lcl|CP069026.1_cds_QRC93872.1_3854	JI435_404680
lcl|CP069026.1_cds_QRC93873.1_3855	JI435_404690
lcl|CP069026.1_cds_QRC93874.1_3856	JI435_156210
lcl|CP069026.1_cds_QRC93875.1_3857	JI435_156210
lcl|CP069026.1_cds_QRC93876.1_3858	JI435_404700
lcl|CP069026.1_cds_QRC93877.1_3859	JI435_156200
lcl|CP069026.1_cds_QRC93878.1_3860	JI435_404710
lcl|CP069026.1_cds_QRC93879.1_3861	JI435_156190
lcl|CP069026.1_cds_QRC93880.1_3862	JI435_156180
lcl|CP069026.1_cds_QRC93881.1_3863	JI435_156160
lcl|CP069026.1_cds_QRC93882.1_3864	JI435_156150
lcl|CP069026.1_cds_QRC93883.1_3865	JI435_156140
lcl|CP069026.1_cds_QRC93884.1_3866	JI435_156130
lcl|CP069026.1_cds_QRC93885.1_3867	JI435_156110
lcl|CP069026.1_cds_QRC93886.1_3868	JI435_429850
lcl|CP069026.1_cds_QRC93887.1_3869	JI435_156100
lcl|CP069026.1_cds_QRC93888.1_3870	JI435_156090
lcl|CP069026.1_cds_QRC93889.1_3871	JI435_156080
lcl|CP069026.1_cds_QRC93890.1_3872	JI435_156070
lcl|CP069026.1_cds_QRC93891.1_3873	JI435_156060
lcl|CP069026.1_cds_QRC93892.1_3874	JI435_156050
lcl|CP069026.1_cds_QRC93893.1_3875	JI435_156040
lcl|CP069026.1_cds_QRC93894.1_3876	JI435_156030
lcl|CP069026.1_cds_QRC93895.1_3877	JI435_156020
lcl|CP069026.1_cds_QRC93896.1_3878	JI435_404720
lcl|CP069026.1_cds_QRC93897.1_3879	JI435_404730
lcl|CP069026.1_cds_QRC93898.1_3880	JI435_404740
lcl|CP069026.1_cds_QRC93899.1_3881	JI435_156010
lcl|CP069026.1_cds_QRC93900.1_3882	JI435_156000
lcl|CP069026.1_cds_QRC93901.1_3883	JI435_155990
lcl|CP069026.1_cds_QRC93902.1_3884	JI435_155980
lcl|CP069026.1_cds_QRC93903.1_3885	JI435_155970
lcl|CP069026.1_cds_QRC93904.1_3886	JI435_309380
lcl|CP069026.1_cds_QRC93905.1_3887	JI435_155960
lcl|CP069026.1_cds_QRC93906.1_3888	JI435_155950
lcl|CP069026.1_cds_QRC93907.1_3889	JI435_155940
lcl|CP069026.1_cds_QRC93908.1_3890	JI435_155930
lcl|CP069026.1_cds_QRC93909.1_3891	JI435_404750
lcl|CP069026.1_cds_QRC93910.1_3892	JI435_155910
lcl|CP069026.1_cds_QRC93911.1_3893	JI435_155900
lcl|CP069026.1_cds_QRC93912.1_3894	JI435_155890
lcl|CP069026.1_cds_QRC93913.1_3895	JI435_404760
lcl|CP069026.1_cds_QRC93914.1_3896	JI435_404770
lcl|CP069026.1_cds_QRC93916.1_3897	JI435_155880
lcl|CP069026.1_cds_QRC93915.1_3898	JI435_155880
lcl|CP069026.1_cds_QRC93917.1_3899	JI435_404780
lcl|CP069026.1_cds_QRC93918.1_3900	JI435_155870
lcl|CP069026.1_cds_QRC93919.1_3901	JI435_155860
lcl|CP069026.1_cds_QRC93920.1_3902	JI435_155850
lcl|CP069026.1_cds_QRC93921.1_3903	JI435_155840
lcl|CP069026.1_cds_QRC93922.1_3904	JI435_155830
lcl|CP069026.1_cds_QRC93923.1_3905	JI435_309370
lcl|CP069026.1_cds_QRC93924.1_3906	JI435_155800
lcl|CP069026.1_cds_QRC93925.1_3907	JI435_155790
lcl|CP069026.1_cds_QRC93926.1_3908	JI435_155780
lcl|CP069026.1_cds_QRC93927.1_3909	JI435_155770
lcl|CP069026.1_cds_QRC93928.1_3910	JI435_155760
lcl|CP069026.1_cds_QRC93929.1_3911	JI435_404790
lcl|CP069026.1_cds_QRC93930.1_3912	JI435_155750
lcl|CP069026.1_cds_QRC93931.1_3913	JI435_155740
lcl|CP069026.1_cds_QRC93932.1_3914	JI435_155730
lcl|CP069026.1_cds_QRC93935.1_3915	JI435_155720
lcl|CP069026.1_cds_QRC93933.1_3916	JI435_155720
lcl|CP069026.1_cds_QRC93934.1_3917	JI435_155720
lcl|CP069026.1_cds_QRC93936.1_3918	JI435_155710
lcl|CP069026.1_cds_QRC93937.1_3919	JI435_429870
lcl|CP069026.1_cds_QRC93938.1_3920	JI435_155690
lcl|CP069026.1_cds_QRC93939.1_3921	JI435_155680
lcl|CP069026.1_cds_QRC93940.1_3922	JI435_155660
lcl|CP069026.1_cds_QRC93942.1_3923	JI435_155650
lcl|CP069026.1_cds_QRC93941.1_3924	JI435_155650
lcl|CP069026.1_cds_QRC93943.1_3925	JI435_155640
lcl|CP069026.1_cds_QRC93944.1_3926	JI435_155620
lcl|CP069026.1_cds_QRC93945.1_3927	JI435_155610
lcl|CP069026.1_cds_QRC93946.1_3928	JI435_155600
lcl|CP069026.1_cds_QRC93947.1_3929	JI435_155580
lcl|CP069026.1_cds_QRC93948.1_3930	JI435_155570
lcl|CP069026.1_cds_QRC93949.1_3931	JI435_404800
lcl|CP069026.1_cds_QRC93950.1_3932	JI435_404810
lcl|CP069026.1_cds_QRC93951.1_3933	JI435_155560
lcl|CP069026.1_cds_QRC93952.1_3934	JI435_155550
lcl|CP069026.1_cds_QRC93953.1_3935	JI435_404820
lcl|CP069026.1_cds_QRC93954.1_3936	JI435_155540
lcl|CP069026.1_cds_QRC93955.1_3937	JI435_155530
lcl|CP069026.1_cds_QRC93956.1_3938	JI435_404830
lcl|CP069026.1_cds_QRC93957.1_3939	JI435_404840
lcl|CP069026.1_cds_QRC93958.1_3940	JI435_155520
lcl|CP069026.1_cds_QRC93959.1_3941	JI435_155510
lcl|CP069026.1_cds_QRC93960.1_3942	JI435_201760
lcl|CP069026.1_cds_QRC93961.1_3943	JI435_155500
lcl|CP069026.1_cds_QRC93962.1_3944	JI435_155490
lcl|CP069026.1_cds_QRC93963.1_3945	JI435_155480
lcl|CP069026.1_cds_QRC93964.1_3946	JI435_155470
lcl|CP069026.1_cds_QRC93965.1_3947	JI435_404850
lcl|CP069026.1_cds_QRC93966.1_3948	JI435_155460
lcl|CP069026.1_cds_QRC93967.1_3949	JI435_155450
lcl|CP069026.1_cds_QRC93968.1_3950	JI435_155440
lcl|CP069026.1_cds_QRC93969.1_3951	JI435_404860
lcl|CP069026.1_cds_QRC93970.1_3952	JI435_155430
lcl|CP069026.1_cds_QRC93971.1_3953	JI435_165570
lcl|CP069026.1_cds_QRC93972.1_3954	JI435_165560
lcl|CP069026.1_cds_QRC93973.1_3955	JI435_429910
lcl|CP069026.1_cds_QRC93974.1_3956	JI435_404870
lcl|CP069026.1_cds_QRC93975.1_3957	JI435_309900
lcl|CP069026.1_cds_QRC93976.1_3958	JI435_309890
lcl|CP069026.1_cds_QRC93977.1_3959	JI435_309880
lcl|CP069026.1_cds_QRC93978.1_3960	JI435_165720
lcl|CP069026.1_cds_QRC93979.1_3961	JI435_404880
lcl|CP069026.1_cds_QRC93980.1_3962	JI435_404890
lcl|CP069026.1_cds_QRC93981.1_3963	JI435_165710
lcl|CP069026.1_cds_QRC93982.1_3964	JI435_404900
lcl|CP069026.1_cds_QRC93983.1_3965	JI435_404910
lcl|CP069026.1_cds_QRC93984.1_3966	JI435_165700
lcl|CP069026.1_cds_QRC93985.1_3967	JI435_165690
lcl|CP069026.1_cds_QRC93986.1_3968	JI435_404920
lcl|CP069026.1_cds_QRC93988.1_3969	JI435_072810
lcl|CP069026.1_cds_QRC93987.1_3970	JI435_072810
lcl|CP069026.1_cds_QRC93989.1_3971	JI435_072830
lcl|CP069026.1_cds_QRC93990.1_3972	JI435_404930
lcl|CP069026.1_cds_QRC93991.1_3973	JI435_072840
lcl|CP069026.1_cds_QRC93992.1_3974	JI435_072850
lcl|CP069026.1_cds_QRC93993.1_3975	JI435_404940
lcl|CP069026.1_cds_QRC93994.1_3976	JI435_072870
lcl|CP069026.1_cds_QRC93995.1_3977	JI435_404950
lcl|CP069026.1_cds_QRC93996.1_3978	JI435_072880
lcl|CP069026.1_cds_QRC93997.1_3979	JI435_072890
lcl|CP069026.1_cds_QRC93998.1_3980	JI435_072900
lcl|CP069026.1_cds_QRC93999.1_3981	JI435_404960
lcl|CP069026.1_cds_QRC94000.1_3982	JI435_430070
lcl|CP069026.1_cds_QRC94001.1_3983	JI435_072920
lcl|CP069026.1_cds_QRC94002.1_3984	JI435_430080
lcl|CP069026.1_cds_QRC94003.1_3985	JI435_072940
lcl|CP069026.1_cds_QRC94004.1_3986	JI435_404970
lcl|CP069026.1_cds_QRC94005.1_3987	JI435_072960
lcl|CP069026.1_cds_QRC94006.1_3988	JI435_404980
lcl|CP069026.1_cds_QRC94007.1_3989	JI435_072970
lcl|CP069026.1_cds_QRC94008.1_3990	JI435_072980
lcl|CP069026.1_cds_QRC94009.1_3991	JI435_072990
lcl|CP069026.1_cds_QRC94010.1_3992	JI435_073000
lcl|CP069026.1_cds_QRC94011.1_3993	JI435_073010
lcl|CP069026.1_cds_QRC94012.1_3994	JI435_404990
lcl|CP069026.1_cds_QRC94013.1_3995	JI435_305180
lcl|CP069026.1_cds_QRC94014.1_3996	JI435_073030
lcl|CP069026.1_cds_QRC94015.1_3997	JI435_430100
lcl|CP069026.1_cds_QRC94016.1_3998	JI435_073040
lcl|CP069026.1_cds_QRC94017.1_3999	JI435_073050
lcl|CP069026.1_cds_QRC94018.1_4000	JI435_073060
lcl|CP069026.1_cds_QRC94019.1_4001	JI435_405000
lcl|CP069026.1_cds_QRC94020.1_4002	JI435_405000
lcl|CP069026.1_cds_QRC94021.1_4003	JI435_405000
lcl|CP069026.1_cds_QRC94022.1_4004	JI435_405010
lcl|CP069026.1_cds_QRC94023.1_4005	JI435_405020
lcl|CP069026.1_cds_QRC94024.1_4006	JI435_073070
lcl|CP069026.1_cds_QRC94025.1_4007	JI435_073100
lcl|CP069026.1_cds_QRC94026.1_4008	JI435_073110
lcl|CP069026.1_cds_QRC94027.1_4009	JI435_430110
lcl|CP069026.1_cds_QRC94028.1_4010	JI435_073130
lcl|CP069026.1_cds_QRC94029.1_4011	JI435_073140
lcl|CP069026.1_cds_QRC94030.1_4012	JI435_073160
lcl|CP069026.1_cds_QRC94031.1_4013	JI435_305190
lcl|CP069026.1_cds_QRC94032.1_4014	JI435_073180
lcl|CP069026.1_cds_QRC94033.1_4015	JI435_073190
lcl|CP069026.1_cds_QRC94034.1_4016	JI435_073200
lcl|CP069026.1_cds_QRC94036.1_4017	JI435_073210
lcl|CP069026.1_cds_QRC94035.1_4018	JI435_073210
lcl|CP069026.1_cds_QRC94037.1_4019	JI435_405030
lcl|CP069026.1_cds_QRC94038.1_4020	JI435_073220
lcl|CP069026.1_cds_QRC94039.1_4021	JI435_073240
lcl|CP069026.1_cds_QRC94040.1_4022	JI435_073250
lcl|CP069026.1_cds_QRC94041.1_4023	JI435_073260
lcl|CP069026.1_cds_QRC94042.1_4024	JI435_405040
lcl|CP069026.1_cds_QRC94043.1_4025	JI435_073270
lcl|CP069026.1_cds_QRC94044.1_4026	JI435_073280
lcl|CP069026.1_cds_QRC94045.1_4027	JI435_405050
lcl|CP069026.1_cds_QRC94046.1_4028	JI435_073290
lcl|CP069026.1_cds_QRC94047.1_4029	JI435_073300
lcl|CP069026.1_cds_QRC94048.1_4030	JI435_405060
lcl|CP069026.1_cds_QRC94049.1_4031	JI435_073310
lcl|CP069026.1_cds_QRC94050.1_4032	JI435_073310
lcl|CP069026.1_cds_QRC94051.1_4033	JI435_073320
lcl|CP069026.1_cds_QRC94052.1_4034	JI435_073330
lcl|CP069026.1_cds_QRC94053.1_4035	JI435_073340
lcl|CP069026.1_cds_QRC94054.1_4036	JI435_405070
lcl|CP069026.1_cds_QRC94055.1_4037	JI435_073360
lcl|CP069026.1_cds_QRC94056.1_4038	JI435_073370
lcl|CP069026.1_cds_QRC94057.1_4039	JI435_405080
lcl|CP069026.1_cds_QRC94058.1_4040	JI435_405090
lcl|CP069026.1_cds_QRC94060.1_4041	JI435_073380
lcl|CP069026.1_cds_QRC94059.1_4042	JI435_073380
lcl|CP069026.1_cds_QRC94061.1_4043	JI435_405100
lcl|CP069026.1_cds_QRC94062.1_4044	JI435_405110
lcl|CP069026.1_cds_QRC94063.1_4045	JI435_073400
lcl|CP069026.1_cds_QRC94064.1_4046	JI435_073420
lcl|CP069026.1_cds_QRC94065.1_4047	JI435_430150
lcl|CP069026.1_cds_QRC94066.1_4048	JI435_073490
lcl|CP069026.1_cds_QRC94067.1_4049	JI435_073500
lcl|CP069026.1_cds_QRC94068.1_4050	JI435_430170
lcl|CP069026.1_cds_QRC94069.1_4051	JI435_073510
lcl|CP069026.1_cds_QRC94070.1_4052	JI435_073520
lcl|CP069026.1_cds_QRC94071.1_4053	JI435_305220
lcl|CP069026.1_cds_QRC94072.1_4054	JI435_073540
lcl|CP069026.1_cds_QRC94073.1_4055	JI435_073550
lcl|CP069026.1_cds_QRC94074.1_4056	JI435_073560
lcl|CP069026.1_cds_QRC94075.1_4057	JI435_073570
lcl|CP069026.1_cds_QRC94076.1_4058	JI435_073580
lcl|CP069026.1_cds_QRC94077.1_4059	JI435_073590
lcl|CP069026.1_cds_QRC94078.1_4060	JI435_073600
lcl|CP069026.1_cds_QRC94079.1_4061	JI435_073610
lcl|CP069026.1_cds_QRC94080.1_4062	JI435_305230
lcl|CP069026.1_cds_QRC94081.1_4063	JI435_430180
lcl|CP069026.1_cds_QRC94082.1_4064	JI435_073640
lcl|CP069026.1_cds_QRC94083.1_4065	JI435_430190
lcl|CP069026.1_cds_QRC94084.1_4066	JI435_305240
lcl|CP069026.1_cds_QRC94085.1_4067	JI435_073690
lcl|CP069026.1_cds_QRC94086.1_4068	JI435_405120
lcl|CP069026.1_cds_QRC94087.1_4069	JI435_073700
lcl|CP069026.1_cds_QRC94088.1_4070	JI435_305250
lcl|CP069026.1_cds_QRC94089.1_4071	JI435_073710
lcl|CP069026.1_cds_QRC94090.1_4072	JI435_305260
lcl|CP069026.1_cds_QRC94091.1_4073	JI435_430200
lcl|CP069026.1_cds_QRC94092.1_4074	JI435_405130
lcl|CP069026.1_cds_QRC94093.1_4075	JI435_073730
lcl|CP069026.1_cds_QRC94094.1_4076	JI435_430210
lcl|CP069026.1_cds_QRC94095.1_4077	JI435_405140
lcl|CP069026.1_cds_QRC94096.1_4078	JI435_073740
lcl|CP069026.1_cds_QRC94097.1_4079	JI435_073750
lcl|CP069026.1_cds_QRC94098.1_4080	JI435_405150
lcl|CP069026.1_cds_QRC94099.1_4081	JI435_073760
lcl|CP069026.1_cds_QRC94100.1_4082	JI435_073770
lcl|CP069026.1_cds_QRC94101.1_4083	JI435_073780
lcl|CP069026.1_cds_QRC94102.1_4084	JI435_430220
lcl|CP069026.1_cds_QRC94103.1_4085	JI435_073790
lcl|CP069026.1_cds_QRC94104.1_4086	JI435_073810
lcl|CP069026.1_cds_QRC94105.1_4087	JI435_073820
lcl|CP069026.1_cds_QRC94106.1_4088	JI435_405160
lcl|CP069026.1_cds_QRC94107.1_4089	JI435_073830
lcl|CP069026.1_cds_QRC94108.1_4090	JI435_073850
lcl|CP069026.1_cds_QRC94109.1_4091	JI435_430230
lcl|CP069026.1_cds_QRC94110.1_4092	JI435_405170
lcl|CP069026.1_cds_QRC94111.1_4093	JI435_405180
lcl|CP069026.1_cds_QRC94112.1_4094	JI435_073900
lcl|CP069026.1_cds_QRC94113.1_4095	JI435_305270
lcl|CP069026.1_cds_QRC94114.1_4096	JI435_073920
lcl|CP069026.1_cds_QRC94115.1_4097	JI435_073930
lcl|CP069026.1_cds_QRC94116.1_4098	JI435_073950
lcl|CP069026.1_cds_QRC94117.1_4099	JI435_430270
lcl|CP069026.1_cds_QRC94118.1_4100	JI435_073970
lcl|CP069026.1_cds_QRC94119.1_4101	JI435_073990
lcl|CP069026.1_cds_QRC94120.1_4102	JI435_405190
lcl|CP069026.1_cds_QRC94121.1_4103	JI435_074000
lcl|CP069026.1_cds_QRC94122.1_4104	JI435_074020
lcl|CP069026.1_cds_QRC94123.1_4105	JI435_305280
lcl|CP069026.1_cds_QRC94124.1_4106	JI435_074040
lcl|CP069026.1_cds_QRC94125.1_4107	JI435_074050
lcl|CP069026.1_cds_QRC94126.1_4108	JI435_074060
lcl|CP069026.1_cds_QRC94127.1_4109	JI435_405200
lcl|CP069026.1_cds_QRC94128.1_4110	JI435_405210
lcl|CP069026.1_cds_QRC94129.1_4111	JI435_074070
lcl|CP069026.1_cds_QRC94130.1_4112	JI435_430290
lcl|CP069026.1_cds_QRC94131.1_4113	JI435_405220
lcl|CP069026.1_cds_QRC94132.1_4114	JI435_405230
lcl|CP069026.1_cds_QRC94133.1_4115	JI435_074090
lcl|CP069026.1_cds_QRC94134.1_4116	JI435_074100
lcl|CP069026.1_cds_QRC94135.1_4117	JI435_405240
lcl|CP069026.1_cds_QRC94136.1_4118	JI435_305290
lcl|CP069026.1_cds_QRC94137.1_4119	JI435_305290
lcl|CP069026.1_cds_QRC94139.1_4120	JI435_074120
lcl|CP069026.1_cds_QRC94138.1_4121	JI435_074120
lcl|CP069026.1_cds_QRC94140.1_4122	JI435_074130
lcl|CP069026.1_cds_QRC94141.1_4123	JI435_305300
lcl|CP069026.1_cds_QRC94142.1_4124	JI435_074160
lcl|CP069026.1_cds_QRC94143.1_4125	JI435_405250
lcl|CP069026.1_cds_QRC94144.1_4126	JI435_074170
lcl|CP069026.1_cds_QRC94145.1_4127	JI435_430320
lcl|CP069026.1_cds_QRC94146.1_4128	JI435_074200
lcl|CP069026.1_cds_QRC94147.1_4129	JI435_074210
lcl|CP069026.1_cds_QRC94148.1_4130	JI435_074230
lcl|CP069026.1_cds_QRC94149.1_4131	JI435_074240
lcl|CP069026.1_cds_QRC94150.1_4132	JI435_074250
lcl|CP069026.1_cds_QRC94151.1_4133	JI435_074260
lcl|CP069026.1_cds_QRC94152.1_4134	JI435_074270
lcl|CP069026.1_cds_QRC94153.1_4135	JI435_074280
lcl|CP069026.1_cds_QRC94154.1_4136	JI435_074290
lcl|CP069026.1_cds_QRC94155.1_4137	JI435_074300
lcl|CP069026.1_cds_QRC94156.1_4138	JI435_074310
lcl|CP069026.1_cds_QRC94157.1_4139	JI435_405260
lcl|CP069026.1_cds_QRC94158.1_4140	JI435_074320
lcl|CP069026.1_cds_QRC94159.1_4141	JI435_074330
lcl|CP069026.1_cds_QRC94160.1_4142	JI435_074340
lcl|CP069026.1_cds_QRC94161.1_4143	JI435_074350
lcl|CP069026.1_cds_QRC94162.1_4144	JI435_405270
lcl|CP069026.1_cds_QRC94163.1_4145	JI435_405280
lcl|CP069026.1_cds_QRC94164.1_4146	JI435_074370
lcl|CP069026.1_cds_QRC94165.1_4147	JI435_074380
lcl|CP069026.1_cds_QRC94166.1_4148	JI435_074390
lcl|CP069026.1_cds_QRC94167.1_4149	JI435_074410
lcl|CP069026.1_cds_QRC94168.1_4150	JI435_074420
lcl|CP069026.1_cds_QRC94169.1_4151	JI435_074430
lcl|CP069026.1_cds_QRC94170.1_4152	JI435_074440
lcl|CP069026.1_cds_QRC94171.1_4153	JI435_074450
lcl|CP069026.1_cds_QRC94172.1_4154	JI435_074460
lcl|CP069026.1_cds_QRC94173.1_4155	JI435_074470
lcl|CP069026.1_cds_QRC94174.1_4156	JI435_074480
lcl|CP069026.1_cds_QRC94175.1_4157	JI435_074490
lcl|CP069026.1_cds_QRC94176.1_4158	JI435_200840
lcl|CP069026.1_cds_QRC94177.1_4159	JI435_074500
lcl|CP069026.1_cds_QRC94178.1_4160	JI435_405290
lcl|CP069026.1_cds_QRC94179.1_4161	JI435_405300
lcl|CP069026.1_cds_QRC94180.1_4162	JI435_074510
lcl|CP069026.1_cds_QRC94181.1_4163	JI435_074530
lcl|CP069026.1_cds_QRC94182.1_4164	JI435_074540
lcl|CP069026.1_cds_QRC94183.1_4165	JI435_074550
lcl|CP069026.1_cds_QRC94184.1_4166	JI435_405310
lcl|CP069026.1_cds_QRC94185.1_4167	JI435_074560
lcl|CP069026.1_cds_QRC94186.1_4168	JI435_074570
lcl|CP069026.1_cds_QRC94187.1_4169	JI435_305320
lcl|CP069026.1_cds_QRC94188.1_4170	JI435_074590
lcl|CP069026.1_cds_QRC94189.1_4171	JI435_074600
lcl|CP069026.1_cds_QRC94190.1_4172	JI435_074610
lcl|CP069026.1_cds_QRC94191.1_4173	JI435_074630
lcl|CP069026.1_cds_QRC94192.1_4174	JI435_074640
lcl|CP069026.1_cds_QRC94193.1_4175	JI435_405320
lcl|CP069026.1_cds_QRC94194.1_4176	JI435_074650
lcl|CP069026.1_cds_QRC94195.1_4177	JI435_074660
lcl|CP069026.1_cds_QRC94196.1_4178	JI435_074670
lcl|CP069026.1_cds_QRC94197.1_4179	JI435_405330
lcl|CP069026.1_cds_QRC94198.1_4180	JI435_405340
lcl|CP069026.1_cds_QRC94199.1_4181	JI435_074680
lcl|CP069026.1_cds_QRC94200.1_4182	JI435_405350
lcl|CP069026.1_cds_QRC94201.1_4183	JI435_074690
lcl|CP069026.1_cds_QRC94202.1_4184	JI435_074710
lcl|CP069026.1_cds_QRC94203.1_4185	JI435_305340
lcl|CP069026.1_cds_QRC94204.1_4186	JI435_074730
lcl|CP069026.1_cds_QRC94205.1_4187	JI435_430350
lcl|CP069026.1_cds_QRC94206.1_4188	JI435_074750
lcl|CP069026.1_cds_QRC94207.1_4189	JI435_074760
lcl|CP069026.1_cds_QRC94208.1_4190	JI435_074770
lcl|CP069026.1_cds_QRC94209.1_4191	JI435_074780
lcl|CP069026.1_cds_QRC94210.1_4192	JI435_405360
lcl|CP069026.1_cds_QRC94211.1_4193	JI435_074790
lcl|CP069026.1_cds_QRC94212.1_4194	JI435_074800
lcl|CP069026.1_cds_QRC94213.1_4195	JI435_405370
lcl|CP069026.1_cds_QRC94214.1_4196	JI435_074810
lcl|CP069026.1_cds_QRC94215.1_4197	JI435_074820
lcl|CP069026.1_cds_QRC94216.1_4198	JI435_405380
lcl|CP069026.1_cds_QRC94217.1_4199	JI435_074840
lcl|CP069026.1_cds_QRC94218.1_4200	JI435_405390
lcl|CP069026.1_cds_QRC94220.1_4201	JI435_074860
lcl|CP069026.1_cds_QRC94219.1_4202	JI435_405400
lcl|CP069026.1_cds_QRC94221.1_4203	JI435_074880
lcl|CP069026.1_cds_QRC94222.1_4204	JI435_074890
lcl|CP069026.1_cds_QRC94223.1_4205	JI435_430360
lcl|CP069026.1_cds_QRC94224.1_4206	JI435_430380
lcl|CP069026.1_cds_QRC94225.1_4207	JI435_074930
lcl|CP069026.1_cds_QRC94226.1_4208	JI435_405410
lcl|CP069026.1_cds_QRC94227.1_4209	JI435_405420
lcl|CP069026.1_cds_QRC94228.1_4210	JI435_074940
lcl|CP069026.1_cds_QRC94229.1_4211	JI435_405430
lcl|CP069026.1_cds_QRC94230.1_4212	JI435_074950
lcl|CP069026.1_cds_QRC94231.1_4213	JI435_074960
lcl|CP069026.1_cds_QRC94232.1_4214	JI435_405440
lcl|CP069026.1_cds_QRC94233.1_4215	JI435_074970
lcl|CP069026.1_cds_QRC94234.1_4216	JI435_074980
lcl|CP069026.1_cds_QRC94235.1_4217	JI435_074990
lcl|CP069026.1_cds_QRC94236.1_4218	JI435_075000
lcl|CP069026.1_cds_QRC94237.1_4219	JI435_075010
lcl|CP069026.1_cds_QRC94238.1_4220	JI435_075010
lcl|CP069026.1_cds_QRC94239.1_4221	JI435_405450
lcl|CP069026.1_cds_QRC94240.1_4222	JI435_075020
lcl|CP069026.1_cds_QRC94241.1_4223	JI435_075030
lcl|CP069026.1_cds_QRC94242.1_4224	JI435_075040
lcl|CP069026.1_cds_QRC94243.1_4225	JI435_075050
lcl|CP069026.1_cds_QRC94244.1_4226	JI435_075060
lcl|CP069026.1_cds_QRC94246.1_4227	JI435_075070
lcl|CP069026.1_cds_QRC94245.1_4228	JI435_075070
lcl|CP069026.1_cds_QRC94247.1_4229	JI435_405460
lcl|CP069026.1_cds_QRC94248.1_4230	JI435_075090
lcl|CP069026.1_cds_QRC94249.1_4231	JI435_075100
lcl|CP069026.1_cds_QRC94250.1_4232	JI435_075110
lcl|CP069026.1_cds_QRC94251.1_4233	JI435_075120
lcl|CP069026.1_cds_QRC94252.1_4234	JI435_405470
lcl|CP069026.1_cds_QRC94253.1_4235	JI435_075130
lcl|CP069026.1_cds_QRC94254.1_4236	JI435_075140
lcl|CP069026.1_cds_QRC94255.1_4237	JI435_075150
lcl|CP069026.1_cds_QRC94256.1_4238	JI435_075160
lcl|CP069026.1_cds_QRC94257.1_4239	JI435_075170
lcl|CP069026.1_cds_QRC94258.1_4240	JI435_405480
lcl|CP069026.1_cds_QRC94259.1_4241	JI435_075180
lcl|CP069026.1_cds_QRC94260.1_4242	JI435_075190
lcl|CP069026.1_cds_QRC94261.1_4243	JI435_075200
lcl|CP069026.1_cds_QRC94262.1_4244	JI435_305360
lcl|CP069026.1_cds_QRC94263.1_4245	JI435_075230
lcl|CP069026.1_cds_QRC94264.1_4246	JI435_305370
lcl|CP069026.1_cds_QRC94265.1_4247	JI435_075250
lcl|CP069026.1_cds_QRC94266.1_4248	JI435_075270
lcl|CP069026.1_cds_QRC94267.1_4249	JI435_405490
lcl|CP069026.1_cds_QRC94268.1_4250	JI435_075290
lcl|CP069026.1_cds_QRC94269.1_4251	JI435_405500
lcl|CP069026.1_cds_QRC94270.1_4252	JI435_075300
lcl|CP069026.1_cds_QRC94271.1_4253	JI435_405510
lcl|CP069026.1_cds_QRC94272.1_4254	JI435_405520
lcl|CP069026.1_cds_QRC94273.1_4255	JI435_075310
lcl|CP069026.1_cds_QRC94274.1_4256	JI435_075320
lcl|CP069026.1_cds_QRC94275.1_4257	JI435_405530
lcl|CP069026.1_cds_QRC94276.1_4258	JI435_075330
lcl|CP069026.1_cds_QRC94277.1_4259	JI435_405540
lcl|CP069026.1_cds_QRC94278.1_4260	JI435_075340
lcl|CP069026.1_cds_QRC94279.1_4261	JI435_075350
lcl|CP069026.1_cds_QRC94280.1_4262	JI435_075360
lcl|CP069026.1_cds_QRC94281.1_4263	JI435_075370
lcl|CP069026.1_cds_QRC94282.1_4264	JI435_075380
lcl|CP069026.1_cds_QRC94283.1_4265	JI435_075390
lcl|CP069026.1_cds_QRC94284.1_4266	JI435_075400
lcl|CP069026.1_cds_QRC94285.1_4267	JI435_075410
lcl|CP069026.1_cds_QRC94286.1_4268	JI435_075420
lcl|CP069026.1_cds_QRC94287.1_4269	JI435_405550
lcl|CP069026.1_cds_QRC94288.1_4270	JI435_075430
lcl|CP069026.1_cds_QRC94289.1_4271	JI435_075450
lcl|CP069026.1_cds_QRC94290.1_4272	JI435_075460
lcl|CP069026.1_cds_QRC94291.1_4273	JI435_305390
lcl|CP069026.1_cds_QRC94292.1_4274	JI435_305400
lcl|CP069026.1_cds_QRC94293.1_4275	JI435_075480
lcl|CP069026.1_cds_QRC94294.1_4276	JI435_405560
lcl|CP069026.1_cds_QRC94295.1_4277	JI435_075490
lcl|CP069026.1_cds_QRC94296.1_4278	JI435_405570
lcl|CP069026.1_cds_QRC94297.1_4279	JI435_075500
lcl|CP069026.1_cds_QRC94298.1_4280	JI435_075510
lcl|CP069026.1_cds_QRC94299.1_4281	JI435_075520
lcl|CP069026.1_cds_QRC94300.1_4282	JI435_075530
lcl|CP069026.1_cds_QRC94301.1_4283	JI435_075540
lcl|CP069026.1_cds_QRC94302.1_4284	JI435_075550
lcl|CP069026.1_cds_QRC94303.1_4285	JI435_405580
lcl|CP069026.1_cds_QRC94304.1_4286	JI435_075560
lcl|CP069026.1_cds_QRC94305.1_4287	JI435_075570
lcl|CP069026.1_cds_QRC94306.1_4288	JI435_075590
lcl|CP069026.1_cds_QRC94307.1_4289	JI435_305410
lcl|CP069026.1_cds_QRC94308.1_4290	JI435_075600
lcl|CP069026.1_cds_QRC94309.1_4291	JI435_075610
lcl|CP069026.1_cds_QRC94310.1_4292	JI435_075620
lcl|CP069026.1_cds_QRC94311.1_4293	JI435_075630
lcl|CP069026.1_cds_QRC94312.1_4294	JI435_405590
lcl|CP069026.1_cds_QRC94313.1_4295	JI435_405600
lcl|CP069026.1_cds_QRC94315.1_4296	JI435_075650
lcl|CP069026.1_cds_QRC94314.1_4297	JI435_075650
lcl|CP069026.1_cds_QRC94316.1_4298	JI435_405610
lcl|CP069026.1_cds_QRC94317.1_4299	JI435_075660
lcl|CP069026.1_cds_QRC94318.1_4300	JI435_075670
lcl|CP069026.1_cds_QRC94319.1_4301	JI435_075680
lcl|CP069026.1_cds_QRC94320.1_4302	JI435_405620
lcl|CP069026.1_cds_QRC94321.1_4303	JI435_405630
lcl|CP069026.1_cds_QRC94322.1_4304	JI435_075690
lcl|CP069026.1_cds_QRC94323.1_4305	JI435_405640
lcl|CP069026.1_cds_QRC94324.1_4306	JI435_405650
lcl|CP069026.1_cds_QRC94325.1_4307	JI435_075710
lcl|CP069026.1_cds_QRC94326.1_4308	JI435_075720
lcl|CP069026.1_cds_QRC94327.1_4309	JI435_075730
lcl|CP069026.1_cds_QRC94328.1_4310	JI435_405660
lcl|CP069026.1_cds_QRC94329.1_4311	JI435_405670
lcl|CP069026.1_cds_QRC94330.1_4312	JI435_075740
lcl|CP069026.1_cds_QRC94331.1_4313	JI435_405680
lcl|CP069026.1_cds_QRC94332.1_4314	JI435_075750
lcl|CP069026.1_cds_QRC94333.1_4315	JI435_075760
lcl|CP069026.1_cds_QRC94334.1_4316	JI435_075770
lcl|CP069026.1_cds_QRC94335.1_4317	JI435_075780
lcl|CP069026.1_cds_QRC94336.1_4318	JI435_075790
lcl|CP069026.1_cds_QRC94337.1_4319	JI435_075800
lcl|CP069026.1_cds_QRC94338.1_4320	JI435_075810
lcl|CP069026.1_cds_QRC94339.1_4321	JI435_075820
lcl|CP069026.1_cds_QRC94340.1_4322	JI435_405690
lcl|CP069026.1_cds_QRC94341.1_4323	JI435_075840
lcl|CP069026.1_cds_QRC94342.1_4324	JI435_075850
lcl|CP069026.1_cds_QRC94343.1_4325	JI435_075860
lcl|CP069026.1_cds_QRC94344.1_4326	JI435_075870
lcl|CP069026.1_cds_QRC94345.1_4327	JI435_075880
lcl|CP069026.1_cds_QRC94346.1_4328	JI435_405700
lcl|CP069026.1_cds_QRC94347.1_4329	JI435_075890
lcl|CP069026.1_cds_QRC94348.1_4330	JI435_075900
lcl|CP069026.1_cds_QRC94349.1_4331	JI435_075910
lcl|CP069026.1_cds_QRC94350.1_4332	JI435_075920
lcl|CP069026.1_cds_QRC94351.1_4333	JI435_075930
lcl|CP069026.1_cds_QRC94352.1_4334	JI435_075940
lcl|CP069026.1_cds_QRC94353.1_4335	JI435_075950
lcl|CP069026.1_cds_QRC94354.1_4336	JI435_075960
lcl|CP069026.1_cds_QRC94355.1_4337	JI435_075970
lcl|CP069026.1_cds_QRC94356.1_4338	JI435_075980
lcl|CP069026.1_cds_QRC94357.1_4339	JI435_075990
lcl|CP069026.1_cds_QRC94358.1_4340	JI435_076010
lcl|CP069026.1_cds_QRC94359.1_4341	JI435_076030
lcl|CP069026.1_cds_QRC94360.1_4342	JI435_076040
lcl|CP069026.1_cds_QRC94361.1_4343	JI435_076060
lcl|CP069026.1_cds_QRC94362.1_4344	JI435_076070
lcl|CP069026.1_cds_QRC94363.1_4345	JI435_076080
lcl|CP069026.1_cds_QRC94364.1_4346	JI435_076090
lcl|CP069026.1_cds_QRC94365.1_4347	JI435_076100
lcl|CP069026.1_cds_QRC94366.1_4348	JI435_076110
lcl|CP069026.1_cds_QRC94367.1_4349	JI435_076120
lcl|CP069026.1_cds_QRC94368.1_4350	JI435_076130
lcl|CP069026.1_cds_QRC94369.1_4351	JI435_076150
lcl|CP069026.1_cds_QRC94370.1_4352	JI435_430650
lcl|CP069026.1_cds_QRC94371.1_4353	JI435_076170
lcl|CP069026.1_cds_QRC94372.1_4354	JI435_076180
lcl|CP069026.1_cds_QRC94373.1_4355	JI435_405710
lcl|CP069026.1_cds_QRC94374.1_4356	JI435_076190
lcl|CP069026.1_cds_QRC94375.1_4357	JI435_076200
lcl|CP069026.1_cds_QRC94376.1_4358	JI435_076210
lcl|CP069026.1_cds_QRC94377.1_4359	JI435_076220
lcl|CP069026.1_cds_QRC94378.1_4360	JI435_305430
lcl|CP069026.1_cds_QRC94379.1_4361	JI435_076230
lcl|CP069026.1_cds_QRC94380.1_4362	JI435_430660
lcl|CP069026.1_cds_QRC94381.1_4363	JI435_405720
lcl|CP069026.1_cds_QRC94382.1_4364	JI435_076250
lcl|CP069026.1_cds_QRC94383.1_4365	JI435_305440
lcl|CP069026.1_cds_QRC94384.1_4366	JI435_076260
lcl|CP069026.1_cds_QRC94385.1_4367	JI435_076270
lcl|CP069026.1_cds_QRC94386.1_4368	JI435_076280
lcl|CP069026.1_cds_QRC94387.1_4369	JI435_405730
lcl|CP069026.1_cds_QRC94388.1_4370	JI435_076290
lcl|CP069026.1_cds_QRC94389.1_4371	JI435_305450
lcl|CP069026.1_cds_QRC94390.1_4372	JI435_076330
lcl|CP069026.1_cds_QRC94391.1_4373	JI435_405740
lcl|CP069026.1_cds_QRC94392.1_4374	JI435_305460
lcl|CP069026.1_cds_QRC94393.1_4375	JI435_076360
lcl|CP069026.1_cds_QRC94394.1_4376	JI435_076380
lcl|CP069026.1_cds_QRC94395.1_4377	JI435_076390
lcl|CP069026.1_cds_QRC94396.1_4378	JI435_076420
lcl|CP069026.1_cds_QRC94397.1_4379	JI435_076430
lcl|CP069026.1_cds_QRC94398.1_4380	JI435_076440
lcl|CP069026.1_cds_QRC94399.1_4381	JI435_076450
lcl|CP069026.1_cds_QRC94400.1_4382	JI435_405750
lcl|CP069026.1_cds_QRC94401.1_4383	JI435_076460
lcl|CP069026.1_cds_QRC94402.1_4384	JI435_076470
lcl|CP069026.1_cds_QRC94403.1_4385	JI435_076480
lcl|CP069026.1_cds_QRC94404.1_4386	JI435_076490
lcl|CP069026.1_cds_QRC94405.1_4387	JI435_430680
lcl|CP069026.1_cds_QRC94406.1_4388	JI435_076510
lcl|CP069026.1_cds_QRC94407.1_4389	JI435_076530
lcl|CP069026.1_cds_QRC94408.1_4390	JI435_076540
lcl|CP069026.1_cds_QRC94409.1_4391	JI435_076550
lcl|CP069026.1_cds_QRC94410.1_4392	JI435_076560
lcl|CP069026.1_cds_QRC94411.1_4393	JI435_405760
lcl|CP069026.1_cds_QRC94412.1_4394	JI435_076570
lcl|CP069026.1_cds_QRC94413.1_4395	JI435_076580
lcl|CP069026.1_cds_QRC94414.1_4396	JI435_076590
lcl|CP069026.1_cds_QRC94415.1_4397	JI435_076600
lcl|CP069026.1_cds_QRC94416.1_4398	JI435_076610
lcl|CP069026.1_cds_QRC94417.1_4399	JI435_076620
lcl|CP069026.1_cds_QRC94418.1_4400	JI435_405770
lcl|CP069026.1_cds_QRC94419.1_4401	JI435_076640
lcl|CP069026.1_cds_QRC94420.1_4402	JI435_405780
lcl|CP069026.1_cds_QRC94421.1_4403	JI435_076650
lcl|CP069026.1_cds_QRC94422.1_4404	JI435_405790
lcl|CP069026.1_cds_QRC94423.1_4405	JI435_405800
lcl|CP069026.1_cds_QRC94424.1_4406	JI435_076660
lcl|CP069026.1_cds_QRC94425.1_4407	JI435_076670
lcl|CP069026.1_cds_QRC94426.1_4408	JI435_076680
lcl|CP069026.1_cds_QRC94427.1_4409	JI435_076690
lcl|CP069026.1_cds_QRC94428.1_4410	JI435_076700
lcl|CP069026.1_cds_QRC94429.1_4411	JI435_076700
lcl|CP069026.1_cds_QRC94430.1_4412	JI435_076710
lcl|CP069026.1_cds_QRC94431.1_4413	JI435_076720
lcl|CP069026.1_cds_QRC94432.1_4414	JI435_076730
lcl|CP069026.1_cds_QRC94433.1_4415	JI435_076750
lcl|CP069026.1_cds_QRC94434.1_4416	JI435_305480
lcl|CP069026.1_cds_QRC94435.1_4417	JI435_076760
lcl|CP069026.1_cds_QRC94436.1_4418	JI435_076770
lcl|CP069026.1_cds_QRC94437.1_4419	JI435_076780
lcl|CP069026.1_cds_QRC94438.1_4420	JI435_076790
lcl|CP069026.1_cds_QRC94439.1_4421	JI435_076800
lcl|CP069026.1_cds_QRC94440.1_4422	JI435_405810
lcl|CP069026.1_cds_QRC94441.1_4423	JI435_076810
lcl|CP069026.1_cds_QRC94442.1_4424	JI435_405820
lcl|CP069026.1_cds_QRC94443.1_4425	JI435_076820
lcl|CP069026.1_cds_QRC94444.1_4426	JI435_076820
lcl|CP069026.1_cds_QRC94445.1_4427	JI435_076830
lcl|CP069026.1_cds_QRC94446.1_4428	JI435_305490
lcl|CP069026.1_cds_QRC94447.1_4429	JI435_076870
lcl|CP069026.1_cds_QRC94448.1_4430	JI435_076880
lcl|CP069026.1_cds_QRC94449.1_4431	JI435_076890
lcl|CP069026.1_cds_QRC94450.1_4432	JI435_405830
lcl|CP069026.1_cds_QRC94451.1_4433	JI435_076900
lcl|CP069026.1_cds_QRC94452.1_4434	JI435_076910
lcl|CP069026.1_cds_QRC94453.1_4435	JI435_305500
lcl|CP069026.1_cds_QRC94454.1_4436	JI435_305500
lcl|CP069026.1_cds_QRC94455.1_4437	JI435_405840
lcl|CP069026.1_cds_QRC94456.1_4438	JI435_076930
lcl|CP069026.1_cds_QRC94457.1_4439	JI435_200890
lcl|CP069026.1_cds_QRC94458.1_4440	JI435_076940
lcl|CP069026.1_cds_QRC94459.1_4441	JI435_405850
lcl|CP069026.1_cds_QRC94460.1_4442	JI435_076950
lcl|CP069026.1_cds_QRC94461.1_4443	JI435_405860
lcl|CP069026.1_cds_QRC94462.1_4444	JI435_405870
lcl|CP069026.1_cds_QRC94463.1_4445	JI435_076960
lcl|CP069026.1_cds_QRC94464.1_4446	JI435_305520
lcl|CP069026.1_cds_QRC94465.1_4447	JI435_076990
lcl|CP069026.1_cds_QRC94466.1_4448	JI435_077000
lcl|CP069026.1_cds_QRC94467.1_4449	JI435_077010
lcl|CP069026.1_cds_QRC94468.1_4450	JI435_077020
lcl|CP069026.1_cds_QRC94469.1_4451	JI435_077030
lcl|CP069026.1_cds_QRC94470.1_4452	JI435_077040
lcl|CP069026.1_cds_QRC94471.1_4453	JI435_077050
lcl|CP069026.1_cds_QRC94472.1_4454	JI435_077060
lcl|CP069026.1_cds_QRC94473.1_4455	JI435_077070
lcl|CP069026.1_cds_QRC94474.1_4456	JI435_077080
lcl|CP069026.1_cds_QRC94475.1_4457	JI435_077090
lcl|CP069026.1_cds_QRC94476.1_4458	JI435_077100
lcl|CP069026.1_cds_QRC94477.1_4459	JI435_077110
lcl|CP069026.1_cds_QRC94478.1_4460	JI435_077120
lcl|CP069026.1_cds_QRC94479.1_4461	JI435_430700
lcl|CP069026.1_cds_QRC94480.1_4462	JI435_305540
lcl|CP069026.1_cds_QRC94481.1_4463	JI435_305550
lcl|CP069026.1_cds_QRC94482.1_4464	JI435_077160
lcl|CP069026.1_cds_QRC94483.1_4465	JI435_405880
lcl|CP069026.1_cds_QRC94484.1_4466	JI435_077180
lcl|CP069026.1_cds_QRC94485.1_4467	JI435_430710
lcl|CP069026.1_cds_QRC94486.1_4468	JI435_077230
lcl|CP069026.1_cds_QRC94487.1_4469	JI435_077250
lcl|CP069026.1_cds_QRC94488.1_4470	JI435_077260
lcl|CP069026.1_cds_QRC94489.1_4471	JI435_077270
lcl|CP069026.1_cds_QRC94490.1_4472	JI435_077300
lcl|CP069026.1_cds_QRC94492.1_4473	JI435_405890
lcl|CP069026.1_cds_QRC94491.1_4474	JI435_405890
lcl|CP069026.1_cds_QRC94493.1_4475	JI435_077310
lcl|CP069026.1_cds_QRC94494.1_4476	JI435_405900
lcl|CP069026.1_cds_QRC94495.1_4477	JI435_077330
lcl|CP069026.1_cds_QRC94496.1_4478	JI435_405910
lcl|CP069026.1_cds_QRC94497.1_4479	JI435_077340
lcl|CP069026.1_cds_QRC94498.1_4480	JI435_405920
lcl|CP069026.1_cds_QRC94499.1_4481	JI435_077350
lcl|CP069026.1_cds_QRC94500.1_4482	JI435_077360
lcl|CP069026.1_cds_QRC94501.1_4483	JI435_077370
lcl|CP069026.1_cds_QRC94502.1_4484	JI435_430740
lcl|CP069026.1_cds_QRC94503.1_4485	JI435_077400
lcl|CP069026.1_cds_QRC94504.1_4486	JI435_430750
lcl|CP069026.1_cds_QRC94505.1_4487	JI435_405930
lcl|CP069026.1_cds_QRC94506.1_4488	JI435_077410
lcl|CP069026.1_cds_QRC94507.1_4489	JI435_405940
lcl|CP069026.1_cds_QRC94508.1_4490	JI435_077420
lcl|CP069026.1_cds_QRC94509.1_4491	JI435_077430
lcl|CP069026.1_cds_QRC94510.1_4492	JI435_405950
lcl|CP069026.1_cds_QRC94511.1_4493	JI435_077440
lcl|CP069026.1_cds_QRC94512.1_4494	JI435_077450
lcl|CP069026.1_cds_QRC94513.1_4495	JI435_430760
lcl|CP069026.1_cds_QRC94514.1_4496	JI435_405960
lcl|CP069026.1_cds_QRC94515.1_4497	JI435_077470
lcl|CP069026.1_cds_QRC94516.1_4498	JI435_077480
lcl|CP069026.1_cds_QRC94517.1_4499	JI435_077490
lcl|CP069026.1_cds_QRC94518.1_4500	JI435_077500
lcl|CP069026.1_cds_QRC94519.1_4501	JI435_305560
lcl|CP069026.1_cds_QRC94520.1_4502	JI435_077530
lcl|CP069026.1_cds_QRC94521.1_4503	JI435_077540
lcl|CP069026.1_cds_QRC94522.1_4504	JI435_405970
lcl|CP069026.1_cds_QRC94523.1_4505	JI435_077560
lcl|CP069026.1_cds_QRC94524.1_4506	JI435_405980
lcl|CP069026.1_cds_QRC94525.1_4507	JI435_077570
lcl|CP069026.1_cds_QRC94526.1_4508	JI435_405990
lcl|CP069026.1_cds_QRC94528.1_4509	JI435_077590
lcl|CP069026.1_cds_QRC94527.1_4510	JI435_077590
lcl|CP069026.1_cds_QRC94529.1_4511	JI435_077600
lcl|CP069026.1_cds_QRC94530.1_4512	JI435_077640
lcl|CP069026.1_cds_QRC94531.1_4513	JI435_406000
lcl|CP069026.1_cds_QRC94532.1_4514	JI435_077650
lcl|CP069026.1_cds_QRC94533.1_4515	JI435_430770
lcl|CP069026.1_cds_QRC94534.1_4516	JI435_305570
lcl|CP069026.1_cds_QRC94535.1_4517	JI435_077680
lcl|CP069026.1_cds_QRC94536.1_4518	JI435_077690
lcl|CP069026.1_cds_QRC94537.1_4519	JI435_406010
lcl|CP069026.1_cds_QRC94538.1_4520	JI435_077700
lcl|CP069026.1_cds_QRC94539.1_4521	JI435_077720
lcl|CP069026.1_cds_QRC94540.1_4522	JI435_077730
lcl|CP069026.1_cds_QRC94541.1_4523	JI435_077740
lcl|CP069026.1_cds_QRC94542.1_4524	JI435_430790
lcl|CP069026.1_cds_QRC94543.1_4525	JI435_077760
lcl|CP069026.1_cds_QRC94544.1_4526	JI435_077770
lcl|CP069026.1_cds_QRC94545.1_4527	JI435_077780
lcl|CP069026.1_cds_QRC94546.1_4528	JI435_077790
lcl|CP069026.1_cds_QRC94547.1_4529	JI435_077800
lcl|CP069026.1_cds_QRC94548.1_4530	JI435_077820
lcl|CP069026.1_cds_QRC94549.1_4531	JI435_077830
lcl|CP069026.1_cds_QRC94550.1_4532	JI435_077840
lcl|CP069026.1_cds_QRC94551.1_4533	JI435_077850
lcl|CP069026.1_cds_QRC94552.1_4534	JI435_077860
lcl|CP069026.1_cds_QRC94553.1_4535	JI435_305580
lcl|CP069026.1_cds_QRC94554.1_4536	JI435_077870
lcl|CP069026.1_cds_QRC94555.1_4537	JI435_077880
lcl|CP069026.1_cds_QRC94556.1_4538	JI435_406020
lcl|CP069026.1_cds_QRC94557.1_4539	JI435_305590
lcl|CP069026.1_cds_QRC94558.1_4540	JI435_305530
lcl|CP069026.1_cds_QRC94559.1_4541	JI435_077890
lcl|CP069026.1_cds_QRC94560.1_4542	JI435_077900
lcl|CP069026.1_cds_QRC94561.1_4543	JI435_077910
lcl|CP069026.1_cds_QRC94562.1_4544	JI435_077930
lcl|CP069026.1_cds_QRC94563.1_4545	JI435_077940
lcl|CP069026.1_cds_QRC94564.1_4546	JI435_077950
lcl|CP069026.1_cds_QRC94565.1_4547	JI435_077960
lcl|CP069026.1_cds_QRC94566.1_4548	JI435_305600
lcl|CP069026.1_cds_QRC94567.1_4549	JI435_077980
lcl|CP069026.1_cds_QRC94568.1_4550	JI435_077990
lcl|CP069026.1_cds_QRC94569.1_4551	JI435_078000
lcl|CP069026.1_cds_QRC94570.1_4552	JI435_406030
lcl|CP069026.1_cds_QRC94571.1_4553	JI435_406040
lcl|CP069026.1_cds_QRC94572.1_4554	JI435_078030
lcl|CP069026.1_cds_QRC94573.1_4555	JI435_406050
lcl|CP069026.1_cds_QRC94574.1_4556	JI435_078040
lcl|CP069026.1_cds_QRC94575.1_4557	JI435_078050
lcl|CP069026.1_cds_QRC94576.1_4558	JI435_078060
lcl|CP069026.1_cds_QRC94577.1_4559	JI435_078070
lcl|CP069026.1_cds_QRC94578.1_4560	JI435_305620
lcl|CP069026.1_cds_QRC94579.1_4561	JI435_406060
lcl|CP069026.1_cds_QRC94580.1_4562	JI435_078080
lcl|CP069026.1_cds_QRC94581.1_4563	JI435_078090
lcl|CP069026.1_cds_QRC94582.1_4564	JI435_078100
lcl|CP069026.1_cds_QRC94583.1_4565	JI435_078110
lcl|CP069026.1_cds_QRC94584.1_4566	JI435_078120
lcl|CP069026.1_cds_QRC94585.1_4567	JI435_078130
lcl|CP069026.1_cds_QRC94586.1_4568	JI435_078140
lcl|CP069026.1_cds_QRC94587.1_4569	JI435_078150
lcl|CP069026.1_cds_QRC94588.1_4570	JI435_430820
lcl|CP069026.1_cds_QRC94589.1_4571	JI435_078180
lcl|CP069026.1_cds_QRC94590.1_4572	JI435_078190
lcl|CP069026.1_cds_QRC94591.1_4573	JI435_078200
lcl|CP069026.1_cds_QRC94592.1_4574	JI435_430840
lcl|CP069026.1_cds_QRC94593.1_4575	JI435_430850
lcl|CP069026.1_cds_QRC94594.1_4576	JI435_078230
lcl|CP069026.1_cds_QRC94595.1_4577	JI435_078250
lcl|CP069026.1_cds_QRC94596.1_4578	JI435_430860
lcl|CP069026.1_cds_QRC94597.1_4579	JI435_305630
lcl|CP069026.1_cds_QRC94598.1_4580	JI435_406070
lcl|CP069026.1_cds_QRC94599.1_4581	JI435_078270
lcl|CP069026.1_cds_QRC94600.1_4582	JI435_078280
lcl|CP069026.1_cds_QRC94601.1_4583	JI435_305640
lcl|CP069026.1_cds_QRC94602.1_4584	JI435_406080
lcl|CP069026.1_cds_QRC94603.1_4585	JI435_078290
lcl|CP069026.1_cds_QRC94604.1_4586	JI435_078300
lcl|CP069026.1_cds_QRC94605.1_4587	JI435_078310
lcl|CP069026.1_cds_QRC94606.1_4588	JI435_078330
lcl|CP069026.1_cds_QRC94607.1_4589	JI435_078340
lcl|CP069026.1_cds_QRC94608.1_4590	JI435_078350
lcl|CP069026.1_cds_QRC94609.1_4591	JI435_430880
lcl|CP069026.1_cds_QRC94610.1_4592	JI435_078370
lcl|CP069026.1_cds_QRC94611.1_4593	JI435_078390
lcl|CP069026.1_cds_QRC94612.1_4594	JI435_078400
lcl|CP069026.1_cds_QRC94613.1_4595	JI435_078410
lcl|CP069026.1_cds_QRC94614.1_4596	JI435_406090
lcl|CP069026.1_cds_QRC94615.1_4597	JI435_078420
lcl|CP069026.1_cds_QRC94616.1_4598	JI435_078430
lcl|CP069026.1_cds_QRC94617.1_4599	JI435_078440
lcl|CP069026.1_cds_QRC94618.1_4600	JI435_406100
lcl|CP069026.1_cds_QRC94619.1_4601	JI435_078460
lcl|CP069026.1_cds_QRC94620.1_4602	JI435_078470
lcl|CP069026.1_cds_QRC94621.1_4603	JI435_078480
lcl|CP069026.1_cds_QRC94622.1_4604	JI435_078480
lcl|CP069026.1_cds_QRC94623.1_4605	JI435_078490
lcl|CP069026.1_cds_QRC94624.1_4606	JI435_078500
lcl|CP069026.1_cds_QRC94625.1_4607	JI435_406110
lcl|CP069026.1_cds_QRC94626.1_4608	JI435_078510
lcl|CP069026.1_cds_QRC94627.1_4609	JI435_078520
lcl|CP069026.1_cds_QRC94628.1_4610	JI435_078530
lcl|CP069026.1_cds_QRC94629.1_4611	JI435_078540
lcl|CP069026.1_cds_QRC94630.1_4612	JI435_078550
lcl|CP069026.1_cds_QRC94631.1_4613	JI435_078560
lcl|CP069026.1_cds_QRC94632.1_4614	JI435_078580
lcl|CP069026.1_cds_QRC94633.1_4615	JI435_078590
lcl|CP069026.1_cds_QRC94634.1_4616	JI435_430910
lcl|CP069026.1_cds_QRC94635.1_4617	JI435_078610
lcl|CP069026.1_cds_QRC94636.1_4618	JI435_078620
lcl|CP069026.1_cds_QRC94637.1_4619	JI435_078630
lcl|CP069026.1_cds_QRC94638.1_4620	JI435_078640
lcl|CP069026.1_cds_QRC94639.1_4621	JI435_078650
lcl|CP069026.1_cds_QRC94640.1_4622	JI435_078660
lcl|CP069026.1_cds_QRC94641.1_4623	JI435_078670
lcl|CP069026.1_cds_QRC94642.1_4624	JI435_406120
lcl|CP069026.1_cds_QRC94644.1_4625	JI435_078680
lcl|CP069026.1_cds_QRC94643.1_4626	JI435_078680
lcl|CP069026.1_cds_QRC94645.1_4627	JI435_078690
lcl|CP069026.1_cds_QRC94646.1_4628	JI435_078710
lcl|CP069026.1_cds_QRC94647.1_4629	JI435_078720
lcl|CP069027.1_cds_QRC94648.1_4630	JI435_148100
lcl|CP069027.1_cds_QRC94649.1_4631	JI435_148110
lcl|CP069027.1_cds_QRC94650.1_4632	JI435_148150
lcl|CP069027.1_cds_QRC94651.1_4633	JI435_148160
lcl|CP069027.1_cds_QRC94652.1_4634	JI435_148170
lcl|CP069027.1_cds_QRC94653.1_4635	JI435_148180
lcl|CP069027.1_cds_QRC94654.1_4636	JI435_148190
lcl|CP069027.1_cds_QRC94655.1_4637	JI435_148200
lcl|CP069027.1_cds_QRC94656.1_4638	JI435_148210
lcl|CP069027.1_cds_QRC94657.1_4639	JI435_148220
lcl|CP069027.1_cds_QRC94658.1_4640	JI435_309120
lcl|CP069027.1_cds_QRC94659.1_4641	JI435_148230
lcl|CP069027.1_cds_QRC94660.1_4642	JI435_148240
lcl|CP069027.1_cds_QRC94661.1_4643	JI435_148260
lcl|CP069027.1_cds_QRC94662.1_4644	JI435_431000
lcl|CP069027.1_cds_QRC94663.1_4645	JI435_309130
lcl|CP069027.1_cds_QRC94664.1_4646	JI435_148300
lcl|CP069027.1_cds_QRC94665.1_4647	JI435_148310
lcl|CP069027.1_cds_QRC94666.1_4648	JI435_431010
lcl|CP069027.1_cds_QRC94667.1_4649	JI435_148320
lcl|CP069027.1_cds_QRC94668.1_4650	JI435_148340
lcl|CP069027.1_cds_QRC94669.1_4651	JI435_431020
lcl|CP069027.1_cds_QRC94670.1_4652	JI435_148350
lcl|CP069027.1_cds_QRC94671.1_4653	JI435_148360
lcl|CP069027.1_cds_QRC94672.1_4654	JI435_148370
lcl|CP069027.1_cds_QRC94673.1_4655	JI435_148380
lcl|CP069027.1_cds_QRC94674.1_4656	JI435_148390
lcl|CP069027.1_cds_QRC94675.1_4657	JI435_406130
lcl|CP069027.1_cds_QRC94676.1_4658	JI435_148410
lcl|CP069027.1_cds_QRC94677.1_4659	JI435_309140
lcl|CP069027.1_cds_QRC94678.1_4660	JI435_148420
lcl|CP069027.1_cds_QRC94679.1_4661	JI435_406140
lcl|CP069027.1_cds_QRC94680.1_4662	JI435_309150
lcl|CP069027.1_cds_QRC94681.1_4663	JI435_148450
lcl|CP069027.1_cds_QRC94682.1_4664	JI435_431060
lcl|CP069027.1_cds_QRC94683.1_4665	JI435_148460
lcl|CP069027.1_cds_QRC94684.1_4666	JI435_148470
lcl|CP069027.1_cds_QRC94685.1_4667	JI435_431070
lcl|CP069027.1_cds_QRC94686.1_4668	JI435_148490
lcl|CP069027.1_cds_QRC94687.1_4669	JI435_406150
lcl|CP069027.1_cds_QRC94688.1_4670	JI435_148510
lcl|CP069027.1_cds_QRC94689.1_4671	JI435_148520
lcl|CP069027.1_cds_QRC94690.1_4672	JI435_148530
lcl|CP069027.1_cds_QRC94691.1_4673	JI435_406160
lcl|CP069027.1_cds_QRC94692.1_4674	JI435_406170
lcl|CP069027.1_cds_QRC94693.1_4675	JI435_406180
lcl|CP069027.1_cds_QRC94694.1_4676	JI435_406190
lcl|CP069027.1_cds_QRC94695.1_4677	JI435_148540
lcl|CP069027.1_cds_QRC94696.1_4678	JI435_148550
lcl|CP069027.1_cds_QRC94697.1_4679	JI435_148560
lcl|CP069027.1_cds_QRC94698.1_4680	JI435_148570
lcl|CP069027.1_cds_QRC94699.1_4681	JI435_406200
lcl|CP069027.1_cds_QRC94700.1_4682	JI435_406210
lcl|CP069027.1_cds_QRC94701.1_4683	JI435_148590
lcl|CP069027.1_cds_QRC94702.1_4684	JI435_148610
lcl|CP069027.1_cds_QRC94703.1_4685	JI435_406220
lcl|CP069027.1_cds_QRC94704.1_4686	JI435_148620
lcl|CP069027.1_cds_QRC94705.1_4687	JI435_148630
lcl|CP069027.1_cds_QRC94706.1_4688	JI435_406230
lcl|CP069027.1_cds_QRC94707.1_4689	JI435_148640
lcl|CP069027.1_cds_QRC94708.1_4690	JI435_148650
lcl|CP069027.1_cds_QRC94709.1_4691	JI435_148660
lcl|CP069027.1_cds_QRC94710.1_4692	JI435_431090
lcl|CP069027.1_cds_QRC94711.1_4693	JI435_431100
lcl|CP069027.1_cds_QRC94712.1_4694	JI435_431110
lcl|CP069027.1_cds_QRC94713.1_4695	JI435_148680
lcl|CP069027.1_cds_QRC94714.1_4696	JI435_148690
lcl|CP069027.1_cds_QRC94715.1_4697	JI435_148700
lcl|CP069027.1_cds_QRC94716.1_4698	JI435_148710
lcl|CP069027.1_cds_QRC94717.1_4699	JI435_148720
lcl|CP069027.1_cds_QRC94718.1_4700	JI435_148730
lcl|CP069027.1_cds_QRC94719.1_4701	JI435_148740
lcl|CP069027.1_cds_QRC94720.1_4702	JI435_148750
lcl|CP069027.1_cds_QRC94721.1_4703	JI435_148760
lcl|CP069027.1_cds_QRC94722.1_4704	JI435_148770
lcl|CP069027.1_cds_QRC94723.1_4705	JI435_148780
lcl|CP069027.1_cds_QRC94724.1_4706	JI435_148790
lcl|CP069027.1_cds_QRC94725.1_4707	JI435_148800
lcl|CP069027.1_cds_QRC94726.1_4708	JI435_148810
lcl|CP069027.1_cds_QRC94727.1_4709	JI435_148820
lcl|CP069027.1_cds_QRC94728.1_4710	JI435_406240
lcl|CP069027.1_cds_QRC94729.1_4711	JI435_148830
lcl|CP069027.1_cds_QRC94730.1_4712	JI435_406250
lcl|CP069027.1_cds_QRC94731.1_4713	JI435_148860
lcl|CP069027.1_cds_QRC94732.1_4714	JI435_148870
lcl|CP069027.1_cds_QRC94733.1_4715	JI435_201680
lcl|CP069027.1_cds_QRC94734.1_4716	JI435_148880
lcl|CP069027.1_cds_QRC94735.1_4717	JI435_148890
lcl|CP069027.1_cds_QRC94736.1_4718	JI435_406260
lcl|CP069027.1_cds_QRC94737.1_4719	JI435_148900
lcl|CP069027.1_cds_QRC94738.1_4720	JI435_148910
lcl|CP069027.1_cds_QRC94739.1_4721	JI435_148930
lcl|CP069027.1_cds_QRC94740.1_4722	JI435_148940
lcl|CP069027.1_cds_QRC94741.1_4723	JI435_148950
lcl|CP069027.1_cds_QRC94742.1_4724	JI435_148960
lcl|CP069027.1_cds_QRC94743.1_4725	JI435_148970
lcl|CP069027.1_cds_QRC94744.1_4726	JI435_406270
lcl|CP069027.1_cds_QRC94745.1_4727	JI435_406280
lcl|CP069027.1_cds_QRC94746.1_4728	JI435_148980
lcl|CP069027.1_cds_QRC94747.1_4729	JI435_406290
lcl|CP069027.1_cds_QRC94748.1_4730	JI435_148990
lcl|CP069027.1_cds_QRC94749.1_4731	JI435_149000
lcl|CP069027.1_cds_QRC94750.1_4732	JI435_149010
lcl|CP069027.1_cds_QRC94751.1_4733	JI435_406300
lcl|CP069027.1_cds_QRC94752.1_4734	JI435_149020
lcl|CP069027.1_cds_QRC94753.1_4735	JI435_149030
lcl|CP069027.1_cds_QRC94754.1_4736	JI435_406310
lcl|CP069027.1_cds_QRC94755.1_4737	JI435_149040
lcl|CP069027.1_cds_QRC94756.1_4738	JI435_431150
lcl|CP069027.1_cds_QRC94757.1_4739	JI435_149050
lcl|CP069027.1_cds_QRC94758.1_4740	JI435_149060
lcl|CP069027.1_cds_QRC94759.1_4741	JI435_406320
lcl|CP069027.1_cds_QRC94760.1_4742	JI435_149070
lcl|CP069027.1_cds_QRC94761.1_4743	JI435_149080
lcl|CP069027.1_cds_QRC94762.1_4744	JI435_149090
lcl|CP069027.1_cds_QRC94763.1_4745	JI435_149100
lcl|CP069027.1_cds_QRC94764.1_4746	JI435_406330
lcl|CP069027.1_cds_QRC94765.1_4747	JI435_149110
lcl|CP069027.1_cds_QRC94766.1_4748	JI435_406340
lcl|CP069027.1_cds_QRC94767.1_4749	JI435_309160
lcl|CP069027.1_cds_QRC94768.1_4750	JI435_149120
lcl|CP069027.1_cds_QRC94769.1_4751	JI435_149130
lcl|CP069027.1_cds_QRC94770.1_4752	JI435_149140
lcl|CP069027.1_cds_QRC94771.1_4753	JI435_431170
lcl|CP069027.1_cds_QRC94772.1_4754	JI435_149180
lcl|CP069027.1_cds_QRC94773.1_4755	JI435_431200
lcl|CP069027.1_cds_QRC94774.1_4756	JI435_431210
lcl|CP069027.1_cds_QRC94775.1_4757	JI435_431220
lcl|CP069027.1_cds_QRC94776.1_4758	JI435_149220
lcl|CP069027.1_cds_QRC94777.1_4759	JI435_431230
lcl|CP069027.1_cds_QRC94778.1_4760	JI435_149230
lcl|CP069027.1_cds_QRC94779.1_4761	JI435_431240
lcl|CP069027.1_cds_QRC94780.1_4762	JI435_149270
lcl|CP069027.1_cds_QRC94781.1_4763	JI435_149280
lcl|CP069027.1_cds_QRC94782.1_4764	JI435_149290
lcl|CP069027.1_cds_QRC94783.1_4765	JI435_431270
lcl|CP069027.1_cds_QRC94784.1_4766	JI435_149310
lcl|CP069027.1_cds_QRC94785.1_4767	JI435_149330
lcl|CP069027.1_cds_QRC94786.1_4768	JI435_149340
lcl|CP069027.1_cds_QRC94787.1_4769	JI435_149350
lcl|CP069027.1_cds_QRC94788.1_4770	JI435_149370
lcl|CP069027.1_cds_QRC94789.1_4771	JI435_149380
lcl|CP069027.1_cds_QRC94790.1_4772	JI435_309170
lcl|CP069027.1_cds_QRC94791.1_4773	JI435_149400
lcl|CP069027.1_cds_QRC94792.1_4774	JI435_406350
lcl|CP069027.1_cds_QRC94793.1_4775	JI435_149410
lcl|CP069027.1_cds_QRC94794.1_4776	JI435_431290
lcl|CP069027.1_cds_QRC94795.1_4777	JI435_149460
lcl|CP069027.1_cds_QRC94796.1_4778	JI435_149470
lcl|CP069027.1_cds_QRC94797.1_4779	JI435_149480
lcl|CP069027.1_cds_QRC94798.1_4780	JI435_406360
lcl|CP069027.1_cds_QRC94799.1_4781	JI435_149490
lcl|CP069027.1_cds_QRC94800.1_4782	JI435_149500
lcl|CP069027.1_cds_QRC94801.1_4783	JI435_149510
lcl|CP069027.1_cds_QRC94802.1_4784	JI435_149530
lcl|CP069027.1_cds_QRC94803.1_4785	JI435_149540
lcl|CP069027.1_cds_QRC94804.1_4786	JI435_149550
lcl|CP069027.1_cds_QRC94805.1_4787	JI435_149560
lcl|CP069027.1_cds_QRC94806.1_4788	JI435_025600
lcl|CP069027.1_cds_QRC94807.1_4789	JI435_406370
lcl|CP069027.1_cds_QRC94808.1_4790	JI435_406380
lcl|CP069027.1_cds_QRC94809.1_4791	JI435_025610
lcl|CP069027.1_cds_QRC94810.1_4792	JI435_025620
lcl|CP069027.1_cds_QRC94811.1_4793	JI435_025630
lcl|CP069027.1_cds_QRC94812.1_4794	JI435_025640
lcl|CP069027.1_cds_QRC94813.1_4795	JI435_025650
lcl|CP069027.1_cds_QRC94814.1_4796	JI435_025660
lcl|CP069027.1_cds_QRC94815.1_4797	JI435_406390
lcl|CP069027.1_cds_QRC94816.1_4798	JI435_406400
lcl|CP069027.1_cds_QRC94817.1_4799	JI435_025670
lcl|CP069027.1_cds_QRC94818.1_4800	JI435_406410
lcl|CP069027.1_cds_QRC94819.1_4801	JI435_025680
lcl|CP069027.1_cds_QRC94820.1_4802	JI435_025690
lcl|CP069027.1_cds_QRC94821.1_4803	JI435_025700
lcl|CP069027.1_cds_QRC94822.1_4804	JI435_025710
lcl|CP069027.1_cds_QRC94823.1_4805	JI435_025720
lcl|CP069027.1_cds_QRC94824.1_4806	JI435_301740
lcl|CP069027.1_cds_QRC94825.1_4807	JI435_406420
lcl|CP069027.1_cds_QRC94826.1_4808	JI435_025740
lcl|CP069027.1_cds_QRC94827.1_4809	JI435_301750
lcl|CP069027.1_cds_QRC94828.1_4810	JI435_406430
lcl|CP069027.1_cds_QRC94829.1_4811	JI435_025750
lcl|CP069027.1_cds_QRC94830.1_4812	JI435_025760
lcl|CP069027.1_cds_QRC94831.1_4813	JI435_025770
lcl|CP069027.1_cds_QRC94832.1_4814	JI435_431390
lcl|CP069027.1_cds_QRC94833.1_4815	JI435_025790
lcl|CP069027.1_cds_QRC94834.1_4816	JI435_301760
lcl|CP069027.1_cds_QRC94835.1_4817	JI435_025810
lcl|CP069027.1_cds_QRC94836.1_4818	JI435_025820
lcl|CP069027.1_cds_QRC94837.1_4819	JI435_406440
lcl|CP069027.1_cds_QRC94838.1_4820	JI435_025830
lcl|CP069027.1_cds_QRC94839.1_4821	JI435_025840
lcl|CP069027.1_cds_QRC94840.1_4822	JI435_025850
lcl|CP069027.1_cds_QRC94841.1_4823	JI435_025860
lcl|CP069027.1_cds_QRC94842.1_4824	JI435_025870
lcl|CP069027.1_cds_QRC94843.1_4825	JI435_301770
lcl|CP069027.1_cds_QRC94844.1_4826	JI435_025880
lcl|CP069027.1_cds_QRC94845.1_4827	JI435_025890
lcl|CP069027.1_cds_QRC94846.1_4828	JI435_301780
lcl|CP069027.1_cds_QRC94847.1_4829	JI435_025910
lcl|CP069027.1_cds_QRC94848.1_4830	JI435_431400
lcl|CP069027.1_cds_QRC94849.1_4831	JI435_025930
lcl|CP069027.1_cds_QRC94850.1_4832	JI435_025940
lcl|CP069027.1_cds_QRC94851.1_4833	JI435_025950
lcl|CP069027.1_cds_QRC94852.1_4834	JI435_301790
lcl|CP069027.1_cds_QRC94853.1_4835	JI435_025970
lcl|CP069027.1_cds_QRC94854.1_4836	JI435_431420
lcl|CP069027.1_cds_QRC94855.1_4837	JI435_431430
lcl|CP069027.1_cds_QRC94856.1_4838	JI435_431440
lcl|CP069027.1_cds_QRC94857.1_4839	JI435_026010
lcl|CP069027.1_cds_QRC94858.1_4840	JI435_026020
lcl|CP069027.1_cds_QRC94859.1_4841	JI435_026030
lcl|CP069027.1_cds_QRC94860.1_4842	JI435_431450
lcl|CP069027.1_cds_QRC94861.1_4843	JI435_026050
lcl|CP069027.1_cds_QRC94862.1_4844	JI435_026060
lcl|CP069027.1_cds_QRC94863.1_4845	JI435_026070
lcl|CP069027.1_cds_QRC94864.1_4846	JI435_431460
lcl|CP069027.1_cds_QRC94865.1_4847	JI435_026090
lcl|CP069027.1_cds_QRC94866.1_4848	JI435_026100
lcl|CP069027.1_cds_QRC94867.1_4849	JI435_026120
lcl|CP069027.1_cds_QRC94868.1_4850	JI435_026130
lcl|CP069027.1_cds_QRC94869.1_4851	JI435_431470
lcl|CP069027.1_cds_QRC94870.1_4852	JI435_026150
lcl|CP069027.1_cds_QRC94871.1_4853	JI435_431490
lcl|CP069027.1_cds_QRC94872.1_4854	JI435_026170
lcl|CP069027.1_cds_QRC94873.1_4855	JI435_301800
lcl|CP069027.1_cds_QRC94874.1_4856	JI435_026180
lcl|CP069027.1_cds_QRC94875.1_4857	JI435_026190
lcl|CP069027.1_cds_QRC94876.1_4858	JI435_026210
lcl|CP069027.1_cds_QRC94877.1_4859	JI435_406450
lcl|CP069027.1_cds_QRC94878.1_4860	JI435_026220
lcl|CP069027.1_cds_QRC94879.1_4861	JI435_026230
lcl|CP069027.1_cds_QRC94880.1_4862	JI435_406460
lcl|CP069027.1_cds_QRC94881.1_4863	JI435_026240
lcl|CP069027.1_cds_QRC94882.1_4864	JI435_026250
lcl|CP069027.1_cds_QRC94883.1_4865	JI435_026260
lcl|CP069027.1_cds_QRC94884.1_4866	JI435_026270
lcl|CP069027.1_cds_QRC94885.1_4867	JI435_026280
lcl|CP069027.1_cds_QRC94886.1_4868	JI435_026290
lcl|CP069027.1_cds_QRC94887.1_4869	JI435_026300
lcl|CP069027.1_cds_QRC94888.1_4870	JI435_026310
lcl|CP069027.1_cds_QRC94889.1_4871	JI435_026330
lcl|CP069027.1_cds_QRC94890.1_4872	JI435_301820
lcl|CP069027.1_cds_QRC94891.1_4873	JI435_026360
lcl|CP069027.1_cds_QRC94892.1_4874	JI435_026380
lcl|CP069027.1_cds_QRC94893.1_4875	JI435_026390
lcl|CP069027.1_cds_QRC94894.1_4876	JI435_026410
lcl|CP069027.1_cds_QRC94895.1_4877	JI435_026420
lcl|CP069027.1_cds_QRC94896.1_4878	JI435_026430
lcl|CP069027.1_cds_QRC94897.1_4879	JI435_026440
lcl|CP069027.1_cds_QRC94898.1_4880	JI435_026470
lcl|CP069027.1_cds_QRC94899.1_4881	JI435_406470
lcl|CP069027.1_cds_QRC94900.1_4882	JI435_026480
lcl|CP069027.1_cds_QRC94901.1_4883	JI435_026490
lcl|CP069027.1_cds_QRC94902.1_4884	JI435_406480
lcl|CP069027.1_cds_QRC94903.1_4885	JI435_026500
lcl|CP069027.1_cds_QRC94904.1_4886	JI435_026510
lcl|CP069027.1_cds_QRC94905.1_4887	JI435_026520
lcl|CP069027.1_cds_QRC94906.1_4888	JI435_026540
lcl|CP069027.1_cds_QRC94907.1_4889	JI435_026580
lcl|CP069027.1_cds_QRC94908.1_4890	JI435_406490
lcl|CP069027.1_cds_QRC94909.1_4891	JI435_026590
lcl|CP069027.1_cds_QRC94910.1_4892	JI435_406500
lcl|CP069027.1_cds_QRC94911.1_4893	JI435_026600
lcl|CP069027.1_cds_QRC94912.1_4894	JI435_026610
lcl|CP069027.1_cds_QRC94913.1_4895	JI435_026620
lcl|CP069027.1_cds_QRC94914.1_4896	JI435_431530
lcl|CP069027.1_cds_QRC94915.1_4897	JI435_026630
lcl|CP069027.1_cds_QRC94916.1_4898	JI435_406510
lcl|CP069027.1_cds_QRC94917.1_4899	JI435_026640
lcl|CP069027.1_cds_QRC94918.1_4900	JI435_406520
lcl|CP069027.1_cds_QRC94919.1_4901	JI435_026650
lcl|CP069027.1_cds_QRC94920.1_4902	JI435_026670
lcl|CP069027.1_cds_QRC94921.1_4903	JI435_431540
lcl|CP069027.1_cds_QRC94922.1_4904	JI435_026690
lcl|CP069027.1_cds_QRC94923.1_4905	JI435_026700
lcl|CP069027.1_cds_QRC94924.1_4906	JI435_026710
lcl|CP069027.1_cds_QRC94925.1_4907	JI435_026730
lcl|CP069027.1_cds_QRC94926.1_4908	JI435_301850
lcl|CP069027.1_cds_QRC94927.1_4909	JI435_026740
lcl|CP069027.1_cds_QRC94928.1_4910	JI435_026750
lcl|CP069027.1_cds_QRC94929.1_4911	JI435_406530
lcl|CP069027.1_cds_QRC94930.1_4912	JI435_026760
lcl|CP069027.1_cds_QRC94931.1_4913	JI435_026770
lcl|CP069027.1_cds_QRC94932.1_4914	JI435_026780
lcl|CP069027.1_cds_QRC94933.1_4915	JI435_026810
lcl|CP069027.1_cds_QRC94934.1_4916	JI435_406540
lcl|CP069027.1_cds_QRC94935.1_4917	JI435_026820
lcl|CP069027.1_cds_QRC94936.1_4918	JI435_406550
lcl|CP069027.1_cds_QRC94937.1_4919	JI435_431570
lcl|CP069027.1_cds_QRC94938.1_4920	JI435_431580
lcl|CP069027.1_cds_QRC94939.1_4921	JI435_026830
lcl|CP069027.1_cds_QRC94940.1_4922	JI435_026840
lcl|CP069027.1_cds_QRC94941.1_4923	JI435_026850
lcl|CP069027.1_cds_QRC94942.1_4924	JI435_026860
lcl|CP069027.1_cds_QRC94943.1_4925	JI435_301860
lcl|CP069027.1_cds_QRC94944.1_4926	JI435_026870
lcl|CP069027.1_cds_QRC94945.1_4927	JI435_406560
lcl|CP069027.1_cds_QRC94946.1_4928	JI435_026880
lcl|CP069027.1_cds_QRC94947.1_4929	JI435_026890
lcl|CP069027.1_cds_QRC94948.1_4930	JI435_406570
lcl|CP069027.1_cds_QRC94949.1_4931	JI435_026900
lcl|CP069027.1_cds_QRC94950.1_4932	JI435_026910
lcl|CP069027.1_cds_QRC94951.1_4933	JI435_431590
lcl|CP069027.1_cds_QRC94952.1_4934	JI435_026930
lcl|CP069027.1_cds_QRC94953.1_4935	JI435_026940
lcl|CP069027.1_cds_QRC94954.1_4936	JI435_026950
lcl|CP069027.1_cds_QRC94955.1_4937	JI435_406580
lcl|CP069027.1_cds_QRC94956.1_4938	JI435_026960
lcl|CP069027.1_cds_QRC94957.1_4939	JI435_406590
lcl|CP069027.1_cds_QRC94958.1_4940	JI435_026970
lcl|CP069027.1_cds_QRC94959.1_4941	JI435_406600
lcl|CP069027.1_cds_QRC94960.1_4942	JI435_026980
lcl|CP069027.1_cds_QRC94961.1_4943	JI435_406610
lcl|CP069027.1_cds_QRC94962.1_4944	JI435_026990
lcl|CP069027.1_cds_QRC94963.1_4945	JI435_027010
lcl|CP069027.1_cds_QRC94964.1_4946	JI435_027020
lcl|CP069027.1_cds_QRC94965.1_4947	JI435_406620
lcl|CP069027.1_cds_QRC94966.1_4948	JI435_027030
lcl|CP069027.1_cds_QRC94967.1_4949	JI435_406630
lcl|CP069027.1_cds_QRC94968.1_4950	JI435_027040
lcl|CP069027.1_cds_QRC94969.1_4951	JI435_406640
lcl|CP069027.1_cds_QRC94970.1_4952	JI435_301880
lcl|CP069027.1_cds_QRC94971.1_4953	JI435_406650
lcl|CP069027.1_cds_QRC94972.1_4954	JI435_027070
lcl|CP069027.1_cds_QRC94973.1_4955	JI435_027080
lcl|CP069027.1_cds_QRC94974.1_4956	JI435_027090
lcl|CP069027.1_cds_QRC94975.1_4957	JI435_027100
lcl|CP069027.1_cds_QRC94976.1_4958	JI435_027120
lcl|CP069027.1_cds_QRC94977.1_4959	JI435_406660
lcl|CP069027.1_cds_QRC94978.1_4960	JI435_027130
lcl|CP069027.1_cds_QRC94979.1_4961	JI435_431600
lcl|CP069027.1_cds_QRC94980.1_4962	JI435_027150
lcl|CP069027.1_cds_QRC94981.1_4963	JI435_027160
lcl|CP069027.1_cds_QRC94982.1_4964	JI435_406670
lcl|CP069027.1_cds_QRC94983.1_4965	JI435_027170
lcl|CP069027.1_cds_QRC94984.1_4966	JI435_027180
lcl|CP069027.1_cds_QRC94985.1_4967	JI435_027190
lcl|CP069027.1_cds_QRC94986.1_4968	JI435_027200
lcl|CP069027.1_cds_QRC94987.1_4969	JI435_027210
lcl|CP069027.1_cds_QRC94988.1_4970	JI435_027220
lcl|CP069027.1_cds_QRC94989.1_4971	JI435_027230
lcl|CP069027.1_cds_QRC94990.1_4972	JI435_027250
lcl|CP069027.1_cds_QRC94991.1_4973	JI435_027260
lcl|CP069027.1_cds_QRC94992.1_4974	JI435_431610
lcl|CP069027.1_cds_QRC94993.1_4975	JI435_431620
lcl|CP069027.1_cds_QRC94994.1_4976	JI435_431630
lcl|CP069027.1_cds_QRC94995.1_4977	JI435_431650
lcl|CP069027.1_cds_QRC94996.1_4978	JI435_027330
lcl|CP069027.1_cds_QRC94997.1_4979	JI435_406680
lcl|CP069027.1_cds_QRC94998.1_4980	JI435_027340
lcl|CP069027.1_cds_QRC94999.1_4981	JI435_406690
lcl|CP069027.1_cds_QRC95000.1_4982	JI435_027350
lcl|CP069027.1_cds_QRC95001.1_4983	JI435_027360
lcl|CP069027.1_cds_QRC95002.1_4984	JI435_027370
lcl|CP069027.1_cds_QRC95003.1_4985	JI435_406700
lcl|CP069027.1_cds_QRC95004.1_4986	JI435_027380
lcl|CP069027.1_cds_QRC95005.1_4987	JI435_027390
lcl|CP069027.1_cds_QRC95006.1_4988	JI435_027430
lcl|CP069027.1_cds_QRC95007.1_4989	JI435_406710
lcl|CP069027.1_cds_QRC95008.1_4990	JI435_406720
lcl|CP069027.1_cds_QRC95009.1_4991	JI435_301900
lcl|CP069027.1_cds_QRC95010.1_4992	JI435_027450
lcl|CP069027.1_cds_QRC95011.1_4993	JI435_027470
lcl|CP069027.1_cds_QRC95012.1_4994	JI435_027480
lcl|CP069027.1_cds_QRC95013.1_4995	JI435_027490
lcl|CP069027.1_cds_QRC95014.1_4996	JI435_027500
lcl|CP069027.1_cds_QRC95015.1_4997	JI435_406730
lcl|CP069027.1_cds_QRC95016.1_4998	JI435_027510
lcl|CP069027.1_cds_QRC95017.1_4999	JI435_027520
lcl|CP069027.1_cds_QRC95018.1_5000	JI435_406740
lcl|CP069027.1_cds_QRC95019.1_5001	JI435_027530
lcl|CP069027.1_cds_QRC95020.1_5002	JI435_027540
lcl|CP069027.1_cds_QRC95021.1_5003	JI435_406750
lcl|CP069027.1_cds_QRC95022.1_5004	JI435_027550
lcl|CP069027.1_cds_QRC95023.1_5005	JI435_406760
lcl|CP069027.1_cds_QRC95024.1_5006	JI435_027570
lcl|CP069027.1_cds_QRC95025.1_5007	JI435_406770
lcl|CP069027.1_cds_QRC95026.1_5008	JI435_027590
lcl|CP069027.1_cds_QRC95027.1_5009	JI435_027600
lcl|CP069027.1_cds_QRC95028.1_5010	JI435_027610
lcl|CP069027.1_cds_QRC95029.1_5011	JI435_406780
lcl|CP069027.1_cds_QRC95030.1_5012	JI435_027620
lcl|CP069027.1_cds_QRC95031.1_5013	JI435_027630
lcl|CP069027.1_cds_QRC95032.1_5014	JI435_027640
lcl|CP069027.1_cds_QRC95033.1_5015	JI435_431670
lcl|CP069027.1_cds_QRC95034.1_5016	JI435_027660
lcl|CP069027.1_cds_QRC95035.1_5017	JI435_027670
lcl|CP069027.1_cds_QRC95036.1_5018	JI435_406790
lcl|CP069027.1_cds_QRC95037.1_5019	JI435_027680
lcl|CP069027.1_cds_QRC95038.1_5020	JI435_027690
lcl|CP069027.1_cds_QRC95040.1_5021	JI435_027700
lcl|CP069027.1_cds_QRC95039.1_5022	JI435_027700
lcl|CP069027.1_cds_QRC95041.1_5023	JI435_406800
lcl|CP069027.1_cds_QRC95042.1_5024	JI435_027720
lcl|CP069027.1_cds_QRC95043.1_5025	JI435_027730
lcl|CP069027.1_cds_QRC95044.1_5026	JI435_027740
lcl|CP069027.1_cds_QRC95045.1_5027	JI435_027750
lcl|CP069027.1_cds_QRC95046.1_5028	JI435_027760
lcl|CP069027.1_cds_QRC95047.1_5029	JI435_301920
lcl|CP069027.1_cds_QRC95048.1_5030	JI435_027780
lcl|CP069027.1_cds_QRC95049.1_5031	JI435_027790
lcl|CP069027.1_cds_QRC95050.1_5032	JI435_027810
lcl|CP069027.1_cds_QRC95051.1_5033	JI435_027820
lcl|CP069027.1_cds_QRC95052.1_5034	JI435_027830
lcl|CP069027.1_cds_QRC95053.1_5035	JI435_431690
lcl|CP069027.1_cds_QRC95054.1_5036	JI435_027850
lcl|CP069027.1_cds_QRC95055.1_5037	JI435_406810
lcl|CP069027.1_cds_QRC95056.1_5038	JI435_027860
lcl|CP069027.1_cds_QRC95057.1_5039	JI435_027870
lcl|CP069027.1_cds_QRC95058.1_5040	JI435_027880
lcl|CP069027.1_cds_QRC95059.1_5041	JI435_027890
lcl|CP069027.1_cds_QRC95060.1_5042	JI435_027900
lcl|CP069027.1_cds_QRC95061.1_5043	JI435_027910
lcl|CP069027.1_cds_QRC95062.1_5044	JI435_431710
lcl|CP069027.1_cds_QRC95063.1_5045	JI435_027940
lcl|CP069027.1_cds_QRC95064.1_5046	JI435_027950
lcl|CP069027.1_cds_QRC95065.1_5047	JI435_027960
lcl|CP069027.1_cds_QRC95066.1_5048	JI435_027970
lcl|CP069027.1_cds_QRC95067.1_5049	JI435_431730
lcl|CP069027.1_cds_QRC95068.1_5050	JI435_027990
lcl|CP069027.1_cds_QRC95069.1_5051	JI435_028000
lcl|CP069027.1_cds_QRC95070.1_5052	JI435_028010
lcl|CP069027.1_cds_QRC95071.1_5053	JI435_431750
lcl|CP069027.1_cds_QRC95072.1_5054	JI435_431760
lcl|CP069027.1_cds_QRC95073.1_5055	JI435_301930
lcl|CP069027.1_cds_QRC95074.1_5056	JI435_301940
lcl|CP069027.1_cds_QRC95075.1_5057	JI435_028050
lcl|CP069027.1_cds_QRC95076.1_5058	JI435_028060
lcl|CP069027.1_cds_QRC95077.1_5059	JI435_028070
lcl|CP069027.1_cds_QRC95078.1_5060	JI435_028090
lcl|CP069027.1_cds_QRC95079.1_5061	JI435_406820
lcl|CP069027.1_cds_QRC95080.1_5062	JI435_028100
lcl|CP069027.1_cds_QRC95081.1_5063	JI435_406830
lcl|CP069027.1_cds_QRC95082.1_5064	JI435_431770
lcl|CP069027.1_cds_QRC95083.1_5065	JI435_301950
lcl|CP069027.1_cds_QRC95084.1_5066	JI435_028120
lcl|CP069027.1_cds_QRC95085.1_5067	JI435_406840
lcl|CP069027.1_cds_QRC95086.1_5068	JI435_028130
lcl|CP069027.1_cds_QRC95087.1_5069	JI435_028140
lcl|CP069027.1_cds_QRC95088.1_5070	JI435_028150
lcl|CP069027.1_cds_QRC95089.1_5071	JI435_028160
lcl|CP069027.1_cds_QRC95090.1_5072	JI435_028170
lcl|CP069027.1_cds_QRC95091.1_5073	JI435_028190
lcl|CP069027.1_cds_QRC95092.1_5074	JI435_301960
lcl|CP069027.1_cds_QRC95093.1_5075	JI435_028210
lcl|CP069027.1_cds_QRC95094.1_5076	JI435_028240
lcl|CP069027.1_cds_QRC95095.1_5077	JI435_028230
lcl|CP069027.1_cds_QRC95096.1_5078	JI435_028250
lcl|CP069027.1_cds_QRC95097.1_5079	JI435_028260
lcl|CP069027.1_cds_QRC95098.1_5080	JI435_028270
lcl|CP069027.1_cds_QRC95099.1_5081	JI435_431780
lcl|CP069027.1_cds_QRC95100.1_5082	JI435_028290
lcl|CP069027.1_cds_QRC95101.1_5083	JI435_301970
lcl|CP069027.1_cds_QRC95102.1_5084	JI435_028300
lcl|CP069027.1_cds_QRC95103.1_5085	JI435_028310
lcl|CP069027.1_cds_QRC95104.1_5086	JI435_028320
lcl|CP069027.1_cds_QRC95105.1_5087	JI435_028330
lcl|CP069027.1_cds_QRC95106.1_5088	JI435_028340
lcl|CP069027.1_cds_QRC95107.1_5089	JI435_406850
lcl|CP069027.1_cds_QRC95108.1_5090	JI435_301980
lcl|CP069027.1_cds_QRC95109.1_5091	JI435_028360
lcl|CP069027.1_cds_QRC95110.1_5092	JI435_028370
lcl|CP069027.1_cds_QRC95111.1_5093	JI435_431790
lcl|CP069027.1_cds_QRC95112.1_5094	JI435_028380
lcl|CP069027.1_cds_QRC95113.1_5095	JI435_028390
lcl|CP069027.1_cds_QRC95114.1_5096	JI435_406860
lcl|CP069027.1_cds_QRC95115.1_5097	JI435_028410
lcl|CP069027.1_cds_QRC95116.1_5098	JI435_406870
lcl|CP069027.1_cds_QRC95117.1_5099	JI435_406880
lcl|CP069027.1_cds_QRC95118.1_5100	JI435_028420
lcl|CP069027.1_cds_QRC95119.1_5101	JI435_028430
lcl|CP069027.1_cds_QRC95120.1_5102	JI435_028440
lcl|CP069027.1_cds_QRC95121.1_5103	JI435_028450
lcl|CP069027.1_cds_QRC95122.1_5104	JI435_028460
lcl|CP069027.1_cds_QRC95123.1_5105	JI435_028470
lcl|CP069027.1_cds_QRC95124.1_5106	JI435_028480
lcl|CP069027.1_cds_QRC95125.1_5107	JI435_028500
lcl|CP069027.1_cds_QRC95126.1_5108	JI435_431800
lcl|CP069027.1_cds_QRC95127.1_5109	JI435_431810
lcl|CP069027.1_cds_QRC95128.1_5110	JI435_028530
lcl|CP069027.1_cds_QRC95129.1_5111	JI435_028540
lcl|CP069027.1_cds_QRC95130.1_5112	JI435_431820
lcl|CP069027.1_cds_QRC95131.1_5113	JI435_028560
lcl|CP069027.1_cds_QRC95132.1_5114	JI435_028570
lcl|CP069027.1_cds_QRC95133.1_5115	JI435_301990
lcl|CP069027.1_cds_QRC95134.1_5116	JI435_302000
lcl|CP069027.1_cds_QRC95135.1_5117	JI435_302010
lcl|CP069027.1_cds_QRC95136.1_5118	JI435_028590
lcl|CP069027.1_cds_QRC95137.1_5119	JI435_302020
lcl|CP069027.1_cds_QRC95138.1_5120	JI435_431840
lcl|CP069027.1_cds_QRC95139.1_5121	JI435_028610
lcl|CP069027.1_cds_QRC95140.1_5122	JI435_406890
lcl|CP069027.1_cds_QRC95141.1_5123	JI435_028620
lcl|CP069027.1_cds_QRC95142.1_5124	JI435_028630
lcl|CP069027.1_cds_QRC95143.1_5125	JI435_028640
lcl|CP069027.1_cds_QRC95144.1_5126	JI435_406900
lcl|CP069027.1_cds_QRC95145.1_5127	JI435_406910
lcl|CP069027.1_cds_QRC95146.1_5128	JI435_431860
lcl|CP069027.1_cds_QRC95147.1_5129	JI435_431870
lcl|CP069027.1_cds_QRC95148.1_5130	JI435_431880
lcl|CP069027.1_cds_QRC95149.1_5131	JI435_028690
lcl|CP069027.1_cds_QRC95150.1_5132	JI435_028700
lcl|CP069027.1_cds_QRC95151.1_5133	JI435_028730
lcl|CP069027.1_cds_QRC95152.1_5134	JI435_302030
lcl|CP069027.1_cds_QRC95153.1_5135	JI435_028740
lcl|CP069027.1_cds_QRC95154.1_5136	JI435_028750
lcl|CP069027.1_cds_QRC95155.1_5137	JI435_028760
lcl|CP069027.1_cds_QRC95156.1_5138	JI435_028770
lcl|CP069027.1_cds_QRC95157.1_5139	JI435_406920
lcl|CP069027.1_cds_QRC95158.1_5140	JI435_406930
lcl|CP069027.1_cds_QRC95159.1_5141	JI435_028780
lcl|CP069027.1_cds_QRC95160.1_5142	JI435_028790
lcl|CP069027.1_cds_QRC95161.1_5143	JI435_028800
lcl|CP069027.1_cds_QRC95162.1_5144	JI435_406940
lcl|CP069027.1_cds_QRC95163.1_5145	JI435_028830
lcl|CP069027.1_cds_QRC95164.1_5146	JI435_028840
lcl|CP069027.1_cds_QRC95165.1_5147	JI435_406950
lcl|CP069027.1_cds_QRC95166.1_5148	JI435_406960
lcl|CP069027.1_cds_QRC95167.1_5149	JI435_028860
lcl|CP069027.1_cds_QRC95168.1_5150	JI435_028860
lcl|CP069027.1_cds_QRC95169.1_5151	JI435_028870
lcl|CP069027.1_cds_QRC95170.1_5152	JI435_028890
lcl|CP069027.1_cds_QRC95171.1_5153	JI435_406970
lcl|CP069027.1_cds_QRC95172.1_5154	JI435_028900
lcl|CP069027.1_cds_QRC95173.1_5155	JI435_028900
lcl|CP069027.1_cds_QRC95174.1_5156	JI435_028910
lcl|CP069027.1_cds_QRC95175.1_5157	JI435_028920
lcl|CP069027.1_cds_QRC95176.1_5158	JI435_028930
lcl|CP069027.1_cds_QRC95177.1_5159	JI435_406980
lcl|CP069027.1_cds_QRC95178.1_5160	JI435_028940
lcl|CP069027.1_cds_QRC95179.1_5161	JI435_406990
lcl|CP069027.1_cds_QRC95180.1_5162	JI435_431910
lcl|CP069027.1_cds_QRC95181.1_5163	JI435_028960
lcl|CP069027.1_cds_QRC95182.1_5164	JI435_407000
lcl|CP069027.1_cds_QRC95183.1_5165	JI435_302040
lcl|CP069027.1_cds_QRC95184.1_5166	JI435_028970
lcl|CP069027.1_cds_QRC95185.1_5167	JI435_407010
lcl|CP069027.1_cds_QRC95186.1_5168	JI435_028980
lcl|CP069027.1_cds_QRC95187.1_5169	JI435_028990
lcl|CP069027.1_cds_QRC95188.1_5170	JI435_029000
lcl|CP069027.1_cds_QRC95189.1_5171	JI435_029010
lcl|CP069027.1_cds_QRC95190.1_5172	JI435_029020
lcl|CP069027.1_cds_QRC95191.1_5173	JI435_302050
lcl|CP069027.1_cds_QRC95192.1_5174	JI435_302060
lcl|CP069027.1_cds_QRC95193.1_5175	JI435_029040
lcl|CP069027.1_cds_QRC95194.1_5176	JI435_029050
lcl|CP069027.1_cds_QRC95195.1_5177	JI435_431920
lcl|CP069027.1_cds_QRC95196.1_5178	JI435_407020
lcl|CP069027.1_cds_QRC95197.1_5179	JI435_029060
lcl|CP069027.1_cds_QRC95198.1_5180	JI435_029070
lcl|CP069027.1_cds_QRC95199.1_5181	JI435_029080
lcl|CP069027.1_cds_QRC95200.1_5182	JI435_407030
lcl|CP069027.1_cds_QRC95201.1_5183	JI435_029090
lcl|CP069027.1_cds_QRC95202.1_5184	JI435_200300
lcl|CP069027.1_cds_QRC95203.1_5185	JI435_407040
lcl|CP069027.1_cds_QRC95204.1_5186	JI435_029110
lcl|CP069027.1_cds_QRC95205.1_5187	JI435_029120
lcl|CP069027.1_cds_QRC95206.1_5188	JI435_029130
lcl|CP069027.1_cds_QRC95207.1_5189	JI435_029140
lcl|CP069027.1_cds_QRC95208.1_5190	JI435_029150
lcl|CP069027.1_cds_QRC95209.1_5191	JI435_431930
lcl|CP069027.1_cds_QRC95210.1_5192	JI435_029170
lcl|CP069027.1_cds_QRC95211.1_5193	JI435_029180
lcl|CP069027.1_cds_QRC95212.1_5194	JI435_302070
lcl|CP069027.1_cds_QRC95213.1_5195	JI435_431940
lcl|CP069027.1_cds_QRC95214.1_5196	JI435_029190
lcl|CP069027.1_cds_QRC95215.1_5197	JI435_407050
lcl|CP069027.1_cds_QRC95216.1_5198	JI435_029200
lcl|CP069027.1_cds_QRC95217.1_5199	JI435_029210
lcl|CP069027.1_cds_QRC95218.1_5200	JI435_407060
lcl|CP069027.1_cds_QRC95219.1_5201	JI435_029220
lcl|CP069027.1_cds_QRC95220.1_5202	JI435_302080
lcl|CP069027.1_cds_QRC95221.1_5203	JI435_029230
lcl|CP069027.1_cds_QRC95222.1_5204	JI435_302090
lcl|CP069027.1_cds_QRC95223.1_5205	JI435_029240
lcl|CP069027.1_cds_QRC95224.1_5206	JI435_029270
lcl|CP069027.1_cds_QRC95225.1_5207	JI435_200310
lcl|CP069027.1_cds_QRC95226.1_5208	JI435_029280
lcl|CP069027.1_cds_QRC95227.1_5209	JI435_407070
lcl|CP069027.1_cds_QRC95228.1_5210	JI435_029290
lcl|CP069027.1_cds_QRC95229.1_5211	JI435_029300
lcl|CP069027.1_cds_QRC95230.1_5212	JI435_407080
lcl|CP069027.1_cds_QRC95231.1_5213	JI435_407090
lcl|CP069027.1_cds_QRC95232.1_5214	JI435_029310
lcl|CP069027.1_cds_QRC95233.1_5215	JI435_029320
lcl|CP069027.1_cds_QRC95234.1_5216	JI435_029330
lcl|CP069027.1_cds_QRC95235.1_5217	JI435_029350
lcl|CP069027.1_cds_QRC95236.1_5218	JI435_029360
lcl|CP069027.1_cds_QRC95237.1_5219	JI435_431960
lcl|CP069027.1_cds_QRC95238.1_5220	JI435_029390
lcl|CP069027.1_cds_QRC95239.1_5221	JI435_407100
lcl|CP069027.1_cds_QRC95240.1_5222	JI435_302100
lcl|CP069027.1_cds_QRC95241.1_5223	JI435_029400
lcl|CP069027.1_cds_QRC95242.1_5224	JI435_029410
lcl|CP069027.1_cds_QRC95243.1_5225	JI435_029420
lcl|CP069027.1_cds_QRC95244.1_5226	JI435_431970
lcl|CP069027.1_cds_QRC95245.1_5227	JI435_029440
lcl|CP069027.1_cds_QRC95246.1_5228	JI435_029450
lcl|CP069027.1_cds_QRC95247.1_5229	JI435_302110
lcl|CP069027.1_cds_QRC95248.1_5230	JI435_029470
lcl|CP069027.1_cds_QRC95249.1_5231	JI435_029490
lcl|CP069027.1_cds_QRC95250.1_5232	JI435_029500
lcl|CP069027.1_cds_QRC95251.1_5233	JI435_029510
lcl|CP069027.1_cds_QRC95252.1_5234	JI435_029520
lcl|CP069027.1_cds_QRC95253.1_5235	JI435_302120
lcl|CP069027.1_cds_QRC95254.1_5236	JI435_302130
lcl|CP069027.1_cds_QRC95255.1_5237	JI435_029540
lcl|CP069027.1_cds_QRC95256.1_5238	JI435_029550
lcl|CP069027.1_cds_QRC95257.1_5239	JI435_029560
lcl|CP069027.1_cds_QRC95258.1_5240	JI435_029570
lcl|CP069027.1_cds_QRC95259.1_5241	JI435_302150
lcl|CP069027.1_cds_QRC95260.1_5242	JI435_029600
lcl|CP069027.1_cds_QRC95261.1_5243	JI435_029610
lcl|CP069027.1_cds_QRC95262.1_5244	JI435_431990
lcl|CP069027.1_cds_QRC95263.1_5245	JI435_029630
lcl|CP069027.1_cds_QRC95264.1_5246	JI435_029640
lcl|CP069027.1_cds_QRC95265.1_5247	JI435_432020
lcl|CP069027.1_cds_QRC95266.1_5248	JI435_432030
lcl|CP069027.1_cds_QRC95267.1_5249	JI435_029670
lcl|CP069027.1_cds_QRC95268.1_5250	JI435_407110
lcl|CP069027.1_cds_QRC95269.1_5251	JI435_029690
lcl|CP069027.1_cds_QRC95270.1_5252	JI435_432040
lcl|CP069027.1_cds_QRC95271.1_5253	JI435_029710
lcl|CP069027.1_cds_QRC95272.1_5254	JI435_029720
lcl|CP069027.1_cds_QRC95273.1_5255	JI435_432050
lcl|CP069027.1_cds_QRC95274.1_5256	JI435_029740
lcl|CP069027.1_cds_QRC95275.1_5257	JI435_029760
lcl|CP069027.1_cds_QRC95276.1_5258	JI435_432060
lcl|CP069027.1_cds_QRC95277.1_5259	JI435_432070
lcl|CP069027.1_cds_QRC95278.1_5260	JI435_432080
lcl|CP069027.1_cds_QRC95279.1_5261	JI435_029800
lcl|CP069027.1_cds_QRC95280.1_5262	JI435_029810
lcl|CP069027.1_cds_QRC95281.1_5263	JI435_302160
lcl|CP069027.1_cds_QRC95282.1_5264	JI435_029840
lcl|CP069027.1_cds_QRC95283.1_5265	JI435_302170
lcl|CP069027.1_cds_QRC95284.1_5266	JI435_029850
lcl|CP069027.1_cds_QRC95285.1_5267	JI435_029870
lcl|CP069027.1_cds_QRC95286.1_5268	JI435_029880
lcl|CP069027.1_cds_QRC95287.1_5269	JI435_029890
lcl|CP069027.1_cds_QRC95288.1_5270	JI435_029920
lcl|CP069027.1_cds_QRC95289.1_5271	JI435_029930
lcl|CP069027.1_cds_QRC95290.1_5272	JI435_029940
lcl|CP069027.1_cds_QRC95291.1_5273	JI435_029950
lcl|CP069027.1_cds_QRC95292.1_5274	JI435_029960
lcl|CP069027.1_cds_QRC95293.1_5275	JI435_302190
lcl|CP069027.1_cds_QRC95294.1_5276	JI435_302200
lcl|CP069027.1_cds_QRC95295.1_5277	JI435_302210
lcl|CP069027.1_cds_QRC95296.1_5278	JI435_029990
lcl|CP069027.1_cds_QRC95297.1_5279	JI435_302230
lcl|CP069027.1_cds_QRC95298.1_5280	JI435_030010
lcl|CP069027.1_cds_QRC95299.1_5281	JI435_030020
lcl|CP069027.1_cds_QRC95300.1_5282	JI435_432120
lcl|CP069027.1_cds_QRC95301.1_5283	JI435_407130
lcl|CP069027.1_cds_QRC95302.1_5284	JI435_030040
lcl|CP069027.1_cds_QRC95303.1_5285	JI435_030050
lcl|CP069027.1_cds_QRC95304.1_5286	JI435_030070
lcl|CP069027.1_cds_QRC95305.1_5287	JI435_030080
lcl|CP069027.1_cds_QRC95306.1_5288	JI435_030090
lcl|CP069027.1_cds_QRC95307.1_5289	JI435_432130
lcl|CP069027.1_cds_QRC95308.1_5290	JI435_030110
lcl|CP069027.1_cds_QRC95309.1_5291	JI435_030120
lcl|CP069027.1_cds_QRC95310.1_5292	JI435_407140
lcl|CP069027.1_cds_QRC95311.1_5293	JI435_302240
lcl|CP069027.1_cds_QRC95312.1_5294	JI435_407150
lcl|CP069027.1_cds_QRC95313.1_5295	JI435_030130
lcl|CP069027.1_cds_QRC95314.1_5296	JI435_432140
lcl|CP069027.1_cds_QRC95315.1_5297	JI435_432150
lcl|CP069027.1_cds_QRC95316.1_5298	JI435_030160
lcl|CP069027.1_cds_QRC95317.1_5299	JI435_302250
lcl|CP069027.1_cds_QRC95318.1_5300	JI435_030180
lcl|CP069027.1_cds_QRC95319.1_5301	JI435_030190
lcl|CP069027.1_cds_QRC95320.1_5302	JI435_030200
lcl|CP069027.1_cds_QRC95321.1_5303	JI435_432180
lcl|CP069027.1_cds_QRC95322.1_5304	JI435_030240
lcl|CP069027.1_cds_QRC95323.1_5305	JI435_030250
lcl|CP069027.1_cds_QRC95324.1_5306	JI435_432190
lcl|CP069027.1_cds_QRC95325.1_5307	JI435_030260
lcl|CP069027.1_cds_QRC95326.1_5308	JI435_030280
lcl|CP069027.1_cds_QRC95327.1_5309	JI435_030290
lcl|CP069027.1_cds_QRC95328.1_5310	JI435_407160
lcl|CP069027.1_cds_QRC95329.1_5311	JI435_030300
lcl|CP069027.1_cds_QRC95330.1_5312	JI435_030310
lcl|CP069027.1_cds_QRC95331.1_5313	JI435_030320
lcl|CP069027.1_cds_QRC95332.1_5314	JI435_407170
lcl|CP069027.1_cds_QRC95333.1_5315	JI435_030330
lcl|CP069027.1_cds_QRC95334.1_5316	JI435_407180
lcl|CP069027.1_cds_QRC95335.1_5317	JI435_407190
lcl|CP069027.1_cds_QRC95336.1_5318	JI435_030340
lcl|CP069027.1_cds_QRC95337.1_5319	JI435_030350
lcl|CP069027.1_cds_QRC95338.1_5320	JI435_030360
lcl|CP069027.1_cds_QRC95339.1_5321	JI435_030370
lcl|CP069027.1_cds_QRC95340.1_5322	JI435_030380
lcl|CP069027.1_cds_QRC95341.1_5323	JI435_030390
lcl|CP069027.1_cds_QRC95342.1_5324	JI435_030400
lcl|CP069027.1_cds_QRC95343.1_5325	JI435_030410
lcl|CP069027.1_cds_QRC95344.1_5326	JI435_030420
lcl|CP069027.1_cds_QRC95346.1_5327	JI435_030430
lcl|CP069027.1_cds_QRC95345.1_5328	JI435_030430
lcl|CP069027.1_cds_QRC95347.1_5329	JI435_030440
lcl|CP069027.1_cds_QRC95348.1_5330	JI435_030450
lcl|CP069027.1_cds_QRC95349.1_5331	JI435_030460
lcl|CP069027.1_cds_QRC95350.1_5332	JI435_030470
lcl|CP069027.1_cds_QRC95351.1_5333	JI435_030480
lcl|CP069027.1_cds_QRC95352.1_5334	JI435_030490
lcl|CP069027.1_cds_QRC95353.1_5335	JI435_030500
lcl|CP069027.1_cds_QRC95354.1_5336	JI435_030510
lcl|CP069027.1_cds_QRC95355.1_5337	JI435_030520
lcl|CP069027.1_cds_QRC95356.1_5338	JI435_030530
lcl|CP069027.1_cds_QRC95357.1_5339	JI435_030540
lcl|CP069027.1_cds_QRC95358.1_5340	JI435_407200
lcl|CP069027.1_cds_QRC95359.1_5341	JI435_030550
lcl|CP069027.1_cds_QRC95360.1_5342	JI435_030560
lcl|CP069027.1_cds_QRC95361.1_5343	JI435_407210
lcl|CP069027.1_cds_QRC95362.1_5344	JI435_407220
lcl|CP069027.1_cds_QRC95363.1_5345	JI435_030580
lcl|CP069027.1_cds_QRC95364.1_5346	JI435_030590
lcl|CP069027.1_cds_QRC95365.1_5347	JI435_030600
lcl|CP069027.1_cds_QRC95366.1_5348	JI435_030610
lcl|CP069027.1_cds_QRC95367.1_5349	JI435_302270
lcl|CP069027.1_cds_QRC95368.1_5350	JI435_030620
lcl|CP069027.1_cds_QRC95369.1_5351	JI435_302280
lcl|CP069027.1_cds_QRC95370.1_5352	JI435_030630
lcl|CP069027.1_cds_QRC95371.1_5353	JI435_407230
lcl|CP069027.1_cds_QRC95372.1_5354	JI435_030670
lcl|CP069027.1_cds_QRC95373.1_5355	JI435_407240
lcl|CP069027.1_cds_QRC95374.1_5356	JI435_432210
lcl|CP069027.1_cds_QRC95375.1_5357	JI435_407250
lcl|CP069027.1_cds_QRC95376.1_5358	JI435_407260
lcl|CP069027.1_cds_QRC95377.1_5359	JI435_030690
lcl|CP069027.1_cds_QRC95378.1_5360	JI435_030700
lcl|CP069027.1_cds_QRC95379.1_5361	JI435_030710
lcl|CP069027.1_cds_QRC95380.1_5362	JI435_030730
lcl|CP069027.1_cds_QRC95381.1_5363	JI435_030740
lcl|CP069027.1_cds_QRC95382.1_5364	JI435_030750
lcl|CP069027.1_cds_QRC95383.1_5365	JI435_030760
lcl|CP069027.1_cds_QRC95384.1_5366	JI435_030770
lcl|CP069027.1_cds_QRC95385.1_5367	JI435_030790
lcl|CP069027.1_cds_QRC95386.1_5368	JI435_030800
lcl|CP069027.1_cds_QRC95387.1_5369	JI435_030810
lcl|CP069027.1_cds_QRC95388.1_5370	JI435_030820
lcl|CP069027.1_cds_QRC95389.1_5371	JI435_030830
lcl|CP069027.1_cds_QRC95390.1_5372	JI435_030840
lcl|CP069027.1_cds_QRC95391.1_5373	JI435_407270
lcl|CP069027.1_cds_QRC95392.1_5374	JI435_030850
lcl|CP069027.1_cds_QRC95393.1_5375	JI435_407280
lcl|CP069027.1_cds_QRC95394.1_5376	JI435_030860
lcl|CP069027.1_cds_QRC95395.1_5377	JI435_407290
lcl|CP069027.1_cds_QRC95396.1_5378	JI435_302290
lcl|CP069027.1_cds_QRC95397.1_5379	JI435_407300
lcl|CP069027.1_cds_QRC95398.1_5380	JI435_030870
lcl|CP069027.1_cds_QRC95399.1_5381	JI435_030890
lcl|CP069027.1_cds_QRC95400.1_5382	JI435_030900
lcl|CP069027.1_cds_QRC95401.1_5383	JI435_030910
lcl|CP069027.1_cds_QRC95402.1_5384	JI435_030920
lcl|CP069027.1_cds_QRC95403.1_5385	JI435_030930
lcl|CP069027.1_cds_QRC95404.1_5386	JI435_030950
lcl|CP069027.1_cds_QRC95405.1_5387	JI435_302300
lcl|CP069027.1_cds_QRC95406.1_5388	JI435_030960
lcl|CP069027.1_cds_QRC95407.1_5389	JI435_030970
lcl|CP069027.1_cds_QRC95409.1_5390	JI435_030980
lcl|CP069027.1_cds_QRC95408.1_5391	JI435_030980
lcl|CP069027.1_cds_QRC95410.1_5392	JI435_031000
lcl|CP069027.1_cds_QRC95411.1_5393	JI435_407310
lcl|CP069027.1_cds_QRC95412.1_5394	JI435_031020
lcl|CP069027.1_cds_QRC95413.1_5395	JI435_407320
lcl|CP069027.1_cds_QRC95414.1_5396	JI435_031030
lcl|CP069027.1_cds_QRC95415.1_5397	JI435_031040
lcl|CP069027.1_cds_QRC95416.1_5398	JI435_031050
lcl|CP069027.1_cds_QRC95417.1_5399	JI435_031060
lcl|CP069027.1_cds_QRC95418.1_5400	JI435_031070
lcl|CP069027.1_cds_QRC95419.1_5401	JI435_031080
lcl|CP069027.1_cds_QRC95420.1_5402	JI435_031090
lcl|CP069027.1_cds_QRC95421.1_5403	JI435_031100
lcl|CP069027.1_cds_QRC95422.1_5404	JI435_432240
lcl|CP069027.1_cds_QRC95423.1_5405	JI435_031120
lcl|CP069027.1_cds_QRC95424.1_5406	JI435_407330
lcl|CP069027.1_cds_QRC95425.1_5407	JI435_031130
lcl|CP069027.1_cds_QRC95426.1_5408	JI435_031140
lcl|CP069027.1_cds_QRC95427.1_5409	JI435_031150
lcl|CP069027.1_cds_QRC95428.1_5410	JI435_302310
lcl|CP069027.1_cds_QRC95429.1_5411	JI435_031170
lcl|CP069027.1_cds_QRC95430.1_5412	JI435_031180
lcl|CP069027.1_cds_QRC95431.1_5413	JI435_407340
lcl|CP069027.1_cds_QRC95432.1_5414	JI435_031200
lcl|CP069027.1_cds_QRC95433.1_5415	JI435_407350
lcl|CP069027.1_cds_QRC95434.1_5416	JI435_031210
lcl|CP069027.1_cds_QRC95435.1_5417	JI435_407360
lcl|CP069027.1_cds_QRC95436.1_5418	JI435_031220
lcl|CP069027.1_cds_QRC95437.1_5419	JI435_302320
lcl|CP069027.1_cds_QRC95438.1_5420	JI435_031230
lcl|CP069027.1_cds_QRC95439.1_5421	JI435_031240
lcl|CP069027.1_cds_QRC95440.1_5422	JI435_031250
lcl|CP069027.1_cds_QRC95441.1_5423	JI435_407370
lcl|CP069027.1_cds_QRC95442.1_5424	JI435_432260
lcl|CP069027.1_cds_QRC95443.1_5425	JI435_031280
lcl|CP069027.1_cds_QRC95444.1_5426	JI435_302330
lcl|CP069027.1_cds_QRC95445.1_5427	JI435_031290
lcl|CP069027.1_cds_QRC95446.1_5428	JI435_031300
lcl|CP069027.1_cds_QRC95447.1_5429	JI435_031310
lcl|CP069027.1_cds_QRC95448.1_5430	JI435_302340
lcl|CP069027.1_cds_QRC95449.1_5431	JI435_031330
lcl|CP069027.1_cds_QRC95450.1_5432	JI435_031340
lcl|CP069027.1_cds_QRC95451.1_5433	JI435_031350
lcl|CP069027.1_cds_QRC95452.1_5434	JI435_031360
lcl|CP069027.1_cds_QRC95453.1_5435	JI435_031390
lcl|CP069027.1_cds_QRC95454.1_5436	JI435_407380
lcl|CP069027.1_cds_QRC95455.1_5437	JI435_031400
lcl|CP069027.1_cds_QRC95456.1_5438	JI435_031410
lcl|CP069027.1_cds_QRC95457.1_5439	JI435_432280
lcl|CP069027.1_cds_QRC95458.1_5440	JI435_031420
lcl|CP069027.1_cds_QRC95459.1_5441	JI435_407390
lcl|CP069027.1_cds_QRC95460.1_5442	JI435_031430
lcl|CP069027.1_cds_QRC95461.1_5443	JI435_031450
lcl|CP069027.1_cds_QRC95462.1_5444	JI435_031460
lcl|CP069027.1_cds_QRC95463.1_5445	JI435_031480
lcl|CP069027.1_cds_QRC95464.1_5446	JI435_031490
lcl|CP069027.1_cds_QRC95465.1_5447	JI435_031500
lcl|CP069027.1_cds_QRC95466.1_5448	JI435_031510
lcl|CP069027.1_cds_QRC95467.1_5449	JI435_031520
lcl|CP069027.1_cds_QRC95468.1_5450	JI435_031530
lcl|CP069027.1_cds_QRC95469.1_5451	JI435_031540
lcl|CP069027.1_cds_QRC95470.1_5452	JI435_031550
lcl|CP069027.1_cds_QRC95471.1_5453	JI435_031560
lcl|CP069027.1_cds_QRC95472.1_5454	JI435_031570
lcl|CP069027.1_cds_QRC95473.1_5455	JI435_031580
lcl|CP069027.1_cds_QRC95474.1_5456	JI435_031590
lcl|CP069027.1_cds_QRC95475.1_5457	JI435_031610
lcl|CP069027.1_cds_QRC95476.1_5458	JI435_407400
lcl|CP069027.1_cds_QRC95477.1_5459	JI435_031620
lcl|CP069027.1_cds_QRC95478.1_5460	JI435_031630
lcl|CP069027.1_cds_QRC95479.1_5461	JI435_031640
lcl|CP069027.1_cds_QRC95480.1_5462	JI435_031650
lcl|CP069027.1_cds_QRC95481.1_5463	JI435_031660
lcl|CP069027.1_cds_QRC95482.1_5464	JI435_031670
lcl|CP069027.1_cds_QRC95483.1_5465	JI435_407410
lcl|CP069027.1_cds_QRC95484.1_5466	JI435_302350
lcl|CP069027.1_cds_QRC95485.1_5467	JI435_031690
lcl|CP069027.1_cds_QRC95486.1_5468	JI435_407420
lcl|CP069027.1_cds_QRC95487.1_5469	JI435_031710
lcl|CP069027.1_cds_QRC95488.1_5470	JI435_031720
lcl|CP069027.1_cds_QRC95490.1_5471	JI435_031730
lcl|CP069027.1_cds_QRC95489.1_5472	JI435_031730
lcl|CP069027.1_cds_QRC95491.1_5473	JI435_031740
lcl|CP069027.1_cds_QRC95492.1_5474	JI435_031750
lcl|CP069027.1_cds_QRC95493.1_5475	JI435_407430
lcl|CP069027.1_cds_QRC95494.1_5476	JI435_031760
lcl|CP069027.1_cds_QRC95495.1_5477	JI435_031770
lcl|CP069027.1_cds_QRC95496.1_5478	JI435_407440
lcl|CP069027.1_cds_QRC95497.1_5479	JI435_031780
lcl|CP069027.1_cds_QRC95498.1_5480	JI435_031800
lcl|CP069027.1_cds_QRC95499.1_5481	JI435_432330
lcl|CP069027.1_cds_QRC95500.1_5482	JI435_031820
lcl|CP069027.1_cds_QRC95501.1_5483	JI435_031840
lcl|CP069027.1_cds_QRC95502.1_5484	JI435_031850
lcl|CP069027.1_cds_QRC95503.1_5485	JI435_407450
lcl|CP069027.1_cds_QRC95504.1_5486	JI435_031860
lcl|CP069027.1_cds_QRC95505.1_5487	JI435_031870
lcl|CP069027.1_cds_QRC95506.1_5488	JI435_031890
lcl|CP069027.1_cds_QRC95507.1_5489	JI435_031900
lcl|CP069027.1_cds_QRC95508.1_5490	JI435_407460
lcl|CP069027.1_cds_QRC95509.1_5491	JI435_031910
lcl|CP069027.1_cds_QRC95510.1_5492	JI435_031920
lcl|CP069027.1_cds_QRC95511.1_5493	JI435_432350
lcl|CP069027.1_cds_QRC95512.1_5494	JI435_031960
lcl|CP069027.1_cds_QRC95513.1_5495	JI435_302370
lcl|CP069027.1_cds_QRC95514.1_5496	JI435_031980
lcl|CP069027.1_cds_QRC95515.1_5497	JI435_031990
lcl|CP069027.1_cds_QRC95516.1_5498	JI435_032000
lcl|CP069027.1_cds_QRC95517.1_5499	JI435_032010
lcl|CP069027.1_cds_QRC95518.1_5500	JI435_032020
lcl|CP069027.1_cds_QRC95520.1_5501	JI435_032040
lcl|CP069027.1_cds_QRC95519.1_5502	JI435_032040
lcl|CP069027.1_cds_QRC95521.1_5503	JI435_032050
lcl|CP069027.1_cds_QRC95522.1_5504	JI435_032060
lcl|CP069027.1_cds_QRC95523.1_5505	JI435_032060
lcl|CP069027.1_cds_QRC95524.1_5506	JI435_032070
lcl|CP069027.1_cds_QRC95525.1_5507	JI435_032090
lcl|CP069027.1_cds_QRC95526.1_5508	JI435_407470
lcl|CP069027.1_cds_QRC95527.1_5509	JI435_032100
lcl|CP069027.1_cds_QRC95528.1_5510	JI435_407480
lcl|CP069027.1_cds_QRC95529.1_5511	JI435_032120
lcl|CP069027.1_cds_QRC95530.1_5512	JI435_032130
lcl|CP069027.1_cds_QRC95531.1_5513	JI435_032150
lcl|CP069027.1_cds_QRC95532.1_5514	JI435_032160
lcl|CP069027.1_cds_QRC95533.1_5515	JI435_432400
lcl|CP069027.1_cds_QRC95534.1_5516	JI435_032180
lcl|CP069027.1_cds_QRC95535.1_5517	JI435_032190
lcl|CP069027.1_cds_QRC95536.1_5518	JI435_432410
lcl|CP069027.1_cds_QRC95537.1_5519	JI435_032200
lcl|CP069027.1_cds_QRC95538.1_5520	JI435_032210
lcl|CP069027.1_cds_QRC95539.1_5521	JI435_032230
lcl|CP069027.1_cds_QRC95540.1_5522	JI435_302380
lcl|CP069027.1_cds_QRC95541.1_5523	JI435_302390
lcl|CP069027.1_cds_QRC95542.1_5524	JI435_302400
lcl|CP069027.1_cds_QRC95543.1_5525	JI435_302410
lcl|CP069027.1_cds_QRC95544.1_5526	JI435_032280
lcl|CP069027.1_cds_QRC95545.1_5527	JI435_032290
lcl|CP069027.1_cds_QRC95546.1_5528	JI435_032300
lcl|CP069027.1_cds_QRC95547.1_5529	JI435_032310
lcl|CP069027.1_cds_QRC95548.1_5530	JI435_032320
lcl|CP069027.1_cds_QRC95549.1_5531	JI435_032330
lcl|CP069027.1_cds_QRC95550.1_5532	JI435_407490
lcl|CP069027.1_cds_QRC95551.1_5533	JI435_432450
lcl|CP069027.1_cds_QRC95553.1_5534	JI435_032360
lcl|CP069027.1_cds_QRC95552.1_5535	JI435_032360
lcl|CP069027.1_cds_QRC95554.1_5536	JI435_302420
lcl|CP069027.1_cds_QRC95555.1_5537	JI435_032370
lcl|CP069027.1_cds_QRC95556.1_5538	JI435_302440
lcl|CP069027.1_cds_QRC95557.1_5539	JI435_032380
lcl|CP069027.1_cds_QRC95558.1_5540	JI435_032410
lcl|CP069027.1_cds_QRC95559.1_5541	JI435_407500
lcl|CP069027.1_cds_QRC95560.1_5542	JI435_302450
lcl|CP069027.1_cds_QRC95561.1_5543	JI435_032420
lcl|CP069027.1_cds_QRC95562.1_5544	JI435_032430
lcl|CP069027.1_cds_QRC95563.1_5545	JI435_032440
lcl|CP069027.1_cds_QRC95564.1_5546	JI435_032460
lcl|CP069027.1_cds_QRC95565.1_5547	JI435_302460
lcl|CP069027.1_cds_QRC95566.1_5548	JI435_407510
lcl|CP069027.1_cds_QRC95567.1_5549	JI435_032470
lcl|CP069027.1_cds_QRC95568.1_5550	JI435_032480
lcl|CP069027.1_cds_QRC95569.1_5551	JI435_032490
lcl|CP069027.1_cds_QRC95571.1_5552	JI435_302470
lcl|CP069027.1_cds_QRC95570.1_5553	JI435_302470
lcl|CP069027.1_cds_QRC95572.1_5554	JI435_407520
lcl|CP069027.1_cds_QRC95573.1_5555	JI435_407530
lcl|CP069027.1_cds_QRC95574.1_5556	JI435_407540
lcl|CP069027.1_cds_QRC95575.1_5557	JI435_032520
lcl|CP069027.1_cds_QRC95576.1_5558	JI435_407550
lcl|CP069027.1_cds_QRC95577.1_5559	JI435_032530
lcl|CP069027.1_cds_QRC95578.1_5560	JI435_432470
lcl|CP069027.1_cds_QRC95579.1_5561	JI435_302480
lcl|CP069027.1_cds_QRC95580.1_5562	JI435_032550
lcl|CP069027.1_cds_QRC95581.1_5563	JI435_032560
lcl|CP069027.1_cds_QRC95582.1_5564	JI435_407560
lcl|CP069027.1_cds_QRC95583.1_5565	JI435_032570
lcl|CP069027.1_cds_QRC95584.1_5566	JI435_032580
lcl|CP069027.1_cds_QRC95585.1_5567	JI435_032590
lcl|CP069027.1_cds_QRC95586.1_5568	JI435_032600
lcl|CP069027.1_cds_QRC95587.1_5569	JI435_032610
lcl|CP069027.1_cds_QRC95588.1_5570	JI435_032620
lcl|CP069027.1_cds_QRC95589.1_5571	JI435_032630
lcl|CP069027.1_cds_QRC95590.1_5572	JI435_032640
lcl|CP069027.1_cds_QRC95591.1_5573	JI435_032650
lcl|CP069027.1_cds_QRC95592.1_5574	JI435_407570
lcl|CP069027.1_cds_QRC95593.1_5575	JI435_032660
lcl|CP069027.1_cds_QRC95594.1_5576	JI435_302490
lcl|CP069027.1_cds_QRC95595.1_5577	JI435_032670
lcl|CP069027.1_cds_QRC95596.1_5578	JI435_302500
lcl|CP069027.1_cds_QRC95597.1_5579	JI435_407580
lcl|CP069027.1_cds_QRC95598.1_5580	JI435_032680
lcl|CP069027.1_cds_QRC95599.1_5581	JI435_032690
lcl|CP069027.1_cds_QRC95600.1_5582	JI435_032710
lcl|CP069027.1_cds_QRC95601.1_5583	JI435_432480
lcl|CP069027.1_cds_QRC95602.1_5584	JI435_032740
lcl|CP069027.1_cds_QRC95603.1_5585	JI435_032750
lcl|CP069027.1_cds_QRC95604.1_5586	JI435_407590
lcl|CP069027.1_cds_QRC95605.1_5587	JI435_032770
lcl|CP069027.1_cds_QRC95606.1_5588	JI435_032780
lcl|CP069027.1_cds_QRC95607.1_5589	JI435_032790
lcl|CP069027.1_cds_QRC95608.1_5590	JI435_432490
lcl|CP069027.1_cds_QRC95609.1_5591	JI435_407600
lcl|CP069027.1_cds_QRC95610.1_5592	JI435_032820
lcl|CP069027.1_cds_QRC95611.1_5593	JI435_407610
lcl|CP069027.1_cds_QRC95612.1_5594	JI435_032830
lcl|CP069027.1_cds_QRC95613.1_5595	JI435_032840
lcl|CP069027.1_cds_QRC95614.1_5596	JI435_032850
lcl|CP069027.1_cds_QRC95615.1_5597	JI435_407620
lcl|CP069027.1_cds_QRC95616.1_5598	JI435_407630
lcl|CP069027.1_cds_QRC95617.1_5599	JI435_032860
lcl|CP069027.1_cds_QRC95618.1_5600	JI435_407640
lcl|CP069027.1_cds_QRC95619.1_5601	JI435_407650
lcl|CP069027.1_cds_QRC95620.1_5602	JI435_032870
lcl|CP069027.1_cds_QRC95621.1_5603	JI435_407660
lcl|CP069027.1_cds_QRC95622.1_5604	JI435_407670
lcl|CP069027.1_cds_QRC95623.1_5605	JI435_032880
lcl|CP069027.1_cds_QRC95624.1_5606	JI435_407680
lcl|CP069027.1_cds_QRC95625.1_5607	JI435_032890
lcl|CP069027.1_cds_QRC95626.1_5608	JI435_407690
lcl|CP069027.1_cds_QRC95627.1_5609	JI435_032900
lcl|CP069027.1_cds_QRC95628.1_5610	JI435_432510
lcl|CP069027.1_cds_QRC95629.1_5611	JI435_032920
lcl|CP069027.1_cds_QRC95630.1_5612	JI435_407700
lcl|CP069027.1_cds_QRC95631.1_5613	JI435_032930
lcl|CP069027.1_cds_QRC95632.1_5614	JI435_032940
lcl|CP069027.1_cds_QRC95633.1_5615	JI435_432520
lcl|CP069027.1_cds_QRC95634.1_5616	JI435_032950
lcl|CP069027.1_cds_QRC95635.1_5617	JI435_032960
lcl|CP069027.1_cds_QRC95636.1_5618	JI435_032970
lcl|CP069027.1_cds_QRC95637.1_5619	JI435_032980
lcl|CP069027.1_cds_QRC95638.1_5620	JI435_032990
lcl|CP069027.1_cds_QRC95639.1_5621	JI435_407710
lcl|CP069027.1_cds_QRC95640.1_5622	JI435_407720
lcl|CP069027.1_cds_QRC95641.1_5623	JI435_033010
lcl|CP069027.1_cds_QRC95642.1_5624	JI435_407730
lcl|CP069027.1_cds_QRC95643.1_5625	JI435_407740
lcl|CP069027.1_cds_QRC95644.1_5626	JI435_033020
lcl|CP069027.1_cds_QRC95645.1_5627	JI435_033030
lcl|CP069027.1_cds_QRC95646.1_5628	JI435_033040
lcl|CP069027.1_cds_QRC95647.1_5629	JI435_033050
lcl|CP069027.1_cds_QRC95648.1_5630	JI435_033060
lcl|CP069027.1_cds_QRC95649.1_5631	JI435_033090
lcl|CP069027.1_cds_QRC95650.1_5632	JI435_302520
lcl|CP069027.1_cds_QRC95651.1_5633	JI435_033100
lcl|CP069027.1_cds_QRC95652.1_5634	JI435_033100
lcl|CP069027.1_cds_QRC95653.1_5635	JI435_033110
lcl|CP069027.1_cds_QRC95654.1_5636	JI435_407750
lcl|CP069027.1_cds_QRC95655.1_5637	JI435_033120
lcl|CP069027.1_cds_QRC95656.1_5638	JI435_033130
lcl|CP069027.1_cds_QRC95657.1_5639	JI435_407760
lcl|CP069027.1_cds_QRC95658.1_5640	JI435_033140
lcl|CP069027.1_cds_QRC95659.1_5641	JI435_033150
lcl|CP069027.1_cds_QRC95660.1_5642	JI435_033160
lcl|CP069027.1_cds_QRC95661.1_5643	JI435_033170
lcl|CP069027.1_cds_QRC95662.1_5644	JI435_033180
lcl|CP069027.1_cds_QRC95663.1_5645	JI435_407770
lcl|CP069027.1_cds_QRC95664.1_5646	JI435_033190
lcl|CP069027.1_cds_QRC95665.1_5647	JI435_033200
lcl|CP069027.1_cds_QRC95666.1_5648	JI435_033220
lcl|CP069027.1_cds_QRC95667.1_5649	JI435_033230
lcl|CP069027.1_cds_QRC95668.1_5650	JI435_302530
lcl|CP069027.1_cds_QRC95669.1_5651	JI435_033250
lcl|CP069027.1_cds_QRC95670.1_5652	JI435_033260
lcl|CP069027.1_cds_QRC95671.1_5653	JI435_407780
lcl|CP069027.1_cds_QRC95672.1_5654	JI435_033270
lcl|CP069027.1_cds_QRC95673.1_5655	JI435_407790
lcl|CP069027.1_cds_QRC95674.1_5656	JI435_407800
lcl|CP069027.1_cds_QRC95675.1_5657	JI435_309470
lcl|CP069027.1_cds_QRC95676.1_5658	JI435_158260
lcl|CP069027.1_cds_QRC95677.1_5659	JI435_158270
lcl|CP069027.1_cds_QRC95678.1_5660	JI435_158290
lcl|CP069027.1_cds_QRC95679.1_5661	JI435_158300
lcl|CP069027.1_cds_QRC95680.1_5662	JI435_158310
lcl|CP069027.1_cds_QRC95681.1_5663	JI435_158320
lcl|CP069027.1_cds_QRC95682.1_5664	JI435_158330
lcl|CP069027.1_cds_QRC95683.1_5665	JI435_158340
lcl|CP069027.1_cds_QRC95684.1_5666	JI435_158360
lcl|CP069027.1_cds_QRC95685.1_5667	JI435_158370
lcl|CP069027.1_cds_QRC95686.1_5668	JI435_158380
lcl|CP069027.1_cds_QRC95687.1_5669	JI435_158390
lcl|CP069027.1_cds_QRC95688.1_5670	JI435_407810
lcl|CP069027.1_cds_QRC95689.1_5671	JI435_158400
lcl|CP069027.1_cds_QRC95690.1_5672	JI435_158410
lcl|CP069027.1_cds_QRC95691.1_5673	JI435_158420
lcl|CP069027.1_cds_QRC95692.1_5674	JI435_158430
lcl|CP069027.1_cds_QRC95693.1_5675	JI435_158440
lcl|CP069027.1_cds_QRC95694.1_5676	JI435_158450
lcl|CP069027.1_cds_QRC95695.1_5677	JI435_407820
lcl|CP069027.1_cds_QRC95696.1_5678	JI435_158470
lcl|CP069027.1_cds_QRC95697.1_5679	JI435_407830
lcl|CP069027.1_cds_QRC95698.1_5680	JI435_158490
lcl|CP069027.1_cds_QRC95699.1_5681	JI435_407840
lcl|CP069027.1_cds_QRC95700.1_5682	JI435_158500
lcl|CP069027.1_cds_QRC95701.1_5683	JI435_158520
lcl|CP069027.1_cds_QRC95702.1_5684	JI435_158530
lcl|CP069027.1_cds_QRC95703.1_5685	JI435_158540
lcl|CP069027.1_cds_QRC95704.1_5686	JI435_201790
lcl|CP069027.1_cds_QRC95705.1_5687	JI435_158550
lcl|CP069027.1_cds_QRC95706.1_5688	JI435_158560
lcl|CP069027.1_cds_QRC95707.1_5689	JI435_432560
lcl|CP069027.1_cds_QRC95708.1_5690	JI435_432570
lcl|CP069027.1_cds_QRC95709.1_5691	JI435_158580
lcl|CP069027.1_cds_QRC95710.1_5692	JI435_158590
lcl|CP069027.1_cds_QRC95711.1_5693	JI435_158600
lcl|CP069027.1_cds_QRC95712.1_5694	JI435_158610
lcl|CP069027.1_cds_QRC95713.1_5695	JI435_158630
lcl|CP069027.1_cds_QRC95714.1_5696	JI435_158640
lcl|CP069027.1_cds_QRC95715.1_5697	JI435_158660
lcl|CP069027.1_cds_QRC95716.1_5698	JI435_309480
lcl|CP069027.1_cds_QRC95717.1_5699	JI435_158680
lcl|CP069027.1_cds_QRC95718.1_5700	JI435_158690
lcl|CP069027.1_cds_QRC95719.1_5701	JI435_158700
lcl|CP069027.1_cds_QRC95720.1_5702	JI435_158710
lcl|CP069027.1_cds_QRC95721.1_5703	JI435_158720
lcl|CP069027.1_cds_QRC95722.1_5704	JI435_158730
lcl|CP069027.1_cds_QRC95723.1_5705	JI435_158740
lcl|CP069027.1_cds_QRC95724.1_5706	JI435_158750
lcl|CP069027.1_cds_QRC95725.1_5707	JI435_158760
lcl|CP069027.1_cds_QRC95726.1_5708	JI435_158770
lcl|CP069027.1_cds_QRC95727.1_5709	JI435_407850
lcl|CP069027.1_cds_QRC95728.1_5710	JI435_407860
lcl|CP069027.1_cds_QRC95729.1_5711	JI435_158790
lcl|CP069027.1_cds_QRC95730.1_5712	JI435_407870
lcl|CP069027.1_cds_QRC95731.1_5713	JI435_158800
lcl|CP069027.1_cds_QRC95732.1_5714	JI435_158810
lcl|CP069027.1_cds_QRC95733.1_5715	JI435_158830
lcl|CP069027.1_cds_QRC95734.1_5716	JI435_309490
lcl|CP069027.1_cds_QRC95735.1_5717	JI435_158850
lcl|CP069027.1_cds_QRC95736.1_5718	JI435_158860
lcl|CP069027.1_cds_QRC95737.1_5719	JI435_158870
lcl|CP069027.1_cds_QRC95738.1_5720	JI435_407880
lcl|CP069027.1_cds_QRC95739.1_5721	JI435_158880
lcl|CP069027.1_cds_QRC95740.1_5722	JI435_158890
lcl|CP069027.1_cds_QRC95741.1_5723	JI435_158910
lcl|CP069027.1_cds_QRC95742.1_5724	JI435_407890
lcl|CP069027.1_cds_QRC95743.1_5725	JI435_158940
lcl|CP069027.1_cds_QRC95744.1_5726	JI435_309500
lcl|CP069027.1_cds_QRC95745.1_5727	JI435_158950
lcl|CP069027.1_cds_QRC95746.1_5728	JI435_158960
lcl|CP069027.1_cds_QRC95747.1_5729	JI435_158970
lcl|CP069027.1_cds_QRC95748.1_5730	JI435_158990
lcl|CP069027.1_cds_QRC95749.1_5731	JI435_159010
lcl|CP069027.1_cds_QRC95750.1_5732	JI435_159020
lcl|CP069027.1_cds_QRC95751.1_5733	JI435_159030
lcl|CP069027.1_cds_QRC95752.1_5734	JI435_159040
lcl|CP069027.1_cds_QRC95753.1_5735	JI435_407900
lcl|CP069027.1_cds_QRC95754.1_5736	JI435_159070
lcl|CP069027.1_cds_QRC95755.1_5737	JI435_159080
lcl|CP069027.1_cds_QRC95756.1_5738	JI435_432660
lcl|CP069027.1_cds_QRC95757.1_5739	JI435_159120
lcl|CP069027.1_cds_QRC95758.1_5740	JI435_407910
lcl|CP069027.1_cds_QRC95759.1_5741	JI435_159140
lcl|CP069027.1_cds_QRC95760.1_5742	JI435_159150
lcl|CP069027.1_cds_QRC95761.1_5743	JI435_159160
lcl|CP069027.1_cds_QRC95762.1_5744	JI435_407920
lcl|CP069027.1_cds_QRC95763.1_5745	JI435_159170
lcl|CP069027.1_cds_QRC95764.1_5746	JI435_407930
lcl|CP069027.1_cds_QRC95765.1_5747	JI435_159180
lcl|CP069027.1_cds_QRC95766.1_5748	JI435_159190
lcl|CP069027.1_cds_QRC95767.1_5749	JI435_407940
lcl|CP069027.1_cds_QRC95768.1_5750	JI435_159200
lcl|CP069027.1_cds_QRC95769.1_5751	JI435_159210
lcl|CP069027.1_cds_QRC95770.1_5752	JI435_159220
lcl|CP069027.1_cds_QRC95771.1_5753	JI435_159230
lcl|CP069027.1_cds_QRC95772.1_5754	JI435_159240
lcl|CP069027.1_cds_QRC95773.1_5755	JI435_159260
lcl|CP069027.1_cds_QRC95774.1_5756	JI435_159270
lcl|CP069027.1_cds_QRC95775.1_5757	JI435_159290
lcl|CP069027.1_cds_QRC95776.1_5758	JI435_309510
lcl|CP069027.1_cds_QRC95777.1_5759	JI435_432690
lcl|CP069027.1_cds_QRC95778.1_5760	JI435_159320
lcl|CP069027.1_cds_QRC95779.1_5761	JI435_159330
lcl|CP069027.1_cds_QRC95780.1_5762	JI435_159340
lcl|CP069027.1_cds_QRC95781.1_5763	JI435_309520
lcl|CP069027.1_cds_QRC95782.1_5764	JI435_159350
lcl|CP069027.1_cds_QRC95783.1_5765	JI435_432700
lcl|CP069027.1_cds_QRC95784.1_5766	JI435_159370
lcl|CP069027.1_cds_QRC95785.1_5767	JI435_159380
lcl|CP069027.1_cds_QRC95786.1_5768	JI435_309530
lcl|CP069027.1_cds_QRC95787.1_5769	JI435_159400
lcl|CP069027.1_cds_QRC95788.1_5770	JI435_309540
lcl|CP069027.1_cds_QRC95789.1_5771	JI435_159420
lcl|CP069027.1_cds_QRC95790.1_5772	JI435_159430
lcl|CP069027.1_cds_QRC95791.1_5773	JI435_432720
lcl|CP069027.1_cds_QRC95792.1_5774	JI435_407950
lcl|CP069027.1_cds_QRC95793.1_5775	JI435_159450
lcl|CP069027.1_cds_QRC95794.1_5776	JI435_407960
lcl|CP069027.1_cds_QRC95795.1_5777	JI435_159460
lcl|CP069027.1_cds_QRC95796.1_5778	JI435_159470
lcl|CP069027.1_cds_QRC95797.1_5779	JI435_159480
lcl|CP069027.1_cds_QRC95798.1_5780	JI435_159490
lcl|CP069027.1_cds_QRC95799.1_5781	JI435_407970
lcl|CP069027.1_cds_QRC95800.1_5782	JI435_159500
lcl|CP069027.1_cds_QRC95801.1_5783	JI435_159510
lcl|CP069027.1_cds_QRC95802.1_5784	JI435_159520
lcl|CP069027.1_cds_QRC95803.1_5785	JI435_159540
lcl|CP069027.1_cds_QRC95804.1_5786	JI435_159550
lcl|CP069027.1_cds_QRC95805.1_5787	JI435_159560
lcl|CP069027.1_cds_QRC95806.1_5788	JI435_159570
lcl|CP069028.1_cds_QRC95807.1_5789	JI435_054550
lcl|CP069028.1_cds_QRC95808.1_5790	JI435_054580
lcl|CP069028.1_cds_QRC95809.1_5791	JI435_054590
lcl|CP069028.1_cds_QRC95810.1_5792	JI435_054600
lcl|CP069028.1_cds_QRC95811.1_5793	JI435_054610
lcl|CP069028.1_cds_QRC95812.1_5794	JI435_054620
lcl|CP069028.1_cds_QRC95813.1_5795	JI435_054630
lcl|CP069028.1_cds_QRC95814.1_5796	JI435_054640
lcl|CP069028.1_cds_QRC95815.1_5797	JI435_054660
lcl|CP069028.1_cds_QRC95816.1_5798	JI435_054670
lcl|CP069028.1_cds_QRC95817.1_5799	JI435_054680
lcl|CP069028.1_cds_QRC95818.1_5800	JI435_432770
lcl|CP069028.1_cds_QRC95819.1_5801	JI435_054720
lcl|CP069028.1_cds_QRC95820.1_5802	JI435_054730
lcl|CP069028.1_cds_QRC95821.1_5803	JI435_054740
lcl|CP069028.1_cds_QRC95822.1_5804	JI435_303840
lcl|CP069028.1_cds_QRC95823.1_5805	JI435_054750
lcl|CP069028.1_cds_QRC95824.1_5806	JI435_054760
lcl|CP069028.1_cds_QRC95825.1_5807	JI435_054770
lcl|CP069028.1_cds_QRC95826.1_5808	JI435_054780
lcl|CP069028.1_cds_QRC95827.1_5809	JI435_432780
lcl|CP069028.1_cds_QRC95828.1_5810	JI435_054800
lcl|CP069028.1_cds_QRC95829.1_5811	JI435_054810
lcl|CP069028.1_cds_QRC95830.1_5812	JI435_054820
lcl|CP069028.1_cds_QRC95831.1_5813	JI435_432790
lcl|CP069028.1_cds_QRC95832.1_5814	JI435_054840
lcl|CP069028.1_cds_QRC95833.1_5815	JI435_432800
lcl|CP069028.1_cds_QRC95834.1_5816	JI435_303850
lcl|CP069028.1_cds_QRC95835.1_5817	JI435_407980
lcl|CP069028.1_cds_QRC95836.1_5818	JI435_054860
lcl|CP069028.1_cds_QRC95837.1_5819	JI435_407990
lcl|CP069028.1_cds_QRC95838.1_5820	JI435_408000
lcl|CP069028.1_cds_QRC95839.1_5821	JI435_054870
lcl|CP069028.1_cds_QRC95840.1_5822	JI435_054880
lcl|CP069028.1_cds_QRC95841.1_5823	JI435_054890
lcl|CP069028.1_cds_QRC95842.1_5824	JI435_303860
lcl|CP069028.1_cds_QRC95843.1_5825	JI435_408010
lcl|CP069028.1_cds_QRC95844.1_5826	JI435_432830
lcl|CP069028.1_cds_QRC95845.1_5827	JI435_054900
lcl|CP069028.1_cds_QRC95846.1_5828	JI435_054910
lcl|CP069028.1_cds_QRC95847.1_5829	JI435_054920
lcl|CP069028.1_cds_QRC95848.1_5830	JI435_054930
lcl|CP069028.1_cds_QRC95849.1_5831	JI435_054940
lcl|CP069028.1_cds_QRC95850.1_5832	JI435_054950
lcl|CP069028.1_cds_QRC95851.1_5833	JI435_054960
lcl|CP069028.1_cds_QRC95852.1_5834	JI435_054970
lcl|CP069028.1_cds_QRC95853.1_5835	JI435_054980
lcl|CP069028.1_cds_QRC95854.1_5836	JI435_054990
lcl|CP069028.1_cds_QRC95855.1_5837	JI435_055000
lcl|CP069028.1_cds_QRC95856.1_5838	JI435_055020
lcl|CP069028.1_cds_QRC95857.1_5839	JI435_055030
lcl|CP069028.1_cds_QRC95858.1_5840	JI435_055040
lcl|CP069028.1_cds_QRC95859.1_5841	JI435_055050
lcl|CP069028.1_cds_QRC95860.1_5842	JI435_055060
lcl|CP069028.1_cds_QRC95861.1_5843	JI435_055080
lcl|CP069028.1_cds_QRC95862.1_5844	JI435_055090
lcl|CP069028.1_cds_QRC95863.1_5845	JI435_408020
lcl|CP069028.1_cds_QRC95864.1_5846	JI435_055100
lcl|CP069028.1_cds_QRC95865.1_5847	JI435_055110
lcl|CP069028.1_cds_QRC95866.1_5848	JI435_055120
lcl|CP069028.1_cds_QRC95867.1_5849	JI435_055130
lcl|CP069028.1_cds_QRC95868.1_5850	JI435_408030
lcl|CP069028.1_cds_QRC95869.1_5851	JI435_408040
lcl|CP069028.1_cds_QRC95870.1_5852	JI435_055140
lcl|CP069028.1_cds_QRC95871.1_5853	JI435_055150
lcl|CP069028.1_cds_QRC95872.1_5854	JI435_055160
lcl|CP069028.1_cds_QRC95873.1_5855	JI435_055170
lcl|CP069028.1_cds_QRC95874.1_5856	JI435_055180
lcl|CP069028.1_cds_QRC95875.1_5857	JI435_055190
lcl|CP069028.1_cds_QRC95876.1_5858	JI435_408050
lcl|CP069028.1_cds_QRC95877.1_5859	JI435_055200
lcl|CP069028.1_cds_QRC95878.1_5860	JI435_055210
lcl|CP069028.1_cds_QRC95879.1_5861	JI435_055220
lcl|CP069028.1_cds_QRC95880.1_5862	JI435_432850
lcl|CP069028.1_cds_QRC95881.1_5863	JI435_432860
lcl|CP069028.1_cds_QRC95882.1_5864	JI435_408060
lcl|CP069028.1_cds_QRC95883.1_5865	JI435_055240
lcl|CP069028.1_cds_QRC95884.1_5866	JI435_055250
lcl|CP069028.1_cds_QRC95885.1_5867	JI435_408070
lcl|CP069028.1_cds_QRC95886.1_5868	JI435_055260
lcl|CP069028.1_cds_QRC95887.1_5869	JI435_408080
lcl|CP069028.1_cds_QRC95888.1_5870	JI435_055270
lcl|CP069028.1_cds_QRC95889.1_5871	JI435_408090
lcl|CP069028.1_cds_QRC95890.1_5872	JI435_055280
lcl|CP069028.1_cds_QRC95891.1_5873	JI435_055290
lcl|CP069028.1_cds_QRC95892.1_5874	JI435_055300
lcl|CP069028.1_cds_QRC95893.1_5875	JI435_055320
lcl|CP069028.1_cds_QRC95894.1_5876	JI435_432890
lcl|CP069028.1_cds_QRC95895.1_5877	JI435_055330
lcl|CP069028.1_cds_QRC95896.1_5878	JI435_055340
lcl|CP069028.1_cds_QRC95897.1_5879	JI435_432900
lcl|CP069028.1_cds_QRC95898.1_5880	JI435_432910
lcl|CP069028.1_cds_QRC95899.1_5881	JI435_055370
lcl|CP069028.1_cds_QRC95900.1_5882	JI435_055380
lcl|CP069028.1_cds_QRC95901.1_5883	JI435_055390
lcl|CP069028.1_cds_QRC95902.1_5884	JI435_055400
lcl|CP069028.1_cds_QRC95903.1_5885	JI435_055410
lcl|CP069028.1_cds_QRC95904.1_5886	JI435_432920
lcl|CP069028.1_cds_QRC95905.1_5887	JI435_432930
lcl|CP069028.1_cds_QRC95906.1_5888	JI435_432940
lcl|CP069028.1_cds_QRC95907.1_5889	JI435_055450
lcl|CP069028.1_cds_QRC95908.1_5890	JI435_055460
lcl|CP069028.1_cds_QRC95909.1_5891	JI435_055470
lcl|CP069028.1_cds_QRC95910.1_5892	JI435_055480
lcl|CP069028.1_cds_QRC95911.1_5893	JI435_055490
lcl|CP069028.1_cds_QRC95912.1_5894	JI435_055500
lcl|CP069028.1_cds_QRC95913.1_5895	JI435_055510
lcl|CP069028.1_cds_QRC95914.1_5896	JI435_055520
lcl|CP069028.1_cds_QRC95915.1_5897	JI435_055530
lcl|CP069028.1_cds_QRC95916.1_5898	JI435_055540
lcl|CP069028.1_cds_QRC95917.1_5899	JI435_055550
lcl|CP069028.1_cds_QRC95918.1_5900	JI435_055560
lcl|CP069028.1_cds_QRC95919.1_5901	JI435_055570
lcl|CP069028.1_cds_QRC95920.1_5902	JI435_055580
lcl|CP069028.1_cds_QRC95921.1_5903	JI435_055590
lcl|CP069028.1_cds_QRC95922.1_5904	JI435_055600
lcl|CP069028.1_cds_QRC95923.1_5905	JI435_055610
lcl|CP069028.1_cds_QRC95924.1_5906	JI435_055620
lcl|CP069028.1_cds_QRC95925.1_5907	JI435_055630
lcl|CP069028.1_cds_QRC95926.1_5908	JI435_055640
lcl|CP069028.1_cds_QRC95927.1_5909	JI435_055650
lcl|CP069028.1_cds_QRC95928.1_5910	JI435_408100
lcl|CP069028.1_cds_QRC95929.1_5911	JI435_055660
lcl|CP069028.1_cds_QRC95930.1_5912	JI435_055670
lcl|CP069028.1_cds_QRC95931.1_5913	JI435_055680
lcl|CP069028.1_cds_QRC95932.1_5914	JI435_055700
lcl|CP069028.1_cds_QRC95933.1_5915	JI435_055710
lcl|CP069028.1_cds_QRC95934.1_5916	JI435_055720
lcl|CP069028.1_cds_QRC95935.1_5917	JI435_433000
lcl|CP069028.1_cds_QRC95936.1_5918	JI435_433020
lcl|CP069028.1_cds_QRC95937.1_5919	JI435_055770
lcl|CP069028.1_cds_QRC95938.1_5920	JI435_303870
lcl|CP069028.1_cds_QRC95939.1_5921	JI435_303880
lcl|CP069028.1_cds_QRC95940.1_5922	JI435_303890
lcl|CP069028.1_cds_QRC95941.1_5923	JI435_055790
lcl|CP069028.1_cds_QRC95942.1_5924	JI435_055790
lcl|CP069028.1_cds_QRC95943.1_5925	JI435_055810
lcl|CP069028.1_cds_QRC95944.1_5926	JI435_055820
lcl|CP069028.1_cds_QRC95945.1_5927	JI435_055850
lcl|CP069028.1_cds_QRC95946.1_5928	JI435_055860
lcl|CP069028.1_cds_QRC95947.1_5929	JI435_055870
lcl|CP069028.1_cds_QRC95948.1_5930	JI435_055880
lcl|CP069028.1_cds_QRC95949.1_5931	JI435_055890
lcl|CP069028.1_cds_QRC95950.1_5932	JI435_433030
lcl|CP069028.1_cds_QRC95951.1_5933	JI435_055910
lcl|CP069028.1_cds_QRC95952.1_5934	JI435_055920
lcl|CP069028.1_cds_QRC95953.1_5935	JI435_433040
lcl|CP069028.1_cds_QRC95954.1_5936	JI435_433050
lcl|CP069028.1_cds_QRC95955.1_5937	JI435_055950
lcl|CP069028.1_cds_QRC95956.1_5938	JI435_055960
lcl|CP069028.1_cds_QRC95957.1_5939	JI435_055970
lcl|CP069028.1_cds_QRC95958.1_5940	JI435_433060
lcl|CP069028.1_cds_QRC95959.1_5941	JI435_433080
lcl|CP069028.1_cds_QRC95960.1_5942	JI435_056010
lcl|CP069028.1_cds_QRC95961.1_5943	JI435_056020
lcl|CP069028.1_cds_QRC95962.1_5944	JI435_056040
lcl|CP069028.1_cds_QRC95963.1_5945	JI435_303900
lcl|CP069028.1_cds_QRC95964.1_5946	JI435_056050
lcl|CP069028.1_cds_QRC95965.1_5947	JI435_433110
lcl|CP069028.1_cds_QRC95966.1_5948	JI435_303910
lcl|CP069028.1_cds_QRC95967.1_5949	JI435_303920
lcl|CP069028.1_cds_QRC95968.1_5950	JI435_408110
lcl|CP069028.1_cds_QRC95969.1_5951	JI435_303930
lcl|CP069028.1_cds_QRC95970.1_5952	JI435_408120
lcl|CP069028.1_cds_QRC95971.1_5953	JI435_056120
lcl|CP069028.1_cds_QRC95972.1_5954	JI435_056140
lcl|CP069028.1_cds_QRC95973.1_5955	JI435_408130
lcl|CP069028.1_cds_QRC95974.1_5956	JI435_408140
lcl|CP069028.1_cds_QRC95975.1_5957	JI435_408150
lcl|CP069028.1_cds_QRC95976.1_5958	JI435_056160
lcl|CP069028.1_cds_QRC95977.1_5959	JI435_056170
lcl|CP069028.1_cds_QRC95978.1_5960	JI435_056180
lcl|CP069028.1_cds_QRC95979.1_5961	JI435_056200
lcl|CP069028.1_cds_QRC95980.1_5962	JI435_056210
lcl|CP069028.1_cds_QRC95981.1_5963	JI435_056220
lcl|CP069028.1_cds_QRC95982.1_5964	JI435_056230
lcl|CP069028.1_cds_QRC95983.1_5965	JI435_056240
lcl|CP069028.1_cds_QRC95984.1_5966	JI435_056250
lcl|CP069028.1_cds_QRC95985.1_5967	JI435_056260
lcl|CP069028.1_cds_QRC95986.1_5968	JI435_056270
lcl|CP069028.1_cds_QRC95987.1_5969	JI435_303940
lcl|CP069028.1_cds_QRC95988.1_5970	JI435_056290
lcl|CP069028.1_cds_QRC95989.1_5971	JI435_056310
lcl|CP069028.1_cds_QRC95990.1_5972	JI435_056320
lcl|CP069028.1_cds_QRC95991.1_5973	JI435_408160
lcl|CP069028.1_cds_QRC95992.1_5974	JI435_056330
lcl|CP069028.1_cds_QRC95993.1_5975	JI435_056340
lcl|CP069028.1_cds_QRC95994.1_5976	JI435_408170
lcl|CP069028.1_cds_QRC95995.1_5977	JI435_056360
lcl|CP069028.1_cds_QRC95996.1_5978	JI435_056370
lcl|CP069028.1_cds_QRC95997.1_5979	JI435_056390
lcl|CP069028.1_cds_QRC95998.1_5980	JI435_303950
lcl|CP069028.1_cds_QRC95999.1_5981	JI435_056400
lcl|CP069028.1_cds_QRC96000.1_5982	JI435_303980
lcl|CP069028.1_cds_QRC96001.1_5983	JI435_056450
lcl|CP069028.1_cds_QRC96002.1_5984	JI435_056460
lcl|CP069028.1_cds_QRC96003.1_5985	JI435_056470
lcl|CP069028.1_cds_QRC96004.1_5986	JI435_303990
lcl|CP069028.1_cds_QRC96005.1_5987	JI435_056480
lcl|CP069028.1_cds_QRC96006.1_5988	JI435_304000
lcl|CP069028.1_cds_QRC96007.1_5989	JI435_056490
lcl|CP069028.1_cds_QRC96008.1_5990	JI435_056500
lcl|CP069028.1_cds_QRC96009.1_5991	JI435_056510
lcl|CP069028.1_cds_QRC96010.1_5992	JI435_408180
lcl|CP069028.1_cds_QRC96011.1_5993	JI435_056520
lcl|CP069028.1_cds_QRC96012.1_5994	JI435_056530
lcl|CP069028.1_cds_QRC96013.1_5995	JI435_408190
lcl|CP069028.1_cds_QRC96014.1_5996	JI435_056540
lcl|CP069028.1_cds_QRC96015.1_5997	JI435_408200
lcl|CP069028.1_cds_QRC96016.1_5998	JI435_056560
lcl|CP069028.1_cds_QRC96017.1_5999	JI435_056570
lcl|CP069028.1_cds_QRC96018.1_6000	JI435_056580
lcl|CP069028.1_cds_QRC96019.1_6001	JI435_304010
lcl|CP069028.1_cds_QRC96020.1_6002	JI435_056590
lcl|CP069028.1_cds_QRC96021.1_6003	JI435_056600
lcl|CP069028.1_cds_QRC96022.1_6004	JI435_433210
lcl|CP069028.1_cds_QRC96023.1_6005	JI435_056640
lcl|CP069028.1_cds_QRC96024.1_6006	JI435_056660
lcl|CP069028.1_cds_QRC96025.1_6007	JI435_304020
lcl|CP069028.1_cds_QRC96026.1_6008	JI435_056670
lcl|CP069028.1_cds_QRC96027.1_6009	JI435_056680
lcl|CP069028.1_cds_QRC96028.1_6010	JI435_056690
lcl|CP069028.1_cds_QRC96029.1_6011	JI435_056710
lcl|CP069028.1_cds_QRC96030.1_6012	JI435_056720
lcl|CP069028.1_cds_QRC96031.1_6013	JI435_056730
lcl|CP069028.1_cds_QRC96032.1_6014	JI435_056740
lcl|CP069028.1_cds_QRC96033.1_6015	JI435_056750
lcl|CP069028.1_cds_QRC96034.1_6016	JI435_056760
lcl|CP069028.1_cds_QRC96035.1_6017	JI435_408210
lcl|CP069028.1_cds_QRC96036.1_6018	JI435_056770
lcl|CP069028.1_cds_QRC96037.1_6019	JI435_408220
lcl|CP069028.1_cds_QRC96038.1_6020	JI435_056780
lcl|CP069028.1_cds_QRC96039.1_6021	JI435_408230
lcl|CP069028.1_cds_QRC96040.1_6022	JI435_056790
lcl|CP069028.1_cds_QRC96041.1_6023	JI435_408240
lcl|CP069028.1_cds_QRC96042.1_6024	JI435_056810
lcl|CP069028.1_cds_QRC96043.1_6025	JI435_056820
lcl|CP069028.1_cds_QRC96044.1_6026	JI435_056830
lcl|CP069028.1_cds_QRC96045.1_6027	JI435_304030
lcl|CP069028.1_cds_QRC96046.1_6028	JI435_056850
lcl|CP069028.1_cds_QRC96047.1_6029	JI435_056860
lcl|CP069028.1_cds_QRC96048.1_6030	JI435_056870
lcl|CP069028.1_cds_QRC96049.1_6031	JI435_056880
lcl|CP069028.1_cds_QRC96050.1_6032	JI435_056890
lcl|CP069028.1_cds_QRC96051.1_6033	JI435_056900
lcl|CP069028.1_cds_QRC96052.1_6034	JI435_056910
lcl|CP069028.1_cds_QRC96053.1_6035	JI435_056930
lcl|CP069028.1_cds_QRC96054.1_6036	JI435_056940
lcl|CP069028.1_cds_QRC96055.1_6037	JI435_056960
lcl|CP069028.1_cds_QRC96056.1_6038	JI435_056970
lcl|CP069028.1_cds_QRC96057.1_6039	JI435_056980
lcl|CP069028.1_cds_QRC96058.1_6040	JI435_056990
lcl|CP069028.1_cds_QRC96059.1_6041	JI435_057010
lcl|CP069028.1_cds_QRC96060.1_6042	JI435_057020
lcl|CP069028.1_cds_QRC96061.1_6043	JI435_408250
lcl|CP069028.1_cds_QRC96062.1_6044	JI435_057030
lcl|CP069028.1_cds_QRC96064.1_6045	JI435_057040
lcl|CP069028.1_cds_QRC96063.1_6046	JI435_057040
lcl|CP069028.1_cds_QRC96065.1_6047	JI435_057050
lcl|CP069028.1_cds_QRC96066.1_6048	JI435_057060
lcl|CP069028.1_cds_QRC96067.1_6049	JI435_057070
lcl|CP069028.1_cds_QRC96068.1_6050	JI435_057080
lcl|CP069028.1_cds_QRC96069.1_6051	JI435_057090
lcl|CP069028.1_cds_QRC96070.1_6052	JI435_057100
lcl|CP069028.1_cds_QRC96071.1_6053	JI435_057110
lcl|CP069028.1_cds_QRC96072.1_6054	JI435_057120
lcl|CP069028.1_cds_QRC96073.1_6055	JI435_057140
lcl|CP069028.1_cds_QRC96074.1_6056	JI435_057150
lcl|CP069028.1_cds_QRC96075.1_6057	JI435_057160
lcl|CP069028.1_cds_QRC96076.1_6058	JI435_408260
lcl|CP069028.1_cds_QRC96077.1_6059	JI435_057170
lcl|CP069028.1_cds_QRC96078.1_6060	JI435_057170
lcl|CP069028.1_cds_QRC96079.1_6061	JI435_057180
lcl|CP069028.1_cds_QRC96080.1_6062	JI435_057190
lcl|CP069028.1_cds_QRC96081.1_6063	JI435_408270
lcl|CP069028.1_cds_QRC96082.1_6064	JI435_057200
lcl|CP069028.1_cds_QRC96083.1_6065	JI435_408280
lcl|CP069028.1_cds_QRC96084.1_6066	JI435_057210
lcl|CP069028.1_cds_QRC96085.1_6067	JI435_057220
lcl|CP069028.1_cds_QRC96086.1_6068	JI435_408290
lcl|CP069028.1_cds_QRC96087.1_6069	JI435_057230
lcl|CP069028.1_cds_QRC96088.1_6070	JI435_057240
lcl|CP069028.1_cds_QRC96089.1_6071	JI435_057250
lcl|CP069028.1_cds_QRC96090.1_6072	JI435_304050
lcl|CP069028.1_cds_QRC96091.1_6073	JI435_433270
lcl|CP069028.1_cds_QRC96092.1_6074	JI435_057280
lcl|CP069028.1_cds_QRC96093.1_6075	JI435_408300
lcl|CP069028.1_cds_QRC96094.1_6076	JI435_057290
lcl|CP069028.1_cds_QRC96095.1_6077	JI435_057300
lcl|CP069028.1_cds_QRC96096.1_6078	JI435_057330
lcl|CP069028.1_cds_QRC96097.1_6079	JI435_433300
lcl|CP069028.1_cds_QRC96098.1_6080	JI435_057350
lcl|CP069028.1_cds_QRC96099.1_6081	JI435_057360
lcl|CP069028.1_cds_QRC96100.1_6082	JI435_057370
lcl|CP069028.1_cds_QRC96102.1_6083	JI435_408310
lcl|CP069028.1_cds_QRC96101.1_6084	JI435_408310
lcl|CP069028.1_cds_QRC96103.1_6085	JI435_057400
lcl|CP069028.1_cds_QRC96104.1_6086	JI435_057410
lcl|CP069028.1_cds_QRC96105.1_6087	JI435_433310
lcl|CP069028.1_cds_QRC96106.1_6088	JI435_433330
lcl|CP069028.1_cds_QRC96107.1_6089	JI435_433340
lcl|CP069028.1_cds_QRC96108.1_6090	JI435_057450
lcl|CP069028.1_cds_QRC96109.1_6091	JI435_057460
lcl|CP069028.1_cds_QRC96110.1_6092	JI435_057470
lcl|CP069028.1_cds_QRC96111.1_6093	JI435_057480
lcl|CP069028.1_cds_QRC96112.1_6094	JI435_057490
lcl|CP069028.1_cds_QRC96113.1_6095	JI435_057500
lcl|CP069028.1_cds_QRC96114.1_6096	JI435_057520
lcl|CP069028.1_cds_QRC96115.1_6097	JI435_057530
lcl|CP069028.1_cds_QRC96116.1_6098	JI435_057540
lcl|CP069028.1_cds_QRC96117.1_6099	JI435_304060
lcl|CP069028.1_cds_QRC96118.1_6100	JI435_057550
lcl|CP069028.1_cds_QRC96119.1_6101	JI435_057560
lcl|CP069028.1_cds_QRC96120.1_6102	JI435_057570
lcl|CP069028.1_cds_QRC96121.1_6103	JI435_057580
lcl|CP069028.1_cds_QRC96122.1_6104	JI435_304070
lcl|CP069028.1_cds_QRC96123.1_6105	JI435_057600
lcl|CP069028.1_cds_QRC96124.1_6106	JI435_057610
lcl|CP069028.1_cds_QRC96125.1_6107	JI435_057620
lcl|CP069028.1_cds_QRC96126.1_6108	JI435_057630
lcl|CP069028.1_cds_QRC96127.1_6109	JI435_408320
lcl|CP069028.1_cds_QRC96128.1_6110	JI435_057640
lcl|CP069028.1_cds_QRC96129.1_6111	JI435_304090
lcl|CP069028.1_cds_QRC96130.1_6112	JI435_057660
lcl|CP069028.1_cds_QRC96131.1_6113	JI435_304100
lcl|CP069028.1_cds_QRC96132.1_6114	JI435_057670
lcl|CP069028.1_cds_QRC96133.1_6115	JI435_057680
lcl|CP069028.1_cds_QRC96134.1_6116	JI435_057700
lcl|CP069028.1_cds_QRC96135.1_6117	JI435_057710
lcl|CP069028.1_cds_QRC96136.1_6118	JI435_057720
lcl|CP069028.1_cds_QRC96137.1_6119	JI435_057730
lcl|CP069028.1_cds_QRC96139.1_6120	JI435_057750
lcl|CP069028.1_cds_QRC96138.1_6121	JI435_057750
lcl|CP069028.1_cds_QRC96140.1_6122	JI435_057770
lcl|CP069028.1_cds_QRC96141.1_6123	JI435_057780
lcl|CP069028.1_cds_QRC96142.1_6124	JI435_057790
lcl|CP069028.1_cds_QRC96143.1_6125	JI435_057800
lcl|CP069028.1_cds_QRC96144.1_6126	JI435_057800
lcl|CP069028.1_cds_QRC96145.1_6127	JI435_057810
lcl|CP069028.1_cds_QRC96146.1_6128	JI435_057820
lcl|CP069028.1_cds_QRC96147.1_6129	JI435_057830
lcl|CP069028.1_cds_QRC96148.1_6130	JI435_408330
lcl|CP069028.1_cds_QRC96149.1_6131	JI435_057840
lcl|CP069028.1_cds_QRC96150.1_6132	JI435_057850
lcl|CP069028.1_cds_QRC96151.1_6133	JI435_057860
lcl|CP069028.1_cds_QRC96152.1_6134	JI435_408340
lcl|CP069028.1_cds_QRC96153.1_6135	JI435_057870
lcl|CP069028.1_cds_QRC96154.1_6136	JI435_057880
lcl|CP069028.1_cds_QRC96155.1_6137	JI435_433370
lcl|CP069028.1_cds_QRC96156.1_6138	JI435_057890
lcl|CP069028.1_cds_QRC96157.1_6139	JI435_057900
lcl|CP069028.1_cds_QRC96158.1_6140	JI435_433380
lcl|CP069028.1_cds_QRC96159.1_6141	JI435_011240
lcl|CP069028.1_cds_QRC96160.1_6142	JI435_011250
lcl|CP069028.1_cds_QRC96161.1_6143	JI435_011260
lcl|CP069028.1_cds_QRC96162.1_6144	JI435_011270
lcl|CP069028.1_cds_QRC96163.1_6145	JI435_408350
lcl|CP069028.1_cds_QRC96164.1_6146	JI435_011280
lcl|CP069028.1_cds_QRC96165.1_6147	JI435_011310
lcl|CP069028.1_cds_QRC96166.1_6148	JI435_300680
lcl|CP069028.1_cds_QRC96167.1_6149	JI435_300690
lcl|CP069028.1_cds_QRC96168.1_6150	JI435_011320
lcl|CP069028.1_cds_QRC96169.1_6151	JI435_408360
lcl|CP069028.1_cds_QRC96170.1_6152	JI435_011330
lcl|CP069028.1_cds_QRC96171.1_6153	JI435_408370
lcl|CP069028.1_cds_QRC96172.1_6154	JI435_011340
lcl|CP069028.1_cds_QRC96173.1_6155	JI435_011350
lcl|CP069028.1_cds_QRC96174.1_6156	JI435_011360
lcl|CP069028.1_cds_QRC96175.1_6157	JI435_011370
lcl|CP069028.1_cds_QRC96176.1_6158	JI435_011380
lcl|CP069028.1_cds_QRC96177.1_6159	JI435_011390
lcl|CP069028.1_cds_QRC96178.1_6160	JI435_011400
lcl|CP069028.1_cds_QRC96179.1_6161	JI435_011410
lcl|CP069028.1_cds_QRC96180.1_6162	JI435_011420
lcl|CP069028.1_cds_QRC96181.1_6163	JI435_011430
lcl|CP069028.1_cds_QRC96182.1_6164	JI435_011450
lcl|CP069028.1_cds_QRC96183.1_6165	JI435_300710
lcl|CP069028.1_cds_QRC96184.1_6166	JI435_011460
lcl|CP069028.1_cds_QRC96185.1_6167	JI435_011470
lcl|CP069028.1_cds_QRC96186.1_6168	JI435_011480
lcl|CP069028.1_cds_QRC96187.1_6169	JI435_011490
lcl|CP069028.1_cds_QRC96188.1_6170	JI435_011500
lcl|CP069028.1_cds_QRC96189.1_6171	JI435_011510
lcl|CP069028.1_cds_QRC96190.1_6172	JI435_408380
lcl|CP069028.1_cds_QRC96191.1_6173	JI435_408390
lcl|CP069028.1_cds_QRC96192.1_6174	JI435_011520
lcl|CP069028.1_cds_QRC96193.1_6175	JI435_408400
lcl|CP069028.1_cds_QRC96194.1_6176	JI435_011530
lcl|CP069028.1_cds_QRC96195.1_6177	JI435_011540
lcl|CP069028.1_cds_QRC96196.1_6178	JI435_011550
lcl|CP069028.1_cds_QRC96197.1_6179	JI435_011580
lcl|CP069028.1_cds_QRC96198.1_6180	JI435_011590
lcl|CP069028.1_cds_QRC96199.1_6181	JI435_011600
lcl|CP069028.1_cds_QRC96200.1_6182	JI435_408410
lcl|CP069028.1_cds_QRC96201.1_6183	JI435_011610
lcl|CP069028.1_cds_QRC96202.1_6184	JI435_011630
lcl|CP069028.1_cds_QRC96203.1_6185	JI435_011640
lcl|CP069028.1_cds_QRC96204.1_6186	JI435_408430
lcl|CP069028.1_cds_QRC96205.1_6187	JI435_011650
lcl|CP069028.1_cds_QRC96206.1_6188	JI435_433430
lcl|CP069028.1_cds_QRC96207.1_6189	JI435_300720
lcl|CP069028.1_cds_QRC96208.1_6190	JI435_011680
lcl|CP069028.1_cds_QRC96209.1_6191	JI435_300730
lcl|CP069028.1_cds_QRC96210.1_6192	JI435_300740
lcl|CP069028.1_cds_QRC96211.1_6193	JI435_300740
lcl|CP069028.1_cds_QRC96212.1_6194	JI435_011690
lcl|CP069028.1_cds_QRC96213.1_6195	JI435_408440
lcl|CP069028.1_cds_QRC96214.1_6196	JI435_011700
lcl|CP069028.1_cds_QRC96215.1_6197	JI435_011710
lcl|CP069028.1_cds_QRC96216.1_6198	JI435_433440
lcl|CP069028.1_cds_QRC96217.1_6199	JI435_300750
lcl|CP069028.1_cds_QRC96218.1_6200	JI435_011720
lcl|CP069028.1_cds_QRC96219.1_6201	JI435_011730
lcl|CP069028.1_cds_QRC96220.1_6202	JI435_011740
lcl|CP069028.1_cds_QRC96221.1_6203	JI435_408450
lcl|CP069028.1_cds_QRC96222.1_6204	JI435_408460
lcl|CP069028.1_cds_QRC96223.1_6205	JI435_408470
lcl|CP069028.1_cds_QRC96224.1_6206	JI435_011770
lcl|CP069028.1_cds_QRC96225.1_6207	JI435_011780
lcl|CP069028.1_cds_QRC96226.1_6208	JI435_011820
lcl|CP069028.1_cds_QRC96227.1_6209	JI435_011830
lcl|CP069028.1_cds_QRC96228.1_6210	JI435_300770
lcl|CP069028.1_cds_QRC96229.1_6211	JI435_408480
lcl|CP069028.1_cds_QRC96230.1_6212	JI435_011840
lcl|CP069028.1_cds_QRC96231.1_6213	JI435_408490
lcl|CP069028.1_cds_QRC96232.1_6214	JI435_011850
lcl|CP069028.1_cds_QRC96233.1_6215	JI435_011860
lcl|CP069028.1_cds_QRC96234.1_6216	JI435_011870
lcl|CP069028.1_cds_QRC96235.1_6217	JI435_011890
lcl|CP069028.1_cds_QRC96236.1_6218	JI435_011900
lcl|CP069028.1_cds_QRC96237.1_6219	JI435_011910
lcl|CP069028.1_cds_QRC96238.1_6220	JI435_011920
lcl|CP069028.1_cds_QRC96239.1_6221	JI435_011930
lcl|CP069028.1_cds_QRC96240.1_6222	JI435_011940
lcl|CP069028.1_cds_QRC96241.1_6223	JI435_011950
lcl|CP069028.1_cds_QRC96242.1_6224	JI435_011960
lcl|CP069028.1_cds_QRC96243.1_6225	JI435_011980
lcl|CP069028.1_cds_QRC96244.1_6226	JI435_408500
lcl|CP069028.1_cds_QRC96245.1_6227	JI435_408510
lcl|CP069028.1_cds_QRC96246.1_6228	JI435_408520
lcl|CP069028.1_cds_QRC96247.1_6229	JI435_011990
lcl|CP069028.1_cds_QRC96248.1_6230	JI435_408530
lcl|CP069028.1_cds_QRC96249.1_6231	JI435_300780
lcl|CP069028.1_cds_QRC96250.1_6232	JI435_012000
lcl|CP069028.1_cds_QRC96251.1_6233	JI435_012010
lcl|CP069028.1_cds_QRC96252.1_6234	JI435_012020
lcl|CP069028.1_cds_QRC96253.1_6235	JI435_012030
lcl|CP069028.1_cds_QRC96254.1_6236	JI435_408540
lcl|CP069028.1_cds_QRC96256.1_6237	JI435_012040
lcl|CP069028.1_cds_QRC96255.1_6238	JI435_012040
lcl|CP069028.1_cds_QRC96257.1_6239	JI435_012050
lcl|CP069028.1_cds_QRC96259.1_6240	JI435_012060
lcl|CP069028.1_cds_QRC96258.1_6241	JI435_012060
lcl|CP069028.1_cds_QRC96260.1_6242	JI435_012080
lcl|CP069028.1_cds_QRC96261.1_6243	JI435_408550
lcl|CP069028.1_cds_QRC96262.1_6244	JI435_012090
lcl|CP069028.1_cds_QRC96263.1_6245	JI435_012100
lcl|CP069028.1_cds_QRC96264.1_6246	JI435_012110
lcl|CP069028.1_cds_QRC96265.1_6247	JI435_012120
lcl|CP069028.1_cds_QRC96266.1_6248	JI435_408560
lcl|CP069028.1_cds_QRC96267.1_6249	JI435_012130
lcl|CP069028.1_cds_QRC96268.1_6250	JI435_433460
lcl|CP069028.1_cds_QRC96269.1_6251	JI435_433470
lcl|CP069028.1_cds_QRC96270.1_6252	JI435_300790
lcl|CP069028.1_cds_QRC96271.1_6253	JI435_012140
lcl|CP069028.1_cds_QRC96272.1_6254	JI435_012160
lcl|CP069028.1_cds_QRC96273.1_6255	JI435_408570
lcl|CP069028.1_cds_QRC96274.1_6256	JI435_012170
lcl|CP069028.1_cds_QRC96275.1_6257	JI435_408580
lcl|CP069028.1_cds_QRC96276.1_6258	JI435_012180
lcl|CP069028.1_cds_QRC96277.1_6259	JI435_408590
lcl|CP069028.1_cds_QRC96278.1_6260	JI435_012190
lcl|CP069028.1_cds_QRC96279.1_6261	JI435_408600
lcl|CP069028.1_cds_QRC96280.1_6262	JI435_012200
lcl|CP069028.1_cds_QRC96281.1_6263	JI435_433480
lcl|CP069028.1_cds_QRC96282.1_6264	JI435_300800
lcl|CP069028.1_cds_QRC96283.1_6265	JI435_300810
lcl|CP069028.1_cds_QRC96284.1_6266	JI435_300820
lcl|CP069028.1_cds_QRC96285.1_6267	JI435_012250
lcl|CP069028.1_cds_QRC96286.1_6268	JI435_012260
lcl|CP069028.1_cds_QRC96287.1_6269	JI435_408610
lcl|CP069028.1_cds_QRC96288.1_6270	JI435_012280
lcl|CP069028.1_cds_QRC96289.1_6271	JI435_012290
lcl|CP069028.1_cds_QRC96290.1_6272	JI435_012300
lcl|CP069028.1_cds_QRC96291.1_6273	JI435_012310
lcl|CP069028.1_cds_QRC96292.1_6274	JI435_408620
lcl|CP069028.1_cds_QRC96293.1_6275	JI435_012320
lcl|CP069028.1_cds_QRC96294.1_6276	JI435_012330
lcl|CP069028.1_cds_QRC96295.1_6277	JI435_408630
lcl|CP069028.1_cds_QRC96296.1_6278	JI435_012340
lcl|CP069028.1_cds_QRC96297.1_6279	JI435_012350
lcl|CP069028.1_cds_QRC96298.1_6280	JI435_012360
lcl|CP069028.1_cds_QRC96299.1_6281	JI435_408640
lcl|CP069028.1_cds_QRC96300.1_6282	JI435_012370
lcl|CP069028.1_cds_QRC96302.1_6283	JI435_012400
lcl|CP069028.1_cds_QRC96301.1_6284	JI435_012400
lcl|CP069028.1_cds_QRC96303.1_6285	JI435_012420
lcl|CP069028.1_cds_QRC96304.1_6286	JI435_408650
lcl|CP069028.1_cds_QRC96305.1_6287	JI435_012430
lcl|CP069028.1_cds_QRC96306.1_6288	JI435_408660
lcl|CP069028.1_cds_QRC96307.1_6289	JI435_300850
lcl|CP069028.1_cds_QRC96308.1_6290	JI435_408670
lcl|CP069028.1_cds_QRC96309.1_6291	JI435_408680
lcl|CP069028.1_cds_QRC96310.1_6292	JI435_012450
lcl|CP069028.1_cds_QRC96311.1_6293	JI435_408690
lcl|CP069028.1_cds_QRC96312.1_6294	JI435_012470
lcl|CP069028.1_cds_QRC96313.1_6295	JI435_408700
lcl|CP069028.1_cds_QRC96314.1_6296	JI435_300860
lcl|CP069028.1_cds_QRC96315.1_6297	JI435_012480
lcl|CP069028.1_cds_QRC96316.1_6298	JI435_012510
lcl|CP069028.1_cds_QRC96317.1_6299	JI435_012520
lcl|CP069028.1_cds_QRC96318.1_6300	JI435_012530
lcl|CP069028.1_cds_QRC96319.1_6301	JI435_012540
lcl|CP069028.1_cds_QRC96320.1_6302	JI435_012550
lcl|CP069028.1_cds_QRC96321.1_6303	JI435_012560
lcl|CP069028.1_cds_QRC96322.1_6304	JI435_408710
lcl|CP069028.1_cds_QRC96323.1_6305	JI435_408720
lcl|CP069028.1_cds_QRC96324.1_6306	JI435_012570
lcl|CP069028.1_cds_QRC96325.1_6307	JI435_408730
lcl|CP069028.1_cds_QRC96326.1_6308	JI435_012580
lcl|CP069028.1_cds_QRC96327.1_6309	JI435_012590
lcl|CP069028.1_cds_QRC96328.1_6310	JI435_012600
lcl|CP069028.1_cds_QRC96329.1_6311	JI435_408740
lcl|CP069028.1_cds_QRC96330.1_6312	JI435_012610
lcl|CP069028.1_cds_QRC96331.1_6313	JI435_012620
lcl|CP069028.1_cds_QRC96332.1_6314	JI435_012630
lcl|CP069028.1_cds_QRC96333.1_6315	JI435_012640
lcl|CP069028.1_cds_QRC96334.1_6316	JI435_408750
lcl|CP069028.1_cds_QRC96335.1_6317	JI435_012650
lcl|CP069028.1_cds_QRC96336.1_6318	JI435_012660
lcl|CP069028.1_cds_QRC96337.1_6319	JI435_012670
lcl|CP069028.1_cds_QRC96338.1_6320	JI435_012690
lcl|CP069028.1_cds_QRC96339.1_6321	JI435_012710
lcl|CP069028.1_cds_QRC96340.1_6322	JI435_300870
lcl|CP069028.1_cds_QRC96341.1_6323	JI435_408760
lcl|CP069028.1_cds_QRC96342.1_6324	JI435_012720
lcl|CP069028.1_cds_QRC96343.1_6325	JI435_012730
lcl|CP069028.1_cds_QRC96344.1_6326	JI435_012740
lcl|CP069028.1_cds_QRC96345.1_6327	JI435_012750
lcl|CP069028.1_cds_QRC96346.1_6328	JI435_408770
lcl|CP069028.1_cds_QRC96347.1_6329	JI435_012760
lcl|CP069028.1_cds_QRC96348.1_6330	JI435_012770
lcl|CP069028.1_cds_QRC96349.1_6331	JI435_408780
lcl|CP069028.1_cds_QRC96350.1_6332	JI435_408790
lcl|CP069028.1_cds_QRC96351.1_6333	JI435_408800
lcl|CP069028.1_cds_QRC96352.1_6334	JI435_408810
lcl|CP069028.1_cds_QRC96353.1_6335	JI435_012780
lcl|CP069028.1_cds_QRC96354.1_6336	JI435_408820
lcl|CP069028.1_cds_QRC96355.1_6337	JI435_012790
lcl|CP069028.1_cds_QRC96356.1_6338	JI435_012800
lcl|CP069028.1_cds_QRC96357.1_6339	JI435_012810
lcl|CP069028.1_cds_QRC96358.1_6340	JI435_012820
lcl|CP069028.1_cds_QRC96359.1_6341	JI435_012830
lcl|CP069028.1_cds_QRC96360.1_6342	JI435_012840
lcl|CP069028.1_cds_QRC96361.1_6343	JI435_433510
lcl|CP069028.1_cds_QRC96362.1_6344	JI435_012860
lcl|CP069028.1_cds_QRC96363.1_6345	JI435_012870
lcl|CP069028.1_cds_QRC96364.1_6346	JI435_408830
lcl|CP069028.1_cds_QRC96365.1_6347	JI435_012880
lcl|CP069028.1_cds_QRC96366.1_6348	JI435_012890
lcl|CP069028.1_cds_QRC96367.1_6349	JI435_408840
lcl|CP069028.1_cds_QRC96368.1_6350	JI435_012900
lcl|CP069028.1_cds_QRC96369.1_6351	JI435_012910
lcl|CP069028.1_cds_QRC96370.1_6352	JI435_408850
lcl|CP069028.1_cds_QRC96371.1_6353	JI435_433520
lcl|CP069028.1_cds_QRC96372.1_6354	JI435_433530
lcl|CP069028.1_cds_QRC96373.1_6355	JI435_012940
lcl|CP069028.1_cds_QRC96374.1_6356	JI435_408860
lcl|CP069028.1_cds_QRC96375.1_6357	JI435_012960
lcl|CP069028.1_cds_QRC96376.1_6358	JI435_012970
lcl|CP069028.1_cds_QRC96377.1_6359	JI435_012980
lcl|CP069028.1_cds_QRC96378.1_6360	JI435_012990
lcl|CP069028.1_cds_QRC96379.1_6361	JI435_408870
lcl|CP069028.1_cds_QRC96380.1_6362	JI435_013000
lcl|CP069028.1_cds_QRC96381.1_6363	JI435_013010
lcl|CP069028.1_cds_QRC96382.1_6364	JI435_013020
lcl|CP069028.1_cds_QRC96383.1_6365	JI435_408880
lcl|CP069028.1_cds_QRC96384.1_6366	JI435_013030
lcl|CP069028.1_cds_QRC96385.1_6367	JI435_408890
lcl|CP069028.1_cds_QRC96386.1_6368	JI435_013050
lcl|CP069028.1_cds_QRC96387.1_6369	JI435_408900
lcl|CP069028.1_cds_QRC96388.1_6370	JI435_013070
lcl|CP069028.1_cds_QRC96389.1_6371	JI435_013100
lcl|CP069028.1_cds_QRC96390.1_6372	JI435_013110
lcl|CP069028.1_cds_QRC96391.1_6373	JI435_013120
lcl|CP069028.1_cds_QRC96392.1_6374	JI435_013130
lcl|CP069028.1_cds_QRC96393.1_6375	JI435_013140
lcl|CP069028.1_cds_QRC96394.1_6376	JI435_013150
lcl|CP069028.1_cds_QRC96395.1_6377	JI435_013170
lcl|CP069028.1_cds_QRC96396.1_6378	JI435_300900
lcl|CP069028.1_cds_QRC96397.1_6379	JI435_300910
lcl|CP069028.1_cds_QRC96398.1_6380	JI435_013210
lcl|CP069028.1_cds_QRC96399.1_6381	JI435_408910
lcl|CP069028.1_cds_QRC96400.1_6382	JI435_013220
lcl|CP069028.1_cds_QRC96401.1_6383	JI435_013230
lcl|CP069028.1_cds_QRC96402.1_6384	JI435_408920
lcl|CP069028.1_cds_QRC96403.1_6385	JI435_408930
lcl|CP069028.1_cds_QRC96404.1_6386	JI435_408940
lcl|CP069028.1_cds_QRC96405.1_6387	JI435_408950
lcl|CP069028.1_cds_QRC96406.1_6388	JI435_408960
lcl|CP069028.1_cds_QRC96407.1_6389	JI435_013260
lcl|CP069028.1_cds_QRC96408.1_6390	JI435_013270
lcl|CP069028.1_cds_QRC96409.1_6391	JI435_013280
lcl|CP069028.1_cds_QRC96410.1_6392	JI435_013290
lcl|CP069028.1_cds_QRC96411.1_6393	JI435_013300
lcl|CP069028.1_cds_QRC96412.1_6394	JI435_013310
lcl|CP069028.1_cds_QRC96413.1_6395	JI435_408970
lcl|CP069028.1_cds_QRC96414.1_6396	JI435_433590
lcl|CP069028.1_cds_QRC96415.1_6397	JI435_013330
lcl|CP069028.1_cds_QRC96416.1_6398	JI435_300920
lcl|CP069028.1_cds_QRC96417.1_6399	JI435_408990
lcl|CP069028.1_cds_QRC96418.1_6400	JI435_013340
lcl|CP069028.1_cds_QRC96419.1_6401	JI435_013350
lcl|CP069028.1_cds_QRC96420.1_6402	JI435_013360
lcl|CP069028.1_cds_QRC96421.1_6403	JI435_013370
lcl|CP069028.1_cds_QRC96422.1_6404	JI435_013380
lcl|CP069028.1_cds_QRC96423.1_6405	JI435_013400
lcl|CP069028.1_cds_QRC96424.1_6406	JI435_013410
lcl|CP069028.1_cds_QRC96425.1_6407	JI435_013430
lcl|CP069028.1_cds_QRC96426.1_6408	JI435_013440
lcl|CP069028.1_cds_QRC96427.1_6409	JI435_013450
lcl|CP069028.1_cds_QRC96428.1_6410	JI435_013460
lcl|CP069028.1_cds_QRC96429.1_6411	JI435_013470
lcl|CP069028.1_cds_QRC96430.1_6412	JI435_013480
lcl|CP069028.1_cds_QRC96431.1_6413	JI435_013490
lcl|CP069028.1_cds_QRC96432.1_6414	JI435_013490
lcl|CP069028.1_cds_QRC96433.1_6415	JI435_433630
lcl|CP069028.1_cds_QRC96434.1_6416	JI435_433640
lcl|CP069028.1_cds_QRC96435.1_6417	JI435_433650
lcl|CP069028.1_cds_QRC96436.1_6418	JI435_013550
lcl|CP069028.1_cds_QRC96437.1_6419	JI435_013560
lcl|CP069028.1_cds_QRC96438.1_6420	JI435_013570
lcl|CP069028.1_cds_QRC96439.1_6421	JI435_013580
lcl|CP069028.1_cds_QRC96440.1_6422	JI435_409000
lcl|CP069028.1_cds_QRC96441.1_6423	JI435_409010
lcl|CP069028.1_cds_QRC96442.1_6424	JI435_013620
lcl|CP069028.1_cds_QRC96443.1_6425	JI435_013640
lcl|CP069028.1_cds_QRC96444.1_6426	JI435_409020
lcl|CP069028.1_cds_QRC96445.1_6427	JI435_409030
lcl|CP069028.1_cds_QRC96446.1_6428	JI435_409040
lcl|CP069028.1_cds_QRC96447.1_6429	JI435_433670
lcl|CP069028.1_cds_QRC96448.1_6430	JI435_013660
lcl|CP069028.1_cds_QRC96449.1_6431	JI435_433690
lcl|CP069028.1_cds_QRC96450.1_6432	JI435_433700
lcl|CP069028.1_cds_QRC96451.1_6433	JI435_424890
lcl|CP069028.1_cds_QRC96452.1_6434	JI435_409060
lcl|CP069028.1_cds_QRC96453.1_6435	JI435_409070
lcl|CP069028.1_cds_QRC96454.1_6436	JI435_300930
lcl|CP069028.1_cds_QRC96455.1_6437	JI435_013710
lcl|CP069028.1_cds_QRC96456.1_6438	JI435_300940
lcl|CP069028.1_cds_QRC96457.1_6439	JI435_013740
lcl|CP069028.1_cds_QRC96458.1_6440	JI435_433740
lcl|CP069028.1_cds_QRC96459.1_6441	JI435_013760
lcl|CP069028.1_cds_QRC96460.1_6442	JI435_013770
lcl|CP069028.1_cds_QRC96461.1_6443	JI435_013780
lcl|CP069028.1_cds_QRC96462.1_6444	JI435_409100
lcl|CP069028.1_cds_QRC96463.1_6445	JI435_409110
lcl|CP069028.1_cds_QRC96464.1_6446	JI435_013790
lcl|CP069028.1_cds_QRC96465.1_6447	JI435_013800
lcl|CP069028.1_cds_QRC96466.1_6448	JI435_409120
lcl|CP069028.1_cds_QRC96467.1_6449	JI435_013810
lcl|CP069028.1_cds_QRC96468.1_6450	JI435_013820
lcl|CP069028.1_cds_QRC96469.1_6451	JI435_013840
lcl|CP069028.1_cds_QRC96470.1_6452	JI435_013850
lcl|CP069028.1_cds_QRC96471.1_6453	JI435_013860
lcl|CP069028.1_cds_QRC96472.1_6454	JI435_433750
lcl|CP069028.1_cds_QRC96473.1_6455	JI435_013870
lcl|CP069028.1_cds_QRC96474.1_6456	JI435_409130
lcl|CP069028.1_cds_QRC96475.1_6457	JI435_409140
lcl|CP069028.1_cds_QRC96476.1_6458	JI435_013880
lcl|CP069028.1_cds_QRC96477.1_6459	JI435_013890
lcl|CP069028.1_cds_QRC96478.1_6460	JI435_013900
lcl|CP069028.1_cds_QRC96479.1_6461	JI435_013920
lcl|CP069028.1_cds_QRC96480.1_6462	JI435_013950
lcl|CP069028.1_cds_QRC96481.1_6463	JI435_013960
lcl|CP069028.1_cds_QRC96482.1_6464	JI435_013970
lcl|CP069028.1_cds_QRC96483.1_6465	JI435_013990
lcl|CP069028.1_cds_QRC96484.1_6466	JI435_014000
lcl|CP069028.1_cds_QRC96485.1_6467	JI435_014010
lcl|CP069028.1_cds_QRC96486.1_6468	JI435_014020
lcl|CP069028.1_cds_QRC96487.1_6469	JI435_014030
lcl|CP069028.1_cds_QRC96488.1_6470	JI435_300950
lcl|CP069028.1_cds_QRC96489.1_6471	JI435_014040
lcl|CP069028.1_cds_QRC96490.1_6472	JI435_409150
lcl|CP069028.1_cds_QRC96491.1_6473	JI435_433770
lcl|CP069028.1_cds_QRC96492.1_6474	JI435_014060
lcl|CP069028.1_cds_QRC96493.1_6475	JI435_014070
lcl|CP069028.1_cds_QRC96494.1_6476	JI435_200140
lcl|CP069028.1_cds_QRC96495.1_6477	JI435_014090
lcl|CP069028.1_cds_QRC96496.1_6478	JI435_014100
lcl|CP069028.1_cds_QRC96497.1_6479	JI435_014110
lcl|CP069028.1_cds_QRC96498.1_6480	JI435_014130
lcl|CP069028.1_cds_QRC96499.1_6481	JI435_014140
lcl|CP069028.1_cds_QRC96500.1_6482	JI435_014150
lcl|CP069028.1_cds_QRC96501.1_6483	JI435_014160
lcl|CP069028.1_cds_QRC96502.1_6484	JI435_014170
lcl|CP069028.1_cds_QRC96503.1_6485	JI435_433790
lcl|CP069028.1_cds_QRC96504.1_6486	JI435_014190
lcl|CP069028.1_cds_QRC96505.1_6487	JI435_014200
lcl|CP069028.1_cds_QRC96506.1_6488	JI435_014210
lcl|CP069028.1_cds_QRC96507.1_6489	JI435_014220
lcl|CP069028.1_cds_QRC96508.1_6490	JI435_014230
lcl|CP069028.1_cds_QRC96509.1_6491	JI435_014240
lcl|CP069028.1_cds_QRC96510.1_6492	JI435_014250
lcl|CP069028.1_cds_QRC96511.1_6493	JI435_409160
lcl|CP069028.1_cds_QRC96512.1_6494	JI435_014260
lcl|CP069028.1_cds_QRC96513.1_6495	JI435_014290
lcl|CP069028.1_cds_QRC96514.1_6496	JI435_433810
lcl|CP069028.1_cds_QRC96515.1_6497	JI435_433820
lcl|CP069028.1_cds_QRC96516.1_6498	JI435_014300
lcl|CP069028.1_cds_QRC96517.1_6499	JI435_014320
lcl|CP069028.1_cds_QRC96518.1_6500	JI435_014330
lcl|CP069028.1_cds_QRC96519.1_6501	JI435_014340
lcl|CP069028.1_cds_QRC96520.1_6502	JI435_014350
lcl|CP069028.1_cds_QRC96521.1_6503	JI435_014360
lcl|CP069028.1_cds_QRC96522.1_6504	JI435_014370
lcl|CP069028.1_cds_QRC96523.1_6505	JI435_409170
lcl|CP069028.1_cds_QRC96524.1_6506	JI435_014380
lcl|CP069028.1_cds_QRC96525.1_6507	JI435_014400
lcl|CP069028.1_cds_QRC96526.1_6508	JI435_014410
lcl|CP069028.1_cds_QRC96527.1_6509	JI435_409180
lcl|CP069028.1_cds_QRC96528.1_6510	JI435_409190
lcl|CP069028.1_cds_QRC96529.1_6511	JI435_014420
lcl|CP069028.1_cds_QRC96530.1_6512	JI435_014440
lcl|CP069028.1_cds_QRC96531.1_6513	JI435_300960
lcl|CP069028.1_cds_QRC96532.1_6514	JI435_014450
lcl|CP069028.1_cds_QRC96533.1_6515	JI435_014460
lcl|CP069028.1_cds_QRC96534.1_6516	JI435_409200
lcl|CP069028.1_cds_QRC96535.1_6517	JI435_409210
lcl|CP069028.1_cds_QRC96536.1_6518	JI435_014470
lcl|CP069028.1_cds_QRC96537.1_6519	JI435_300970
lcl|CP069028.1_cds_QRC96538.1_6520	JI435_014480
lcl|CP069028.1_cds_QRC96539.1_6521	JI435_014490
lcl|CP069028.1_cds_QRC96540.1_6522	JI435_014500
lcl|CP069028.1_cds_QRC96541.1_6523	JI435_014510
lcl|CP069028.1_cds_QRC96542.1_6524	JI435_014520
lcl|CP069028.1_cds_QRC96543.1_6525	JI435_014530
lcl|CP069028.1_cds_QRC96544.1_6526	JI435_409220
lcl|CP069028.1_cds_QRC96545.1_6527	JI435_014540
lcl|CP069028.1_cds_QRC96546.1_6528	JI435_014550
lcl|CP069028.1_cds_QRC96547.1_6529	JI435_409230
lcl|CP069028.1_cds_QRC96548.1_6530	JI435_014560
lcl|CP069028.1_cds_QRC96549.1_6531	JI435_014570
lcl|CP069028.1_cds_QRC96550.1_6532	JI435_014580
lcl|CP069028.1_cds_QRC96551.1_6533	JI435_014590
lcl|CP069028.1_cds_QRC96552.1_6534	JI435_014600
lcl|CP069028.1_cds_QRC96553.1_6535	JI435_300980
lcl|CP069028.1_cds_QRC96554.1_6536	JI435_014610
lcl|CP069028.1_cds_QRC96555.1_6537	JI435_014620
lcl|CP069028.1_cds_QRC96556.1_6538	JI435_014630
lcl|CP069028.1_cds_QRC96557.1_6539	JI435_014640
lcl|CP069028.1_cds_QRC96558.1_6540	JI435_014650
lcl|CP069028.1_cds_QRC96559.1_6541	JI435_014660
lcl|CP069028.1_cds_QRC96560.1_6542	JI435_014670
lcl|CP069028.1_cds_QRC96561.1_6543	JI435_014680
lcl|CP069028.1_cds_QRC96562.1_6544	JI435_014690
lcl|CP069028.1_cds_QRC96563.1_6545	JI435_014700
lcl|CP069028.1_cds_QRC96564.1_6546	JI435_014710
lcl|CP069028.1_cds_QRC96565.1_6547	JI435_014720
lcl|CP069028.1_cds_QRC96566.1_6548	JI435_014730
lcl|CP069028.1_cds_QRC96567.1_6549	JI435_014740
lcl|CP069028.1_cds_QRC96568.1_6550	JI435_409240
lcl|CP069028.1_cds_QRC96569.1_6551	JI435_433850
lcl|CP069028.1_cds_QRC96570.1_6552	JI435_300990
lcl|CP069028.1_cds_QRC96571.1_6553	JI435_014760
lcl|CP069028.1_cds_QRC96572.1_6554	JI435_014770
lcl|CP069028.1_cds_QRC96573.1_6555	JI435_014780
lcl|CP069028.1_cds_QRC96574.1_6556	JI435_014790
lcl|CP069028.1_cds_QRC96575.1_6557	JI435_014800
lcl|CP069028.1_cds_QRC96576.1_6558	JI435_409250
lcl|CP069028.1_cds_QRC96577.1_6559	JI435_014810
lcl|CP069028.1_cds_QRC96578.1_6560	JI435_014820
lcl|CP069028.1_cds_QRC96579.1_6561	JI435_014830
lcl|CP069028.1_cds_QRC96580.1_6562	JI435_014840
lcl|CP069028.1_cds_QRC96581.1_6563	JI435_014860
lcl|CP069028.1_cds_QRC96582.1_6564	JI435_014870
lcl|CP069028.1_cds_QRC96583.1_6565	JI435_409260
lcl|CP069028.1_cds_QRC96584.1_6566	JI435_014880
lcl|CP069028.1_cds_QRC96585.1_6567	JI435_014890
lcl|CP069028.1_cds_QRC96586.1_6568	JI435_014910
lcl|CP069028.1_cds_QRC96587.1_6569	JI435_014920
lcl|CP069028.1_cds_QRC96588.1_6570	JI435_409270
lcl|CP069028.1_cds_QRC96589.1_6571	JI435_014930
lcl|CP069028.1_cds_QRC96590.1_6572	JI435_014940
lcl|CP069028.1_cds_QRC96591.1_6573	JI435_014950
lcl|CP069028.1_cds_QRC96592.1_6574	JI435_409280
lcl|CP069028.1_cds_QRC96593.1_6575	JI435_014960
lcl|CP069028.1_cds_QRC96594.1_6576	JI435_014970
lcl|CP069028.1_cds_QRC96595.1_6577	JI435_014980
lcl|CP069028.1_cds_QRC96596.1_6578	JI435_014990
lcl|CP069028.1_cds_QRC96597.1_6579	JI435_015000
lcl|CP069028.1_cds_QRC96598.1_6580	JI435_015010
lcl|CP069028.1_cds_QRC96599.1_6581	JI435_015020
lcl|CP069028.1_cds_QRC96600.1_6582	JI435_015030
lcl|CP069028.1_cds_QRC96601.1_6583	JI435_015040
lcl|CP069028.1_cds_QRC96602.1_6584	JI435_015050
lcl|CP069028.1_cds_QRC96603.1_6585	JI435_409290
lcl|CP069028.1_cds_QRC96604.1_6586	JI435_015070
lcl|CP069028.1_cds_QRC96605.1_6587	JI435_015090
lcl|CP069028.1_cds_QRC96606.1_6588	JI435_015100
lcl|CP069028.1_cds_QRC96607.1_6589	JI435_015110
lcl|CP069028.1_cds_QRC96608.1_6590	JI435_015120
lcl|CP069028.1_cds_QRC96609.1_6591	JI435_015130
lcl|CP069028.1_cds_QRC96610.1_6592	JI435_015150
lcl|CP069028.1_cds_QRC96611.1_6593	JI435_409300
lcl|CP069028.1_cds_QRC96612.1_6594	JI435_433890
lcl|CP069028.1_cds_QRC96613.1_6595	JI435_433900
lcl|CP069028.1_cds_QRC96614.1_6596	JI435_015170
lcl|CP069028.1_cds_QRC96615.1_6597	JI435_409310
lcl|CP069028.1_cds_QRC96616.1_6598	JI435_015190
lcl|CP069028.1_cds_QRC96617.1_6599	JI435_015200
lcl|CP069028.1_cds_QRC96618.1_6600	JI435_409320
lcl|CP069028.1_cds_QRC96619.1_6601	JI435_015210
lcl|CP069028.1_cds_QRC96620.1_6602	JI435_015220
lcl|CP069028.1_cds_QRC96621.1_6603	JI435_433910
lcl|CP069028.1_cds_QRC96622.1_6604	JI435_409330
lcl|CP069028.1_cds_QRC96623.1_6605	JI435_015230
lcl|CP069028.1_cds_QRC96624.1_6606	JI435_301000
lcl|CP069028.1_cds_QRC96625.1_6607	JI435_433920
lcl|CP069028.1_cds_QRC96626.1_6608	JI435_015240
lcl|CP069028.1_cds_QRC96627.1_6609	JI435_015250
lcl|CP069028.1_cds_QRC96628.1_6610	JI435_015260
lcl|CP069028.1_cds_QRC96629.1_6611	JI435_015270
lcl|CP069028.1_cds_QRC96630.1_6612	JI435_015280
lcl|CP069028.1_cds_QRC96631.1_6613	JI435_433940
lcl|CP069028.1_cds_QRC96632.1_6614	JI435_433950
lcl|CP069028.1_cds_QRC96633.1_6615	JI435_015310
lcl|CP069028.1_cds_QRC96634.1_6616	JI435_015320
lcl|CP069028.1_cds_QRC96635.1_6617	JI435_015340
lcl|CP069028.1_cds_QRC96636.1_6618	JI435_433970
lcl|CP069028.1_cds_QRC96637.1_6619	JI435_433980
lcl|CP069028.1_cds_QRC96638.1_6620	JI435_433990
lcl|CP069028.1_cds_QRC96639.1_6621	JI435_434000
lcl|CP069028.1_cds_QRC96640.1_6622	JI435_434020
lcl|CP069028.1_cds_QRC96641.1_6623	JI435_015470
lcl|CP069028.1_cds_QRC96642.1_6624	JI435_015480
lcl|CP069028.1_cds_QRC96643.1_6625	JI435_409340
lcl|CP069028.1_cds_QRC96644.1_6626	JI435_015490
lcl|CP069028.1_cds_QRC96645.1_6627	JI435_015510
lcl|CP069028.1_cds_QRC96646.1_6628	JI435_015520
lcl|CP069028.1_cds_QRC96647.1_6629	JI435_015530
lcl|CP069028.1_cds_QRC96648.1_6630	JI435_409350
lcl|CP069028.1_cds_QRC96649.1_6631	JI435_015540
lcl|CP069028.1_cds_QRC96650.1_6632	JI435_301010
lcl|CP069028.1_cds_QRC96651.1_6633	JI435_015550
lcl|CP069028.1_cds_QRC96652.1_6634	JI435_409360
lcl|CP069028.1_cds_QRC96653.1_6635	JI435_015560
lcl|CP069028.1_cds_QRC96654.1_6636	JI435_409370
lcl|CP069028.1_cds_QRC96655.1_6637	JI435_015580
lcl|CP069028.1_cds_QRC96656.1_6638	JI435_015590
lcl|CP069028.1_cds_QRC96657.1_6639	JI435_015600
lcl|CP069028.1_cds_QRC96658.1_6640	JI435_015620
lcl|CP069028.1_cds_QRC96660.1_6641	JI435_015630
lcl|CP069028.1_cds_QRC96659.1_6642	JI435_015630
lcl|CP069028.1_cds_QRC96661.1_6643	JI435_015640
lcl|CP069028.1_cds_QRC96662.1_6644	JI435_409380
lcl|CP069028.1_cds_QRC96663.1_6645	JI435_015650
lcl|CP069028.1_cds_QRC96664.1_6646	JI435_015660
lcl|CP069028.1_cds_QRC96665.1_6647	JI435_015670
lcl|CP069028.1_cds_QRC96666.1_6648	JI435_015680
lcl|CP069028.1_cds_QRC96667.1_6649	JI435_015690
lcl|CP069028.1_cds_QRC96668.1_6650	JI435_409390
lcl|CP069028.1_cds_QRC96669.1_6651	JI435_015700
lcl|CP069028.1_cds_QRC96670.1_6652	JI435_015720
lcl|CP069028.1_cds_QRC96671.1_6653	JI435_409400
lcl|CP069028.1_cds_QRC96672.1_6654	JI435_409410
lcl|CP069028.1_cds_QRC96673.1_6655	JI435_015730
lcl|CP069028.1_cds_QRC96674.1_6656	JI435_015740
lcl|CP069028.1_cds_QRC96675.1_6657	JI435_015750
lcl|CP069028.1_cds_QRC96676.1_6658	JI435_015760
lcl|CP069028.1_cds_QRC96677.1_6659	JI435_015770
lcl|CP069028.1_cds_QRC96678.1_6660	JI435_409420
lcl|CP069028.1_cds_QRC96679.1_6661	JI435_409430
lcl|CP069028.1_cds_QRC96680.1_6662	JI435_015780
lcl|CP069028.1_cds_QRC96681.1_6663	JI435_015790
lcl|CP069028.1_cds_QRC96682.1_6664	JI435_015800
lcl|CP069028.1_cds_QRC96683.1_6665	JI435_015820
lcl|CP069028.1_cds_QRC96684.1_6666	JI435_015830
lcl|CP069028.1_cds_QRC96685.1_6667	JI435_015840
lcl|CP069028.1_cds_QRC96686.1_6668	JI435_015850
lcl|CP069028.1_cds_QRC96687.1_6669	JI435_409440
lcl|CP069028.1_cds_QRC96688.1_6670	JI435_015880
lcl|CP069028.1_cds_QRC96689.1_6671	JI435_015900
lcl|CP069028.1_cds_QRC96690.1_6672	JI435_301020
lcl|CP069028.1_cds_QRC96691.1_6673	JI435_434050
lcl|CP069028.1_cds_QRC96692.1_6674	JI435_015910
lcl|CP069028.1_cds_QRC96693.1_6675	JI435_409450
lcl|CP069028.1_cds_QRC96694.1_6676	JI435_409460
lcl|CP069028.1_cds_QRC96695.1_6677	JI435_015930
lcl|CP069028.1_cds_QRC96696.1_6678	JI435_301030
lcl|CP069028.1_cds_QRC96697.1_6679	JI435_015940
lcl|CP069028.1_cds_QRC96698.1_6680	JI435_409470
lcl|CP069028.1_cds_QRC96699.1_6681	JI435_015950
lcl|CP069028.1_cds_QRC96700.1_6682	JI435_015960
lcl|CP069028.1_cds_QRC96701.1_6683	JI435_409480
lcl|CP069028.1_cds_QRC96702.1_6684	JI435_015970
lcl|CP069028.1_cds_QRC96703.1_6685	JI435_015980
lcl|CP069028.1_cds_QRC96704.1_6686	JI435_301040
lcl|CP069028.1_cds_QRC96705.1_6687	JI435_016000
lcl|CP069028.1_cds_QRC96706.1_6688	JI435_016010
lcl|CP069028.1_cds_QRC96707.1_6689	JI435_301050
lcl|CP069028.1_cds_QRC96708.1_6690	JI435_016030
lcl|CP069028.1_cds_QRC96709.1_6691	JI435_016040
lcl|CP069028.1_cds_QRC96710.1_6692	JI435_409490
lcl|CP069028.1_cds_QRC96711.1_6693	JI435_016060
lcl|CP069028.1_cds_QRC96712.1_6694	JI435_016070
lcl|CP069028.1_cds_QRC96713.1_6695	JI435_434060
lcl|CP069028.1_cds_QRC96714.1_6696	JI435_016090
lcl|CP069028.1_cds_QRC96715.1_6697	JI435_409500
lcl|CP069028.1_cds_QRC96716.1_6698	JI435_016100
lcl|CP069028.1_cds_QRC96717.1_6699	JI435_016110
lcl|CP069028.1_cds_QRC96718.1_6700	JI435_409510
lcl|CP069028.1_cds_QRC96719.1_6701	JI435_016120
lcl|CP069028.1_cds_QRC96720.1_6702	JI435_016130
lcl|CP069028.1_cds_QRC96721.1_6703	JI435_409520
lcl|CP069028.1_cds_QRC96722.1_6704	JI435_016140
lcl|CP069028.1_cds_QRC96723.1_6705	JI435_409530
lcl|CP069028.1_cds_QRC96724.1_6706	JI435_016150
lcl|CP069028.1_cds_QRC96725.1_6707	JI435_016170
lcl|CP069028.1_cds_QRC96726.1_6708	JI435_016170
lcl|CP069028.1_cds_QRC96727.1_6709	JI435_016180
lcl|CP069028.1_cds_QRC96728.1_6710	JI435_016200
lcl|CP069028.1_cds_QRC96729.1_6711	JI435_016210
lcl|CP069028.1_cds_QRC96730.1_6712	JI435_016220
lcl|CP069028.1_cds_QRC96731.1_6713	JI435_016230
lcl|CP069028.1_cds_QRC96732.1_6714	JI435_016240
lcl|CP069028.1_cds_QRC96733.1_6715	JI435_409540
lcl|CP069028.1_cds_QRC96734.1_6716	JI435_409550
lcl|CP069028.1_cds_QRC96735.1_6717	JI435_200150
lcl|CP069028.1_cds_QRC96736.1_6718	JI435_409560
lcl|CP069028.1_cds_QRC96737.1_6719	JI435_016260
lcl|CP069028.1_cds_QRC96738.1_6720	JI435_409570
lcl|CP069028.1_cds_QRC96739.1_6721	JI435_409580
lcl|CP069028.1_cds_QRC96740.1_6722	JI435_016290
lcl|CP069028.1_cds_QRC96741.1_6723	JI435_409590
lcl|CP069028.1_cds_QRC96742.1_6724	JI435_409600
lcl|CP069028.1_cds_QRC96743.1_6725	JI435_016300
lcl|CP069028.1_cds_QRC96744.1_6726	JI435_016310
lcl|CP069028.1_cds_QRC96745.1_6727	JI435_016320
lcl|CP069028.1_cds_QRC96746.1_6728	JI435_016330
lcl|CP069028.1_cds_QRC96747.1_6729	JI435_409610
lcl|CP069028.1_cds_QRC96748.1_6730	JI435_016340
lcl|CP069028.1_cds_QRC96749.1_6731	JI435_016350
lcl|CP069028.1_cds_QRC96750.1_6732	JI435_016380
lcl|CP069028.1_cds_QRC96751.1_6733	JI435_434080
lcl|CP069028.1_cds_QRC96752.1_6734	JI435_016420
lcl|CP069028.1_cds_QRC96753.1_6735	JI435_016430
lcl|CP069028.1_cds_QRC96754.1_6736	JI435_016440
lcl|CP069028.1_cds_QRC96755.1_6737	JI435_016450
lcl|CP069028.1_cds_QRC96756.1_6738	JI435_016460
lcl|CP069028.1_cds_QRC96757.1_6739	JI435_016480
lcl|CP069028.1_cds_QRC96758.1_6740	JI435_016490
lcl|CP069028.1_cds_QRC96759.1_6741	JI435_434090
lcl|CP069028.1_cds_QRC96760.1_6742	JI435_016500
lcl|CP069028.1_cds_QRC96761.1_6743	JI435_016510
lcl|CP069028.1_cds_QRC96762.1_6744	JI435_016520
lcl|CP069028.1_cds_QRC96763.1_6745	JI435_016530
lcl|CP069028.1_cds_QRC96764.1_6746	JI435_016540
lcl|CP069028.1_cds_QRC96765.1_6747	JI435_016550
lcl|CP069028.1_cds_QRC96766.1_6748	JI435_016560
lcl|CP069028.1_cds_QRC96767.1_6749	JI435_016570
lcl|CP069028.1_cds_QRC96768.1_6750	JI435_016580
lcl|CP069028.1_cds_QRC96769.1_6751	JI435_016600
lcl|CP069028.1_cds_QRC96770.1_6752	JI435_016610
lcl|CP069028.1_cds_QRC96771.1_6753	JI435_016620
lcl|CP069028.1_cds_QRC96772.1_6754	JI435_016630
lcl|CP069028.1_cds_QRC96773.1_6755	JI435_434110
lcl|CP069028.1_cds_QRC96774.1_6756	JI435_016650
lcl|CP069028.1_cds_QRC96775.1_6757	JI435_016660
lcl|CP069028.1_cds_QRC96776.1_6758	JI435_016670
lcl|CP069028.1_cds_QRC96777.1_6759	JI435_016680
lcl|CP069028.1_cds_QRC96778.1_6760	JI435_016690
lcl|CP069028.1_cds_QRC96779.1_6761	JI435_016710
lcl|CP069028.1_cds_QRC96780.1_6762	JI435_016720
lcl|CP069028.1_cds_QRC96781.1_6763	JI435_016740
lcl|CP069028.1_cds_QRC96782.1_6764	JI435_016750
lcl|CP069028.1_cds_QRC96783.1_6765	JI435_016760
lcl|CP069028.1_cds_QRC96784.1_6766	JI435_016770
lcl|CP069028.1_cds_QRC96785.1_6767	JI435_016780
lcl|CP069028.1_cds_QRC96786.1_6768	JI435_016790
lcl|CP069028.1_cds_QRC96787.1_6769	JI435_016800
lcl|CP069028.1_cds_QRC96788.1_6770	JI435_301060
lcl|CP069028.1_cds_QRC96789.1_6771	JI435_409620
lcl|CP069028.1_cds_QRC96790.1_6772	JI435_016840
lcl|CP069028.1_cds_QRC96791.1_6773	JI435_016850
lcl|CP069028.1_cds_QRC96792.1_6774	JI435_016860
lcl|CP069028.1_cds_QRC96793.1_6775	JI435_016870
lcl|CP069028.1_cds_QRC96794.1_6776	JI435_409630
lcl|CP069028.1_cds_QRC96795.1_6777	JI435_016880
lcl|CP069028.1_cds_QRC96796.1_6778	JI435_016890
lcl|CP069028.1_cds_QRC96797.1_6779	JI435_409640
lcl|CP069028.1_cds_QRC96798.1_6780	JI435_016900
lcl|CP069028.1_cds_QRC96799.1_6781	JI435_301070
lcl|CP069028.1_cds_QRC96800.1_6782	JI435_016920
lcl|CP069028.1_cds_QRC96801.1_6783	JI435_016930
lcl|CP069028.1_cds_QRC96802.1_6784	JI435_016940
lcl|CP069028.1_cds_QRC96803.1_6785	JI435_016950
lcl|CP069028.1_cds_QRC96804.1_6786	JI435_016960
lcl|CP069028.1_cds_QRC96805.1_6787	JI435_016970
lcl|CP069028.1_cds_QRC96806.1_6788	JI435_016980
lcl|CP069028.1_cds_QRC96807.1_6789	JI435_016990
lcl|CP069028.1_cds_QRC96808.1_6790	JI435_017000
lcl|CP069028.1_cds_QRC96809.1_6791	JI435_017010
lcl|CP069028.1_cds_QRC96810.1_6792	JI435_017020
lcl|CP069028.1_cds_QRC96811.1_6793	JI435_434120
lcl|CP069028.1_cds_QRC96812.1_6794	JI435_434130
lcl|CP069028.1_cds_QRC96813.1_6795	JI435_017040
lcl|CP069028.1_cds_QRC96814.1_6796	JI435_017050
lcl|CP069028.1_cds_QRC96815.1_6797	JI435_017060
lcl|CP069028.1_cds_QRC96816.1_6798	JI435_017070
lcl|CP069028.1_cds_QRC96817.1_6799	JI435_409650
lcl|CP069028.1_cds_QRC96818.1_6800	JI435_017080
lcl|CP069028.1_cds_QRC96819.1_6801	JI435_017090
lcl|CP069028.1_cds_QRC96820.1_6802	JI435_017100
lcl|CP069028.1_cds_QRC96821.1_6803	JI435_017130
lcl|CP069028.1_cds_QRC96822.1_6804	JI435_301080
lcl|CP069028.1_cds_QRC96823.1_6805	JI435_017140
lcl|CP069028.1_cds_QRC96824.1_6806	JI435_017160
lcl|CP069028.1_cds_QRC96825.1_6807	JI435_434160
lcl|CP069028.1_cds_QRC96826.1_6808	JI435_434170
lcl|CP069028.1_cds_QRC96827.1_6809	JI435_017180
lcl|CP069028.1_cds_QRC96828.1_6810	JI435_017190
lcl|CP069028.1_cds_QRC96829.1_6811	JI435_409660
lcl|CP069028.1_cds_QRC96830.1_6812	JI435_017200
lcl|CP069028.1_cds_QRC96831.1_6813	JI435_017210
lcl|CP069028.1_cds_QRC96832.1_6814	JI435_017220
lcl|CP069028.1_cds_QRC96833.1_6815	JI435_017230
lcl|CP069028.1_cds_QRC96834.1_6816	JI435_409670
lcl|CP069028.1_cds_QRC96835.1_6817	JI435_017240
lcl|CP069028.1_cds_QRC96836.1_6818	JI435_017250
lcl|CP069028.1_cds_QRC96837.1_6819	JI435_017270
lcl|CP069028.1_cds_QRC96838.1_6820	JI435_434200
lcl|CP069028.1_cds_QRC96839.1_6821	JI435_017280
lcl|CP069028.1_cds_QRC96840.1_6822	JI435_017290
lcl|CP069028.1_cds_QRC96841.1_6823	JI435_017300
lcl|CP069028.1_cds_QRC96842.1_6824	JI435_017310
lcl|CP069028.1_cds_QRC96843.1_6825	JI435_017320
lcl|CP069028.1_cds_QRC96844.1_6826	JI435_409680
lcl|CP069028.1_cds_QRC96845.1_6827	JI435_017330
lcl|CP069028.1_cds_QRC96846.1_6828	JI435_017340
lcl|CP069028.1_cds_QRC96847.1_6829	JI435_017350
lcl|CP069028.1_cds_QRC96848.1_6830	JI435_017360
lcl|CP069028.1_cds_QRC96849.1_6831	JI435_017360
lcl|CP069028.1_cds_QRC96850.1_6832	JI435_017370
lcl|CP069028.1_cds_QRC96851.1_6833	JI435_017380
lcl|CP069028.1_cds_QRC96852.1_6834	JI435_017390
lcl|CP069028.1_cds_QRC96853.1_6835	JI435_017400
lcl|CP069028.1_cds_QRC96854.1_6836	JI435_409690
lcl|CP069028.1_cds_QRC96855.1_6837	JI435_017410
lcl|CP069028.1_cds_QRC96856.1_6838	JI435_017420
lcl|CP069028.1_cds_QRC96857.1_6839	JI435_409700
lcl|CP069028.1_cds_QRC96858.1_6840	JI435_409710
lcl|CP069028.1_cds_QRC96859.1_6841	JI435_017430
lcl|CP069028.1_cds_QRC96860.1_6842	JI435_017440
lcl|CP069028.1_cds_QRC96861.1_6843	JI435_017460
lcl|CP069028.1_cds_QRC96862.1_6844	JI435_301090
lcl|CP069028.1_cds_QRC96863.1_6845	JI435_017470
lcl|CP069028.1_cds_QRC96864.1_6846	JI435_017490
lcl|CP069028.1_cds_QRC96865.1_6847	JI435_017500
lcl|CP069028.1_cds_QRC96866.1_6848	JI435_017530
lcl|CP069028.1_cds_QRC96867.1_6849	JI435_017540
lcl|CP069028.1_cds_QRC96868.1_6850	JI435_017550
lcl|CP069028.1_cds_QRC96869.1_6851	JI435_409720
lcl|CP069028.1_cds_QRC96870.1_6852	JI435_409730
lcl|CP069028.1_cds_QRC96871.1_6853	JI435_017560
lcl|CP069028.1_cds_QRC96872.1_6854	JI435_017570
lcl|CP069028.1_cds_QRC96873.1_6855	JI435_434220
lcl|CP069028.1_cds_QRC96874.1_6856	JI435_017580
lcl|CP069028.1_cds_QRC96875.1_6857	JI435_017590
lcl|CP069028.1_cds_QRC96876.1_6858	JI435_017600
lcl|CP069028.1_cds_QRC96877.1_6859	JI435_017610
lcl|CP069028.1_cds_QRC96878.1_6860	JI435_017620
lcl|CP069028.1_cds_QRC96879.1_6861	JI435_301100
lcl|CP069028.1_cds_QRC96880.1_6862	JI435_017640
lcl|CP069028.1_cds_QRC96881.1_6863	JI435_017660
lcl|CP069028.1_cds_QRC96882.1_6864	JI435_301110
lcl|CP069028.1_cds_QRC96883.1_6865	JI435_017670
lcl|CP069028.1_cds_QRC96884.1_6866	JI435_409740
lcl|CP069028.1_cds_QRC96885.1_6867	JI435_017680
lcl|CP069028.1_cds_QRC96886.1_6868	JI435_017690
lcl|CP069028.1_cds_QRC96887.1_6869	JI435_017710
lcl|CP069028.1_cds_QRC96888.1_6870	JI435_017730
lcl|CP069028.1_cds_QRC96889.1_6871	JI435_017740
lcl|CP069028.1_cds_QRC96890.1_6872	JI435_434250
lcl|CP069028.1_cds_QRC96891.1_6873	JI435_017760
lcl|CP069028.1_cds_QRC96892.1_6874	JI435_017780
lcl|CP069028.1_cds_QRC96893.1_6875	JI435_017790
lcl|CP069028.1_cds_QRC96894.1_6876	JI435_017810
lcl|CP069028.1_cds_QRC96895.1_6877	JI435_301120
lcl|CP069028.1_cds_QRC96896.1_6878	JI435_017820
lcl|CP069028.1_cds_QRC96897.1_6879	JI435_017830
lcl|CP069028.1_cds_QRC96898.1_6880	JI435_017840
lcl|CP069028.1_cds_QRC96899.1_6881	JI435_017850
lcl|CP069028.1_cds_QRC96900.1_6882	JI435_301130
lcl|CP069028.1_cds_QRC96901.1_6883	JI435_409750
lcl|CP069028.1_cds_QRC96902.1_6884	JI435_017870
lcl|CP069028.1_cds_QRC96903.1_6885	JI435_434270
lcl|CP069028.1_cds_QRC96904.1_6886	JI435_017890
lcl|CP069028.1_cds_QRC96905.1_6887	JI435_017900
lcl|CP069028.1_cds_QRC96906.1_6888	JI435_017910
lcl|CP069028.1_cds_QRC96907.1_6889	JI435_017920
lcl|CP069028.1_cds_QRC96908.1_6890	JI435_017930
lcl|CP069028.1_cds_QRC96909.1_6891	JI435_017940
lcl|CP069028.1_cds_QRC96910.1_6892	JI435_434280
lcl|CP069028.1_cds_QRC96911.1_6893	JI435_017950
lcl|CP069028.1_cds_QRC96913.1_6894	JI435_017960
lcl|CP069028.1_cds_QRC96912.1_6895	JI435_017960
lcl|CP069028.1_cds_QRC96914.1_6896	JI435_017970
lcl|CP069028.1_cds_QRC96915.1_6897	JI435_017980
lcl|CP069028.1_cds_QRC96916.1_6898	JI435_017990
lcl|CP069028.1_cds_QRC96917.1_6899	JI435_018000
lcl|CP069028.1_cds_QRC96918.1_6900	JI435_409760
lcl|CP069028.1_cds_QRC96919.1_6901	JI435_018010
lcl|CP069028.1_cds_QRC96920.1_6902	JI435_018020
lcl|CP069028.1_cds_QRC96921.1_6903	JI435_018030
lcl|CP069028.1_cds_QRC96922.1_6904	JI435_018030
lcl|CP069028.1_cds_QRC96923.1_6905	JI435_018040
lcl|CP069028.1_cds_QRC96924.1_6906	JI435_018050
lcl|CP069028.1_cds_QRC96925.1_6907	JI435_409770
lcl|CP069028.1_cds_QRC96926.1_6908	JI435_409780
lcl|CP069028.1_cds_QRC96927.1_6909	JI435_409790
lcl|CP069028.1_cds_QRC96928.1_6910	JI435_018060
lcl|CP069028.1_cds_QRC96929.1_6911	JI435_018070
lcl|CP069028.1_cds_QRC96930.1_6912	JI435_409800
lcl|CP069028.1_cds_QRC96931.1_6913	JI435_018080
lcl|CP069028.1_cds_QRC96932.1_6914	JI435_018090
lcl|CP069028.1_cds_QRC96933.1_6915	JI435_018100
lcl|CP069028.1_cds_QRC96934.1_6916	JI435_018120
lcl|CP069028.1_cds_QRC96935.1_6917	JI435_018130
lcl|CP069028.1_cds_QRC96936.1_6918	JI435_409810
lcl|CP069028.1_cds_QRC96937.1_6919	JI435_018140
lcl|CP069028.1_cds_QRC96938.1_6920	JI435_301140
lcl|CP069028.1_cds_QRC96939.1_6921	JI435_409820
lcl|CP069028.1_cds_QRC96940.1_6922	JI435_409830
lcl|CP069028.1_cds_QRC96941.1_6923	JI435_018150
lcl|CP069028.1_cds_QRC96942.1_6924	JI435_409840
lcl|CP069028.1_cds_QRC96943.1_6925	JI435_301150
lcl|CP069028.1_cds_QRC96944.1_6926	JI435_409850
lcl|CP069028.1_cds_QRC96945.1_6927	JI435_434290
lcl|CP069028.1_cds_QRC96946.1_6928	JI435_434300
lcl|CP069028.1_cds_QRC96947.1_6929	JI435_434310
lcl|CP069028.1_cds_QRC96948.1_6930	JI435_434320
lcl|CP069028.1_cds_QRC96949.1_6931	JI435_018210
lcl|CP069028.1_cds_QRC96950.1_6932	JI435_018220
lcl|CP069028.1_cds_QRC96951.1_6933	JI435_018240
lcl|CP069028.1_cds_QRC96952.1_6934	JI435_018250
lcl|CP069028.1_cds_QRC96953.1_6935	JI435_018260
lcl|CP069028.1_cds_QRC96954.1_6936	JI435_018280
lcl|CP069028.1_cds_QRC96955.1_6937	JI435_434330
lcl|CP069028.1_cds_QRC96956.1_6938	JI435_018300
lcl|CP069028.1_cds_QRC96957.1_6939	JI435_409860
lcl|CP069028.1_cds_QRC96958.1_6940	JI435_018320
lcl|CP069028.1_cds_QRC96959.1_6941	JI435_018340
lcl|CP069028.1_cds_QRC96960.1_6942	JI435_434340
lcl|CP069028.1_cds_QRC96962.1_6943	JI435_434350
lcl|CP069028.1_cds_QRC96961.1_6944	JI435_434350
lcl|CP069028.1_cds_QRC96963.1_6945	JI435_018370
lcl|CP069028.1_cds_QRC96964.1_6946	JI435_018380
lcl|CP069028.1_cds_QRC96965.1_6947	JI435_018390
lcl|CP069028.1_cds_QRC96966.1_6948	JI435_018400
lcl|CP069028.1_cds_QRC96967.1_6949	JI435_018410
lcl|CP069028.1_cds_QRC96968.1_6950	JI435_434360
lcl|CP069029.1_cds_QRC96969.1_6951	JI435_434370
lcl|CP069029.1_cds_QRC96970.1_6952	JI435_164920
lcl|CP069029.1_cds_QRC96971.1_6953	JI435_164930
lcl|CP069029.1_cds_QRC96972.1_6954	JI435_409870
lcl|CP069029.1_cds_QRC96973.1_6955	JI435_409880
lcl|CP069029.1_cds_QRC96974.1_6956	JI435_164950
lcl|CP069029.1_cds_QRC96975.1_6957	JI435_409890
lcl|CP069029.1_cds_QRC96976.1_6958	JI435_164960
lcl|CP069029.1_cds_QRC96977.1_6959	JI435_164970
lcl|CP069029.1_cds_QRC96978.1_6960	JI435_164980
lcl|CP069029.1_cds_QRC96979.1_6961	JI435_164990
lcl|CP069029.1_cds_QRC96980.1_6962	JI435_165000
lcl|CP069029.1_cds_QRC96981.1_6963	JI435_165010
lcl|CP069029.1_cds_QRC96982.1_6964	JI435_165020
lcl|CP069029.1_cds_QRC96983.1_6965	JI435_409900
lcl|CP069029.1_cds_QRC96984.1_6966	JI435_165030
lcl|CP069029.1_cds_QRC96985.1_6967	JI435_409910
lcl|CP069029.1_cds_QRC96986.1_6968	JI435_307990
lcl|CP069029.1_cds_QRC96987.1_6969	JI435_165050
lcl|CP069029.1_cds_QRC96988.1_6970	JI435_165070
lcl|CP069029.1_cds_QRC96989.1_6971	JI435_165080
lcl|CP069029.1_cds_QRC96990.1_6972	JI435_165090
lcl|CP069029.1_cds_QRC96991.1_6973	JI435_165100
lcl|CP069029.1_cds_QRC96992.1_6974	JI435_165110
lcl|CP069029.1_cds_QRC96993.1_6975	JI435_165120
lcl|CP069029.1_cds_QRC96994.1_6976	JI435_308000
lcl|CP069029.1_cds_QRC96995.1_6977	JI435_165140
lcl|CP069029.1_cds_QRC96996.1_6978	JI435_409920
lcl|CP069029.1_cds_QRC96997.1_6979	JI435_165150
lcl|CP069029.1_cds_QRC96998.1_6980	JI435_308010
lcl|CP069029.1_cds_QRC96999.1_6981	JI435_165200
lcl|CP069029.1_cds_QRC97000.1_6982	JI435_409930
lcl|CP069029.1_cds_QRC97001.1_6983	JI435_409930
lcl|CP069029.1_cds_QRC97002.1_6984	JI435_409940
lcl|CP069029.1_cds_QRC97003.1_6985	JI435_308020
lcl|CP069029.1_cds_QRC97004.1_6986	JI435_165220
lcl|CP069029.1_cds_QRC97005.1_6987	JI435_165760
lcl|CP069029.1_cds_QRC97006.1_6988	JI435_434480
lcl|CP069029.1_cds_QRC97007.1_6989	JI435_434500
lcl|CP069029.1_cds_QRC97008.1_6990	JI435_140950
lcl|CP069029.1_cds_QRC97009.1_6991	JI435_140940
lcl|CP069029.1_cds_QRC97010.1_6992	JI435_409950
lcl|CP069029.1_cds_QRC97011.1_6993	JI435_140930
lcl|CP069029.1_cds_QRC97012.1_6994	JI435_140920
lcl|CP069029.1_cds_QRC97013.1_6995	JI435_308100
lcl|CP069029.1_cds_QRC97014.1_6996	JI435_308090
lcl|CP069029.1_cds_QRC97015.1_6997	JI435_140900
lcl|CP069029.1_cds_QRC97016.1_6998	JI435_140880
lcl|CP069029.1_cds_QRC97017.1_6999	JI435_140860
lcl|CP069029.1_cds_QRC97018.1_7000	JI435_140850
lcl|CP069029.1_cds_QRC97019.1_7001	JI435_140830
lcl|CP069029.1_cds_QRC97020.1_7002	JI435_140820
lcl|CP069029.1_cds_QRC97021.1_7003	JI435_140810
lcl|CP069029.1_cds_QRC97022.1_7004	JI435_409960
lcl|CP069029.1_cds_QRC97023.1_7005	JI435_140790
lcl|CP069029.1_cds_QRC97024.1_7006	JI435_409970
lcl|CP069029.1_cds_QRC97025.1_7007	JI435_140780
lcl|CP069029.1_cds_QRC97026.1_7008	JI435_409980
lcl|CP069029.1_cds_QRC97027.1_7009	JI435_140770
lcl|CP069029.1_cds_QRC97028.1_7010	JI435_140760
lcl|CP069029.1_cds_QRC97029.1_7011	JI435_140750
lcl|CP069029.1_cds_QRC97030.1_7012	JI435_140740
lcl|CP069029.1_cds_QRC97031.1_7013	JI435_140730
lcl|CP069029.1_cds_QRC97032.1_7014	JI435_140720
lcl|CP069029.1_cds_QRC97033.1_7015	JI435_140710
lcl|CP069029.1_cds_QRC97034.1_7016	JI435_140700
lcl|CP069029.1_cds_QRC97035.1_7017	JI435_140690
lcl|CP069029.1_cds_QRC97036.1_7018	JI435_140680
lcl|CP069029.1_cds_QRC97037.1_7019	JI435_140670
lcl|CP069029.1_cds_QRC97038.1_7020	JI435_140660
lcl|CP069029.1_cds_QRC97039.1_7021	JI435_140650
lcl|CP069029.1_cds_QRC97040.1_7022	JI435_409990
lcl|CP069029.1_cds_QRC97041.1_7023	JI435_140640
lcl|CP069029.1_cds_QRC97042.1_7024	JI435_201550
lcl|CP069029.1_cds_QRC97043.1_7025	JI435_140620
lcl|CP069029.1_cds_QRC97044.1_7026	JI435_140600
lcl|CP069029.1_cds_QRC97045.1_7027	JI435_308080
lcl|CP069029.1_cds_QRC97046.1_7028	JI435_140590
lcl|CP069029.1_cds_QRC97047.1_7029	JI435_140580
lcl|CP069029.1_cds_QRC97048.1_7030	JI435_140570
lcl|CP069029.1_cds_QRC97049.1_7031	JI435_140560
lcl|CP069029.1_cds_QRC97050.1_7032	JI435_140550
lcl|CP069029.1_cds_QRC97051.1_7033	JI435_140540
lcl|CP069029.1_cds_QRC97052.1_7034	JI435_140530
lcl|CP069029.1_cds_QRC97053.1_7035	JI435_140510
lcl|CP069029.1_cds_QRC97054.1_7036	JI435_434530
lcl|CP069029.1_cds_QRC97055.1_7037	JI435_410000
lcl|CP069029.1_cds_QRC97056.1_7038	JI435_140490
lcl|CP069029.1_cds_QRC97057.1_7039	JI435_140480
lcl|CP069029.1_cds_QRC97058.1_7040	JI435_140470
lcl|CP069029.1_cds_QRC97059.1_7041	JI435_140460
lcl|CP069029.1_cds_QRC97060.1_7042	JI435_410010
lcl|CP069029.1_cds_QRC97061.1_7043	JI435_140450
lcl|CP069029.1_cds_QRC97062.1_7044	JI435_140440
lcl|CP069029.1_cds_QRC97063.1_7045	JI435_140430
lcl|CP069029.1_cds_QRC97064.1_7046	JI435_140420
lcl|CP069029.1_cds_QRC97065.1_7047	JI435_140410
lcl|CP069029.1_cds_QRC97066.1_7048	JI435_140400
lcl|CP069029.1_cds_QRC97067.1_7049	JI435_410020
lcl|CP069029.1_cds_QRC97068.1_7050	JI435_140390
lcl|CP069029.1_cds_QRC97069.1_7051	JI435_140380
lcl|CP069029.1_cds_QRC97070.1_7052	JI435_140370
lcl|CP069029.1_cds_QRC97071.1_7053	JI435_140360
lcl|CP069029.1_cds_QRC97072.1_7054	JI435_140350
lcl|CP069029.1_cds_QRC97073.1_7055	JI435_410030
lcl|CP069029.1_cds_QRC97074.1_7056	JI435_140340
lcl|CP069029.1_cds_QRC97075.1_7057	JI435_140340
lcl|CP069029.1_cds_QRC97076.1_7058	JI435_410040
lcl|CP069029.1_cds_QRC97077.1_7059	JI435_410050
lcl|CP069029.1_cds_QRC97078.1_7060	JI435_308070
lcl|CP069029.1_cds_QRC97079.1_7061	JI435_410060
lcl|CP069029.1_cds_QRC97080.1_7062	JI435_434540
lcl|CP069029.1_cds_QRC97081.1_7063	JI435_410070
lcl|CP069029.1_cds_QRC97082.1_7064	JI435_140310
lcl|CP069029.1_cds_QRC97083.1_7065	JI435_140300
lcl|CP069029.1_cds_QRC97084.1_7066	JI435_140290
lcl|CP069029.1_cds_QRC97085.1_7067	JI435_140280
lcl|CP069029.1_cds_QRC97086.1_7068	JI435_140270
lcl|CP069029.1_cds_QRC97087.1_7069	JI435_140260
lcl|CP069029.1_cds_QRC97088.1_7070	JI435_140250
lcl|CP069029.1_cds_QRC97089.1_7071	JI435_140230
lcl|CP069029.1_cds_QRC97090.1_7072	JI435_140220
lcl|CP069029.1_cds_QRC97091.1_7073	JI435_140210
lcl|CP069029.1_cds_QRC97092.1_7074	JI435_140200
lcl|CP069029.1_cds_QRC97093.1_7075	JI435_140180
lcl|CP069029.1_cds_QRC97094.1_7076	JI435_140170
lcl|CP069029.1_cds_QRC97095.1_7077	JI435_140160
lcl|CP069029.1_cds_QRC97096.1_7078	JI435_140150
lcl|CP069029.1_cds_QRC97097.1_7079	JI435_410080
lcl|CP069029.1_cds_QRC97098.1_7080	JI435_140140
lcl|CP069029.1_cds_QRC97099.1_7081	JI435_410090
lcl|CP069029.1_cds_QRC97100.1_7082	JI435_140130
lcl|CP069029.1_cds_QRC97101.1_7083	JI435_410100
lcl|CP069029.1_cds_QRC97102.1_7084	JI435_140120
lcl|CP069029.1_cds_QRC97103.1_7085	JI435_410110
lcl|CP069029.1_cds_QRC97104.1_7086	JI435_140110
lcl|CP069029.1_cds_QRC97105.1_7087	JI435_140100
lcl|CP069029.1_cds_QRC97106.1_7088	JI435_140090
lcl|CP069029.1_cds_QRC97107.1_7089	JI435_140080
lcl|CP069029.1_cds_QRC97108.1_7090	JI435_140070
lcl|CP069029.1_cds_QRC97109.1_7091	JI435_410120
lcl|CP069029.1_cds_QRC97110.1_7092	JI435_410130
lcl|CP069029.1_cds_QRC97111.1_7093	JI435_140060
lcl|CP069029.1_cds_QRC97112.1_7094	JI435_410140
lcl|CP069029.1_cds_QRC97113.1_7095	JI435_140050
lcl|CP069029.1_cds_QRC97114.1_7096	JI435_410150
lcl|CP069029.1_cds_QRC97115.1_7097	JI435_410160
lcl|CP069029.1_cds_QRC97116.1_7098	JI435_140030
lcl|CP069029.1_cds_QRC97117.1_7099	JI435_410170
lcl|CP069029.1_cds_QRC97118.1_7100	JI435_434560
lcl|CP069029.1_cds_QRC97119.1_7101	JI435_140020
lcl|CP069029.1_cds_QRC97120.1_7102	JI435_140020
lcl|CP069029.1_cds_QRC97121.1_7103	JI435_140010
lcl|CP069029.1_cds_QRC97122.1_7104	JI435_140000
lcl|CP069029.1_cds_QRC97123.1_7105	JI435_139990
lcl|CP069029.1_cds_QRC97124.1_7106	JI435_139980
lcl|CP069029.1_cds_QRC97125.1_7107	JI435_434570
lcl|CP069029.1_cds_QRC97126.1_7108	JI435_139970
lcl|CP069029.1_cds_QRC97127.1_7109	JI435_139950
lcl|CP069029.1_cds_QRC97128.1_7110	JI435_434580
lcl|CP069029.1_cds_QRC97129.1_7111	JI435_434590
lcl|CP069029.1_cds_QRC97130.1_7112	JI435_139930
lcl|CP069029.1_cds_QRC97131.1_7113	JI435_139920
lcl|CP069029.1_cds_QRC97132.1_7114	JI435_139910
lcl|CP069029.1_cds_QRC97133.1_7115	JI435_139900
lcl|CP069029.1_cds_QRC97134.1_7116	JI435_139890
lcl|CP069029.1_cds_QRC97135.1_7117	JI435_139880
lcl|CP069029.1_cds_QRC97136.1_7118	JI435_139870
lcl|CP069029.1_cds_QRC97137.1_7119	JI435_139860
lcl|CP069029.1_cds_QRC97138.1_7120	JI435_434610
lcl|CP069029.1_cds_QRC97139.1_7121	JI435_139850
lcl|CP069029.1_cds_QRC97140.1_7122	JI435_139840
lcl|CP069029.1_cds_QRC97141.1_7123	JI435_139830
lcl|CP069029.1_cds_QRC97142.1_7124	JI435_434620
lcl|CP069029.1_cds_QRC97143.1_7125	JI435_410180
lcl|CP069029.1_cds_QRC97144.1_7126	JI435_139800
lcl|CP069029.1_cds_QRC97145.1_7127	JI435_139790
lcl|CP069029.1_cds_QRC97146.1_7128	JI435_139780
lcl|CP069029.1_cds_QRC97147.1_7129	JI435_410190
lcl|CP069029.1_cds_QRC97148.1_7130	JI435_434650
lcl|CP069029.1_cds_QRC97149.1_7131	JI435_139760
lcl|CP069029.1_cds_QRC97150.1_7132	JI435_139750
lcl|CP069029.1_cds_QRC97151.1_7133	JI435_139740
lcl|CP069029.1_cds_QRC97152.1_7134	JI435_434660
lcl|CP069029.1_cds_QRC97153.1_7135	JI435_139720
lcl|CP069029.1_cds_QRC97154.1_7136	JI435_139710
lcl|CP069029.1_cds_QRC97155.1_7137	JI435_410200
lcl|CP069029.1_cds_QRC97156.1_7138	JI435_139700
lcl|CP069029.1_cds_QRC97157.1_7139	JI435_139690
lcl|CP069029.1_cds_QRC97158.1_7140	JI435_139680
lcl|CP069029.1_cds_QRC97159.1_7141	JI435_139670
lcl|CP069029.1_cds_QRC97160.1_7142	JI435_410210
lcl|CP069029.1_cds_QRC97161.1_7143	JI435_139630
lcl|CP069029.1_cds_QRC97162.1_7144	JI435_139610
lcl|CP069029.1_cds_QRC97163.1_7145	JI435_139590
lcl|CP069029.1_cds_QRC97164.1_7146	JI435_139580
lcl|CP069029.1_cds_QRC97165.1_7147	JI435_139570
lcl|CP069029.1_cds_QRC97166.1_7148	JI435_139560
lcl|CP069029.1_cds_QRC97167.1_7149	JI435_201540
lcl|CP069029.1_cds_QRC97168.1_7150	JI435_139540
lcl|CP069029.1_cds_QRC97169.1_7151	JI435_308060
lcl|CP069029.1_cds_QRC97170.1_7152	JI435_139530
lcl|CP069029.1_cds_QRC97171.1_7153	JI435_308050
lcl|CP069029.1_cds_QRC97172.1_7154	JI435_139510
lcl|CP069029.1_cds_QRC97173.1_7155	JI435_139500
lcl|CP069029.1_cds_QRC97174.1_7156	JI435_410220
lcl|CP069029.1_cds_QRC97175.1_7157	JI435_139490
lcl|CP069029.1_cds_QRC97176.1_7158	JI435_139480
lcl|CP069029.1_cds_QRC97177.1_7159	JI435_139460
lcl|CP069029.1_cds_QRC97178.1_7160	JI435_139450
lcl|CP069029.1_cds_QRC97179.1_7161	JI435_139440
lcl|CP069029.1_cds_QRC97180.1_7162	JI435_410230
lcl|CP069029.1_cds_QRC97181.1_7163	JI435_139430
lcl|CP069029.1_cds_QRC97182.1_7164	JI435_139420
lcl|CP069029.1_cds_QRC97183.1_7165	JI435_139410
lcl|CP069029.1_cds_QRC97184.1_7166	JI435_139400
lcl|CP069029.1_cds_QRC97185.1_7167	JI435_139390
lcl|CP069029.1_cds_QRC97186.1_7168	JI435_139380
lcl|CP069029.1_cds_QRC97187.1_7169	JI435_139350
lcl|CP069029.1_cds_QRC97188.1_7170	JI435_139340
lcl|CP069029.1_cds_QRC97189.1_7171	JI435_434700
lcl|CP069029.1_cds_QRC97190.1_7172	JI435_139330
lcl|CP069029.1_cds_QRC97191.1_7173	JI435_410240
lcl|CP069029.1_cds_QRC97192.1_7174	JI435_139320
lcl|CP069029.1_cds_QRC97193.1_7175	JI435_410250
lcl|CP069029.1_cds_QRC97194.1_7176	JI435_139310
lcl|CP069029.1_cds_QRC97195.1_7177	JI435_139300
lcl|CP069029.1_cds_QRC97196.1_7178	JI435_410260
lcl|CP069029.1_cds_QRC97197.1_7179	JI435_308040
lcl|CP069029.1_cds_QRC97198.1_7180	JI435_139280
lcl|CP069029.1_cds_QRC97199.1_7181	JI435_139270
lcl|CP069029.1_cds_QRC97200.1_7182	JI435_410270
lcl|CP069029.1_cds_QRC97201.1_7183	JI435_139260
lcl|CP069029.1_cds_QRC97202.1_7184	JI435_139250
lcl|CP069029.1_cds_QRC97203.1_7185	JI435_139240
lcl|CP069029.1_cds_QRC97204.1_7186	JI435_410280
lcl|CP069029.1_cds_QRC97205.1_7187	JI435_139230
lcl|CP069029.1_cds_QRC97206.1_7188	JI435_139220
lcl|CP069029.1_cds_QRC97207.1_7189	JI435_139210
lcl|CP069029.1_cds_QRC97208.1_7190	JI435_308030
lcl|CP069029.1_cds_QRC97209.1_7191	JI435_139180
lcl|CP069029.1_cds_QRC97210.1_7192	JI435_139170
lcl|CP069029.1_cds_QRC97211.1_7193	JI435_139160
lcl|CP069029.1_cds_QRC97212.1_7194	JI435_139140
lcl|CP069029.1_cds_QRC97213.1_7195	JI435_139130
lcl|CP069029.1_cds_QRC97214.1_7196	JI435_410290
lcl|CP069029.1_cds_QRC97215.1_7197	JI435_139120
lcl|CP069029.1_cds_QRC97216.1_7198	JI435_139110
lcl|CP069029.1_cds_QRC97217.1_7199	JI435_410300
lcl|CP069029.1_cds_QRC97218.1_7200	JI435_139100
lcl|CP069029.1_cds_QRC97219.1_7201	JI435_139090
lcl|CP069029.1_cds_QRC97220.1_7202	JI435_139080
lcl|CP069029.1_cds_QRC97221.1_7203	JI435_139070
lcl|CP069029.1_cds_QRC97222.1_7204	JI435_139060
lcl|CP069029.1_cds_QRC97223.1_7205	JI435_139050
lcl|CP069029.1_cds_QRC97224.1_7206	JI435_139040
lcl|CP069029.1_cds_QRC97225.1_7207	JI435_139020
lcl|CP069029.1_cds_QRC97226.1_7208	JI435_139000
lcl|CP069029.1_cds_QRC97227.1_7209	JI435_138990
lcl|CP069029.1_cds_QRC97228.1_7210	JI435_138980
lcl|CP069029.1_cds_QRC97229.1_7211	JI435_089800
lcl|CP069029.1_cds_QRC97230.1_7212	JI435_089780
lcl|CP069029.1_cds_QRC97231.1_7213	JI435_089770
lcl|CP069029.1_cds_QRC97232.1_7214	JI435_089750
lcl|CP069029.1_cds_QRC97233.1_7215	JI435_089740
lcl|CP069029.1_cds_QRC97234.1_7216	JI435_089730
lcl|CP069029.1_cds_QRC97235.1_7217	JI435_089710
lcl|CP069029.1_cds_QRC97236.1_7218	JI435_089700
lcl|CP069029.1_cds_QRC97237.1_7219	JI435_306330
lcl|CP069029.1_cds_QRC97238.1_7220	JI435_089680
lcl|CP069029.1_cds_QRC97239.1_7221	JI435_089670
lcl|CP069029.1_cds_QRC97240.1_7222	JI435_410310
lcl|CP069029.1_cds_QRC97241.1_7223	JI435_089660
lcl|CP069029.1_cds_QRC97242.1_7224	JI435_089650
lcl|CP069029.1_cds_QRC97243.1_7225	JI435_410320
lcl|CP069029.1_cds_QRC97244.1_7226	JI435_410330
lcl|CP069029.1_cds_QRC97245.1_7227	JI435_089640
lcl|CP069029.1_cds_QRC97246.1_7228	JI435_410340
lcl|CP069029.1_cds_QRC97247.1_7229	JI435_089620
lcl|CP069029.1_cds_QRC97248.1_7230	JI435_089610
lcl|CP069029.1_cds_QRC97249.1_7231	JI435_410350
lcl|CP069029.1_cds_QRC97250.1_7232	JI435_089600
lcl|CP069029.1_cds_QRC97251.1_7233	JI435_089580
lcl|CP069029.1_cds_QRC97252.1_7234	JI435_089570
lcl|CP069029.1_cds_QRC97253.1_7235	JI435_410360
lcl|CP069029.1_cds_QRC97254.1_7236	JI435_089560
lcl|CP069029.1_cds_QRC97255.1_7237	JI435_089550
lcl|CP069029.1_cds_QRC97256.1_7238	JI435_306320
lcl|CP069029.1_cds_QRC97257.1_7239	JI435_089540
lcl|CP069029.1_cds_QRC97258.1_7240	JI435_410370
lcl|CP069029.1_cds_QRC97259.1_7241	JI435_089520
lcl|CP069029.1_cds_QRC97260.1_7242	JI435_410380
lcl|CP069029.1_cds_QRC97261.1_7243	JI435_089510
lcl|CP069029.1_cds_QRC97262.1_7244	JI435_089500
lcl|CP069029.1_cds_QRC97263.1_7245	JI435_306310
lcl|CP069029.1_cds_QRC97264.1_7246	JI435_410390
lcl|CP069029.1_cds_QRC97265.1_7247	JI435_089490
lcl|CP069029.1_cds_QRC97266.1_7248	JI435_306300
lcl|CP069029.1_cds_QRC97267.1_7249	JI435_089480
lcl|CP069029.1_cds_QRC97268.1_7250	JI435_201040
lcl|CP069029.1_cds_QRC97269.1_7251	JI435_306290
lcl|CP069029.1_cds_QRC97270.1_7252	JI435_089460
lcl|CP069029.1_cds_QRC97271.1_7253	JI435_089450
lcl|CP069029.1_cds_QRC97272.1_7254	JI435_410400
lcl|CP069029.1_cds_QRC97273.1_7255	JI435_410410
lcl|CP069029.1_cds_QRC97274.1_7256	JI435_089440
lcl|CP069029.1_cds_QRC97275.1_7257	JI435_434750
lcl|CP069029.1_cds_QRC97276.1_7258	JI435_434760
lcl|CP069029.1_cds_QRC97277.1_7259	JI435_089420
lcl|CP069029.1_cds_QRC97278.1_7260	JI435_089410
lcl|CP069029.1_cds_QRC97279.1_7261	JI435_089400
lcl|CP069029.1_cds_QRC97280.1_7262	JI435_089390
lcl|CP069029.1_cds_QRC97281.1_7263	JI435_089380
lcl|CP069029.1_cds_QRC97282.1_7264	JI435_089370
lcl|CP069029.1_cds_QRC97283.1_7265	JI435_089350
lcl|CP069029.1_cds_QRC97284.1_7266	JI435_306270
lcl|CP069029.1_cds_QRC97285.1_7267	JI435_089330
lcl|CP069029.1_cds_QRC97286.1_7268	JI435_089320
lcl|CP069029.1_cds_QRC97287.1_7269	JI435_089310
lcl|CP069029.1_cds_QRC97288.1_7270	JI435_089300
lcl|CP069029.1_cds_QRC97289.1_7271	JI435_089280
lcl|CP069029.1_cds_QRC97290.1_7272	JI435_410420
lcl|CP069029.1_cds_QRC97291.1_7273	JI435_089270
lcl|CP069029.1_cds_QRC97292.1_7274	JI435_089260
lcl|CP069029.1_cds_QRC97293.1_7275	JI435_434770
lcl|CP069029.1_cds_QRC97294.1_7276	JI435_089240
lcl|CP069029.1_cds_QRC97295.1_7277	JI435_306260
lcl|CP069029.1_cds_QRC97296.1_7278	JI435_089230
lcl|CP069029.1_cds_QRC97297.1_7279	JI435_089210
lcl|CP069029.1_cds_QRC97298.1_7280	JI435_410430
lcl|CP069029.1_cds_QRC97299.1_7281	JI435_089200
lcl|CP069029.1_cds_QRC97300.1_7282	JI435_089180
lcl|CP069029.1_cds_QRC97301.1_7283	JI435_089170
lcl|CP069029.1_cds_QRC97302.1_7284	JI435_089160
lcl|CP069029.1_cds_QRC97303.1_7285	JI435_089150
lcl|CP069029.1_cds_QRC97304.1_7286	JI435_306250
lcl|CP069029.1_cds_QRC97305.1_7287	JI435_089130
lcl|CP069029.1_cds_QRC97306.1_7288	JI435_089120
lcl|CP069029.1_cds_QRC97307.1_7289	JI435_089110
lcl|CP069029.1_cds_QRC97308.1_7290	JI435_089090
lcl|CP069029.1_cds_QRC97309.1_7291	JI435_089080
lcl|CP069029.1_cds_QRC97310.1_7292	JI435_089070
lcl|CP069029.1_cds_QRC97311.1_7293	JI435_089060
lcl|CP069029.1_cds_QRC97312.1_7294	JI435_089040
lcl|CP069029.1_cds_QRC97313.1_7295	JI435_089030
lcl|CP069029.1_cds_QRC97314.1_7296	JI435_089020
lcl|CP069029.1_cds_QRC97315.1_7297	JI435_089010
lcl|CP069029.1_cds_QRC97316.1_7298	JI435_089000
lcl|CP069029.1_cds_QRC97317.1_7299	JI435_088990
lcl|CP069029.1_cds_QRC97318.1_7300	JI435_410440
lcl|CP069029.1_cds_QRC97320.1_7301	JI435_088980
lcl|CP069029.1_cds_QRC97319.1_7302	JI435_088980
lcl|CP069029.1_cds_QRC97321.1_7303	JI435_088960
lcl|CP069029.1_cds_QRC97322.1_7304	JI435_088950
lcl|CP069029.1_cds_QRC97323.1_7305	JI435_088940
lcl|CP069029.1_cds_QRC97324.1_7306	JI435_088930
lcl|CP069029.1_cds_QRC97325.1_7307	JI435_088920
lcl|CP069029.1_cds_QRC97326.1_7308	JI435_088910
lcl|CP069029.1_cds_QRC97327.1_7309	JI435_088900
lcl|CP069029.1_cds_QRC97328.1_7310	JI435_088890
lcl|CP069029.1_cds_QRC97329.1_7311	JI435_088880
lcl|CP069029.1_cds_QRC97330.1_7312	JI435_088870
lcl|CP069029.1_cds_QRC97331.1_7313	JI435_088860
lcl|CP069029.1_cds_QRC97332.1_7314	JI435_088850
lcl|CP069029.1_cds_QRC97333.1_7315	JI435_088830
lcl|CP069029.1_cds_QRC97334.1_7316	JI435_088820
lcl|CP069029.1_cds_QRC97335.1_7317	JI435_434790
lcl|CP069029.1_cds_QRC97336.1_7318	JI435_088800
lcl|CP069029.1_cds_QRC97337.1_7319	JI435_434800
lcl|CP069029.1_cds_QRC97338.1_7320	JI435_088780
lcl|CP069029.1_cds_QRC97339.1_7321	JI435_088770
lcl|CP069029.1_cds_QRC97340.1_7322	JI435_088760
lcl|CP069029.1_cds_QRC97341.1_7323	JI435_410450
lcl|CP069029.1_cds_QRC97342.1_7324	JI435_088750
lcl|CP069029.1_cds_QRC97343.1_7325	JI435_088740
lcl|CP069029.1_cds_QRC97344.1_7326	JI435_410460
lcl|CP069029.1_cds_QRC97345.1_7327	JI435_410470
lcl|CP069029.1_cds_QRC97346.1_7328	JI435_088720
lcl|CP069029.1_cds_QRC97347.1_7329	JI435_088710
lcl|CP069029.1_cds_QRC97348.1_7330	JI435_088700
lcl|CP069029.1_cds_QRC97349.1_7331	JI435_088690
lcl|CP069029.1_cds_QRC97350.1_7332	JI435_088680
lcl|CP069029.1_cds_QRC97351.1_7333	JI435_088670
lcl|CP069029.1_cds_QRC97352.1_7334	JI435_434810
lcl|CP069029.1_cds_QRC97353.1_7335	JI435_088650
lcl|CP069029.1_cds_QRC97354.1_7336	JI435_088640
lcl|CP069029.1_cds_QRC97355.1_7337	JI435_410480
lcl|CP069029.1_cds_QRC97356.1_7338	JI435_088630
lcl|CP069029.1_cds_QRC97357.1_7339	JI435_088620
lcl|CP069029.1_cds_QRC97358.1_7340	JI435_088610
lcl|CP069029.1_cds_QRC97359.1_7341	JI435_410490
lcl|CP069029.1_cds_QRC97360.1_7342	JI435_088600
lcl|CP069029.1_cds_QRC97361.1_7343	JI435_410500
lcl|CP069029.1_cds_QRC97362.1_7344	JI435_088590
lcl|CP069029.1_cds_QRC97363.1_7345	JI435_088580
lcl|CP069029.1_cds_QRC97364.1_7346	JI435_088570
lcl|CP069029.1_cds_QRC97365.1_7347	JI435_434820
lcl|CP069029.1_cds_QRC97366.1_7348	JI435_088550
lcl|CP069029.1_cds_QRC97367.1_7349	JI435_088540
lcl|CP069029.1_cds_QRC97368.1_7350	JI435_088530
lcl|CP069029.1_cds_QRC97369.1_7351	JI435_088520
lcl|CP069029.1_cds_QRC97370.1_7352	JI435_410510
lcl|CP069029.1_cds_QRC97371.1_7353	JI435_088510
lcl|CP069029.1_cds_QRC97372.1_7354	JI435_434830
lcl|CP069029.1_cds_QRC97373.1_7355	JI435_088490
lcl|CP069029.1_cds_QRC97374.1_7356	JI435_088480
lcl|CP069029.1_cds_QRC97375.1_7357	JI435_088470
lcl|CP069029.1_cds_QRC97376.1_7358	JI435_088460
lcl|CP069029.1_cds_QRC97377.1_7359	JI435_088440
lcl|CP069029.1_cds_QRC97378.1_7360	JI435_088420
lcl|CP069029.1_cds_QRC97379.1_7361	JI435_088410
lcl|CP069029.1_cds_QRC97380.1_7362	JI435_088400
lcl|CP069029.1_cds_QRC97381.1_7363	JI435_088390
lcl|CP069029.1_cds_QRC97382.1_7364	JI435_088380
lcl|CP069029.1_cds_QRC97383.1_7365	JI435_088370
lcl|CP069029.1_cds_QRC97384.1_7366	JI435_088360
lcl|CP069029.1_cds_QRC97385.1_7367	JI435_088350
lcl|CP069029.1_cds_QRC97386.1_7368	JI435_088340
lcl|CP069029.1_cds_QRC97387.1_7369	JI435_088330
lcl|CP069029.1_cds_QRC97388.1_7370	JI435_088320
lcl|CP069029.1_cds_QRC97389.1_7371	JI435_434840
lcl|CP069029.1_cds_QRC97390.1_7372	JI435_088290
lcl|CP069029.1_cds_QRC97391.1_7373	JI435_088280
lcl|CP069029.1_cds_QRC97392.1_7374	JI435_088270
lcl|CP069029.1_cds_QRC97393.1_7375	JI435_088250
lcl|CP069029.1_cds_QRC97394.1_7376	JI435_088240
lcl|CP069029.1_cds_QRC97395.1_7377	JI435_306240
lcl|CP069029.1_cds_QRC97396.1_7378	JI435_088230
lcl|CP069029.1_cds_QRC97397.1_7379	JI435_088210
lcl|CP069029.1_cds_QRC97398.1_7380	JI435_088200
lcl|CP069029.1_cds_QRC97399.1_7381	JI435_088190
lcl|CP069029.1_cds_QRC97400.1_7382	JI435_088180
lcl|CP069029.1_cds_QRC97401.1_7383	JI435_088160
lcl|CP069029.1_cds_QRC97402.1_7384	JI435_434860
lcl|CP069029.1_cds_QRC97403.1_7385	JI435_410520
lcl|CP069029.1_cds_QRC97404.1_7386	JI435_088120
lcl|CP069029.1_cds_QRC97405.1_7387	JI435_410530
lcl|CP069029.1_cds_QRC97406.1_7388	JI435_088110
lcl|CP069029.1_cds_QRC97407.1_7389	JI435_088080
lcl|CP069029.1_cds_QRC97408.1_7390	JI435_088070
lcl|CP069029.1_cds_QRC97409.1_7391	JI435_088050
lcl|CP069029.1_cds_QRC97410.1_7392	JI435_434900
lcl|CP069029.1_cds_QRC97411.1_7393	JI435_434910
lcl|CP069029.1_cds_QRC97412.1_7394	JI435_088020
lcl|CP069029.1_cds_QRC97413.1_7395	JI435_088010
lcl|CP069029.1_cds_QRC97414.1_7396	JI435_088000
lcl|CP069029.1_cds_QRC97415.1_7397	JI435_087990
lcl|CP069029.1_cds_QRC97416.1_7398	JI435_087980
lcl|CP069029.1_cds_QRC97417.1_7399	JI435_087970
lcl|CP069029.1_cds_QRC97418.1_7400	JI435_306230
lcl|CP069029.1_cds_QRC97419.1_7401	JI435_306220
lcl|CP069029.1_cds_QRC97420.1_7402	JI435_087940
lcl|CP069029.1_cds_QRC97421.1_7403	JI435_087930
lcl|CP069029.1_cds_QRC97422.1_7404	JI435_087920
lcl|CP069029.1_cds_QRC97423.1_7405	JI435_087910
lcl|CP069029.1_cds_QRC97424.1_7406	JI435_087900
lcl|CP069029.1_cds_QRC97425.1_7407	JI435_087890
lcl|CP069029.1_cds_QRC97426.1_7408	JI435_087880
lcl|CP069029.1_cds_QRC97427.1_7409	JI435_087870
lcl|CP069029.1_cds_QRC97428.1_7410	JI435_306210
lcl|CP069029.1_cds_QRC97429.1_7411	JI435_087850
lcl|CP069029.1_cds_QRC97430.1_7412	JI435_087840
lcl|CP069029.1_cds_QRC97431.1_7413	JI435_087830
lcl|CP069029.1_cds_QRC97432.1_7414	JI435_087810
lcl|CP069029.1_cds_QRC97433.1_7415	JI435_087800
lcl|CP069029.1_cds_QRC97434.1_7416	JI435_087790
lcl|CP069029.1_cds_QRC97435.1_7417	JI435_410540
lcl|CP069029.1_cds_QRC97436.1_7418	JI435_087780
lcl|CP069029.1_cds_QRC97437.1_7419	JI435_087770
lcl|CP069029.1_cds_QRC97438.1_7420	JI435_410550
lcl|CP069029.1_cds_QRC97439.1_7421	JI435_087750
lcl|CP069029.1_cds_QRC97440.1_7422	JI435_087740
lcl|CP069029.1_cds_QRC97441.1_7423	JI435_087730
lcl|CP069029.1_cds_QRC97442.1_7424	JI435_087720
lcl|CP069029.1_cds_QRC97443.1_7425	JI435_087700
lcl|CP069029.1_cds_QRC97444.1_7426	JI435_087690
lcl|CP069029.1_cds_QRC97445.1_7427	JI435_087680
lcl|CP069029.1_cds_QRC97446.1_7428	JI435_306200
lcl|CP069029.1_cds_QRC97447.1_7429	JI435_087670
lcl|CP069029.1_cds_QRC97448.1_7430	JI435_087650
lcl|CP069029.1_cds_QRC97449.1_7431	JI435_087640
lcl|CP069029.1_cds_QRC97450.1_7432	JI435_087630
lcl|CP069029.1_cds_QRC97451.1_7433	JI435_410560
lcl|CP069029.1_cds_QRC97452.1_7434	JI435_087620
lcl|CP069029.1_cds_QRC97453.1_7435	JI435_087610
lcl|CP069029.1_cds_QRC97454.1_7436	JI435_087600
lcl|CP069029.1_cds_QRC97455.1_7437	JI435_087580
lcl|CP069029.1_cds_QRC97456.1_7438	JI435_410570
lcl|CP069029.1_cds_QRC97457.1_7439	JI435_087570
lcl|CP069029.1_cds_QRC97458.1_7440	JI435_410580
lcl|CP069029.1_cds_QRC97459.1_7441	JI435_087560
lcl|CP069029.1_cds_QRC97460.1_7442	JI435_087550
lcl|CP069029.1_cds_QRC97461.1_7443	JI435_087540
lcl|CP069029.1_cds_QRC97462.1_7444	JI435_087530
lcl|CP069029.1_cds_QRC97463.1_7445	JI435_087520
lcl|CP069029.1_cds_QRC97464.1_7446	JI435_087510
lcl|CP069029.1_cds_QRC97465.1_7447	JI435_087500
lcl|CP069029.1_cds_QRC97466.1_7448	JI435_410590
lcl|CP069029.1_cds_QRC97467.1_7449	JI435_087480
lcl|CP069029.1_cds_QRC97468.1_7450	JI435_087460
lcl|CP069029.1_cds_QRC97469.1_7451	JI435_087450
lcl|CP069029.1_cds_QRC97470.1_7452	JI435_087440
lcl|CP069029.1_cds_QRC97471.1_7453	JI435_087430
lcl|CP069029.1_cds_QRC97472.1_7454	JI435_087420
lcl|CP069029.1_cds_QRC97473.1_7455	JI435_306190
lcl|CP069029.1_cds_QRC97474.1_7456	JI435_087400
lcl|CP069029.1_cds_QRC97475.1_7457	JI435_087400
lcl|CP069029.1_cds_QRC97476.1_7458	JI435_410600
lcl|CP069029.1_cds_QRC97477.1_7459	JI435_410610
lcl|CP069029.1_cds_QRC97478.1_7460	JI435_410610
lcl|CP069029.1_cds_QRC97479.1_7461	JI435_087390
lcl|CP069029.1_cds_QRC97480.1_7462	JI435_410620
lcl|CP069029.1_cds_QRC97481.1_7463	JI435_087380
lcl|CP069029.1_cds_QRC97482.1_7464	JI435_410630
lcl|CP069029.1_cds_QRC97483.1_7465	JI435_087370
lcl|CP069029.1_cds_QRC97484.1_7466	JI435_087360
lcl|CP069029.1_cds_QRC97485.1_7467	JI435_087350
lcl|CP069029.1_cds_QRC97486.1_7468	JI435_087330
lcl|CP069029.1_cds_QRC97487.1_7469	JI435_410640
lcl|CP069029.1_cds_QRC97488.1_7470	JI435_410650
lcl|CP069029.1_cds_QRC97489.1_7471	JI435_087320
lcl|CP069029.1_cds_QRC97490.1_7472	JI435_087310
lcl|CP069029.1_cds_QRC97491.1_7473	JI435_087290
lcl|CP069029.1_cds_QRC97492.1_7474	JI435_306180
lcl|CP069029.1_cds_QRC97493.1_7475	JI435_306170
lcl|CP069029.1_cds_QRC97494.1_7476	JI435_306160
lcl|CP069029.1_cds_QRC97496.1_7477	JI435_087250
lcl|CP069029.1_cds_QRC97495.1_7478	JI435_087250
lcl|CP069029.1_cds_QRC97497.1_7479	JI435_087240
lcl|CP069029.1_cds_QRC97498.1_7480	JI435_087220
lcl|CP069029.1_cds_QRC97499.1_7481	JI435_087210
lcl|CP069029.1_cds_QRC97500.1_7482	JI435_087200
lcl|CP069029.1_cds_QRC97501.1_7483	JI435_306140
lcl|CP069029.1_cds_QRC97502.1_7484	JI435_306150
lcl|CP069029.1_cds_QRC97503.1_7485	JI435_410660
lcl|CP069029.1_cds_QRC97504.1_7486	JI435_087180
lcl|CP069029.1_cds_QRC97505.1_7487	JI435_087170
lcl|CP069029.1_cds_QRC97506.1_7488	JI435_087150
lcl|CP069029.1_cds_QRC97507.1_7489	JI435_087140
lcl|CP069029.1_cds_QRC97508.1_7490	JI435_087130
lcl|CP069029.1_cds_QRC97509.1_7491	JI435_087120
lcl|CP069029.1_cds_QRC97510.1_7492	JI435_410670
lcl|CP069029.1_cds_QRC97511.1_7493	JI435_087100
lcl|CP069029.1_cds_QRC97512.1_7494	JI435_087090
lcl|CP069029.1_cds_QRC97513.1_7495	JI435_410680
lcl|CP069029.1_cds_QRC97514.1_7496	JI435_087080
lcl|CP069029.1_cds_QRC97515.1_7497	JI435_087070
lcl|CP069029.1_cds_QRC97516.1_7498	JI435_087060
lcl|CP069029.1_cds_QRC97517.1_7499	JI435_087050
lcl|CP069029.1_cds_QRC97518.1_7500	JI435_087040
lcl|CP069029.1_cds_QRC97519.1_7501	JI435_087030
lcl|CP069029.1_cds_QRC97520.1_7502	JI435_087020
lcl|CP069029.1_cds_QRC97521.1_7503	JI435_087010
lcl|CP069029.1_cds_QRC97522.1_7504	JI435_087000
lcl|CP069029.1_cds_QRC97523.1_7505	JI435_086990
lcl|CP069029.1_cds_QRC97524.1_7506	JI435_201010
lcl|CP069029.1_cds_QRC97525.1_7507	JI435_086980
lcl|CP069029.1_cds_QRC97526.1_7508	JI435_086970
lcl|CP069029.1_cds_QRC97527.1_7509	JI435_434960
lcl|CP069029.1_cds_QRC97528.1_7510	JI435_410690
lcl|CP069029.1_cds_QRC97529.1_7511	JI435_086950
lcl|CP069029.1_cds_QRC97530.1_7512	JI435_086940
lcl|CP069029.1_cds_QRC97531.1_7513	JI435_086930
lcl|CP069029.1_cds_QRC97532.1_7514	JI435_086920
lcl|CP069029.1_cds_QRC97533.1_7515	JI435_410700
lcl|CP069029.1_cds_QRC97534.1_7516	JI435_086900
lcl|CP069029.1_cds_QRC97535.1_7517	JI435_434970
lcl|CP069029.1_cds_QRC97536.1_7518	JI435_410710
lcl|CP069029.1_cds_QRC97537.1_7519	JI435_086880
lcl|CP069029.1_cds_QRC97538.1_7520	JI435_086870
lcl|CP069029.1_cds_QRC97539.1_7521	JI435_086860
lcl|CP069029.1_cds_QRC97540.1_7522	JI435_086850
lcl|CP069029.1_cds_QRC97541.1_7523	JI435_086840
lcl|CP069029.1_cds_QRC97542.1_7524	JI435_434980
lcl|CP069029.1_cds_QRC97543.1_7525	JI435_434990
lcl|CP069029.1_cds_QRC97544.1_7526	JI435_086810
lcl|CP069029.1_cds_QRC97545.1_7527	JI435_086800
lcl|CP069029.1_cds_QRC97546.1_7528	JI435_410720
lcl|CP069029.1_cds_QRC97547.1_7529	JI435_086790
lcl|CP069029.1_cds_QRC97548.1_7530	JI435_410730
lcl|CP069029.1_cds_QRC97549.1_7531	JI435_086780
lcl|CP069029.1_cds_QRC97550.1_7532	JI435_086770
lcl|CP069029.1_cds_QRC97551.1_7533	JI435_086760
lcl|CP069029.1_cds_QRC97552.1_7534	JI435_086750
lcl|CP069029.1_cds_QRC97553.1_7535	JI435_410740
lcl|CP069029.1_cds_QRC97554.1_7536	JI435_410750
lcl|CP069029.1_cds_QRC97555.1_7537	JI435_086740
lcl|CP069029.1_cds_QRC97556.1_7538	JI435_086730
lcl|CP069029.1_cds_QRC97557.1_7539	JI435_086720
lcl|CP069029.1_cds_QRC97558.1_7540	JI435_086710
lcl|CP069029.1_cds_QRC97559.1_7541	JI435_086700
lcl|CP069029.1_cds_QRC97560.1_7542	JI435_086690
lcl|CP069029.1_cds_QRC97561.1_7543	JI435_086680
lcl|CP069029.1_cds_QRC97562.1_7544	JI435_086670
lcl|CP069029.1_cds_QRC97563.1_7545	JI435_086660
lcl|CP069029.1_cds_QRC97564.1_7546	JI435_086650
lcl|CP069029.1_cds_QRC97565.1_7547	JI435_086640
lcl|CP069029.1_cds_QRC97566.1_7548	JI435_086630
lcl|CP069029.1_cds_QRC97567.1_7549	JI435_086620
lcl|CP069029.1_cds_QRC97568.1_7550	JI435_086610
lcl|CP069029.1_cds_QRC97569.1_7551	JI435_086600
lcl|CP069029.1_cds_QRC97570.1_7552	JI435_086590
lcl|CP069029.1_cds_QRC97571.1_7553	JI435_086580
lcl|CP069029.1_cds_QRC97572.1_7554	JI435_086570
lcl|CP069029.1_cds_QRC97573.1_7555	JI435_086560
lcl|CP069029.1_cds_QRC97574.1_7556	JI435_086530
lcl|CP069029.1_cds_QRC97575.1_7557	JI435_086520
lcl|CP069029.1_cds_QRC97576.1_7558	JI435_086510
lcl|CP069029.1_cds_QRC97577.1_7559	JI435_086500
lcl|CP069029.1_cds_QRC97578.1_7560	JI435_086490
lcl|CP069029.1_cds_QRC97579.1_7561	JI435_086480
lcl|CP069029.1_cds_QRC97580.1_7562	JI435_086470
lcl|CP069029.1_cds_QRC97581.1_7563	JI435_086460
lcl|CP069029.1_cds_QRC97582.1_7564	JI435_086450
lcl|CP069029.1_cds_QRC97583.1_7565	JI435_086440
lcl|CP069029.1_cds_QRC97584.1_7566	JI435_086430
lcl|CP069029.1_cds_QRC97585.1_7567	JI435_086420
lcl|CP069029.1_cds_QRC97587.1_7568	JI435_086410
lcl|CP069029.1_cds_QRC97586.1_7569	JI435_086410
lcl|CP069029.1_cds_QRC97588.1_7570	JI435_086380
lcl|CP069029.1_cds_QRC97589.1_7571	JI435_086370
lcl|CP069029.1_cds_QRC97590.1_7572	JI435_086360
lcl|CP069029.1_cds_QRC97591.1_7573	JI435_086350
lcl|CP069029.1_cds_QRC97592.1_7574	JI435_086340
lcl|CP069029.1_cds_QRC97593.1_7575	JI435_086330
lcl|CP069029.1_cds_QRC97594.1_7576	JI435_086320
lcl|CP069029.1_cds_QRC97595.1_7577	JI435_086300
lcl|CP069029.1_cds_QRC97596.1_7578	JI435_086290
lcl|CP069029.1_cds_QRC97597.1_7579	JI435_410760
lcl|CP069029.1_cds_QRC97598.1_7580	JI435_086280
lcl|CP069029.1_cds_QRC97599.1_7581	JI435_410770
lcl|CP069029.1_cds_QRC97600.1_7582	JI435_086270
lcl|CP069029.1_cds_QRC97601.1_7583	JI435_410780
lcl|CP069029.1_cds_QRC97602.1_7584	JI435_086260
lcl|CP069029.1_cds_QRC97603.1_7585	JI435_306130
lcl|CP069029.1_cds_QRC97604.1_7586	JI435_086240
lcl|CP069029.1_cds_QRC97605.1_7587	JI435_435020
lcl|CP069029.1_cds_QRC97606.1_7588	JI435_086210
lcl|CP069029.1_cds_QRC97607.1_7589	JI435_086200
lcl|CP069029.1_cds_QRC97608.1_7590	JI435_086180
lcl|CP069029.1_cds_QRC97609.1_7591	JI435_306120
lcl|CP069029.1_cds_QRC97610.1_7592	JI435_086160
lcl|CP069029.1_cds_QRC97611.1_7593	JI435_086150
lcl|CP069029.1_cds_QRC97612.1_7594	JI435_086140
lcl|CP069029.1_cds_QRC97613.1_7595	JI435_086130
lcl|CP069029.1_cds_QRC97614.1_7596	JI435_086120
lcl|CP069029.1_cds_QRC97615.1_7597	JI435_086110
lcl|CP069029.1_cds_QRC97616.1_7598	JI435_086100
lcl|CP069029.1_cds_QRC97617.1_7599	JI435_086090
lcl|CP069029.1_cds_QRC97618.1_7600	JI435_306110
lcl|CP069029.1_cds_QRC97619.1_7601	JI435_086060
lcl|CP069029.1_cds_QRC97620.1_7602	JI435_306100
lcl|CP069029.1_cds_QRC97621.1_7603	JI435_086050
lcl|CP069029.1_cds_QRC97622.1_7604	JI435_086040
lcl|CP069029.1_cds_QRC97623.1_7605	JI435_086030
lcl|CP069029.1_cds_QRC97624.1_7606	JI435_086020
lcl|CP069029.1_cds_QRC97625.1_7607	JI435_086010
lcl|CP069029.1_cds_QRC97626.1_7608	JI435_086000
lcl|CP069029.1_cds_QRC97627.1_7609	JI435_085990
lcl|CP069029.1_cds_QRC97628.1_7610	JI435_085980
lcl|CP069029.1_cds_QRC97629.1_7611	JI435_435040
lcl|CP069029.1_cds_QRC97630.1_7612	JI435_085960
lcl|CP069029.1_cds_QRC97631.1_7613	JI435_085940
lcl|CP069029.1_cds_QRC97632.1_7614	JI435_085930
lcl|CP069029.1_cds_QRC97633.1_7615	JI435_085920
lcl|CP069029.1_cds_QRC97634.1_7616	JI435_306090
lcl|CP069029.1_cds_QRC97635.1_7617	JI435_085910
lcl|CP069029.1_cds_QRC97636.1_7618	JI435_085900
lcl|CP069029.1_cds_QRC97637.1_7619	JI435_085880
lcl|CP069029.1_cds_QRC97638.1_7620	JI435_085870
lcl|CP069029.1_cds_QRC97639.1_7621	JI435_306080
lcl|CP069029.1_cds_QRC97640.1_7622	JI435_085840
lcl|CP069029.1_cds_QRC97641.1_7623	JI435_085830
lcl|CP069029.1_cds_QRC97642.1_7624	JI435_410790
lcl|CP069029.1_cds_QRC97643.1_7625	JI435_085820
lcl|CP069029.1_cds_QRC97644.1_7626	JI435_410800
lcl|CP069029.1_cds_QRC97645.1_7627	JI435_085810
lcl|CP069029.1_cds_QRC97646.1_7628	JI435_410810
lcl|CP069029.1_cds_QRC97647.1_7629	JI435_410820
lcl|CP069029.1_cds_QRC97648.1_7630	JI435_085800
lcl|CP069029.1_cds_QRC97649.1_7631	JI435_085780
lcl|CP069029.1_cds_QRC97650.1_7632	JI435_085770
lcl|CP069029.1_cds_QRC97651.1_7633	JI435_085760
lcl|CP069029.1_cds_QRC97652.1_7634	JI435_085750
lcl|CP069029.1_cds_QRC97653.1_7635	JI435_085740
lcl|CP069029.1_cds_QRC97654.1_7636	JI435_085730
lcl|CP069029.1_cds_QRC97655.1_7637	JI435_085720
lcl|CP069029.1_cds_QRC97656.1_7638	JI435_085710
lcl|CP069029.1_cds_QRC97657.1_7639	JI435_085700
lcl|CP069029.1_cds_QRC97658.1_7640	JI435_306060
lcl|CP069029.1_cds_QRC97659.1_7641	JI435_085680
lcl|CP069029.1_cds_QRC97660.1_7642	JI435_410830
lcl|CP069029.1_cds_QRC97661.1_7643	JI435_085670
lcl|CP069029.1_cds_QRC97662.1_7644	JI435_085660
lcl|CP069029.1_cds_QRC97663.1_7645	JI435_410840
lcl|CP069029.1_cds_QRC97664.1_7646	JI435_085650
lcl|CP069029.1_cds_QRC97665.1_7647	JI435_306050
lcl|CP069029.1_cds_QRC97666.1_7648	JI435_435060
lcl|CP069029.1_cds_QRC97667.1_7649	JI435_085600
lcl|CP069029.1_cds_QRC97668.1_7650	JI435_085590
lcl|CP069029.1_cds_QRC97669.1_7651	JI435_085580
lcl|CP069029.1_cds_QRC97670.1_7652	JI435_085570
lcl|CP069029.1_cds_QRC97671.1_7653	JI435_435070
lcl|CP069029.1_cds_QRC97672.1_7654	JI435_085550
lcl|CP069029.1_cds_QRC97673.1_7655	JI435_085520
lcl|CP069029.1_cds_QRC97674.1_7656	JI435_085510
lcl|CP069029.1_cds_QRC97675.1_7657	JI435_085500
lcl|CP069029.1_cds_QRC97676.1_7658	JI435_085490
lcl|CP069029.1_cds_QRC97677.1_7659	JI435_085480
lcl|CP069029.1_cds_QRC97678.1_7660	JI435_410850
lcl|CP069029.1_cds_QRC97679.1_7661	JI435_085470
lcl|CP069029.1_cds_QRC97680.1_7662	JI435_410860
lcl|CP069029.1_cds_QRC97681.1_7663	JI435_085460
lcl|CP069029.1_cds_QRC97682.1_7664	JI435_435080
lcl|CP069029.1_cds_QRC97683.1_7665	JI435_435090
lcl|CP069029.1_cds_QRC97684.1_7666	JI435_085440
lcl|CP069029.1_cds_QRC97685.1_7667	JI435_085430
lcl|CP069029.1_cds_QRC97686.1_7668	JI435_085420
lcl|CP069029.1_cds_QRC97687.1_7669	JI435_085410
lcl|CP069029.1_cds_QRC97688.1_7670	JI435_085400
lcl|CP069029.1_cds_QRC97689.1_7671	JI435_085390
lcl|CP069029.1_cds_QRC97690.1_7672	JI435_085380
lcl|CP069029.1_cds_QRC97691.1_7673	JI435_085360
lcl|CP069029.1_cds_QRC97692.1_7674	JI435_085340
lcl|CP069029.1_cds_QRC97693.1_7675	JI435_085330
lcl|CP069029.1_cds_QRC97694.1_7676	JI435_085320
lcl|CP069029.1_cds_QRC97695.1_7677	JI435_306040
lcl|CP069029.1_cds_QRC97696.1_7678	JI435_435100
lcl|CP069029.1_cds_QRC97697.1_7679	JI435_085310
lcl|CP069029.1_cds_QRC97698.1_7680	JI435_085290
lcl|CP069029.1_cds_QRC97699.1_7681	JI435_085280
lcl|CP069029.1_cds_QRC97700.1_7682	JI435_085270
lcl|CP069029.1_cds_QRC97701.1_7683	JI435_410870
lcl|CP069029.1_cds_QRC97702.1_7684	JI435_085260
lcl|CP069029.1_cds_QRC97703.1_7685	JI435_410880
lcl|CP069029.1_cds_QRC97704.1_7686	JI435_085240
lcl|CP069029.1_cds_QRC97705.1_7687	JI435_085230
lcl|CP069029.1_cds_QRC97706.1_7688	JI435_085220
lcl|CP069029.1_cds_QRC97707.1_7689	JI435_085210
lcl|CP069029.1_cds_QRC97708.1_7690	JI435_085200
lcl|CP069029.1_cds_QRC97709.1_7691	JI435_085190
lcl|CP069029.1_cds_QRC97710.1_7692	JI435_085180
lcl|CP069029.1_cds_QRC97711.1_7693	JI435_410890
lcl|CP069029.1_cds_QRC97712.1_7694	JI435_085170
lcl|CP069029.1_cds_QRC97713.1_7695	JI435_306030
lcl|CP069029.1_cds_QRC97714.1_7696	JI435_410900
lcl|CP069029.1_cds_QRC97715.1_7697	JI435_085160
lcl|CP069029.1_cds_QRC97716.1_7698	JI435_410910
lcl|CP069029.1_cds_QRC97717.1_7699	JI435_085150
lcl|CP069029.1_cds_QRC97718.1_7700	JI435_085140
lcl|CP069029.1_cds_QRC97719.1_7701	JI435_410920
lcl|CP069029.1_cds_QRC97720.1_7702	JI435_085130
lcl|CP069029.1_cds_QRC97721.1_7703	JI435_085120
lcl|CP069029.1_cds_QRC97722.1_7704	JI435_085110
lcl|CP069029.1_cds_QRC97723.1_7705	JI435_085100
lcl|CP069029.1_cds_QRC97724.1_7706	JI435_085090
lcl|CP069029.1_cds_QRC97725.1_7707	JI435_085070
lcl|CP069029.1_cds_QRC97726.1_7708	JI435_435110
lcl|CP069029.1_cds_QRC97727.1_7709	JI435_085060
lcl|CP069029.1_cds_QRC97728.1_7710	JI435_085050
lcl|CP069029.1_cds_QRC97729.1_7711	JI435_085040
lcl|CP069029.1_cds_QRC97730.1_7712	JI435_085030
lcl|CP069029.1_cds_QRC97731.1_7713	JI435_085020
lcl|CP069029.1_cds_QRC97732.1_7714	JI435_201000
lcl|CP069029.1_cds_QRC97733.1_7715	JI435_410930
lcl|CP069029.1_cds_QRC97734.1_7716	JI435_410940
lcl|CP069029.1_cds_QRC97735.1_7717	JI435_085010
lcl|CP069029.1_cds_QRC97736.1_7718	JI435_306010
lcl|CP069029.1_cds_QRC97737.1_7719	JI435_085000
lcl|CP069029.1_cds_QRC97738.1_7720	JI435_084990
lcl|CP069029.1_cds_QRC97739.1_7721	JI435_084980
lcl|CP069029.1_cds_QRC97740.1_7722	JI435_084970
lcl|CP069029.1_cds_QRC97741.1_7723	JI435_084960
lcl|CP069029.1_cds_QRC97742.1_7724	JI435_410950
lcl|CP069029.1_cds_QRC97743.1_7725	JI435_084950
lcl|CP069029.1_cds_QRC97744.1_7726	JI435_084940
lcl|CP069029.1_cds_QRC97745.1_7727	JI435_435120
lcl|CP069029.1_cds_QRC97746.1_7728	JI435_084930
lcl|CP069029.1_cds_QRC97747.1_7729	JI435_084920
lcl|CP069029.1_cds_QRC97748.1_7730	JI435_084910
lcl|CP069029.1_cds_QRC97749.1_7731	JI435_306000
lcl|CP069029.1_cds_QRC97750.1_7732	JI435_084900
lcl|CP069029.1_cds_QRC97751.1_7733	JI435_084890
lcl|CP069029.1_cds_QRC97752.1_7734	JI435_084880
lcl|CP069029.1_cds_QRC97753.1_7735	JI435_084860
lcl|CP069029.1_cds_QRC97754.1_7736	JI435_305990
lcl|CP069029.1_cds_QRC97755.1_7737	JI435_084830
lcl|CP069029.1_cds_QRC97756.1_7738	JI435_410960
lcl|CP069029.1_cds_QRC97757.1_7739	JI435_084820
lcl|CP069029.1_cds_QRC97758.1_7740	JI435_084810
lcl|CP069029.1_cds_QRC97759.1_7741	JI435_084800
lcl|CP069029.1_cds_QRC97760.1_7742	JI435_084790
lcl|CP069029.1_cds_QRC97761.1_7743	JI435_410970
lcl|CP069029.1_cds_QRC97762.1_7744	JI435_084780
lcl|CP069029.1_cds_QRC97763.1_7745	JI435_410980
lcl|CP069029.1_cds_QRC97764.1_7746	JI435_084760
lcl|CP069029.1_cds_QRC97765.1_7747	JI435_084750
lcl|CP069029.1_cds_QRC97766.1_7748	JI435_084740
lcl|CP069029.1_cds_QRC97767.1_7749	JI435_084730
lcl|CP069029.1_cds_QRC97768.1_7750	JI435_410990
lcl|CP069029.1_cds_QRC97769.1_7751	JI435_084720
lcl|CP069029.1_cds_QRC97770.1_7752	JI435_084710
lcl|CP069029.1_cds_QRC97771.1_7753	JI435_084700
lcl|CP069029.1_cds_QRC97772.1_7754	JI435_411000
lcl|CP069030.1_cds_QRC97773.1_7755	JI435_411010
lcl|CP069030.1_cds_QRC97774.1_7756	JI435_151190
lcl|CP069030.1_cds_QRC97775.1_7757	JI435_151200
lcl|CP069030.1_cds_QRC97776.1_7758	JI435_307280
lcl|CP069030.1_cds_QRC97777.1_7759	JI435_151210
lcl|CP069030.1_cds_QRC97778.1_7760	JI435_151220
lcl|CP069030.1_cds_QRC97779.1_7761	JI435_411020
lcl|CP069030.1_cds_QRC97780.1_7762	JI435_435150
lcl|CP069030.1_cds_QRC97781.1_7763	JI435_151240
lcl|CP069030.1_cds_QRC97782.1_7764	JI435_151250
lcl|CP069030.1_cds_QRC97783.1_7765	JI435_151260
lcl|CP069030.1_cds_QRC97784.1_7766	JI435_151270
lcl|CP069030.1_cds_QRC97785.1_7767	JI435_151280
lcl|CP069030.1_cds_QRC97786.1_7768	JI435_151300
lcl|CP069030.1_cds_QRC97787.1_7769	JI435_151310
lcl|CP069030.1_cds_QRC97788.1_7770	JI435_151320
lcl|CP069030.1_cds_QRC97789.1_7771	JI435_201720
lcl|CP069030.1_cds_QRC97790.1_7772	JI435_151330
lcl|CP069030.1_cds_QRC97791.1_7773	JI435_435170
lcl|CP069030.1_cds_QRC97792.1_7774	JI435_151340
lcl|CP069030.1_cds_QRC97793.1_7775	JI435_151360
lcl|CP069030.1_cds_QRC97794.1_7776	JI435_307290
lcl|CP069030.1_cds_QRC97795.1_7777	JI435_151380
lcl|CP069030.1_cds_QRC97796.1_7778	JI435_151390
lcl|CP069030.1_cds_QRC97797.1_7779	JI435_151400
lcl|CP069030.1_cds_QRC97798.1_7780	JI435_411030
lcl|CP069030.1_cds_QRC97799.1_7781	JI435_151410
lcl|CP069030.1_cds_QRC97800.1_7782	JI435_151420
lcl|CP069030.1_cds_QRC97801.1_7783	JI435_151440
lcl|CP069030.1_cds_QRC97802.1_7784	JI435_151450
lcl|CP069030.1_cds_QRC97803.1_7785	JI435_307300
lcl|CP069030.1_cds_QRC97804.1_7786	JI435_151470
lcl|CP069030.1_cds_QRC97805.1_7787	JI435_151500
lcl|CP069030.1_cds_QRC97806.1_7788	JI435_151510
lcl|CP069030.1_cds_QRC97807.1_7789	JI435_151530
lcl|CP069030.1_cds_QRC97808.1_7790	JI435_151540
lcl|CP069030.1_cds_QRC97809.1_7791	JI435_411040
lcl|CP069030.1_cds_QRC97810.1_7792	JI435_151560
lcl|CP069030.1_cds_QRC97811.1_7793	JI435_411050
lcl|CP069030.1_cds_QRC97812.1_7794	JI435_151570
lcl|CP069030.1_cds_QRC97813.1_7795	JI435_151580
lcl|CP069030.1_cds_QRC97814.1_7796	JI435_151590
lcl|CP069030.1_cds_QRC97815.1_7797	JI435_151600
lcl|CP069030.1_cds_QRC97816.1_7798	JI435_307310
lcl|CP069030.1_cds_QRC97817.1_7799	JI435_151610
lcl|CP069030.1_cds_QRC97818.1_7800	JI435_151620
lcl|CP069030.1_cds_QRC97819.1_7801	JI435_411060
lcl|CP069030.1_cds_QRC97820.1_7802	JI435_151630
lcl|CP069030.1_cds_QRC97821.1_7803	JI435_411070
lcl|CP069030.1_cds_QRC97822.1_7804	JI435_151650
lcl|CP069030.1_cds_QRC97823.1_7805	JI435_411080
lcl|CP069030.1_cds_QRC97824.1_7806	JI435_151660
lcl|CP069030.1_cds_QRC97825.1_7807	JI435_151670
lcl|CP069030.1_cds_QRC97826.1_7808	JI435_151680
lcl|CP069030.1_cds_QRC97827.1_7809	JI435_151700
lcl|CP069030.1_cds_QRC97828.1_7810	JI435_411090
lcl|CP069030.1_cds_QRC97829.1_7811	JI435_151710
lcl|CP069030.1_cds_QRC97830.1_7812	JI435_411100
lcl|CP069030.1_cds_QRC97831.1_7813	JI435_151730
lcl|CP069030.1_cds_QRC97832.1_7814	JI435_151740
lcl|CP069030.1_cds_QRC97833.1_7815	JI435_411110
lcl|CP069030.1_cds_QRC97834.1_7816	JI435_151750
lcl|CP069030.1_cds_QRC97835.1_7817	JI435_151760
lcl|CP069030.1_cds_QRC97836.1_7818	JI435_411120
lcl|CP069030.1_cds_QRC97837.1_7819	JI435_151770
lcl|CP069030.1_cds_QRC97838.1_7820	JI435_151780
lcl|CP069030.1_cds_QRC97839.1_7821	JI435_151790
lcl|CP069030.1_cds_QRC97840.1_7822	JI435_411130
lcl|CP069030.1_cds_QRC97841.1_7823	JI435_151800
lcl|CP069030.1_cds_QRC97842.1_7824	JI435_151830
lcl|CP069030.1_cds_QRC97843.1_7825	JI435_307320
lcl|CP069030.1_cds_QRC97844.1_7826	JI435_151840
lcl|CP069030.1_cds_QRC97845.1_7827	JI435_151860
lcl|CP069030.1_cds_QRC97846.1_7828	JI435_151870
lcl|CP069030.1_cds_QRC97847.1_7829	JI435_151880
lcl|CP069030.1_cds_QRC97848.1_7830	JI435_435220
lcl|CP069030.1_cds_QRC97849.1_7831	JI435_411140
lcl|CP069030.1_cds_QRC97850.1_7832	JI435_151900
lcl|CP069030.1_cds_QRC97851.1_7833	JI435_151910
lcl|CP069030.1_cds_QRC97852.1_7834	JI435_151920
lcl|CP069030.1_cds_QRC97854.1_7835	JI435_151940
lcl|CP069030.1_cds_QRC97853.1_7836	JI435_151940
lcl|CP069030.1_cds_QRC97855.1_7837	JI435_411150
lcl|CP069030.1_cds_QRC97856.1_7838	JI435_151950
lcl|CP069030.1_cds_QRC97857.1_7839	JI435_435240
lcl|CP069030.1_cds_QRC97858.1_7840	JI435_151960
lcl|CP069030.1_cds_QRC97859.1_7841	JI435_151980
lcl|CP069030.1_cds_QRC97860.1_7842	JI435_151990
lcl|CP069030.1_cds_QRC97861.1_7843	JI435_152000
lcl|CP069030.1_cds_QRC97862.1_7844	JI435_152020
lcl|CP069030.1_cds_QRC97863.1_7845	JI435_152030
lcl|CP069030.1_cds_QRC97864.1_7846	JI435_152040
lcl|CP069030.1_cds_QRC97865.1_7847	JI435_152050
lcl|CP069030.1_cds_QRC97866.1_7848	JI435_152060
lcl|CP069030.1_cds_QRC97867.1_7849	JI435_411160
lcl|CP069030.1_cds_QRC97868.1_7850	JI435_152070
lcl|CP069030.1_cds_QRC97869.1_7851	JI435_152080
lcl|CP069030.1_cds_QRC97870.1_7852	JI435_152090
lcl|CP069030.1_cds_QRC97871.1_7853	JI435_152100
lcl|CP069030.1_cds_QRC97872.1_7854	JI435_411170
lcl|CP069030.1_cds_QRC97873.1_7855	JI435_152120
lcl|CP069030.1_cds_QRC97874.1_7856	JI435_152130
lcl|CP069030.1_cds_QRC97875.1_7857	JI435_152140
lcl|CP069030.1_cds_QRC97876.1_7858	JI435_152150
lcl|CP069030.1_cds_QRC97877.1_7859	JI435_152160
lcl|CP069030.1_cds_QRC97878.1_7860	JI435_411180
lcl|CP069030.1_cds_QRC97879.1_7861	JI435_152170
lcl|CP069030.1_cds_QRC97880.1_7862	JI435_411190
lcl|CP069030.1_cds_QRC97881.1_7863	JI435_307330
lcl|CP069030.1_cds_QRC97882.1_7864	JI435_152190
lcl|CP069030.1_cds_QRC97883.1_7865	JI435_152200
lcl|CP069030.1_cds_QRC97884.1_7866	JI435_411200
lcl|CP069030.1_cds_QRC97885.1_7867	JI435_152210
lcl|CP069030.1_cds_QRC97886.1_7868	JI435_152220
lcl|CP069030.1_cds_QRC97887.1_7869	JI435_152230
lcl|CP069030.1_cds_QRC97888.1_7870	JI435_152240
lcl|CP069030.1_cds_QRC97889.1_7871	JI435_152250
lcl|CP069030.1_cds_QRC97890.1_7872	JI435_152270
lcl|CP069030.1_cds_QRC97891.1_7873	JI435_411210
lcl|CP069030.1_cds_QRC97892.1_7874	JI435_152280
lcl|CP069030.1_cds_QRC97893.1_7875	JI435_152290
lcl|CP069030.1_cds_QRC97894.1_7876	JI435_152310
lcl|CP069030.1_cds_QRC97895.1_7877	JI435_152320
lcl|CP069030.1_cds_QRC97896.1_7878	JI435_152330
lcl|CP069030.1_cds_QRC97897.1_7879	JI435_152340
lcl|CP069030.1_cds_QRC97898.1_7880	JI435_411220
lcl|CP069030.1_cds_QRC97899.1_7881	JI435_152350
lcl|CP069030.1_cds_QRC97900.1_7882	JI435_152360
lcl|CP069030.1_cds_QRC97901.1_7883	JI435_152370
lcl|CP069030.1_cds_QRC97902.1_7884	JI435_152380
lcl|CP069030.1_cds_QRC97903.1_7885	JI435_152390
lcl|CP069030.1_cds_QRC97904.1_7886	JI435_307350
lcl|CP069030.1_cds_QRC97905.1_7887	JI435_307360
lcl|CP069030.1_cds_QRC97906.1_7888	JI435_152420
lcl|CP069030.1_cds_QRC97907.1_7889	JI435_152430
lcl|CP069030.1_cds_QRC97908.1_7890	JI435_152440
lcl|CP069030.1_cds_QRC97909.1_7891	JI435_152450
lcl|CP069030.1_cds_QRC97910.1_7892	JI435_152460
lcl|CP069030.1_cds_QRC97911.1_7893	JI435_152470
lcl|CP069030.1_cds_QRC97912.1_7894	JI435_152480
lcl|CP069030.1_cds_QRC97913.1_7895	JI435_411230
lcl|CP069030.1_cds_QRC97914.1_7896	JI435_152490
lcl|CP069030.1_cds_QRC97915.1_7897	JI435_411240
lcl|CP069030.1_cds_QRC97916.1_7898	JI435_152510
lcl|CP069030.1_cds_QRC97917.1_7899	JI435_152520
lcl|CP069030.1_cds_QRC97918.1_7900	JI435_152530
lcl|CP069030.1_cds_QRC97919.1_7901	JI435_152540
lcl|CP069030.1_cds_QRC97920.1_7902	JI435_411250
lcl|CP069030.1_cds_QRC97921.1_7903	JI435_152560
lcl|CP069030.1_cds_QRC97922.1_7904	JI435_152570
lcl|CP069030.1_cds_QRC97923.1_7905	JI435_411260
lcl|CP069030.1_cds_QRC97924.1_7906	JI435_152580
lcl|CP069030.1_cds_QRC97925.1_7907	JI435_152590
lcl|CP069030.1_cds_QRC97926.1_7908	JI435_411270
lcl|CP069030.1_cds_QRC97927.1_7909	JI435_152600
lcl|CP069030.1_cds_QRC97928.1_7910	JI435_152610
lcl|CP069030.1_cds_QRC97929.1_7911	JI435_152620
lcl|CP069030.1_cds_QRC97930.1_7912	JI435_152630
lcl|CP069030.1_cds_QRC97931.1_7913	JI435_152640
lcl|CP069030.1_cds_QRC97932.1_7914	JI435_201740
lcl|CP069030.1_cds_QRC97933.1_7915	JI435_152650
lcl|CP069030.1_cds_QRC97934.1_7916	JI435_435290
lcl|CP069030.1_cds_QRC97935.1_7917	JI435_152670
lcl|CP069030.1_cds_QRC97936.1_7918	JI435_152670
lcl|CP069030.1_cds_QRC97937.1_7919	JI435_307380
lcl|CP069030.1_cds_QRC97938.1_7920	JI435_152690
lcl|CP069030.1_cds_QRC97939.1_7921	JI435_411280
lcl|CP069030.1_cds_QRC97940.1_7922	JI435_152700
lcl|CP069030.1_cds_QRC97941.1_7923	JI435_152710
lcl|CP069030.1_cds_QRC97942.1_7924	JI435_152720
lcl|CP069030.1_cds_QRC97943.1_7925	JI435_152730
lcl|CP069030.1_cds_QRC97944.1_7926	JI435_152740
lcl|CP069030.1_cds_QRC97945.1_7927	JI435_165230
lcl|CP069030.1_cds_QRC97946.1_7928	JI435_165240
lcl|CP069030.1_cds_QRC97947.1_7929	JI435_165250
lcl|CP069030.1_cds_QRC97948.1_7930	JI435_165260
lcl|CP069030.1_cds_QRC97949.1_7931	JI435_165270
lcl|CP069030.1_cds_QRC97950.1_7932	JI435_165280
lcl|CP069030.1_cds_QRC97951.1_7933	JI435_165290
lcl|CP069030.1_cds_QRC97952.1_7934	JI435_411290
lcl|CP069030.1_cds_QRC97953.1_7935	JI435_309860
lcl|CP069030.1_cds_QRC97954.1_7936	JI435_165310
lcl|CP069030.1_cds_QRC97955.1_7937	JI435_165320
lcl|CP069030.1_cds_QRC97956.1_7938	JI435_165330
lcl|CP069030.1_cds_QRC97957.1_7939	JI435_165340
lcl|CP069030.1_cds_QRC97958.1_7940	JI435_165350
lcl|CP069030.1_cds_QRC97959.1_7941	JI435_165370
lcl|CP069030.1_cds_QRC97960.1_7942	JI435_165380
lcl|CP069030.1_cds_QRC97961.1_7943	JI435_165390
lcl|CP069030.1_cds_QRC97962.1_7944	JI435_435310
lcl|CP069030.1_cds_QRC97963.1_7945	JI435_165410
lcl|CP069030.1_cds_QRC97964.1_7946	JI435_165430
lcl|CP069030.1_cds_QRC97965.1_7947	JI435_165440
lcl|CP069030.1_cds_QRC97966.1_7948	JI435_165450
lcl|CP069030.1_cds_QRC97967.1_7949	JI435_165470
lcl|CP069030.1_cds_QRC97968.1_7950	JI435_411300
lcl|CP069030.1_cds_QRC97969.1_7951	JI435_165480
lcl|CP069030.1_cds_QRC97970.1_7952	JI435_411310
lcl|CP069030.1_cds_QRC97971.1_7953	JI435_165490
lcl|CP069030.1_cds_QRC97972.1_7954	JI435_411320
lcl|CP069030.1_cds_QRC97973.1_7955	JI435_165500
lcl|CP069030.1_cds_QRC97974.1_7956	JI435_309870
lcl|CP069030.1_cds_QRC97975.1_7957	JI435_165520
lcl|CP069030.1_cds_QRC97976.1_7958	JI435_165540
lcl|CP069030.1_cds_QRC97977.1_7959	JI435_165550
lcl|CP069030.1_cds_QRC97978.1_7960	JI435_040860
lcl|CP069030.1_cds_QRC97979.1_7961	JI435_040870
lcl|CP069030.1_cds_QRC97980.1_7962	JI435_435340
lcl|CP069030.1_cds_QRC97981.1_7963	JI435_040880
lcl|CP069030.1_cds_QRC97982.1_7964	JI435_040890
lcl|CP069030.1_cds_QRC97983.1_7965	JI435_040900
lcl|CP069030.1_cds_QRC97984.1_7966	JI435_040900
lcl|CP069030.1_cds_QRC97985.1_7967	JI435_411330
lcl|CP069030.1_cds_QRC97986.1_7968	JI435_040910
lcl|CP069030.1_cds_QRC97987.1_7969	JI435_040920
lcl|CP069030.1_cds_QRC97988.1_7970	JI435_040930
lcl|CP069030.1_cds_QRC97989.1_7971	JI435_040940
lcl|CP069030.1_cds_QRC97990.1_7972	JI435_040950
lcl|CP069030.1_cds_QRC97991.1_7973	JI435_040960
lcl|CP069030.1_cds_QRC97992.1_7974	JI435_040970
lcl|CP069030.1_cds_QRC97993.1_7975	JI435_040980
lcl|CP069030.1_cds_QRC97994.1_7976	JI435_041000
lcl|CP069030.1_cds_QRC97995.1_7977	JI435_041010
lcl|CP069030.1_cds_QRC97996.1_7978	JI435_041020
lcl|CP069030.1_cds_QRC97997.1_7979	JI435_435360
lcl|CP069030.1_cds_QRC97998.1_7980	JI435_041040
lcl|CP069030.1_cds_QRC97999.1_7981	JI435_041060
lcl|CP069030.1_cds_QRC98000.1_7982	JI435_041070
lcl|CP069030.1_cds_QRC98001.1_7983	JI435_041080
lcl|CP069030.1_cds_QRC98002.1_7984	JI435_411340
lcl|CP069030.1_cds_QRC98003.1_7985	JI435_041090
lcl|CP069030.1_cds_QRC98005.1_7986	JI435_302890
lcl|CP069030.1_cds_QRC98004.1_7987	JI435_302890
lcl|CP069030.1_cds_QRC98006.1_7988	JI435_041130
lcl|CP069030.1_cds_QRC98007.1_7989	JI435_041150
lcl|CP069030.1_cds_QRC98008.1_7990	JI435_041160
lcl|CP069030.1_cds_QRC98009.1_7991	JI435_041170
lcl|CP069030.1_cds_QRC98010.1_7992	JI435_041180
lcl|CP069030.1_cds_QRC98011.1_7993	JI435_411360
lcl|CP069030.1_cds_QRC98012.1_7994	JI435_041210
lcl|CP069030.1_cds_QRC98013.1_7995	JI435_302900
lcl|CP069030.1_cds_QRC98014.1_7996	JI435_302910
lcl|CP069030.1_cds_QRC98015.1_7997	JI435_041220
lcl|CP069030.1_cds_QRC98016.1_7998	JI435_041230
lcl|CP069030.1_cds_QRC98017.1_7999	JI435_041240
lcl|CP069030.1_cds_QRC98018.1_8000	JI435_435390
lcl|CP069030.1_cds_QRC98019.1_8001	JI435_435400
lcl|CP069030.1_cds_QRC98020.1_8002	JI435_041270
lcl|CP069030.1_cds_QRC98021.1_8003	JI435_435420
lcl|CP069030.1_cds_QRC98022.1_8004	JI435_041320
lcl|CP069030.1_cds_QRC98023.1_8005	JI435_411370
lcl|CP069030.1_cds_QRC98024.1_8006	JI435_041340
lcl|CP069030.1_cds_QRC98025.1_8007	JI435_411380
lcl|CP069030.1_cds_QRC98026.1_8008	JI435_041350
lcl|CP069030.1_cds_QRC98027.1_8009	JI435_041360
lcl|CP069030.1_cds_QRC98028.1_8010	JI435_041370
lcl|CP069030.1_cds_QRC98029.1_8011	JI435_041380
lcl|CP069030.1_cds_QRC98030.1_8012	JI435_041390
lcl|CP069030.1_cds_QRC98031.1_8013	JI435_041400
lcl|CP069030.1_cds_QRC98032.1_8014	JI435_041410
lcl|CP069030.1_cds_QRC98033.1_8015	JI435_041420
lcl|CP069030.1_cds_QRC98034.1_8016	JI435_041430
lcl|CP069030.1_cds_QRC98035.1_8017	JI435_041440
lcl|CP069030.1_cds_QRC98036.1_8018	JI435_041450
lcl|CP069030.1_cds_QRC98037.1_8019	JI435_041460
lcl|CP069030.1_cds_QRC98038.1_8020	JI435_041470
lcl|CP069030.1_cds_QRC98039.1_8021	JI435_041480
lcl|CP069030.1_cds_QRC98040.1_8022	JI435_041490
lcl|CP069030.1_cds_QRC98041.1_8023	JI435_041500
lcl|CP069030.1_cds_QRC98042.1_8024	JI435_041510
lcl|CP069030.1_cds_QRC98043.1_8025	JI435_041520
lcl|CP069030.1_cds_QRC98044.1_8026	JI435_041530
lcl|CP069030.1_cds_QRC98045.1_8027	JI435_041540
lcl|CP069030.1_cds_QRC98046.1_8028	JI435_041550
lcl|CP069030.1_cds_QRC98047.1_8029	JI435_041570
lcl|CP069030.1_cds_QRC98048.1_8030	JI435_302950
lcl|CP069030.1_cds_QRC98049.1_8031	JI435_041590
lcl|CP069030.1_cds_QRC98050.1_8032	JI435_041600
lcl|CP069030.1_cds_QRC98051.1_8033	JI435_041610
lcl|CP069030.1_cds_QRC98052.1_8034	JI435_041620
lcl|CP069030.1_cds_QRC98053.1_8035	JI435_041640
lcl|CP069030.1_cds_QRC98054.1_8036	JI435_041650
lcl|CP069030.1_cds_QRC98055.1_8037	JI435_041670
lcl|CP069030.1_cds_QRC98056.1_8038	JI435_041680
lcl|CP069030.1_cds_QRC98057.1_8039	JI435_041690
lcl|CP069030.1_cds_QRC98058.1_8040	JI435_411390
lcl|CP069030.1_cds_QRC98059.1_8041	JI435_041700
lcl|CP069030.1_cds_QRC98060.1_8042	JI435_411400
lcl|CP069030.1_cds_QRC98061.1_8043	JI435_041710
lcl|CP069030.1_cds_QRC98062.1_8044	JI435_041730
lcl|CP069030.1_cds_QRC98063.1_8045	JI435_041740
lcl|CP069030.1_cds_QRC98064.1_8046	JI435_041750
lcl|CP069030.1_cds_QRC98065.1_8047	JI435_041760
lcl|CP069030.1_cds_QRC98066.1_8048	JI435_041770
lcl|CP069030.1_cds_QRC98067.1_8049	JI435_041780
lcl|CP069030.1_cds_QRC98068.1_8050	JI435_041790
lcl|CP069030.1_cds_QRC98069.1_8051	JI435_041800
lcl|CP069030.1_cds_QRC98070.1_8052	JI435_041810
lcl|CP069030.1_cds_QRC98071.1_8053	JI435_041820
lcl|CP069030.1_cds_QRC98072.1_8054	JI435_041830
lcl|CP069030.1_cds_QRC98073.1_8055	JI435_041840
lcl|CP069030.1_cds_QRC98074.1_8056	JI435_041850
lcl|CP069030.1_cds_QRC98075.1_8057	JI435_041860
lcl|CP069030.1_cds_QRC98076.1_8058	JI435_041870
lcl|CP069030.1_cds_QRC98077.1_8059	JI435_041880
lcl|CP069030.1_cds_QRC98078.1_8060	JI435_041890
lcl|CP069030.1_cds_QRC98079.1_8061	JI435_041900
lcl|CP069030.1_cds_QRC98080.1_8062	JI435_411410
lcl|CP069030.1_cds_QRC98081.1_8063	JI435_041910
lcl|CP069030.1_cds_QRC98082.1_8064	JI435_041920
lcl|CP069030.1_cds_QRC98083.1_8065	JI435_041950
lcl|CP069030.1_cds_QRC98084.1_8066	JI435_411420
lcl|CP069030.1_cds_QRC98085.1_8067	JI435_041960
lcl|CP069030.1_cds_QRC98086.1_8068	JI435_041970
lcl|CP069030.1_cds_QRC98087.1_8069	JI435_041980
lcl|CP069030.1_cds_QRC98088.1_8070	JI435_041990
lcl|CP069030.1_cds_QRC98089.1_8071	JI435_042010
lcl|CP069030.1_cds_QRC98090.1_8072	JI435_042030
lcl|CP069030.1_cds_QRC98091.1_8073	JI435_411430
lcl|CP069030.1_cds_QRC98092.1_8074	JI435_042050
lcl|CP069030.1_cds_QRC98093.1_8075	JI435_411440
lcl|CP069030.1_cds_QRC98094.1_8076	JI435_042060
lcl|CP069030.1_cds_QRC98095.1_8077	JI435_042070
lcl|CP069030.1_cds_QRC98096.1_8078	JI435_042080
lcl|CP069030.1_cds_QRC98097.1_8079	JI435_042090
lcl|CP069030.1_cds_QRC98098.1_8080	JI435_411450
lcl|CP069030.1_cds_QRC98099.1_8081	JI435_042100
lcl|CP069030.1_cds_QRC98100.1_8082	JI435_411460
lcl|CP069030.1_cds_QRC98101.1_8083	JI435_042130
lcl|CP069030.1_cds_QRC98102.1_8084	JI435_302970
lcl|CP069030.1_cds_QRC98103.1_8085	JI435_411470
lcl|CP069030.1_cds_QRC98104.1_8086	JI435_411480
lcl|CP069030.1_cds_QRC98105.1_8087	JI435_042140
lcl|CP069030.1_cds_QRC98106.1_8088	JI435_411490
lcl|CP069030.1_cds_QRC98107.1_8089	JI435_042160
lcl|CP069030.1_cds_QRC98108.1_8090	JI435_302990
lcl|CP069030.1_cds_QRC98109.1_8091	JI435_042170
lcl|CP069030.1_cds_QRC98110.1_8092	JI435_042180
lcl|CP069030.1_cds_QRC98111.1_8093	JI435_411500
lcl|CP069030.1_cds_QRC98112.1_8094	JI435_042190
lcl|CP069030.1_cds_QRC98113.1_8095	JI435_411510
lcl|CP069030.1_cds_QRC98114.1_8096	JI435_042200
lcl|CP069030.1_cds_QRC98115.1_8097	JI435_042210
lcl|CP069030.1_cds_QRC98116.1_8098	JI435_042220
lcl|CP069030.1_cds_QRC98117.1_8099	JI435_042230
lcl|CP069030.1_cds_QRC98118.1_8100	JI435_411520
lcl|CP069030.1_cds_QRC98119.1_8101	JI435_411530
lcl|CP069030.1_cds_QRC98120.1_8102	JI435_411540
lcl|CP069030.1_cds_QRC98121.1_8103	JI435_411550
lcl|CP069030.1_cds_QRC98122.1_8104	JI435_042240
lcl|CP069030.1_cds_QRC98123.1_8105	JI435_042250
lcl|CP069030.1_cds_QRC98124.1_8106	JI435_411560
lcl|CP069030.1_cds_QRC98125.1_8107	JI435_042260
lcl|CP069030.1_cds_QRC98126.1_8108	JI435_042260
lcl|CP069030.1_cds_QRC98127.1_8109	JI435_042270
lcl|CP069030.1_cds_QRC98128.1_8110	JI435_042280
lcl|CP069030.1_cds_QRC98129.1_8111	JI435_042290
lcl|CP069030.1_cds_QRC98130.1_8112	JI435_042300
lcl|CP069030.1_cds_QRC98131.1_8113	JI435_042310
lcl|CP069030.1_cds_QRC98132.1_8114	JI435_042320
lcl|CP069030.1_cds_QRC98133.1_8115	JI435_042330
lcl|CP069030.1_cds_QRC98134.1_8116	JI435_042340
lcl|CP069030.1_cds_QRC98135.1_8117	JI435_411570
lcl|CP069030.1_cds_QRC98136.1_8118	JI435_411580
lcl|CP069030.1_cds_QRC98138.1_8119	JI435_042350
lcl|CP069030.1_cds_QRC98137.1_8120	JI435_042350
lcl|CP069030.1_cds_QRC98139.1_8121	JI435_411590
lcl|CP069030.1_cds_QRC98140.1_8122	JI435_042380
lcl|CP069030.1_cds_QRC98141.1_8123	JI435_042400
lcl|CP069030.1_cds_QRC98142.1_8124	JI435_411600
lcl|CP069030.1_cds_QRC98143.1_8125	JI435_042410
lcl|CP069030.1_cds_QRC98144.1_8126	JI435_411610
lcl|CP069030.1_cds_QRC98145.1_8127	JI435_411620
lcl|CP069030.1_cds_QRC98146.1_8128	JI435_042420
lcl|CP069030.1_cds_QRC98147.1_8129	JI435_303000
lcl|CP069030.1_cds_QRC98148.1_8130	JI435_303000
lcl|CP069030.1_cds_QRC98149.1_8131	JI435_042430
lcl|CP069030.1_cds_QRC98150.1_8132	JI435_303020
lcl|CP069030.1_cds_QRC98151.1_8133	JI435_042450
lcl|CP069030.1_cds_QRC98152.1_8134	JI435_042460
lcl|CP069030.1_cds_QRC98153.1_8135	JI435_042470
lcl|CP069030.1_cds_QRC98154.1_8136	JI435_042480
lcl|CP069030.1_cds_QRC98155.1_8137	JI435_042490
lcl|CP069030.1_cds_QRC98156.1_8138	JI435_042500
lcl|CP069030.1_cds_QRC98157.1_8139	JI435_042520
lcl|CP069030.1_cds_QRC98158.1_8140	JI435_411630
lcl|CP069030.1_cds_QRC98159.1_8141	JI435_042530
lcl|CP069030.1_cds_QRC98160.1_8142	JI435_042540
lcl|CP069030.1_cds_QRC98161.1_8143	JI435_042550
lcl|CP069030.1_cds_QRC98162.1_8144	JI435_042570
lcl|CP069030.1_cds_QRC98163.1_8145	JI435_411640
lcl|CP069030.1_cds_QRC98164.1_8146	JI435_042580
lcl|CP069030.1_cds_QRC98165.1_8147	JI435_042590
lcl|CP069030.1_cds_QRC98166.1_8148	JI435_042600
lcl|CP069030.1_cds_QRC98167.1_8149	JI435_303030
lcl|CP069030.1_cds_QRC98168.1_8150	JI435_042620
lcl|CP069030.1_cds_QRC98169.1_8151	JI435_042630
lcl|CP069030.1_cds_QRC98170.1_8152	JI435_042640
lcl|CP069030.1_cds_QRC98171.1_8153	JI435_303050
lcl|CP069030.1_cds_QRC98172.1_8154	JI435_042660
lcl|CP069030.1_cds_QRC98173.1_8155	JI435_042670
lcl|CP069030.1_cds_QRC98174.1_8156	JI435_042680
lcl|CP069030.1_cds_QRC98175.1_8157	JI435_042690
lcl|CP069030.1_cds_QRC98176.1_8158	JI435_042700
lcl|CP069030.1_cds_QRC98177.1_8159	JI435_411650
lcl|CP069030.1_cds_QRC98178.1_8160	JI435_042720
lcl|CP069030.1_cds_QRC98179.1_8161	JI435_042730
lcl|CP069030.1_cds_QRC98180.1_8162	JI435_411660
lcl|CP069030.1_cds_QRC98181.1_8163	JI435_042740
lcl|CP069030.1_cds_QRC98182.1_8164	JI435_042750
lcl|CP069030.1_cds_QRC98183.1_8165	JI435_042760
lcl|CP069030.1_cds_QRC98184.1_8166	JI435_042780
lcl|CP069030.1_cds_QRC98185.1_8167	JI435_042790
lcl|CP069030.1_cds_QRC98186.1_8168	JI435_042800
lcl|CP069030.1_cds_QRC98187.1_8169	JI435_411670
lcl|CP069030.1_cds_QRC98188.1_8170	JI435_303060
lcl|CP069030.1_cds_QRC98189.1_8171	JI435_303070
lcl|CP069030.1_cds_QRC98190.1_8172	JI435_042810
lcl|CP069030.1_cds_QRC98191.1_8173	JI435_042820
lcl|CP069030.1_cds_QRC98192.1_8174	JI435_411680
lcl|CP069030.1_cds_QRC98193.1_8175	JI435_042830
lcl|CP069030.1_cds_QRC98194.1_8176	JI435_042840
lcl|CP069030.1_cds_QRC98195.1_8177	JI435_042850
lcl|CP069030.1_cds_QRC98196.1_8178	JI435_042860
lcl|CP069030.1_cds_QRC98197.1_8179	JI435_042870
lcl|CP069030.1_cds_QRC98198.1_8180	JI435_042890
lcl|CP069030.1_cds_QRC98199.1_8181	JI435_042910
lcl|CP069030.1_cds_QRC98200.1_8182	JI435_303080
lcl|CP069030.1_cds_QRC98201.1_8183	JI435_042930
lcl|CP069030.1_cds_QRC98202.1_8184	JI435_411690
lcl|CP069030.1_cds_QRC98203.1_8185	JI435_042940
lcl|CP069030.1_cds_QRC98204.1_8186	JI435_411700
lcl|CP069030.1_cds_QRC98205.1_8187	JI435_042950
lcl|CP069030.1_cds_QRC98206.1_8188	JI435_411710
lcl|CP069030.1_cds_QRC98207.1_8189	JI435_411720
lcl|CP069030.1_cds_QRC98208.1_8190	JI435_042960
lcl|CP069030.1_cds_QRC98209.1_8191	JI435_411730
lcl|CP069030.1_cds_QRC98210.1_8192	JI435_042970
lcl|CP069030.1_cds_QRC98211.1_8193	JI435_303090
lcl|CP069030.1_cds_QRC98212.1_8194	JI435_042990
lcl|CP069030.1_cds_QRC98213.1_8195	JI435_435490
lcl|CP069030.1_cds_QRC98214.1_8196	JI435_043000
lcl|CP069030.1_cds_QRC98215.1_8197	JI435_043010
lcl|CP069030.1_cds_QRC98216.1_8198	JI435_043020
lcl|CP069030.1_cds_QRC98217.1_8199	JI435_411740
lcl|CP069030.1_cds_QRC98218.1_8200	JI435_043030
lcl|CP069030.1_cds_QRC98219.1_8201	JI435_043040
lcl|CP069030.1_cds_QRC98220.1_8202	JI435_043060
lcl|CP069030.1_cds_QRC98221.1_8203	JI435_303100
lcl|CP069030.1_cds_QRC98222.1_8204	JI435_043070
lcl|CP069030.1_cds_QRC98223.1_8205	JI435_043090
lcl|CP069030.1_cds_QRC98224.1_8206	JI435_411750
lcl|CP069030.1_cds_QRC98225.1_8207	JI435_043100
lcl|CP069030.1_cds_QRC98226.1_8208	JI435_043110
lcl|CP069030.1_cds_QRC98227.1_8209	JI435_043120
lcl|CP069030.1_cds_QRC98228.1_8210	JI435_043130
lcl|CP069030.1_cds_QRC98229.1_8211	JI435_043140
lcl|CP069030.1_cds_QRC98230.1_8212	JI435_043160
lcl|CP069030.1_cds_QRC98231.1_8213	JI435_043170
lcl|CP069030.1_cds_QRC98232.1_8214	JI435_043180
lcl|CP069030.1_cds_QRC98233.1_8215	JI435_043190
lcl|CP069030.1_cds_QRC98234.1_8216	JI435_411760
lcl|CP069030.1_cds_QRC98235.1_8217	JI435_043200
lcl|CP069030.1_cds_QRC98236.1_8218	JI435_043210
lcl|CP069030.1_cds_QRC98237.1_8219	JI435_043220
lcl|CP069030.1_cds_QRC98238.1_8220	JI435_411770
lcl|CP069030.1_cds_QRC98239.1_8221	JI435_411780
lcl|CP069030.1_cds_QRC98240.1_8222	JI435_043230
lcl|CP069030.1_cds_QRC98241.1_8223	JI435_411790
lcl|CP069030.1_cds_QRC98242.1_8224	JI435_043240
lcl|CP069030.1_cds_QRC98243.1_8225	JI435_303110
lcl|CP069030.1_cds_QRC98244.1_8226	JI435_043250
lcl|CP069030.1_cds_QRC98245.1_8227	JI435_043260
lcl|CP069030.1_cds_QRC98246.1_8228	JI435_043270
lcl|CP069030.1_cds_QRC98247.1_8229	JI435_043280
lcl|CP069030.1_cds_QRC98248.1_8230	JI435_043290
lcl|CP069030.1_cds_QRC98249.1_8231	JI435_043300
lcl|CP069030.1_cds_QRC98250.1_8232	JI435_043320
lcl|CP069030.1_cds_QRC98251.1_8233	JI435_303120
lcl|CP069030.1_cds_QRC98252.1_8234	JI435_043330
lcl|CP069030.1_cds_QRC98253.1_8235	JI435_043340
lcl|CP069030.1_cds_QRC98254.1_8236	JI435_435520
lcl|CP069030.1_cds_QRC98255.1_8237	JI435_043360
lcl|CP069030.1_cds_QRC98256.1_8238	JI435_303130
lcl|CP069030.1_cds_QRC98257.1_8239	JI435_043370
lcl|CP069030.1_cds_QRC98258.1_8240	JI435_043380
lcl|CP069030.1_cds_QRC98259.1_8241	JI435_043390
lcl|CP069030.1_cds_QRC98260.1_8242	JI435_043410
lcl|CP069030.1_cds_QRC98261.1_8243	JI435_303140
lcl|CP069030.1_cds_QRC98262.1_8244	JI435_043440
lcl|CP069030.1_cds_QRC98263.1_8245	JI435_435530
lcl|CP069030.1_cds_QRC98264.1_8246	JI435_043450
lcl|CP069030.1_cds_QRC98265.1_8247	JI435_435540
lcl|CP069030.1_cds_QRC98266.1_8248	JI435_435550
lcl|CP069030.1_cds_QRC98267.1_8249	JI435_411800
lcl|CP069030.1_cds_QRC98268.1_8250	JI435_043460
lcl|CP069030.1_cds_QRC98269.1_8251	JI435_043470
lcl|CP069030.1_cds_QRC98270.1_8252	JI435_043480
lcl|CP069030.1_cds_QRC98272.1_8253	JI435_043500
lcl|CP069030.1_cds_QRC98271.1_8254	JI435_043500
lcl|CP069030.1_cds_QRC98273.1_8255	JI435_303150
lcl|CP069030.1_cds_QRC98274.1_8256	JI435_043520
lcl|CP069030.1_cds_QRC98275.1_8257	JI435_043530
lcl|CP069030.1_cds_QRC98276.1_8258	JI435_043540
lcl|CP069030.1_cds_QRC98277.1_8259	JI435_043560
lcl|CP069030.1_cds_QRC98278.1_8260	JI435_043570
lcl|CP069030.1_cds_QRC98279.1_8261	JI435_043580
lcl|CP069030.1_cds_QRC98280.1_8262	JI435_043590
lcl|CP069030.1_cds_QRC98281.1_8263	JI435_043600
lcl|CP069030.1_cds_QRC98282.1_8264	JI435_043620
lcl|CP069030.1_cds_QRC98283.1_8265	JI435_435570
lcl|CP069030.1_cds_QRC98284.1_8266	JI435_303160
lcl|CP069030.1_cds_QRC98285.1_8267	JI435_411810
lcl|CP069030.1_cds_QRC98286.1_8268	JI435_043650
lcl|CP069030.1_cds_QRC98287.1_8269	JI435_411820
lcl|CP069030.1_cds_QRC98288.1_8270	JI435_043680
lcl|CP069030.1_cds_QRC98289.1_8271	JI435_043690
lcl|CP069030.1_cds_QRC98290.1_8272	JI435_043700
lcl|CP069030.1_cds_QRC98291.1_8273	JI435_043710
lcl|CP069030.1_cds_QRC98292.1_8274	JI435_043720
lcl|CP069030.1_cds_QRC98293.1_8275	JI435_043730
lcl|CP069030.1_cds_QRC98294.1_8276	JI435_043740
lcl|CP069030.1_cds_QRC98295.1_8277	JI435_411830
lcl|CP069030.1_cds_QRC98296.1_8278	JI435_043750
lcl|CP069030.1_cds_QRC98297.1_8279	JI435_043760
lcl|CP069030.1_cds_QRC98298.1_8280	JI435_043770
lcl|CP069030.1_cds_QRC98299.1_8281	JI435_043790
lcl|CP069030.1_cds_QRC98300.1_8282	JI435_411840
lcl|CP069030.1_cds_QRC98301.1_8283	JI435_043800
lcl|CP069030.1_cds_QRC98302.1_8284	JI435_043810
lcl|CP069030.1_cds_QRC98303.1_8285	JI435_043820
lcl|CP069030.1_cds_QRC98304.1_8286	JI435_043830
lcl|CP069030.1_cds_QRC98305.1_8287	JI435_303170
lcl|CP069030.1_cds_QRC98306.1_8288	JI435_303180
lcl|CP069030.1_cds_QRC98307.1_8289	JI435_043840
lcl|CP069030.1_cds_QRC98308.1_8290	JI435_411850
lcl|CP069030.1_cds_QRC98309.1_8291	JI435_411860
lcl|CP069030.1_cds_QRC98310.1_8292	JI435_043850
lcl|CP069030.1_cds_QRC98311.1_8293	JI435_411870
lcl|CP069030.1_cds_QRC98312.1_8294	JI435_043860
lcl|CP069030.1_cds_QRC98313.1_8295	JI435_043870
lcl|CP069030.1_cds_QRC98314.1_8296	JI435_043880
lcl|CP069030.1_cds_QRC98315.1_8297	JI435_043890
lcl|CP069030.1_cds_QRC98316.1_8298	JI435_043900
lcl|CP069030.1_cds_QRC98317.1_8299	JI435_043910
lcl|CP069030.1_cds_QRC98318.1_8300	JI435_043930
lcl|CP069030.1_cds_QRC98319.1_8301	JI435_043940
lcl|CP069030.1_cds_QRC98320.1_8302	JI435_043950
lcl|CP069030.1_cds_QRC98321.1_8303	JI435_043970
lcl|CP069030.1_cds_QRC98322.1_8304	JI435_435590
lcl|CP069030.1_cds_QRC98323.1_8305	JI435_043980
lcl|CP069030.1_cds_QRC98324.1_8306	JI435_043990
lcl|CP069030.1_cds_QRC98325.1_8307	JI435_411880
lcl|CP069030.1_cds_QRC98326.1_8308	JI435_411890
lcl|CP069030.1_cds_QRC98327.1_8309	JI435_044000
lcl|CP069030.1_cds_QRC98328.1_8310	JI435_044010
lcl|CP069030.1_cds_QRC98329.1_8311	JI435_044020
lcl|CP069030.1_cds_QRC98330.1_8312	JI435_044040
lcl|CP069030.1_cds_QRC98331.1_8313	JI435_044060
lcl|CP069030.1_cds_QRC98332.1_8314	JI435_303190
lcl|CP069030.1_cds_QRC98333.1_8315	JI435_044070
lcl|CP069030.1_cds_QRC98334.1_8316	JI435_044080
lcl|CP069030.1_cds_QRC98335.1_8317	JI435_435600
lcl|CP069030.1_cds_QRC98336.1_8318	JI435_044090
lcl|CP069030.1_cds_QRC98337.1_8319	JI435_411900
lcl|CP069030.1_cds_QRC98338.1_8320	JI435_044110
lcl|CP069030.1_cds_QRC98339.1_8321	JI435_044120
lcl|CP069030.1_cds_QRC98340.1_8322	JI435_044140
lcl|CP069030.1_cds_QRC98341.1_8323	JI435_303200
lcl|CP069030.1_cds_QRC98342.1_8324	JI435_044150
lcl|CP069030.1_cds_QRC98343.1_8325	JI435_411910
lcl|CP069030.1_cds_QRC98344.1_8326	JI435_411920
lcl|CP069030.1_cds_QRC98345.1_8327	JI435_044160
lcl|CP069030.1_cds_QRC98346.1_8328	JI435_303210
lcl|CP069030.1_cds_QRC98347.1_8329	JI435_044170
lcl|CP069030.1_cds_QRC98348.1_8330	JI435_044180
lcl|CP069030.1_cds_QRC98349.1_8331	JI435_044190
lcl|CP069030.1_cds_QRC98350.1_8332	JI435_044200
lcl|CP069030.1_cds_QRC98351.1_8333	JI435_411930
lcl|CP069030.1_cds_QRC98352.1_8334	JI435_044210
lcl|CP069030.1_cds_QRC98353.1_8335	JI435_044220
lcl|CP069030.1_cds_QRC98354.1_8336	JI435_200430
lcl|CP069030.1_cds_QRC98355.1_8337	JI435_044230
lcl|CP069030.1_cds_QRC98356.1_8338	JI435_044240
lcl|CP069030.1_cds_QRC98357.1_8339	JI435_044250
lcl|CP069030.1_cds_QRC98358.1_8340	JI435_411940
lcl|CP069030.1_cds_QRC98359.1_8341	JI435_044260
lcl|CP069030.1_cds_QRC98360.1_8342	JI435_044270
lcl|CP069030.1_cds_QRC98361.1_8343	JI435_044280
lcl|CP069030.1_cds_QRC98362.1_8344	JI435_044290
lcl|CP069030.1_cds_QRC98363.1_8345	JI435_303220
lcl|CP069030.1_cds_QRC98364.1_8346	JI435_044300
lcl|CP069030.1_cds_QRC98365.1_8347	JI435_044310
lcl|CP069030.1_cds_QRC98366.1_8348	JI435_044320
lcl|CP069030.1_cds_QRC98367.1_8349	JI435_044330
lcl|CP069030.1_cds_QRC98368.1_8350	JI435_044340
lcl|CP069030.1_cds_QRC98369.1_8351	JI435_044350
lcl|CP069030.1_cds_QRC98370.1_8352	JI435_044360
lcl|CP069030.1_cds_QRC98371.1_8353	JI435_044370
lcl|CP069030.1_cds_QRC98372.1_8354	JI435_044380
lcl|CP069030.1_cds_QRC98373.1_8355	JI435_044390
lcl|CP069030.1_cds_QRC98374.1_8356	JI435_411950
lcl|CP069030.1_cds_QRC98375.1_8357	JI435_044410
lcl|CP069030.1_cds_QRC98376.1_8358	JI435_303230
lcl|CP069030.1_cds_QRC98377.1_8359	JI435_044430
lcl|CP069030.1_cds_QRC98378.1_8360	JI435_044440
lcl|CP069030.1_cds_QRC98379.1_8361	JI435_411960
lcl|CP069030.1_cds_QRC98380.1_8362	JI435_044460
lcl|CP069030.1_cds_QRC98381.1_8363	JI435_044470
lcl|CP069030.1_cds_QRC98382.1_8364	JI435_044480
lcl|CP069030.1_cds_QRC98383.1_8365	JI435_044500
lcl|CP069030.1_cds_QRC98384.1_8366	JI435_044510
lcl|CP069030.1_cds_QRC98385.1_8367	JI435_435630
lcl|CP069030.1_cds_QRC98386.1_8368	JI435_044530
lcl|CP069030.1_cds_QRC98387.1_8369	JI435_044540
lcl|CP069030.1_cds_QRC98388.1_8370	JI435_044550
lcl|CP069030.1_cds_QRC98389.1_8371	JI435_044560
lcl|CP069030.1_cds_QRC98390.1_8372	JI435_044570
lcl|CP069030.1_cds_QRC98391.1_8373	JI435_303240
lcl|CP069030.1_cds_QRC98392.1_8374	JI435_303240
lcl|CP069030.1_cds_QRC98393.1_8375	JI435_435660
lcl|CP069030.1_cds_QRC98394.1_8376	JI435_044590
lcl|CP069030.1_cds_QRC98395.1_8377	JI435_044600
lcl|CP069030.1_cds_QRC98396.1_8378	JI435_411970
lcl|CP069030.1_cds_QRC98397.1_8379	JI435_044610
lcl|CP069030.1_cds_QRC98398.1_8380	JI435_044620
lcl|CP069030.1_cds_QRC98399.1_8381	JI435_044630
lcl|CP069030.1_cds_QRC98400.1_8382	JI435_044640
lcl|CP069030.1_cds_QRC98401.1_8383	JI435_044650
lcl|CP069030.1_cds_QRC98402.1_8384	JI435_044660
lcl|CP069030.1_cds_QRC98403.1_8385	JI435_044670
lcl|CP069030.1_cds_QRC98404.1_8386	JI435_044680
lcl|CP069030.1_cds_QRC98405.1_8387	JI435_044690
lcl|CP069030.1_cds_QRC98406.1_8388	JI435_044700
lcl|CP069030.1_cds_QRC98407.1_8389	JI435_044720
lcl|CP069030.1_cds_QRC98408.1_8390	JI435_044730
lcl|CP069030.1_cds_QRC98409.1_8391	JI435_044740
lcl|CP069030.1_cds_QRC98410.1_8392	JI435_044750
lcl|CP069030.1_cds_QRC98411.1_8393	JI435_044760
lcl|CP069030.1_cds_QRC98412.1_8394	JI435_044770
lcl|CP069030.1_cds_QRC98413.1_8395	JI435_435670
lcl|CP069030.1_cds_QRC98414.1_8396	JI435_044790
lcl|CP069030.1_cds_QRC98415.1_8397	JI435_044810
lcl|CP069030.1_cds_QRC98416.1_8398	JI435_044820
lcl|CP069030.1_cds_QRC98417.1_8399	JI435_044830
lcl|CP069030.1_cds_QRC98418.1_8400	JI435_435680
lcl|CP069030.1_cds_QRC98419.1_8401	JI435_411980
lcl|CP069030.1_cds_QRC98420.1_8402	JI435_044860
lcl|CP069030.1_cds_QRC98421.1_8403	JI435_411990
lcl|CP069030.1_cds_QRC98422.1_8404	JI435_412000
lcl|CP069030.1_cds_QRC98423.1_8405	JI435_412010
lcl|CP069030.1_cds_QRC98424.1_8406	JI435_412020
lcl|CP069030.1_cds_QRC98426.1_8407	JI435_044870
lcl|CP069030.1_cds_QRC98425.1_8408	JI435_044870
lcl|CP069030.1_cds_QRC98427.1_8409	JI435_044880
lcl|CP069030.1_cds_QRC98428.1_8410	JI435_044890
lcl|CP069030.1_cds_QRC98429.1_8411	JI435_044900
lcl|CP069030.1_cds_QRC98430.1_8412	JI435_044910
lcl|CP069030.1_cds_QRC98431.1_8413	JI435_044920
lcl|CP069030.1_cds_QRC98432.1_8414	JI435_044930
lcl|CP069030.1_cds_QRC98433.1_8415	JI435_044940
lcl|CP069030.1_cds_QRC98434.1_8416	JI435_044950
lcl|CP069030.1_cds_QRC98435.1_8417	JI435_044960
lcl|CP069030.1_cds_QRC98436.1_8418	JI435_435690
lcl|CP069030.1_cds_QRC98437.1_8419	JI435_435700
lcl|CP069030.1_cds_QRC98438.1_8420	JI435_435720
lcl|CP069030.1_cds_QRC98439.1_8421	JI435_303250
lcl|CP069030.1_cds_QRC98440.1_8422	JI435_045050
lcl|CP069030.1_cds_QRC98441.1_8423	JI435_045060
lcl|CP069030.1_cds_QRC98442.1_8424	JI435_412030
lcl|CP069030.1_cds_QRC98443.1_8425	JI435_045070
lcl|CP069030.1_cds_QRC98444.1_8426	JI435_412040
lcl|CP069030.1_cds_QRC98445.1_8427	JI435_045080
lcl|CP069030.1_cds_QRC98446.1_8428	JI435_045090
lcl|CP069030.1_cds_QRC98447.1_8429	JI435_045100
lcl|CP069030.1_cds_QRC98448.1_8430	JI435_412050
lcl|CP069030.1_cds_QRC98449.1_8431	JI435_045120
lcl|CP069030.1_cds_QRC98450.1_8432	JI435_045130
lcl|CP069030.1_cds_QRC98451.1_8433	JI435_045140
lcl|CP069030.1_cds_QRC98452.1_8434	JI435_045150
lcl|CP069030.1_cds_QRC98453.1_8435	JI435_045160
lcl|CP069030.1_cds_QRC98454.1_8436	JI435_412060
lcl|CP069030.1_cds_QRC98455.1_8437	JI435_045170
lcl|CP069030.1_cds_QRC98456.1_8438	JI435_303260
lcl|CP069030.1_cds_QRC98457.1_8439	JI435_045190
lcl|CP069030.1_cds_QRC98458.1_8440	JI435_045200
lcl|CP069030.1_cds_QRC98459.1_8441	JI435_045210
lcl|CP069030.1_cds_QRC98460.1_8442	JI435_045220
lcl|CP069030.1_cds_QRC98461.1_8443	JI435_412070
lcl|CP069030.1_cds_QRC98462.1_8444	JI435_045230
lcl|CP069030.1_cds_QRC98463.1_8445	JI435_045240
lcl|CP069030.1_cds_QRC98464.1_8446	JI435_045250
lcl|CP069030.1_cds_QRC98465.1_8447	JI435_045260
lcl|CP069030.1_cds_QRC98466.1_8448	JI435_045270
lcl|CP069030.1_cds_QRC98467.1_8449	JI435_045280
lcl|CP069030.1_cds_QRC98468.1_8450	JI435_045290
lcl|CP069030.1_cds_QRC98469.1_8451	JI435_435730
lcl|CP069030.1_cds_QRC98470.1_8452	JI435_045310
lcl|CP069030.1_cds_QRC98471.1_8453	JI435_045320
lcl|CP069030.1_cds_QRC98472.1_8454	JI435_412080
lcl|CP069030.1_cds_QRC98473.1_8455	JI435_045330
lcl|CP069030.1_cds_QRC98474.1_8456	JI435_412090
lcl|CP069030.1_cds_QRC98475.1_8457	JI435_045340
lcl|CP069030.1_cds_QRC98476.1_8458	JI435_045350
lcl|CP069030.1_cds_QRC98477.1_8459	JI435_435750
lcl|CP069030.1_cds_QRC98478.1_8460	JI435_435760
lcl|CP069030.1_cds_QRC98479.1_8461	JI435_045380
lcl|CP069030.1_cds_QRC98480.1_8462	JI435_412100
lcl|CP069030.1_cds_QRC98481.1_8463	JI435_045390
lcl|CP069030.1_cds_QRC98482.1_8464	JI435_412110
lcl|CP069030.1_cds_QRC98483.1_8465	JI435_045400
lcl|CP069030.1_cds_QRC98484.1_8466	JI435_045410
lcl|CP069030.1_cds_QRC98485.1_8467	JI435_045430
lcl|CP069030.1_cds_QRC98486.1_8468	JI435_412120
lcl|CP069030.1_cds_QRC98487.1_8469	JI435_412130
lcl|CP069030.1_cds_QRC98488.1_8470	JI435_045440
lcl|CP069030.1_cds_QRC98489.1_8471	JI435_412140
lcl|CP069030.1_cds_QRC98490.1_8472	JI435_412150
lcl|CP069030.1_cds_QRC98491.1_8473	JI435_412160
lcl|CP069030.1_cds_QRC98492.1_8474	JI435_412170
lcl|CP069030.1_cds_QRC98493.1_8475	JI435_045450
lcl|CP069030.1_cds_QRC98494.1_8476	JI435_045460
lcl|CP069030.1_cds_QRC98495.1_8477	JI435_412180
lcl|CP069030.1_cds_QRC98496.1_8478	JI435_045470
lcl|CP069030.1_cds_QRC98497.1_8479	JI435_045490
lcl|CP069030.1_cds_QRC98498.1_8480	JI435_435770
lcl|CP069030.1_cds_QRC98499.1_8481	JI435_045510
lcl|CP069030.1_cds_QRC98500.1_8482	JI435_045520
lcl|CP069030.1_cds_QRC98501.1_8483	JI435_045530
lcl|CP069030.1_cds_QRC98502.1_8484	JI435_045550
lcl|CP069030.1_cds_QRC98503.1_8485	JI435_045560
lcl|CP069030.1_cds_QRC98504.1_8486	JI435_045570
lcl|CP069030.1_cds_QRC98505.1_8487	JI435_045580
lcl|CP069030.1_cds_QRC98506.1_8488	JI435_045590
lcl|CP069030.1_cds_QRC98507.1_8489	JI435_045600
lcl|CP069030.1_cds_QRC98508.1_8490	JI435_045620
lcl|CP069030.1_cds_QRC98509.1_8491	JI435_045630
lcl|CP069030.1_cds_QRC98510.1_8492	JI435_045640
lcl|CP069030.1_cds_QRC98511.1_8493	JI435_045650
lcl|CP069030.1_cds_QRC98512.1_8494	JI435_045660
lcl|CP069030.1_cds_QRC98513.1_8495	JI435_412190
lcl|CP069030.1_cds_QRC98514.1_8496	JI435_045680
lcl|CP069030.1_cds_QRC98515.1_8497	JI435_045700
lcl|CP069030.1_cds_QRC98516.1_8498	JI435_045710
lcl|CP069030.1_cds_QRC98517.1_8499	JI435_303270
lcl|CP069030.1_cds_QRC98518.1_8500	JI435_303280
lcl|CP069030.1_cds_QRC98519.1_8501	JI435_045720
lcl|CP069030.1_cds_QRC98520.1_8502	JI435_045730
lcl|CP069030.1_cds_QRC98521.1_8503	JI435_045740
lcl|CP069030.1_cds_QRC98522.1_8504	JI435_045740
lcl|CP069030.1_cds_QRC98523.1_8505	JI435_045750
lcl|CP069030.1_cds_QRC98524.1_8506	JI435_412200
lcl|CP069030.1_cds_QRC98525.1_8507	JI435_412210
lcl|CP069030.1_cds_QRC98526.1_8508	JI435_045760
lcl|CP069030.1_cds_QRC98527.1_8509	JI435_045770
lcl|CP069030.1_cds_QRC98528.1_8510	JI435_412220
lcl|CP069030.1_cds_QRC98529.1_8511	JI435_045780
lcl|CP069030.1_cds_QRC98530.1_8512	JI435_045800
lcl|CP069030.1_cds_QRC98531.1_8513	JI435_045810
lcl|CP069030.1_cds_QRC98532.1_8514	JI435_045840
lcl|CP069030.1_cds_QRC98533.1_8515	JI435_045850
lcl|CP069030.1_cds_QRC98534.1_8516	JI435_045870
lcl|CP069030.1_cds_QRC98535.1_8517	JI435_045880
lcl|CP069030.1_cds_QRC98536.1_8518	JI435_045890
lcl|CP069030.1_cds_QRC98537.1_8519	JI435_412230
lcl|CP069030.1_cds_QRC98538.1_8520	JI435_412240
lcl|CP069030.1_cds_QRC98539.1_8521	JI435_045900
lcl|CP069030.1_cds_QRC98540.1_8522	JI435_045920
lcl|CP069030.1_cds_QRC98541.1_8523	JI435_045930
lcl|CP069030.1_cds_QRC98542.1_8524	JI435_045940
lcl|CP069030.1_cds_QRC98543.1_8525	JI435_303290
lcl|CP069030.1_cds_QRC98544.1_8526	JI435_045950
lcl|CP069030.1_cds_QRC98545.1_8527	JI435_045960
lcl|CP069030.1_cds_QRC98546.1_8528	JI435_045980
lcl|CP069030.1_cds_QRC98547.1_8529	JI435_045990
lcl|CP069030.1_cds_QRC98548.1_8530	JI435_046000
lcl|CP069030.1_cds_QRC98549.1_8531	JI435_046030
lcl|CP069030.1_cds_QRC98550.1_8532	JI435_435830
lcl|CP069030.1_cds_QRC98551.1_8533	JI435_046050
lcl|CP069030.1_cds_QRC98552.1_8534	JI435_046060
lcl|CP069030.1_cds_QRC98553.1_8535	JI435_046070
lcl|CP069030.1_cds_QRC98554.1_8536	JI435_412250
lcl|CP069030.1_cds_QRC98555.1_8537	JI435_412260
lcl|CP069030.1_cds_QRC98556.1_8538	JI435_412270
lcl|CP069030.1_cds_QRC98557.1_8539	JI435_046090
lcl|CP069030.1_cds_QRC98558.1_8540	JI435_412280
lcl|CP069030.1_cds_QRC98559.1_8541	JI435_046100
lcl|CP069030.1_cds_QRC98560.1_8542	JI435_046110
lcl|CP069030.1_cds_QRC98561.1_8543	JI435_046120
lcl|CP069030.1_cds_QRC98562.1_8544	JI435_046130
lcl|CP069030.1_cds_QRC98563.1_8545	JI435_046140
lcl|CP069030.1_cds_QRC98564.1_8546	JI435_046150
lcl|CP069030.1_cds_QRC98565.1_8547	JI435_046160
lcl|CP069030.1_cds_QRC98566.1_8548	JI435_046170
lcl|CP069030.1_cds_QRC98567.1_8549	JI435_046180
lcl|CP069030.1_cds_QRC98568.1_8550	JI435_046190
lcl|CP069030.1_cds_QRC98569.1_8551	JI435_046200
lcl|CP069030.1_cds_QRC98570.1_8552	JI435_412290
lcl|CP069030.1_cds_QRC98571.1_8553	JI435_046220
lcl|CP069030.1_cds_QRC98572.1_8554	JI435_046230
lcl|CP069030.1_cds_QRC98573.1_8555	JI435_046240
lcl|CP069030.1_cds_QRC98574.1_8556	JI435_046260
lcl|CP069030.1_cds_QRC98575.1_8557	JI435_046270
lcl|CP069030.1_cds_QRC98576.1_8558	JI435_412300
lcl|CP069030.1_cds_QRC98577.1_8559	JI435_046280
lcl|CP069030.1_cds_QRC98578.1_8560	JI435_046300
lcl|CP069030.1_cds_QRC98579.1_8561	JI435_046310
lcl|CP069030.1_cds_QRC98580.1_8562	JI435_046320
lcl|CP069030.1_cds_QRC98581.1_8563	JI435_046330
lcl|CP069030.1_cds_QRC98582.1_8564	JI435_046340
lcl|CP069030.1_cds_QRC98583.1_8565	JI435_412310
lcl|CP069030.1_cds_QRC98584.1_8566	JI435_046350
lcl|CP069030.1_cds_QRC98585.1_8567	JI435_412320
lcl|CP069030.1_cds_QRC98586.1_8568	JI435_046360
lcl|CP069030.1_cds_QRC98587.1_8569	JI435_046370
lcl|CP069030.1_cds_QRC98588.1_8570	JI435_046380
lcl|CP069030.1_cds_QRC98589.1_8571	JI435_046390
lcl|CP069030.1_cds_QRC98590.1_8572	JI435_046400
lcl|CP069030.1_cds_QRC98591.1_8573	JI435_046410
lcl|CP069030.1_cds_QRC98592.1_8574	JI435_046420
lcl|CP069030.1_cds_QRC98593.1_8575	JI435_046430
lcl|CP069030.1_cds_QRC98594.1_8576	JI435_046440
lcl|CP069030.1_cds_QRC98595.1_8577	JI435_046450
lcl|CP069030.1_cds_QRC98596.1_8578	JI435_412330
lcl|CP069030.1_cds_QRC98597.1_8579	JI435_412340
lcl|CP069030.1_cds_QRC98598.1_8580	JI435_046460
lcl|CP069030.1_cds_QRC98599.1_8581	JI435_046470
lcl|CP069030.1_cds_QRC98600.1_8582	JI435_046490
lcl|CP069030.1_cds_QRC98601.1_8583	JI435_046500
lcl|CP069030.1_cds_QRC98602.1_8584	JI435_046510
lcl|CP069030.1_cds_QRC98603.1_8585	JI435_435880
lcl|CP069030.1_cds_QRC98604.1_8586	JI435_412350
lcl|CP069030.1_cds_QRC98605.1_8587	JI435_046530
lcl|CP069030.1_cds_QRC98606.1_8588	JI435_046540
lcl|CP069030.1_cds_QRC98607.1_8589	JI435_046560
lcl|CP069030.1_cds_QRC98608.1_8590	JI435_412360
lcl|CP069030.1_cds_QRC98609.1_8591	JI435_046570
lcl|CP069030.1_cds_QRC98610.1_8592	JI435_046580
lcl|CP069030.1_cds_QRC98611.1_8593	JI435_046590
lcl|CP069030.1_cds_QRC98612.1_8594	JI435_046600
lcl|CP069030.1_cds_QRC98613.1_8595	JI435_046610
lcl|CP069030.1_cds_QRC98614.1_8596	JI435_046620
lcl|CP069030.1_cds_QRC98615.1_8597	JI435_046630
lcl|CP069030.1_cds_QRC98616.1_8598	JI435_435910
lcl|CP069030.1_cds_QRC98617.1_8599	JI435_435920
lcl|CP069030.1_cds_QRC98618.1_8600	JI435_046660
lcl|CP069030.1_cds_QRC98619.1_8601	JI435_046670
lcl|CP069030.1_cds_QRC98620.1_8602	JI435_046680
lcl|CP069030.1_cds_QRC98621.1_8603	JI435_046690
lcl|CP069030.1_cds_QRC98622.1_8604	JI435_412370
lcl|CP069030.1_cds_QRC98623.1_8605	JI435_046700
lcl|CP069030.1_cds_QRC98624.1_8606	JI435_046710
lcl|CP069030.1_cds_QRC98625.1_8607	JI435_046720
lcl|CP069030.1_cds_QRC98626.1_8608	JI435_046730
lcl|CP069030.1_cds_QRC98627.1_8609	JI435_046740
lcl|CP069030.1_cds_QRC98628.1_8610	JI435_046750
lcl|CP069030.1_cds_QRC98629.1_8611	JI435_046760
lcl|CP069030.1_cds_QRC98630.1_8612	JI435_046770
lcl|CP069030.1_cds_QRC98631.1_8613	JI435_412380
lcl|CP069030.1_cds_QRC98632.1_8614	JI435_046780
lcl|CP069030.1_cds_QRC98633.1_8615	JI435_046790
lcl|CP069030.1_cds_QRC98634.1_8616	JI435_046800
lcl|CP069030.1_cds_QRC98635.1_8617	JI435_046810
lcl|CP069030.1_cds_QRC98636.1_8618	JI435_046820
lcl|CP069030.1_cds_QRC98637.1_8619	JI435_046830
lcl|CP069030.1_cds_QRC98638.1_8620	JI435_046850
lcl|CP069030.1_cds_QRC98640.1_8621	JI435_046860
lcl|CP069030.1_cds_QRC98639.1_8622	JI435_046860
lcl|CP069030.1_cds_QRC98641.1_8623	JI435_046870
lcl|CP069030.1_cds_QRC98642.1_8624	JI435_046880
lcl|CP069030.1_cds_QRC98643.1_8625	JI435_046890
lcl|CP069030.1_cds_QRC98644.1_8626	JI435_046910
lcl|CP069030.1_cds_QRC98645.1_8627	JI435_303300
lcl|CP069030.1_cds_QRC98646.1_8628	JI435_046920
lcl|CP069030.1_cds_QRC98647.1_8629	JI435_412390
lcl|CP069030.1_cds_QRC98648.1_8630	JI435_046930
lcl|CP069030.1_cds_QRC98649.1_8631	JI435_046940
lcl|CP069030.1_cds_QRC98650.1_8632	JI435_046950
lcl|CP069030.1_cds_QRC98651.1_8633	JI435_046960
lcl|CP069030.1_cds_QRC98652.1_8634	JI435_046970
lcl|CP069030.1_cds_QRC98653.1_8635	JI435_046980
lcl|CP069030.1_cds_QRC98654.1_8636	JI435_047000
lcl|CP069030.1_cds_QRC98655.1_8637	JI435_047010
lcl|CP069030.1_cds_QRC98656.1_8638	JI435_047020
lcl|CP069030.1_cds_QRC98657.1_8639	JI435_047030
lcl|CP069030.1_cds_QRC98658.1_8640	JI435_047040
lcl|CP069030.1_cds_QRC98659.1_8641	JI435_047050
lcl|CP069030.1_cds_QRC98660.1_8642	JI435_047060
lcl|CP069030.1_cds_QRC98661.1_8643	JI435_047070
lcl|CP069030.1_cds_QRC98662.1_8644	JI435_047080
lcl|CP069030.1_cds_QRC98663.1_8645	JI435_047090
lcl|CP069030.1_cds_QRC98664.1_8646	JI435_047100
lcl|CP069030.1_cds_QRC98665.1_8647	JI435_047110
lcl|CP069030.1_cds_QRC98666.1_8648	JI435_412400
lcl|CP069030.1_cds_QRC98667.1_8649	JI435_047120
lcl|CP069030.1_cds_QRC98668.1_8650	JI435_047130
lcl|CP069030.1_cds_QRC98669.1_8651	JI435_412410
lcl|CP069030.1_cds_QRC98671.1_8652	JI435_412420
lcl|CP069030.1_cds_QRC98670.1_8653	JI435_412420
lcl|CP069030.1_cds_QRC98672.1_8654	JI435_047140
lcl|CP069030.1_cds_QRC98673.1_8655	JI435_047150
lcl|CP069030.1_cds_QRC98674.1_8656	JI435_303310
lcl|CP069030.1_cds_QRC98675.1_8657	JI435_412430
lcl|CP069030.1_cds_QRC98676.1_8658	JI435_047160
lcl|CP069030.1_cds_QRC98677.1_8659	JI435_047170
lcl|CP069030.1_cds_QRC98678.1_8660	JI435_047180
lcl|CP069030.1_cds_QRC98679.1_8661	JI435_303320
lcl|CP069030.1_cds_QRC98680.1_8662	JI435_047190
lcl|CP069030.1_cds_QRC98681.1_8663	JI435_047210
lcl|CP069030.1_cds_QRC98682.1_8664	JI435_412440
lcl|CP069030.1_cds_QRC98683.1_8665	JI435_047230
lcl|CP069030.1_cds_QRC98684.1_8666	JI435_047250
lcl|CP069030.1_cds_QRC98685.1_8667	JI435_047260
lcl|CP069030.1_cds_QRC98686.1_8668	JI435_047270
lcl|CP069030.1_cds_QRC98687.1_8669	JI435_412450
lcl|CP069030.1_cds_QRC98688.1_8670	JI435_047280
lcl|CP069030.1_cds_QRC98689.1_8671	JI435_047290
lcl|CP069030.1_cds_QRC98690.1_8672	JI435_047300
lcl|CP069030.1_cds_QRC98691.1_8673	JI435_047330
lcl|CP069030.1_cds_QRC98692.1_8674	JI435_047340
lcl|CP069030.1_cds_QRC98693.1_8675	JI435_047350
lcl|CP069030.1_cds_QRC98694.1_8676	JI435_047360
lcl|CP069030.1_cds_QRC98695.1_8677	JI435_047370
lcl|CP069030.1_cds_QRC98696.1_8678	JI435_047380
lcl|CP069030.1_cds_QRC98697.1_8679	JI435_047390
lcl|CP069030.1_cds_QRC98698.1_8680	JI435_047400
lcl|CP069030.1_cds_QRC98699.1_8681	JI435_412460
lcl|CP069030.1_cds_QRC98700.1_8682	JI435_047410
lcl|CP069030.1_cds_QRC98701.1_8683	JI435_412470
lcl|CP069030.1_cds_QRC98702.1_8684	JI435_047420
lcl|CP069030.1_cds_QRC98703.1_8685	JI435_047430
lcl|CP069030.1_cds_QRC98704.1_8686	JI435_047440
lcl|CP069030.1_cds_QRC98705.1_8687	JI435_047450
lcl|CP069030.1_cds_QRC98706.1_8688	JI435_047460
lcl|CP069030.1_cds_QRC98707.1_8689	JI435_047470
lcl|CP069030.1_cds_QRC98708.1_8690	JI435_047480
lcl|CP069030.1_cds_QRC98709.1_8691	JI435_047490
lcl|CP069030.1_cds_QRC98710.1_8692	JI435_047510
lcl|CP069030.1_cds_QRC98711.1_8693	JI435_047520
lcl|CP069030.1_cds_QRC98712.1_8694	JI435_047530
lcl|CP069030.1_cds_QRC98713.1_8695	JI435_047550
lcl|CP069030.1_cds_QRC98714.1_8696	JI435_047560
lcl|CP069030.1_cds_QRC98715.1_8697	JI435_303330
lcl|CP069030.1_cds_QRC98716.1_8698	JI435_047570
lcl|CP069030.1_cds_QRC98717.1_8699	JI435_047580
lcl|CP069030.1_cds_QRC98718.1_8700	JI435_047590
lcl|CP069030.1_cds_QRC98719.1_8701	JI435_047600
lcl|CP069030.1_cds_QRC98720.1_8702	JI435_436030
lcl|CP069030.1_cds_QRC98721.1_8703	JI435_047620
lcl|CP069030.1_cds_QRC98722.1_8704	JI435_047630
lcl|CP069030.1_cds_QRC98723.1_8705	JI435_047640
lcl|CP069030.1_cds_QRC98724.1_8706	JI435_412480
lcl|CP069030.1_cds_QRC98725.1_8707	JI435_047660
lcl|CP069030.1_cds_QRC98726.1_8708	JI435_047670
lcl|CP069030.1_cds_QRC98727.1_8709	JI435_200460
lcl|CP069030.1_cds_QRC98728.1_8710	JI435_047720
lcl|CP069031.1_cds_QRC98729.1_8711	JI435_061010
lcl|CP069031.1_cds_QRC98730.1_8712	JI435_061020
lcl|CP069031.1_cds_QRC98731.1_8713	JI435_061030
lcl|CP069031.1_cds_QRC98732.1_8714	JI435_436080
lcl|CP069031.1_cds_QRC98733.1_8715	JI435_061050
lcl|CP069031.1_cds_QRC98734.1_8716	JI435_436090
lcl|CP069031.1_cds_QRC98735.1_8717	JI435_436110
lcl|CP069031.1_cds_QRC98736.1_8718	JI435_436120
lcl|CP069031.1_cds_QRC98737.1_8719	JI435_061090
lcl|CP069031.1_cds_QRC98738.1_8720	JI435_436130
lcl|CP069031.1_cds_QRC98739.1_8721	JI435_436140
lcl|CP069031.1_cds_QRC98740.1_8722	JI435_061100
lcl|CP069031.1_cds_QRC98741.1_8723	JI435_061110
lcl|CP069031.1_cds_QRC98742.1_8724	JI435_412490
lcl|CP069031.1_cds_QRC98743.1_8725	JI435_061120
lcl|CP069031.1_cds_QRC98744.1_8726	JI435_061130
lcl|CP069031.1_cds_QRC98745.1_8727	JI435_061150
lcl|CP069031.1_cds_QRC98746.1_8728	JI435_061160
lcl|CP069031.1_cds_QRC98747.1_8729	JI435_061170
lcl|CP069031.1_cds_QRC98748.1_8730	JI435_061180
lcl|CP069031.1_cds_QRC98749.1_8731	JI435_061210
lcl|CP069031.1_cds_QRC98750.1_8732	JI435_061220
lcl|CP069031.1_cds_QRC98751.1_8733	JI435_061230
lcl|CP069031.1_cds_QRC98752.1_8734	JI435_436290
lcl|CP069031.1_cds_QRC98753.1_8735	JI435_061250
lcl|CP069031.1_cds_QRC98754.1_8736	JI435_061280
lcl|CP069031.1_cds_QRC98755.1_8737	JI435_061290
lcl|CP069031.1_cds_QRC98756.1_8738	JI435_412500
lcl|CP069031.1_cds_QRC98757.1_8739	JI435_061300
lcl|CP069031.1_cds_QRC98758.1_8740	JI435_061310
lcl|CP069031.1_cds_QRC98759.1_8741	JI435_061320
lcl|CP069031.1_cds_QRC98760.1_8742	JI435_412510
lcl|CP069031.1_cds_QRC98761.1_8743	JI435_061330
lcl|CP069031.1_cds_QRC98762.1_8744	JI435_061340
lcl|CP069031.1_cds_QRC98763.1_8745	JI435_412520
lcl|CP069031.1_cds_QRC98764.1_8746	JI435_061350
lcl|CP069031.1_cds_QRC98765.1_8747	JI435_061360
lcl|CP069031.1_cds_QRC98766.1_8748	JI435_061370
lcl|CP069031.1_cds_QRC98767.1_8749	JI435_061380
lcl|CP069031.1_cds_QRC98768.1_8750	JI435_436310
lcl|CP069031.1_cds_QRC98769.1_8751	JI435_061400
lcl|CP069031.1_cds_QRC98770.1_8752	JI435_061410
lcl|CP069031.1_cds_QRC98771.1_8753	JI435_061420
lcl|CP069031.1_cds_QRC98772.1_8754	JI435_061450
lcl|CP069031.1_cds_QRC98773.1_8755	JI435_061460
lcl|CP069031.1_cds_QRC98774.1_8756	JI435_061470
lcl|CP069031.1_cds_QRC98775.1_8757	JI435_412530
lcl|CP069031.1_cds_QRC98776.1_8758	JI435_061480
lcl|CP069031.1_cds_QRC98777.1_8759	JI435_061490
lcl|CP069031.1_cds_QRC98778.1_8760	JI435_061500
lcl|CP069031.1_cds_QRC98779.1_8761	JI435_061520
lcl|CP069031.1_cds_QRC98780.1_8762	JI435_061530
lcl|CP069031.1_cds_QRC98781.1_8763	JI435_061540
lcl|CP069031.1_cds_QRC98782.1_8764	JI435_061560
lcl|CP069031.1_cds_QRC98783.1_8765	JI435_061580
lcl|CP069031.1_cds_QRC98784.1_8766	JI435_061590
lcl|CP069031.1_cds_QRC98785.1_8767	JI435_061600
lcl|CP069031.1_cds_QRC98786.1_8768	JI435_412540
lcl|CP069031.1_cds_QRC98787.1_8769	JI435_412550
lcl|CP069031.1_cds_QRC98788.1_8770	JI435_061610
lcl|CP069031.1_cds_QRC98789.1_8771	JI435_061630
lcl|CP069031.1_cds_QRC98790.1_8772	JI435_412560
lcl|CP069031.1_cds_QRC98791.1_8773	JI435_061640
lcl|CP069031.1_cds_QRC98792.1_8774	JI435_061660
lcl|CP069031.1_cds_QRC98793.1_8775	JI435_061670
lcl|CP069031.1_cds_QRC98794.1_8776	JI435_061680
lcl|CP069031.1_cds_QRC98795.1_8777	JI435_061690
lcl|CP069031.1_cds_QRC98796.1_8778	JI435_061700
lcl|CP069031.1_cds_QRC98797.1_8779	JI435_304480
lcl|CP069031.1_cds_QRC98798.1_8780	JI435_061710
lcl|CP069031.1_cds_QRC98799.1_8781	JI435_436350
lcl|CP069031.1_cds_QRC98800.1_8782	JI435_436360
lcl|CP069031.1_cds_QRC98801.1_8783	JI435_061730
lcl|CP069031.1_cds_QRC98802.1_8784	JI435_061740
lcl|CP069031.1_cds_QRC98803.1_8785	JI435_412570
lcl|CP069031.1_cds_QRC98804.1_8786	JI435_061750
lcl|CP069031.1_cds_QRC98805.1_8787	JI435_061760
lcl|CP069031.1_cds_QRC98806.1_8788	JI435_412580
lcl|CP069031.1_cds_QRC98807.1_8789	JI435_061770
lcl|CP069031.1_cds_QRC98808.1_8790	JI435_436370
lcl|CP069031.1_cds_QRC98809.1_8791	JI435_061790
lcl|CP069031.1_cds_QRC98810.1_8792	JI435_412590
lcl|CP069031.1_cds_QRC98811.1_8793	JI435_412600
lcl|CP069031.1_cds_QRC98812.1_8794	JI435_412610
lcl|CP069031.1_cds_QRC98813.1_8795	JI435_412620
lcl|CP069031.1_cds_QRC98814.1_8796	JI435_412630
lcl|CP069031.1_cds_QRC98815.1_8797	JI435_061800
lcl|CP069031.1_cds_QRC98816.1_8798	JI435_061810
lcl|CP069031.1_cds_QRC98817.1_8799	JI435_436380
lcl|CP069031.1_cds_QRC98818.1_8800	JI435_061830
lcl|CP069031.1_cds_QRC98819.1_8801	JI435_304490
lcl|CP069031.1_cds_QRC98820.1_8802	JI435_061860
lcl|CP069031.1_cds_QRC98821.1_8803	JI435_061870
lcl|CP069031.1_cds_QRC98822.1_8804	JI435_061880
lcl|CP069031.1_cds_QRC98823.1_8805	JI435_061890
lcl|CP069031.1_cds_QRC98824.1_8806	JI435_061900
lcl|CP069031.1_cds_QRC98825.1_8807	JI435_304500
lcl|CP069031.1_cds_QRC98826.1_8808	JI435_061910
lcl|CP069031.1_cds_QRC98827.1_8809	JI435_061920
lcl|CP069031.1_cds_QRC98828.1_8810	JI435_412640
lcl|CP069031.1_cds_QRC98829.1_8811	JI435_061940
lcl|CP069031.1_cds_QRC98830.1_8812	JI435_412650
lcl|CP069031.1_cds_QRC98831.1_8813	JI435_061960
lcl|CP069031.1_cds_QRC98832.1_8814	JI435_304510
lcl|CP069031.1_cds_QRC98833.1_8815	JI435_436400
lcl|CP069031.1_cds_QRC98834.1_8816	JI435_304520
lcl|CP069031.1_cds_QRC98835.1_8817	JI435_061970
lcl|CP069031.1_cds_QRC98836.1_8818	JI435_436410
lcl|CP069031.1_cds_QRC98837.1_8819	JI435_061990
lcl|CP069031.1_cds_QRC98838.1_8820	JI435_062020
lcl|CP069031.1_cds_QRC98839.1_8821	JI435_062030
lcl|CP069031.1_cds_QRC98840.1_8822	JI435_062040
lcl|CP069031.1_cds_QRC98841.1_8823	JI435_436450
lcl|CP069031.1_cds_QRC98842.1_8824	JI435_436460
lcl|CP069031.1_cds_QRC98843.1_8825	JI435_062060
lcl|CP069031.1_cds_QRC98844.1_8826	JI435_062070
lcl|CP069031.1_cds_QRC98845.1_8827	JI435_062080
lcl|CP069031.1_cds_QRC98846.1_8828	JI435_062090
lcl|CP069031.1_cds_QRC98847.1_8829	JI435_062100
lcl|CP069031.1_cds_QRC98848.1_8830	JI435_062110
lcl|CP069031.1_cds_QRC98849.1_8831	JI435_062120
lcl|CP069031.1_cds_QRC98850.1_8832	JI435_062130
lcl|CP069031.1_cds_QRC98851.1_8833	JI435_062140
lcl|CP069031.1_cds_QRC98852.1_8834	JI435_304530
lcl|CP069031.1_cds_QRC98853.1_8835	JI435_062180
lcl|CP069031.1_cds_QRC98854.1_8836	JI435_412660
lcl|CP069031.1_cds_QRC98855.1_8837	JI435_062190
lcl|CP069031.1_cds_QRC98856.1_8838	JI435_062200
lcl|CP069031.1_cds_QRC98857.1_8839	JI435_412670
lcl|CP069031.1_cds_QRC98858.1_8840	JI435_436470
lcl|CP069031.1_cds_QRC98859.1_8841	JI435_062220
lcl|CP069031.1_cds_QRC98860.1_8842	JI435_062230
lcl|CP069031.1_cds_QRC98861.1_8843	JI435_062240
lcl|CP069031.1_cds_QRC98862.1_8844	JI435_062260
lcl|CP069031.1_cds_QRC98863.1_8845	JI435_436490
lcl|CP069031.1_cds_QRC98864.1_8846	JI435_436500
lcl|CP069031.1_cds_QRC98865.1_8847	JI435_062290
lcl|CP069031.1_cds_QRC98866.1_8848	JI435_412680
lcl|CP069031.1_cds_QRC98867.1_8849	JI435_062310
lcl|CP069031.1_cds_QRC98868.1_8850	JI435_062320
lcl|CP069031.1_cds_QRC98869.1_8851	JI435_062330
lcl|CP069031.1_cds_QRC98870.1_8852	JI435_062330
lcl|CP069031.1_cds_QRC98871.1_8853	JI435_062340
lcl|CP069031.1_cds_QRC98872.1_8854	JI435_412690
lcl|CP069031.1_cds_QRC98873.1_8855	JI435_062350
lcl|CP069031.1_cds_QRC98874.1_8856	JI435_062360
lcl|CP069031.1_cds_QRC98875.1_8857	JI435_062370
lcl|CP069031.1_cds_QRC98876.1_8858	JI435_062380
lcl|CP069031.1_cds_QRC98877.1_8859	JI435_412700
lcl|CP069031.1_cds_QRC98878.1_8860	JI435_062390
lcl|CP069031.1_cds_QRC98879.1_8861	JI435_412710
lcl|CP069031.1_cds_QRC98880.1_8862	JI435_062420
lcl|CP069031.1_cds_QRC98881.1_8863	JI435_412720
lcl|CP069031.1_cds_QRC98882.1_8864	JI435_062430
lcl|CP069031.1_cds_QRC98883.1_8865	JI435_062440
lcl|CP069031.1_cds_QRC98884.1_8866	JI435_062450
lcl|CP069031.1_cds_QRC98885.1_8867	JI435_412730
lcl|CP069031.1_cds_QRC98886.1_8868	JI435_412740
lcl|CP069031.1_cds_QRC98887.1_8869	JI435_062460
lcl|CP069031.1_cds_QRC98888.1_8870	JI435_062470
lcl|CP069031.1_cds_QRC98889.1_8871	JI435_062480
lcl|CP069031.1_cds_QRC98890.1_8872	JI435_412750
lcl|CP069031.1_cds_QRC98891.1_8873	JI435_062490
lcl|CP069031.1_cds_QRC98892.1_8874	JI435_062500
lcl|CP069031.1_cds_QRC98893.1_8875	JI435_062520
lcl|CP069031.1_cds_QRC98894.1_8876	JI435_062530
lcl|CP069031.1_cds_QRC98895.1_8877	JI435_062540
lcl|CP069031.1_cds_QRC98896.1_8878	JI435_062550
lcl|CP069031.1_cds_QRC98897.1_8879	JI435_062570
lcl|CP069031.1_cds_QRC98898.1_8880	JI435_062580
lcl|CP069031.1_cds_QRC98899.1_8881	JI435_062590
lcl|CP069031.1_cds_QRC98900.1_8882	JI435_062600
lcl|CP069031.1_cds_QRC98901.1_8883	JI435_062610
lcl|CP069031.1_cds_QRC98902.1_8884	JI435_062640
lcl|CP069031.1_cds_QRC98903.1_8885	JI435_062650
lcl|CP069031.1_cds_QRC98904.1_8886	JI435_062660
lcl|CP069031.1_cds_QRC98905.1_8887	JI435_062670
lcl|CP069031.1_cds_QRC98906.1_8888	JI435_062680
lcl|CP069031.1_cds_QRC98907.1_8889	JI435_062690
lcl|CP069031.1_cds_QRC98908.1_8890	JI435_304540
lcl|CP069031.1_cds_QRC98909.1_8891	JI435_062710
lcl|CP069031.1_cds_QRC98910.1_8892	JI435_062720
lcl|CP069031.1_cds_QRC98911.1_8893	JI435_062730
lcl|CP069031.1_cds_QRC98912.1_8894	JI435_062740
lcl|CP069031.1_cds_QRC98913.1_8895	JI435_412760
lcl|CP069031.1_cds_QRC98914.1_8896	JI435_062750
lcl|CP069031.1_cds_QRC98915.1_8897	JI435_062760
lcl|CP069031.1_cds_QRC98916.1_8898	JI435_412770
lcl|CP069031.1_cds_QRC98917.1_8899	JI435_412780
lcl|CP069031.1_cds_QRC98918.1_8900	JI435_062770
lcl|CP069031.1_cds_QRC98919.1_8901	JI435_062780
lcl|CP069031.1_cds_QRC98920.1_8902	JI435_062800
lcl|CP069031.1_cds_QRC98921.1_8903	JI435_412790
lcl|CP069031.1_cds_QRC98922.1_8904	JI435_062810
lcl|CP069031.1_cds_QRC98923.1_8905	JI435_062820
lcl|CP069031.1_cds_QRC98924.1_8906	JI435_412800
lcl|CP069031.1_cds_QRC98925.1_8907	JI435_062830
lcl|CP069031.1_cds_QRC98926.1_8908	JI435_062840
lcl|CP069031.1_cds_QRC98927.1_8909	JI435_062850
lcl|CP069031.1_cds_QRC98928.1_8910	JI435_062860
lcl|CP069031.1_cds_QRC98929.1_8911	JI435_436510
lcl|CP069031.1_cds_QRC98930.1_8912	JI435_062870
lcl|CP069031.1_cds_QRC98931.1_8913	JI435_062880
lcl|CP069031.1_cds_QRC98932.1_8914	JI435_062890
lcl|CP069031.1_cds_QRC98933.1_8915	JI435_062900
lcl|CP069031.1_cds_QRC98934.1_8916	JI435_412810
lcl|CP069031.1_cds_QRC98935.1_8917	JI435_062910
lcl|CP069031.1_cds_QRC98936.1_8918	JI435_062930
lcl|CP069031.1_cds_QRC98937.1_8919	JI435_062940
lcl|CP069031.1_cds_QRC98938.1_8920	JI435_062950
lcl|CP069031.1_cds_QRC98940.1_8921	JI435_062960
lcl|CP069031.1_cds_QRC98939.1_8922	JI435_062960
lcl|CP069031.1_cds_QRC98941.1_8923	JI435_412820
lcl|CP069031.1_cds_QRC98942.1_8924	JI435_412830
lcl|CP069031.1_cds_QRC98943.1_8925	JI435_062970
lcl|CP069031.1_cds_QRC98944.1_8926	JI435_062970
lcl|CP069031.1_cds_QRC98945.1_8927	JI435_062990
lcl|CP069031.1_cds_QRC98946.1_8928	JI435_063000
lcl|CP069031.1_cds_QRC98947.1_8929	JI435_063010
lcl|CP069031.1_cds_QRC98948.1_8930	JI435_063020
lcl|CP069031.1_cds_QRC98949.1_8931	JI435_063030
lcl|CP069031.1_cds_QRC98950.1_8932	JI435_436530
lcl|CP069031.1_cds_QRC98951.1_8933	JI435_063050
lcl|CP069031.1_cds_QRC98952.1_8934	JI435_063060
lcl|CP069031.1_cds_QRC98953.1_8935	JI435_063070
lcl|CP069031.1_cds_QRC98954.1_8936	JI435_063080
lcl|CP069031.1_cds_QRC98956.1_8937	JI435_063090
lcl|CP069031.1_cds_QRC98955.1_8938	JI435_063090
lcl|CP069031.1_cds_QRC98957.1_8939	JI435_063110
lcl|CP069031.1_cds_QRC98958.1_8940	JI435_412840
lcl|CP069031.1_cds_QRC98959.1_8941	JI435_412850
lcl|CP069031.1_cds_QRC98960.1_8942	JI435_412860
lcl|CP069031.1_cds_QRC98961.1_8943	JI435_063130
lcl|CP069031.1_cds_QRC98962.1_8944	JI435_063140
lcl|CP069031.1_cds_QRC98963.1_8945	JI435_063150
lcl|CP069031.1_cds_QRC98964.1_8946	JI435_063160
lcl|CP069031.1_cds_QRC98965.1_8947	JI435_063170
lcl|CP069031.1_cds_QRC98966.1_8948	JI435_412870
lcl|CP069031.1_cds_QRC98967.1_8949	JI435_063180
lcl|CP069031.1_cds_QRC98968.1_8950	JI435_063190
lcl|CP069031.1_cds_QRC98969.1_8951	JI435_063200
lcl|CP069031.1_cds_QRC98970.1_8952	JI435_063210
lcl|CP069031.1_cds_QRC98971.1_8953	JI435_063220
lcl|CP069031.1_cds_QRC98972.1_8954	JI435_063230
lcl|CP069031.1_cds_QRC98973.1_8955	JI435_412880
lcl|CP069031.1_cds_QRC98974.1_8956	JI435_063240
lcl|CP069031.1_cds_QRC98975.1_8957	JI435_063250
lcl|CP069031.1_cds_QRC98976.1_8958	JI435_063260
lcl|CP069031.1_cds_QRC98977.1_8959	JI435_063280
lcl|CP069031.1_cds_QRC98978.1_8960	JI435_063290
lcl|CP069031.1_cds_QRC98979.1_8961	JI435_412890
lcl|CP069031.1_cds_QRC98980.1_8962	JI435_063300
lcl|CP069031.1_cds_QRC98981.1_8963	JI435_063320
lcl|CP069031.1_cds_QRC98982.1_8964	JI435_063340
lcl|CP069031.1_cds_QRC98983.1_8965	JI435_304550
lcl|CP069031.1_cds_QRC98984.1_8966	JI435_412900
lcl|CP069031.1_cds_QRC98985.1_8967	JI435_063350
lcl|CP069031.1_cds_QRC98986.1_8968	JI435_063360
lcl|CP069031.1_cds_QRC98987.1_8969	JI435_436570
lcl|CP069031.1_cds_QRC98988.1_8970	JI435_436580
lcl|CP069031.1_cds_QRC98989.1_8971	JI435_436590
lcl|CP069031.1_cds_QRC98990.1_8972	JI435_063410
lcl|CP069031.1_cds_QRC98991.1_8973	JI435_063430
lcl|CP069031.1_cds_QRC98992.1_8974	JI435_304560
lcl|CP069031.1_cds_QRC98993.1_8975	JI435_063440
lcl|CP069031.1_cds_QRC98994.1_8976	JI435_063460
lcl|CP069031.1_cds_QRC98995.1_8977	JI435_304570
lcl|CP069031.1_cds_QRC98996.1_8978	JI435_063480
lcl|CP069031.1_cds_QRC98997.1_8979	JI435_063490
lcl|CP069031.1_cds_QRC98998.1_8980	JI435_063500
lcl|CP069031.1_cds_QRC98999.1_8981	JI435_200680
lcl|CP069031.1_cds_QRC99000.1_8982	JI435_063510
lcl|CP069031.1_cds_QRC99001.1_8983	JI435_063510
lcl|CP069031.1_cds_QRC99002.1_8984	JI435_063520
lcl|CP069031.1_cds_QRC99003.1_8985	JI435_063530
lcl|CP069031.1_cds_QRC99004.1_8986	JI435_063540
lcl|CP069031.1_cds_QRC99005.1_8987	JI435_063550
lcl|CP069031.1_cds_QRC99006.1_8988	JI435_436600
lcl|CP069031.1_cds_QRC99007.1_8989	JI435_063570
lcl|CP069031.1_cds_QRC99008.1_8990	JI435_063590
lcl|CP069031.1_cds_QRC99009.1_8991	JI435_063600
lcl|CP069031.1_cds_QRC99010.1_8992	JI435_063610
lcl|CP069031.1_cds_QRC99011.1_8993	JI435_063620
lcl|CP069031.1_cds_QRC99012.1_8994	JI435_412910
lcl|CP069031.1_cds_QRC99013.1_8995	JI435_412920
lcl|CP069031.1_cds_QRC99014.1_8996	JI435_063630
lcl|CP069031.1_cds_QRC99015.1_8997	JI435_063640
lcl|CP069031.1_cds_QRC99016.1_8998	JI435_063650
lcl|CP069031.1_cds_QRC99017.1_8999	JI435_412930
lcl|CP069031.1_cds_QRC99018.1_9000	JI435_063670
lcl|CP069031.1_cds_QRC99019.1_9001	JI435_412940
lcl|CP069031.1_cds_QRC99020.1_9002	JI435_412950
lcl|CP069031.1_cds_QRC99021.1_9003	JI435_063680
lcl|CP069031.1_cds_QRC99022.1_9004	JI435_063710
lcl|CP069031.1_cds_QRC99023.1_9005	JI435_063690
lcl|CP069031.1_cds_QRC99024.1_9006	JI435_063720
lcl|CP069031.1_cds_QRC99025.1_9007	JI435_412960
lcl|CP069031.1_cds_QRC99026.1_9008	JI435_063730
lcl|CP069031.1_cds_QRC99027.1_9009	JI435_063740
lcl|CP069031.1_cds_QRC99028.1_9010	JI435_063760
lcl|CP069031.1_cds_QRC99029.1_9011	JI435_063770
lcl|CP069031.1_cds_QRC99030.1_9012	JI435_063780
lcl|CP069031.1_cds_QRC99031.1_9013	JI435_063790
lcl|CP069031.1_cds_QRC99032.1_9014	JI435_063800
lcl|CP069031.1_cds_QRC99033.1_9015	JI435_436620
lcl|CP069031.1_cds_QRC99034.1_9016	JI435_063820
lcl|CP069031.1_cds_QRC99035.1_9017	JI435_063830
lcl|CP069031.1_cds_QRC99036.1_9018	JI435_063840
lcl|CP069031.1_cds_QRC99037.1_9019	JI435_063850
lcl|CP069031.1_cds_QRC99038.1_9020	JI435_063860
lcl|CP069031.1_cds_QRC99039.1_9021	JI435_063870
lcl|CP069031.1_cds_QRC99040.1_9022	JI435_063880
lcl|CP069031.1_cds_QRC99041.1_9023	JI435_063890
lcl|CP069031.1_cds_QRC99042.1_9024	JI435_063900
lcl|CP069031.1_cds_QRC99043.1_9025	JI435_304590
lcl|CP069031.1_cds_QRC99044.1_9026	JI435_063920
lcl|CP069031.1_cds_QRC99045.1_9027	JI435_063930
lcl|CP069031.1_cds_QRC99046.1_9028	JI435_304600
lcl|CP069031.1_cds_QRC99047.1_9029	JI435_063940
lcl|CP069031.1_cds_QRC99048.1_9030	JI435_412970
lcl|CP069031.1_cds_QRC99049.1_9031	JI435_412980
lcl|CP069031.1_cds_QRC99050.1_9032	JI435_063960
lcl|CP069031.1_cds_QRC99051.1_9033	JI435_063970
lcl|CP069031.1_cds_QRC99052.1_9034	JI435_412990
lcl|CP069031.1_cds_QRC99053.1_9035	JI435_063990
lcl|CP069031.1_cds_QRC99054.1_9036	JI435_064000
lcl|CP069031.1_cds_QRC99055.1_9037	JI435_064010
lcl|CP069031.1_cds_QRC99056.1_9038	JI435_064020
lcl|CP069031.1_cds_QRC99057.1_9039	JI435_064030
lcl|CP069031.1_cds_QRC99058.1_9040	JI435_304610
lcl|CP069031.1_cds_QRC99059.1_9041	JI435_064050
lcl|CP069031.1_cds_QRC99060.1_9042	JI435_064060
lcl|CP069031.1_cds_QRC99061.1_9043	JI435_064070
lcl|CP069031.1_cds_QRC99062.1_9044	JI435_064080
lcl|CP069031.1_cds_QRC99063.1_9045	JI435_064090
lcl|CP069031.1_cds_QRC99064.1_9046	JI435_064100
lcl|CP069031.1_cds_QRC99065.1_9047	JI435_064110
lcl|CP069031.1_cds_QRC99066.1_9048	JI435_064110
lcl|CP069031.1_cds_QRC99067.1_9049	JI435_064120
lcl|CP069031.1_cds_QRC99068.1_9050	JI435_064130
lcl|CP069031.1_cds_QRC99069.1_9051	JI435_064140
lcl|CP069031.1_cds_QRC99070.1_9052	JI435_064150
lcl|CP069031.1_cds_QRC99071.1_9053	JI435_064160
lcl|CP069031.1_cds_QRC99072.1_9054	JI435_064180
lcl|CP069031.1_cds_QRC99073.1_9055	JI435_304620
lcl|CP069031.1_cds_QRC99074.1_9056	JI435_064190
lcl|CP069031.1_cds_QRC99075.1_9057	JI435_413000
lcl|CP069031.1_cds_QRC99076.1_9058	JI435_064200
lcl|CP069031.1_cds_QRC99077.1_9059	JI435_064210
lcl|CP069031.1_cds_QRC99078.1_9060	JI435_064230
lcl|CP069031.1_cds_QRC99079.1_9061	JI435_064240
lcl|CP069031.1_cds_QRC99080.1_9062	JI435_064250
lcl|CP069031.1_cds_QRC99081.1_9063	JI435_064260
lcl|CP069031.1_cds_QRC99082.1_9064	JI435_064270
lcl|CP069031.1_cds_QRC99083.1_9065	JI435_064290
lcl|CP069031.1_cds_QRC99084.1_9066	JI435_413010
lcl|CP069031.1_cds_QRC99085.1_9067	JI435_064300
lcl|CP069031.1_cds_QRC99086.1_9068	JI435_064300
lcl|CP069031.1_cds_QRC99087.1_9069	JI435_304630
lcl|CP069031.1_cds_QRC99088.1_9070	JI435_436650
lcl|CP069031.1_cds_QRC99089.1_9071	JI435_064330
lcl|CP069031.1_cds_QRC99090.1_9072	JI435_064340
lcl|CP069031.1_cds_QRC99091.1_9073	JI435_304640
lcl|CP069031.1_cds_QRC99092.1_9074	JI435_413020
lcl|CP069031.1_cds_QRC99093.1_9075	JI435_064350
lcl|CP069031.1_cds_QRC99094.1_9076	JI435_064360
lcl|CP069031.1_cds_QRC99095.1_9077	JI435_064370
lcl|CP069031.1_cds_QRC99096.1_9078	JI435_064380
lcl|CP069031.1_cds_QRC99097.1_9079	JI435_064390
lcl|CP069031.1_cds_QRC99098.1_9080	JI435_064400
lcl|CP069031.1_cds_QRC99099.1_9081	JI435_064410
lcl|CP069031.1_cds_QRC99100.1_9082	JI435_064420
lcl|CP069031.1_cds_QRC99101.1_9083	JI435_413030
lcl|CP069031.1_cds_QRC99102.1_9084	JI435_064430
lcl|CP069031.1_cds_QRC99103.1_9085	JI435_064440
lcl|CP069031.1_cds_QRC99104.1_9086	JI435_064450
lcl|CP069031.1_cds_QRC99105.1_9087	JI435_064460
lcl|CP069031.1_cds_QRC99106.1_9088	JI435_064470
lcl|CP069031.1_cds_QRC99107.1_9089	JI435_064480
lcl|CP069031.1_cds_QRC99108.1_9090	JI435_064490
lcl|CP069031.1_cds_QRC99109.1_9091	JI435_064500
lcl|CP069031.1_cds_QRC99110.1_9092	JI435_064500
lcl|CP069031.1_cds_QRC99111.1_9093	JI435_064500
lcl|CP069031.1_cds_QRC99112.1_9094	JI435_064510
lcl|CP069031.1_cds_QRC99113.1_9095	JI435_436660
lcl|CP069031.1_cds_QRC99114.1_9096	JI435_064550
lcl|CP069031.1_cds_QRC99115.1_9097	JI435_064560
lcl|CP069031.1_cds_QRC99116.1_9098	JI435_064570
lcl|CP069031.1_cds_QRC99117.1_9099	JI435_064580
lcl|CP069031.1_cds_QRC99118.1_9100	JI435_064590
lcl|CP069031.1_cds_QRC99119.1_9101	JI435_413040
lcl|CP069031.1_cds_QRC99120.1_9102	JI435_064600
lcl|CP069031.1_cds_QRC99121.1_9103	JI435_413050
lcl|CP069031.1_cds_QRC99122.1_9104	JI435_064610
lcl|CP069031.1_cds_QRC99123.1_9105	JI435_436690
lcl|CP069031.1_cds_QRC99124.1_9106	JI435_436700
lcl|CP069031.1_cds_QRC99125.1_9107	JI435_064640
lcl|CP069031.1_cds_QRC99126.1_9108	JI435_064650
lcl|CP069031.1_cds_QRC99127.1_9109	JI435_064660
lcl|CP069031.1_cds_QRC99128.1_9110	JI435_064670
lcl|CP069031.1_cds_QRC99129.1_9111	JI435_064680
lcl|CP069031.1_cds_QRC99130.1_9112	JI435_064690
lcl|CP069031.1_cds_QRC99131.1_9113	JI435_064700
lcl|CP069031.1_cds_QRC99132.1_9114	JI435_064710
lcl|CP069031.1_cds_QRC99133.1_9115	JI435_064720
lcl|CP069031.1_cds_QRC99134.1_9116	JI435_064730
lcl|CP069031.1_cds_QRC99135.1_9117	JI435_064750
lcl|CP069031.1_cds_QRC99136.1_9118	JI435_064760
lcl|CP069031.1_cds_QRC99137.1_9119	JI435_064770
lcl|CP069031.1_cds_QRC99138.1_9120	JI435_413060
lcl|CP069031.1_cds_QRC99139.1_9121	JI435_413070
lcl|CP069031.1_cds_QRC99140.1_9122	JI435_064780
lcl|CP069031.1_cds_QRC99141.1_9123	JI435_064790
lcl|CP069031.1_cds_QRC99142.1_9124	JI435_064800
lcl|CP069031.1_cds_QRC99143.1_9125	JI435_064810
lcl|CP069031.1_cds_QRC99144.1_9126	JI435_436730
lcl|CP069031.1_cds_QRC99145.1_9127	JI435_064820
lcl|CP069031.1_cds_QRC99146.1_9128	JI435_064830
lcl|CP069031.1_cds_QRC99147.1_9129	JI435_064840
lcl|CP069031.1_cds_QRC99148.1_9130	JI435_064850
lcl|CP069031.1_cds_QRC99149.1_9131	JI435_304650
lcl|CP069031.1_cds_QRC99150.1_9132	JI435_064860
lcl|CP069031.1_cds_QRC99151.1_9133	JI435_436740
lcl|CP069031.1_cds_QRC99152.1_9134	JI435_304660
lcl|CP069031.1_cds_QRC99153.1_9135	JI435_304670
lcl|CP069031.1_cds_QRC99154.1_9136	JI435_064880
lcl|CP069031.1_cds_QRC99155.1_9137	JI435_064890
lcl|CP069031.1_cds_QRC99156.1_9138	JI435_064900
lcl|CP069031.1_cds_QRC99157.1_9139	JI435_064910
lcl|CP069031.1_cds_QRC99158.1_9140	JI435_064920
lcl|CP069031.1_cds_QRC99159.1_9141	JI435_064940
lcl|CP069031.1_cds_QRC99160.1_9142	JI435_064950
lcl|CP069031.1_cds_QRC99161.1_9143	JI435_064960
lcl|CP069031.1_cds_QRC99162.1_9144	JI435_304680
lcl|CP069031.1_cds_QRC99163.1_9145	JI435_064970
lcl|CP069031.1_cds_QRC99164.1_9146	JI435_064980
lcl|CP069031.1_cds_QRC99165.1_9147	JI435_064990
lcl|CP069031.1_cds_QRC99166.1_9148	JI435_065000
lcl|CP069031.1_cds_QRC99167.1_9149	JI435_413080
lcl|CP069031.1_cds_QRC99169.1_9150	JI435_065010
lcl|CP069031.1_cds_QRC99168.1_9151	JI435_065010
lcl|CP069031.1_cds_QRC99170.1_9152	JI435_065020
lcl|CP069031.1_cds_QRC99171.1_9153	JI435_065030
lcl|CP069031.1_cds_QRC99172.1_9154	JI435_065050
lcl|CP069031.1_cds_QRC99173.1_9155	JI435_065060
lcl|CP069031.1_cds_QRC99174.1_9156	JI435_065070
lcl|CP069031.1_cds_QRC99175.1_9157	JI435_065090
lcl|CP069031.1_cds_QRC99176.1_9158	JI435_304690
lcl|CP069031.1_cds_QRC99177.1_9159	JI435_065100
lcl|CP069031.1_cds_QRC99178.1_9160	JI435_065110
lcl|CP069031.1_cds_QRC99179.1_9161	JI435_065120
lcl|CP069031.1_cds_QRC99180.1_9162	JI435_065130
lcl|CP069031.1_cds_QRC99181.1_9163	JI435_065140
lcl|CP069031.1_cds_QRC99182.1_9164	JI435_413090
lcl|CP069031.1_cds_QRC99183.1_9165	JI435_065150
lcl|CP069031.1_cds_QRC99184.1_9166	JI435_065160
lcl|CP069031.1_cds_QRC99185.1_9167	JI435_065170
lcl|CP069031.1_cds_QRC99186.1_9168	JI435_065190
lcl|CP069031.1_cds_QRC99189.1_9169	JI435_065210
lcl|CP069031.1_cds_QRC99187.1_9170	JI435_065210
lcl|CP069031.1_cds_QRC99188.1_9171	JI435_065210
lcl|CP069031.1_cds_QRC99190.1_9172	JI435_065220
lcl|CP069031.1_cds_QRC99191.1_9173	JI435_065230
lcl|CP069031.1_cds_QRC99192.1_9174	JI435_065240
lcl|CP069031.1_cds_QRC99193.1_9175	JI435_065250
lcl|CP069031.1_cds_QRC99194.1_9176	JI435_065260
lcl|CP069031.1_cds_QRC99195.1_9177	JI435_065270
lcl|CP069031.1_cds_QRC99196.1_9178	JI435_436750
lcl|CP069031.1_cds_QRC99197.1_9179	JI435_065300
lcl|CP069031.1_cds_QRC99198.1_9180	JI435_065310
lcl|CP069031.1_cds_QRC99199.1_9181	JI435_065320
lcl|CP069031.1_cds_QRC99200.1_9182	JI435_065330
lcl|CP069031.1_cds_QRC99201.1_9183	JI435_065340
lcl|CP069031.1_cds_QRC99202.1_9184	JI435_065350
lcl|CP069031.1_cds_QRC99203.1_9185	JI435_436760
lcl|CP069031.1_cds_QRC99204.1_9186	JI435_065380
lcl|CP069031.1_cds_QRC99205.1_9187	JI435_065390
lcl|CP069031.1_cds_QRC99206.1_9188	JI435_065400
lcl|CP069031.1_cds_QRC99207.1_9189	JI435_065410
lcl|CP069031.1_cds_QRC99208.1_9190	JI435_065420
lcl|CP069031.1_cds_QRC99209.1_9191	JI435_065430
lcl|CP069031.1_cds_QRC99210.1_9192	JI435_065440
lcl|CP069031.1_cds_QRC99211.1_9193	JI435_065450
lcl|CP069031.1_cds_QRC99212.1_9194	JI435_413100
lcl|CP069031.1_cds_QRC99213.1_9195	JI435_436790
lcl|CP069031.1_cds_QRC99214.1_9196	JI435_065470
lcl|CP069031.1_cds_QRC99215.1_9197	JI435_065480
lcl|CP069031.1_cds_QRC99216.1_9198	JI435_413110
lcl|CP069031.1_cds_QRC99217.1_9199	JI435_065490
lcl|CP069031.1_cds_QRC99218.1_9200	JI435_065500
lcl|CP069031.1_cds_QRC99219.1_9201	JI435_304710
lcl|CP069031.1_cds_QRC99220.1_9202	JI435_065510
lcl|CP069031.1_cds_QRC99221.1_9203	JI435_065520
lcl|CP069031.1_cds_QRC99222.1_9204	JI435_413120
lcl|CP069031.1_cds_QRC99223.1_9205	JI435_065530
lcl|CP069031.1_cds_QRC99224.1_9206	JI435_065540
lcl|CP069031.1_cds_QRC99225.1_9207	JI435_065550
lcl|CP069031.1_cds_QRC99226.1_9208	JI435_413130
lcl|CP069031.1_cds_QRC99227.1_9209	JI435_065570
lcl|CP069031.1_cds_QRC99228.1_9210	JI435_413140
lcl|CP069031.1_cds_QRC99229.1_9211	JI435_304720
lcl|CP069031.1_cds_QRC99230.1_9212	JI435_065610
lcl|CP069031.1_cds_QRC99231.1_9213	JI435_065620
lcl|CP069031.1_cds_QRC99232.1_9214	JI435_413150
lcl|CP069031.1_cds_QRC99233.1_9215	JI435_065630
lcl|CP069031.1_cds_QRC99234.1_9216	JI435_413160
lcl|CP069031.1_cds_QRC99235.1_9217	JI435_065640
lcl|CP069031.1_cds_QRC99236.1_9218	JI435_065650
lcl|CP069031.1_cds_QRC99237.1_9219	JI435_413170
lcl|CP069031.1_cds_QRC99238.1_9220	JI435_065680
lcl|CP069031.1_cds_QRC99239.1_9221	JI435_065690
lcl|CP069031.1_cds_QRC99240.1_9222	JI435_065710
lcl|CP069031.1_cds_QRC99241.1_9223	JI435_065720
lcl|CP069031.1_cds_QRC99243.1_9224	JI435_065730
lcl|CP069031.1_cds_QRC99242.1_9225	JI435_065730
lcl|CP069031.1_cds_QRC99244.1_9226	JI435_065740
lcl|CP069031.1_cds_QRC99245.1_9227	JI435_065750
lcl|CP069031.1_cds_QRC99246.1_9228	JI435_065760
lcl|CP069031.1_cds_QRC99247.1_9229	JI435_065770
lcl|CP069031.1_cds_QRC99248.1_9230	JI435_065780
lcl|CP069031.1_cds_QRC99249.1_9231	JI435_413180
lcl|CP069031.1_cds_QRC99251.1_9232	JI435_304730
lcl|CP069031.1_cds_QRC99250.1_9233	JI435_304730
lcl|CP069031.1_cds_QRC99252.1_9234	JI435_065820
lcl|CP069031.1_cds_QRC99253.1_9235	JI435_065830
lcl|CP069031.1_cds_QRC99254.1_9236	JI435_065840
lcl|CP069031.1_cds_QRC99255.1_9237	JI435_065850
lcl|CP069031.1_cds_QRC99256.1_9238	JI435_065860
lcl|CP069031.1_cds_QRC99257.1_9239	JI435_065870
lcl|CP069031.1_cds_QRC99258.1_9240	JI435_065880
lcl|CP069031.1_cds_QRC99259.1_9241	JI435_065890
lcl|CP069031.1_cds_QRC99260.1_9242	JI435_065900
lcl|CP069031.1_cds_QRC99261.1_9243	JI435_065910
lcl|CP069031.1_cds_QRC99262.1_9244	JI435_065920
lcl|CP069031.1_cds_QRC99263.1_9245	JI435_065930
lcl|CP069031.1_cds_QRC99264.1_9246	JI435_065940
lcl|CP069031.1_cds_QRC99265.1_9247	JI435_065950
lcl|CP069031.1_cds_QRC99266.1_9248	JI435_065970
lcl|CP069031.1_cds_QRC99267.1_9249	JI435_065980
lcl|CP069031.1_cds_QRC99268.1_9250	JI435_065990
lcl|CP069031.1_cds_QRC99269.1_9251	JI435_066010
lcl|CP069031.1_cds_QRC99270.1_9252	JI435_066030
lcl|CP069031.1_cds_QRC99271.1_9253	JI435_066040
lcl|CP069031.1_cds_QRC99272.1_9254	JI435_066040
lcl|CP069031.1_cds_QRC99273.1_9255	JI435_066050
lcl|CP069031.1_cds_QRC99274.1_9256	JI435_066060
lcl|CP069031.1_cds_QRC99275.1_9257	JI435_413190
lcl|CP069031.1_cds_QRC99276.1_9258	JI435_066070
lcl|CP069031.1_cds_QRC99277.1_9259	JI435_436840
lcl|CP069031.1_cds_QRC99278.1_9260	JI435_066080
lcl|CP069031.1_cds_QRC99279.1_9261	JI435_413200
lcl|CP069031.1_cds_QRC99280.1_9262	JI435_066100
lcl|CP069031.1_cds_QRC99281.1_9263	JI435_066110
lcl|CP069031.1_cds_QRC99282.1_9264	JI435_413210
lcl|CP069031.1_cds_QRC99283.1_9265	JI435_304740
lcl|CP069031.1_cds_QRC99284.1_9266	JI435_066140
lcl|CP069031.1_cds_QRC99285.1_9267	JI435_066150
lcl|CP069031.1_cds_QRC99286.1_9268	JI435_066160
lcl|CP069031.1_cds_QRC99287.1_9269	JI435_066170
lcl|CP069031.1_cds_QRC99288.1_9270	JI435_066180
lcl|CP069031.1_cds_QRC99289.1_9271	JI435_066190
lcl|CP069031.1_cds_QRC99290.1_9272	JI435_066200
lcl|CP069031.1_cds_QRC99291.1_9273	JI435_413220
lcl|CP069031.1_cds_QRC99292.1_9274	JI435_066210
lcl|CP069031.1_cds_QRC99293.1_9275	JI435_066210
lcl|CP069031.1_cds_QRC99294.1_9276	JI435_066230
lcl|CP069031.1_cds_QRC99295.1_9277	JI435_066240
lcl|CP069031.1_cds_QRC99296.1_9278	JI435_066250
lcl|CP069031.1_cds_QRC99297.1_9279	JI435_066260
lcl|CP069031.1_cds_QRC99298.1_9280	JI435_066270
lcl|CP069031.1_cds_QRC99299.1_9281	JI435_066280
lcl|CP069031.1_cds_QRC99300.1_9282	JI435_304760
lcl|CP069031.1_cds_QRC99301.1_9283	JI435_304760
lcl|CP069031.1_cds_QRC99302.1_9284	JI435_066290
lcl|CP069031.1_cds_QRC99303.1_9285	JI435_066300
lcl|CP069031.1_cds_QRC99304.1_9286	JI435_066310
lcl|CP069031.1_cds_QRC99305.1_9287	JI435_066330
lcl|CP069031.1_cds_QRC99306.1_9288	JI435_066340
lcl|CP069031.1_cds_QRC99307.1_9289	JI435_066350
lcl|CP069031.1_cds_QRC99308.1_9290	JI435_066360
lcl|CP069031.1_cds_QRC99309.1_9291	JI435_413230
lcl|CP069031.1_cds_QRC99310.1_9292	JI435_066370
lcl|CP069031.1_cds_QRC99311.1_9293	JI435_066390
lcl|CP069031.1_cds_QRC99312.1_9294	JI435_413240
lcl|CP069031.1_cds_QRC99313.1_9295	JI435_066400
lcl|CP069031.1_cds_QRC99314.1_9296	JI435_066410
lcl|CP069031.1_cds_QRC99315.1_9297	JI435_066430
lcl|CP069031.1_cds_QRC99316.1_9298	JI435_066440
lcl|CP069031.1_cds_QRC99317.1_9299	JI435_066460
lcl|CP069031.1_cds_QRC99318.1_9300	JI435_066480
lcl|CP069031.1_cds_QRC99319.1_9301	JI435_066530
lcl|CP069031.1_cds_QRC99320.1_9302	JI435_066540
lcl|CP069031.1_cds_QRC99321.1_9303	JI435_066550
lcl|CP069031.1_cds_QRC99322.1_9304	JI435_066570
lcl|CP069031.1_cds_QRC99323.1_9305	JI435_304770
lcl|CP069031.1_cds_QRC99324.1_9306	JI435_413250
lcl|CP069031.1_cds_QRC99325.1_9307	JI435_066590
lcl|CP069031.1_cds_QRC99326.1_9308	JI435_413260
lcl|CP069031.1_cds_QRC99327.1_9309	JI435_436880
lcl|CP069031.1_cds_QRC99328.1_9310	JI435_436890
lcl|CP069031.1_cds_QRC99329.1_9311	JI435_413270
lcl|CP069031.1_cds_QRC99330.1_9312	JI435_066610
lcl|CP069031.1_cds_QRC99331.1_9313	JI435_066630
lcl|CP069031.1_cds_QRC99332.1_9314	JI435_066640
lcl|CP069031.1_cds_QRC99333.1_9315	JI435_304780
lcl|CP069031.1_cds_QRC99334.1_9316	JI435_304790
lcl|CP069031.1_cds_QRC99335.1_9317	JI435_066650
lcl|CP069031.1_cds_QRC99336.1_9318	JI435_413280
lcl|CP069031.1_cds_QRC99337.1_9319	JI435_066660
lcl|CP069031.1_cds_QRC99338.1_9320	JI435_066670
lcl|CP069031.1_cds_QRC99339.1_9321	JI435_066680
lcl|CP069031.1_cds_QRC99340.1_9322	JI435_066690
lcl|CP069031.1_cds_QRC99341.1_9323	JI435_066700
lcl|CP069031.1_cds_QRC99342.1_9324	JI435_304800
lcl|CP069031.1_cds_QRC99343.1_9325	JI435_413290
lcl|CP069031.1_cds_QRC99344.1_9326	JI435_413300
lcl|CP069031.1_cds_QRC99345.1_9327	JI435_066720
lcl|CP069031.1_cds_QRC99346.1_9328	JI435_436900
lcl|CP069031.1_cds_QRC99347.1_9329	JI435_066760
lcl|CP069031.1_cds_QRC99348.1_9330	JI435_066770
lcl|CP069031.1_cds_QRC99349.1_9331	JI435_066780
lcl|CP069031.1_cds_QRC99350.1_9332	JI435_066790
lcl|CP069031.1_cds_QRC99351.1_9333	JI435_066800
lcl|CP069031.1_cds_QRC99352.1_9334	JI435_066810
lcl|CP069031.1_cds_QRC99353.1_9335	JI435_066820
lcl|CP069031.1_cds_QRC99354.1_9336	JI435_066830
lcl|CP069031.1_cds_QRC99355.1_9337	JI435_066840
lcl|CP069031.1_cds_QRC99356.1_9338	JI435_066850
lcl|CP069031.1_cds_QRC99357.1_9339	JI435_066860
lcl|CP069031.1_cds_QRC99358.1_9340	JI435_066870
lcl|CP069031.1_cds_QRC99359.1_9341	JI435_142860
lcl|CP069031.1_cds_QRC99360.1_9342	JI435_142870
lcl|CP069031.1_cds_QRC99361.1_9343	JI435_142890
lcl|CP069031.1_cds_QRC99362.1_9344	JI435_142900
lcl|CP069031.1_cds_QRC99363.1_9345	JI435_142910
lcl|CP069031.1_cds_QRC99364.1_9346	JI435_142920
lcl|CP069031.1_cds_QRC99365.1_9347	JI435_142930
lcl|CP069031.1_cds_QRC99366.1_9348	JI435_142940
lcl|CP069031.1_cds_QRC99368.1_9349	JI435_413310
lcl|CP069031.1_cds_QRC99367.1_9350	JI435_413310
lcl|CP069031.1_cds_QRC99369.1_9351	JI435_142960
lcl|CP069031.1_cds_QRC99370.1_9352	JI435_142970
lcl|CP069031.1_cds_QRC99371.1_9353	JI435_142980
lcl|CP069031.1_cds_QRC99372.1_9354	JI435_142990
lcl|CP069031.1_cds_QRC99373.1_9355	JI435_143000
lcl|CP069031.1_cds_QRC99374.1_9356	JI435_143010
lcl|CP069031.1_cds_QRC99375.1_9357	JI435_143030
lcl|CP069031.1_cds_QRC99376.1_9358	JI435_143040
lcl|CP069031.1_cds_QRC99377.1_9359	JI435_102240
lcl|CP069031.1_cds_QRC99378.1_9360	JI435_143050
lcl|CP069031.1_cds_QRC99379.1_9361	JI435_413320
lcl|CP069031.1_cds_QRC99380.1_9362	JI435_143060
lcl|CP069031.1_cds_QRC99381.1_9363	JI435_143070
lcl|CP069031.1_cds_QRC99382.1_9364	JI435_143080
lcl|CP069031.1_cds_QRC99383.1_9365	JI435_413330
lcl|CP069031.1_cds_QRC99384.1_9366	JI435_143090
lcl|CP069031.1_cds_QRC99385.1_9367	JI435_143100
lcl|CP069031.1_cds_QRC99386.1_9368	JI435_143110
lcl|CP069031.1_cds_QRC99387.1_9369	JI435_143120
lcl|CP069031.1_cds_QRC99388.1_9370	JI435_413340
lcl|CP069031.1_cds_QRC99389.1_9371	JI435_143130
lcl|CP069031.1_cds_QRC99390.1_9372	JI435_143150
lcl|CP069031.1_cds_QRC99391.1_9373	JI435_143160
lcl|CP069031.1_cds_QRC99392.1_9374	JI435_413350
lcl|CP069031.1_cds_QRC99393.1_9375	JI435_436940
lcl|CP069031.1_cds_QRC99394.1_9376	JI435_413360
lcl|CP069031.1_cds_QRC99395.1_9377	JI435_413370
lcl|CP069031.1_cds_QRC99396.1_9378	JI435_413380
lcl|CP069031.1_cds_QRC99397.1_9379	JI435_143170
lcl|CP069031.1_cds_QRC99398.1_9380	JI435_143180
lcl|CP069031.1_cds_QRC99399.1_9381	JI435_413390
lcl|CP069031.1_cds_QRC99400.1_9382	JI435_413400
lcl|CP069031.1_cds_QRC99401.1_9383	JI435_143190
lcl|CP069031.1_cds_QRC99402.1_9384	JI435_143220
lcl|CP069031.1_cds_QRC99403.1_9385	JI435_309940
lcl|CP069031.1_cds_QRC99404.1_9386	JI435_413410
lcl|CP069031.1_cds_QRC99405.1_9387	JI435_143230
lcl|CP069031.1_cds_QRC99406.1_9388	JI435_143240
lcl|CP069031.1_cds_QRC99407.1_9389	JI435_143250
lcl|CP069031.1_cds_QRC99408.1_9390	JI435_143260
lcl|CP069031.1_cds_QRC99409.1_9391	JI435_143270
lcl|CP069031.1_cds_QRC99410.1_9392	JI435_143280
lcl|CP069031.1_cds_QRC99411.1_9393	JI435_413420
lcl|CP069031.1_cds_QRC99412.1_9394	JI435_143290
lcl|CP069031.1_cds_QRC99413.1_9395	JI435_143300
lcl|CP069031.1_cds_QRC99414.1_9396	JI435_143320
lcl|CP069031.1_cds_QRC99415.1_9397	JI435_143340
lcl|CP069031.1_cds_QRC99416.1_9398	JI435_143350
lcl|CP069031.1_cds_QRC99417.1_9399	JI435_143360
lcl|CP069031.1_cds_QRC99418.1_9400	JI435_143370
lcl|CP069031.1_cds_QRC99419.1_9401	JI435_143380
lcl|CP069031.1_cds_QRC99420.1_9402	JI435_436970
lcl|CP069031.1_cds_QRC99421.1_9403	JI435_436980
lcl|CP069031.1_cds_QRC99422.1_9404	JI435_413430
lcl|CP069031.1_cds_QRC99423.1_9405	JI435_413440
lcl|CP069031.1_cds_QRC99424.1_9406	JI435_143390
lcl|CP069031.1_cds_QRC99425.1_9407	JI435_308920
lcl|CP069031.1_cds_QRC99426.1_9408	JI435_143410
lcl|CP069031.1_cds_QRC99427.1_9409	JI435_143420
lcl|CP069031.1_cds_QRC99428.1_9410	JI435_143430
lcl|CP069031.1_cds_QRC99429.1_9411	JI435_143450
lcl|CP069031.1_cds_QRC99430.1_9412	JI435_413450
lcl|CP069031.1_cds_QRC99431.1_9413	JI435_143460
lcl|CP069031.1_cds_QRC99432.1_9414	JI435_308930
lcl|CP069031.1_cds_QRC99433.1_9415	JI435_143470
lcl|CP069031.1_cds_QRC99434.1_9416	JI435_413460
lcl|CP069031.1_cds_QRC99435.1_9417	JI435_308940
lcl|CP069031.1_cds_QRC99436.1_9418	JI435_143480
lcl|CP069031.1_cds_QRC99437.1_9419	JI435_413470
lcl|CP069031.1_cds_QRC99438.1_9420	JI435_143490
lcl|CP069031.1_cds_QRC99439.1_9421	JI435_413480
lcl|CP069031.1_cds_QRC99440.1_9422	JI435_143510
lcl|CP069031.1_cds_QRC99441.1_9423	JI435_143520
lcl|CP069031.1_cds_QRC99442.1_9424	JI435_143520
lcl|CP069031.1_cds_QRC99443.1_9425	JI435_143530
lcl|CP069031.1_cds_QRC99444.1_9426	JI435_143540
lcl|CP069031.1_cds_QRC99445.1_9427	JI435_143550
lcl|CP069031.1_cds_QRC99446.1_9428	JI435_143560
lcl|CP069031.1_cds_QRC99447.1_9429	JI435_143570
lcl|CP069031.1_cds_QRC99448.1_9430	JI435_143580
lcl|CP069031.1_cds_QRC99449.1_9431	JI435_143600
lcl|CP069031.1_cds_QRC99450.1_9432	JI435_143610
lcl|CP069031.1_cds_QRC99451.1_9433	JI435_413490
lcl|CP069031.1_cds_QRC99452.1_9434	JI435_143620
lcl|CP069031.1_cds_QRC99453.1_9435	JI435_143640
lcl|CP069031.1_cds_QRC99454.1_9436	JI435_143650
lcl|CP069031.1_cds_QRC99455.1_9437	JI435_143660
lcl|CP069031.1_cds_QRC99456.1_9438	JI435_413500
lcl|CP069031.1_cds_QRC99457.1_9439	JI435_143680
lcl|CP069031.1_cds_QRC99458.1_9440	JI435_143690
lcl|CP069031.1_cds_QRC99459.1_9441	JI435_413510
lcl|CP069031.1_cds_QRC99460.1_9442	JI435_143700
lcl|CP069031.1_cds_QRC99461.1_9443	JI435_143710
lcl|CP069031.1_cds_QRC99462.1_9444	JI435_143720
lcl|CP069031.1_cds_QRC99463.1_9445	JI435_308950
lcl|CP069031.1_cds_QRC99464.1_9446	JI435_143750
lcl|CP069031.1_cds_QRC99465.1_9447	JI435_143770
lcl|CP069031.1_cds_QRC99466.1_9448	JI435_143780
lcl|CP069031.1_cds_QRC99467.1_9449	JI435_413520
lcl|CP069031.1_cds_QRC99468.1_9450	JI435_413530
lcl|CP069031.1_cds_QRC99469.1_9451	JI435_143790
lcl|CP069031.1_cds_QRC99470.1_9452	JI435_413540
lcl|CP069031.1_cds_QRC99471.1_9453	JI435_308960
lcl|CP069031.1_cds_QRC99472.1_9454	JI435_143810
lcl|CP069031.1_cds_QRC99473.1_9455	JI435_143820
lcl|CP069031.1_cds_QRC99474.1_9456	JI435_413550
lcl|CP069031.1_cds_QRC99475.1_9457	JI435_143830
lcl|CP069031.1_cds_QRC99476.1_9458	JI435_201600
lcl|CP069031.1_cds_QRC99477.1_9459	JI435_143840
lcl|CP069031.1_cds_QRC99478.1_9460	JI435_413560
lcl|CP069031.1_cds_QRC99479.1_9461	JI435_143850
lcl|CP069031.1_cds_QRC99480.1_9462	JI435_143860
lcl|CP069031.1_cds_QRC99481.1_9463	JI435_143870
lcl|CP069031.1_cds_QRC99482.1_9464	JI435_143880
lcl|CP069031.1_cds_QRC99483.1_9465	JI435_143900
lcl|CP069031.1_cds_QRC99484.1_9466	JI435_143920
lcl|CP069031.1_cds_QRC99485.1_9467	JI435_143950
lcl|CP069031.1_cds_QRC99486.1_9468	JI435_143960
lcl|CP069031.1_cds_QRC99487.1_9469	JI435_143970
lcl|CP069031.1_cds_QRC99488.1_9470	JI435_143980
lcl|CP069031.1_cds_QRC99489.1_9471	JI435_143990
lcl|CP069031.1_cds_QRC99490.1_9472	JI435_144000
lcl|CP069031.1_cds_QRC99491.1_9473	JI435_144010
lcl|CP069031.1_cds_QRC99492.1_9474	JI435_144020
lcl|CP069031.1_cds_QRC99493.1_9475	JI435_144030
lcl|CP069031.1_cds_QRC99494.1_9476	JI435_144040
lcl|CP069031.1_cds_QRC99495.1_9477	JI435_144050
lcl|CP069031.1_cds_QRC99496.1_9478	JI435_201610
lcl|CP069031.1_cds_QRC99497.1_9479	JI435_144060
lcl|CP069031.1_cds_QRC99498.1_9480	JI435_144070
lcl|CP069031.1_cds_QRC99499.1_9481	JI435_144080
lcl|CP069031.1_cds_QRC99500.1_9482	JI435_308970
lcl|CP069031.1_cds_QRC99501.1_9483	JI435_144100
lcl|CP069031.1_cds_QRC99502.1_9484	JI435_144110
lcl|CP069031.1_cds_QRC99503.1_9485	JI435_144120
lcl|CP069031.1_cds_QRC99504.1_9486	JI435_144130
lcl|CP069031.1_cds_QRC99505.1_9487	JI435_144140
lcl|CP069031.1_cds_QRC99506.1_9488	JI435_144150
lcl|CP069031.1_cds_QRC99507.1_9489	JI435_144160
lcl|CP069031.1_cds_QRC99508.1_9490	JI435_144170
lcl|CP069031.1_cds_QRC99509.1_9491	JI435_144180
lcl|CP069031.1_cds_QRC99510.1_9492	JI435_144190
lcl|CP069031.1_cds_QRC99511.1_9493	JI435_144210
lcl|CP069031.1_cds_QRC99512.1_9494	JI435_437040
lcl|CP069031.1_cds_QRC99513.1_9495	JI435_144220
lcl|CP069031.1_cds_QRC99514.1_9496	JI435_144230
lcl|CP069031.1_cds_QRC99515.1_9497	JI435_144240
lcl|CP069031.1_cds_QRC99516.1_9498	JI435_144250
lcl|CP069031.1_cds_QRC99517.1_9499	JI435_144260
lcl|CP069031.1_cds_QRC99518.1_9500	JI435_413570
lcl|CP069031.1_cds_QRC99519.1_9501	JI435_144270
lcl|CP069031.1_cds_QRC99520.1_9502	JI435_144280
lcl|CP069031.1_cds_QRC99521.1_9503	JI435_437060
lcl|CP069031.1_cds_QRC99522.1_9504	JI435_437070
lcl|CP069031.1_cds_QRC99523.1_9505	JI435_144310
lcl|CP069031.1_cds_QRC99524.1_9506	JI435_144320
lcl|CP069031.1_cds_QRC99525.1_9507	JI435_144330
lcl|CP069031.1_cds_QRC99526.1_9508	JI435_413580
lcl|CP069031.1_cds_QRC99527.1_9509	JI435_144340
lcl|CP069031.1_cds_QRC99528.1_9510	JI435_144350
lcl|CP069031.1_cds_QRC99529.1_9511	JI435_144360
lcl|CP069031.1_cds_QRC99530.1_9512	JI435_144370
lcl|CP069031.1_cds_QRC99531.1_9513	JI435_413590
lcl|CP069031.1_cds_QRC99532.1_9514	JI435_144390
lcl|CP069031.1_cds_QRC99533.1_9515	JI435_144400
lcl|CP069031.1_cds_QRC99534.1_9516	JI435_144410
lcl|CP069031.1_cds_QRC99535.1_9517	JI435_144430
lcl|CP069031.1_cds_QRC99536.1_9518	JI435_144450
lcl|CP069031.1_cds_QRC99537.1_9519	JI435_144460
lcl|CP069031.1_cds_QRC99538.1_9520	JI435_144470
lcl|CP069031.1_cds_QRC99539.1_9521	JI435_144480
lcl|CP069031.1_cds_QRC99540.1_9522	JI435_144490
lcl|CP069031.1_cds_QRC99541.1_9523	JI435_144510
lcl|CP069031.1_cds_QRC99542.1_9524	JI435_144520
lcl|CP069031.1_cds_QRC99543.1_9525	JI435_144530
lcl|CP069031.1_cds_QRC99544.1_9526	JI435_144540
lcl|CP069031.1_cds_QRC99545.1_9527	JI435_144550
lcl|CP069031.1_cds_QRC99546.1_9528	JI435_144570
lcl|CP069031.1_cds_QRC99547.1_9529	JI435_308980
lcl|CP069031.1_cds_QRC99548.1_9530	JI435_144580
lcl|CP069031.1_cds_QRC99549.1_9531	JI435_144590
lcl|CP069031.1_cds_QRC99550.1_9532	JI435_144600
lcl|CP069031.1_cds_QRC99551.1_9533	JI435_144610
lcl|CP069032.1_cds_QRC99552.1_9534	JI435_309230
lcl|CP069032.1_cds_QRC99553.1_9535	JI435_151170
lcl|CP069032.1_cds_QRC99554.1_9536	JI435_151160
lcl|CP069032.1_cds_QRC99555.1_9537	JI435_151150
lcl|CP069032.1_cds_QRC99556.1_9538	JI435_309220
lcl|CP069032.1_cds_QRC99557.1_9539	JI435_151130
lcl|CP069032.1_cds_QRC99558.1_9540	JI435_151120
lcl|CP069032.1_cds_QRC99559.1_9541	JI435_151100
lcl|CP069032.1_cds_QRC99560.1_9542	JI435_151090
lcl|CP069032.1_cds_QRC99561.1_9543	JI435_151080
lcl|CP069032.1_cds_QRC99562.1_9544	JI435_151060
lcl|CP069032.1_cds_QRC99563.1_9545	JI435_437140
lcl|CP069032.1_cds_QRC99564.1_9546	JI435_151040
lcl|CP069032.1_cds_QRC99565.1_9547	JI435_151030
lcl|CP069032.1_cds_QRC99566.1_9548	JI435_151020
lcl|CP069032.1_cds_QRC99567.1_9549	JI435_413600
lcl|CP069032.1_cds_QRC99568.1_9550	JI435_151000
lcl|CP069032.1_cds_QRC99569.1_9551	JI435_150990
lcl|CP069032.1_cds_QRC99570.1_9552	JI435_150980
lcl|CP069032.1_cds_QRC99571.1_9553	JI435_150970
lcl|CP069032.1_cds_QRC99572.1_9554	JI435_437150
lcl|CP069032.1_cds_QRC99573.1_9555	JI435_150940
lcl|CP069032.1_cds_QRC99574.1_9556	JI435_437160
lcl|CP069032.1_cds_QRC99575.1_9557	JI435_201710
lcl|CP069032.1_cds_QRC99576.1_9558	JI435_413610
lcl|CP069032.1_cds_QRC99577.1_9559	JI435_150900
lcl|CP069032.1_cds_QRC99578.1_9560	JI435_150890
lcl|CP069032.1_cds_QRC99579.1_9561	JI435_150880
lcl|CP069032.1_cds_QRC99580.1_9562	JI435_150870
lcl|CP069032.1_cds_QRC99581.1_9563	JI435_150860
lcl|CP069032.1_cds_QRC99582.1_9564	JI435_150850
lcl|CP069032.1_cds_QRC99583.1_9565	JI435_150840
lcl|CP069032.1_cds_QRC99584.1_9566	JI435_150830
lcl|CP069032.1_cds_QRC99585.1_9567	JI435_150820
lcl|CP069032.1_cds_QRC99586.1_9568	JI435_150810
lcl|CP069032.1_cds_QRC99587.1_9569	JI435_150800
lcl|CP069032.1_cds_QRC99588.1_9570	JI435_150790
lcl|CP069032.1_cds_QRC99589.1_9571	JI435_413620
lcl|CP069032.1_cds_QRC99590.1_9572	JI435_150770
lcl|CP069032.1_cds_QRC99591.1_9573	JI435_150760
lcl|CP069032.1_cds_QRC99592.1_9574	JI435_150750
lcl|CP069032.1_cds_QRC99593.1_9575	JI435_150740
lcl|CP069032.1_cds_QRC99594.1_9576	JI435_437190
lcl|CP069032.1_cds_QRC99595.1_9577	JI435_201700
lcl|CP069032.1_cds_QRC99596.1_9578	JI435_150720
lcl|CP069032.1_cds_QRC99597.1_9579	JI435_150710
lcl|CP069032.1_cds_QRC99598.1_9580	JI435_437200
lcl|CP069032.1_cds_QRC99599.1_9581	JI435_150700
lcl|CP069032.1_cds_QRC99600.1_9582	JI435_150690
lcl|CP069032.1_cds_QRC99601.1_9583	JI435_150680
lcl|CP069032.1_cds_QRC99602.1_9584	JI435_150670
lcl|CP069032.1_cds_QRC99603.1_9585	JI435_150660
lcl|CP069032.1_cds_QRC99604.1_9586	JI435_413630
lcl|CP069032.1_cds_QRC99605.1_9587	JI435_150650
lcl|CP069032.1_cds_QRC99606.1_9588	JI435_150640
lcl|CP069032.1_cds_QRC99607.1_9589	JI435_150630
lcl|CP069032.1_cds_QRC99608.1_9590	JI435_413640
lcl|CP069032.1_cds_QRC99609.1_9591	JI435_150620
lcl|CP069032.1_cds_QRC99610.1_9592	JI435_150610
lcl|CP069032.1_cds_QRC99611.1_9593	JI435_150600
lcl|CP069032.1_cds_QRC99612.1_9594	JI435_413650
lcl|CP069032.1_cds_QRC99613.1_9595	JI435_413660
lcl|CP069032.1_cds_QRC99614.1_9596	JI435_437210
lcl|CP069032.1_cds_QRC99615.1_9597	JI435_150590
lcl|CP069032.1_cds_QRC99616.1_9598	JI435_413670
lcl|CP069032.1_cds_QRC99617.1_9599	JI435_150580
lcl|CP069032.1_cds_QRC99618.1_9600	JI435_413680
lcl|CP069032.1_cds_QRC99619.1_9601	JI435_150570
lcl|CP069032.1_cds_QRC99620.1_9602	JI435_413690
lcl|CP069032.1_cds_QRC99621.1_9603	JI435_413700
lcl|CP069032.1_cds_QRC99622.1_9604	JI435_413710
lcl|CP069032.1_cds_QRC99623.1_9605	JI435_413720
lcl|CP069032.1_cds_QRC99624.1_9606	JI435_413730
lcl|CP069032.1_cds_QRC99625.1_9607	JI435_150560
lcl|CP069032.1_cds_QRC99626.1_9608	JI435_150550
lcl|CP069032.1_cds_QRC99627.1_9609	JI435_150540
lcl|CP069032.1_cds_QRC99628.1_9610	JI435_150530
lcl|CP069032.1_cds_QRC99629.1_9611	JI435_437220
lcl|CP069032.1_cds_QRC99630.1_9612	JI435_150510
lcl|CP069032.1_cds_QRC99631.1_9613	JI435_150500
lcl|CP069032.1_cds_QRC99632.1_9614	JI435_150490
lcl|CP069032.1_cds_QRC99633.1_9615	JI435_150480
lcl|CP069032.1_cds_QRC99634.1_9616	JI435_150450
lcl|CP069032.1_cds_QRC99635.1_9617	JI435_150430
lcl|CP069032.1_cds_QRC99636.1_9618	JI435_413740
lcl|CP069032.1_cds_QRC99637.1_9619	JI435_150420
lcl|CP069032.1_cds_QRC99638.1_9620	JI435_150400
lcl|CP069032.1_cds_QRC99639.1_9621	JI435_150380
lcl|CP069032.1_cds_QRC99640.1_9622	JI435_150360
lcl|CP069032.1_cds_QRC99641.1_9623	JI435_309210
lcl|CP069032.1_cds_QRC99642.1_9624	JI435_150350
lcl|CP069032.1_cds_QRC99643.1_9625	JI435_150340
lcl|CP069032.1_cds_QRC99644.1_9626	JI435_150330
lcl|CP069032.1_cds_QRC99645.1_9627	JI435_413750
lcl|CP069032.1_cds_QRC99646.1_9628	JI435_150320
lcl|CP069032.1_cds_QRC99647.1_9629	JI435_437250
lcl|CP069032.1_cds_QRC99648.1_9630	JI435_150300
lcl|CP069032.1_cds_QRC99649.1_9631	JI435_150290
lcl|CP069032.1_cds_QRC99650.1_9632	JI435_150280
lcl|CP069032.1_cds_QRC99651.1_9633	JI435_150270
lcl|CP069032.1_cds_QRC99652.1_9634	JI435_413760
lcl|CP069032.1_cds_QRC99653.1_9635	JI435_150260
lcl|CP069032.1_cds_QRC99654.1_9636	JI435_413770
lcl|CP069032.1_cds_QRC99655.1_9637	JI435_413780
lcl|CP069032.1_cds_QRC99656.1_9638	JI435_413790
lcl|CP069032.1_cds_QRC99657.1_9639	JI435_413800
lcl|CP069032.1_cds_QRC99658.1_9640	JI435_150220
lcl|CP069032.1_cds_QRC99659.1_9641	JI435_150210
lcl|CP069032.1_cds_QRC99660.1_9642	JI435_150190
lcl|CP069032.1_cds_QRC99661.1_9643	JI435_150180
lcl|CP069032.1_cds_QRC99662.1_9644	JI435_150170
lcl|CP069032.1_cds_QRC99663.1_9645	JI435_150160
lcl|CP069032.1_cds_QRC99664.1_9646	JI435_150150
lcl|CP069032.1_cds_QRC99665.1_9647	JI435_437270
lcl|CP069032.1_cds_QRC99666.1_9648	JI435_437280
lcl|CP069032.1_cds_QRC99667.1_9649	JI435_150120
lcl|CP069032.1_cds_QRC99668.1_9650	JI435_150110
lcl|CP069032.1_cds_QRC99669.1_9651	JI435_150100
lcl|CP069032.1_cds_QRC99670.1_9652	JI435_150090
lcl|CP069032.1_cds_QRC99671.1_9653	JI435_150080
lcl|CP069032.1_cds_QRC99672.1_9654	JI435_150070
lcl|CP069032.1_cds_QRC99673.1_9655	JI435_150050
lcl|CP069032.1_cds_QRC99674.1_9656	JI435_150030
lcl|CP069032.1_cds_QRC99675.1_9657	JI435_309200
lcl|CP069032.1_cds_QRC99676.1_9658	JI435_150020
lcl|CP069032.1_cds_QRC99677.1_9659	JI435_437320
lcl|CP069032.1_cds_QRC99678.1_9660	JI435_150000
lcl|CP069032.1_cds_QRC99679.1_9661	JI435_149990
lcl|CP069032.1_cds_QRC99680.1_9662	JI435_149980
lcl|CP069032.1_cds_QRC99681.1_9663	JI435_149970
lcl|CP069032.1_cds_QRC99682.1_9664	JI435_149960
lcl|CP069032.1_cds_QRC99683.1_9665	JI435_149950
lcl|CP069032.1_cds_QRC99684.1_9666	JI435_149940
lcl|CP069032.1_cds_QRC99685.1_9667	JI435_149930
lcl|CP069032.1_cds_QRC99686.1_9668	JI435_149920
lcl|CP069032.1_cds_QRC99687.1_9669	JI435_149910
lcl|CP069032.1_cds_QRC99688.1_9670	JI435_149900
lcl|CP069032.1_cds_QRC99689.1_9671	JI435_149890
lcl|CP069032.1_cds_QRC99690.1_9672	JI435_413810
lcl|CP069032.1_cds_QRC99692.1_9673	JI435_149880
lcl|CP069032.1_cds_QRC99691.1_9674	JI435_149880
lcl|CP069032.1_cds_QRC99693.1_9675	JI435_149870
lcl|CP069032.1_cds_QRC99694.1_9676	JI435_149860
lcl|CP069032.1_cds_QRC99695.1_9677	JI435_437330
lcl|CP069032.1_cds_QRC99696.1_9678	JI435_149850
lcl|CP069032.1_cds_QRC99697.1_9679	JI435_149840
lcl|CP069032.1_cds_QRC99698.1_9680	JI435_149830
lcl|CP069032.1_cds_QRC99699.1_9681	JI435_149820
lcl|CP069032.1_cds_QRC99700.1_9682	JI435_149800
lcl|CP069032.1_cds_QRC99701.1_9683	JI435_413820
lcl|CP069032.1_cds_QRC99702.1_9684	JI435_149790
lcl|CP069032.1_cds_QRC99703.1_9685	JI435_149780
lcl|CP069032.1_cds_QRC99704.1_9686	JI435_437350
lcl|CP069032.1_cds_QRC99705.1_9687	JI435_149760
lcl|CP069032.1_cds_QRC99706.1_9688	JI435_149740
lcl|CP069032.1_cds_QRC99707.1_9689	JI435_149730
lcl|CP069032.1_cds_QRC99708.1_9690	JI435_149720
lcl|CP069032.1_cds_QRC99709.1_9691	JI435_149710
lcl|CP069032.1_cds_QRC99710.1_9692	JI435_149700
lcl|CP069032.1_cds_QRC99711.1_9693	JI435_149680
lcl|CP069032.1_cds_QRC99712.1_9694	JI435_413830
lcl|CP069032.1_cds_QRC99713.1_9695	JI435_149670
lcl|CP069032.1_cds_QRC99714.1_9696	JI435_149650
lcl|CP069032.1_cds_QRC99715.1_9697	JI435_149640
lcl|CP069032.1_cds_QRC99716.1_9698	JI435_149630
lcl|CP069032.1_cds_QRC99717.1_9699	JI435_309190
lcl|CP069032.1_cds_QRC99718.1_9700	JI435_149620
lcl|CP069032.1_cds_QRC99719.1_9701	JI435_309180
lcl|CP069032.1_cds_QRC99720.1_9702	JI435_149610
lcl|CP069032.1_cds_QRC99721.1_9703	JI435_149590
lcl|CP069032.1_cds_QRC99722.1_9704	JI435_149580
lcl|CP069032.1_cds_QRC99723.1_9705	JI435_413840
lcl|CP069032.1_cds_QRC99724.1_9706	JI435_149570
lcl|CP069032.1_cds_QRC99725.1_9707	JI435_413850
lcl|CP069032.1_cds_QRC99726.1_9708	JI435_165890
lcl|CP069032.1_cds_QRC99727.1_9709	JI435_165890
lcl|CP069032.1_cds_QRC99728.1_9710	JI435_413860
lcl|CP069032.1_cds_QRC99729.1_9711	JI435_413870
lcl|CP069032.1_cds_QRC99730.1_9712	JI435_413880
lcl|CP069032.1_cds_QRC99731.1_9713	JI435_413880
lcl|CP069032.1_cds_QRC99732.1_9714	JI435_437390
lcl|CP069032.1_cds_QRC99733.1_9715	JI435_437410
lcl|CP069032.1_cds_QRC99734.1_9716	JI435_413890
lcl|CP069032.1_cds_QRC99735.1_9717	JI435_013650
lcl|CP069032.1_cds_QRC99736.1_9718	JI435_413900
lcl|CP069032.1_cds_QRC99737.1_9719	JI435_413900
lcl|CP069032.1_cds_QRC99738.1_9720	JI435_413910
lcl|CP069032.1_cds_QRC99739.1_9721	JI435_413910
lcl|CP069032.1_cds_QRC99740.1_9722	JI435_413920
lcl|CP069032.1_cds_QRC99741.1_9723	JI435_309910
lcl|CP069032.1_cds_QRC99742.1_9724	JI435_424860
lcl|CP069032.1_cds_QRC99743.1_9725	JI435_437460
lcl|CP069032.1_cds_QRC99744.1_9726	JI435_413930
lcl|CP069032.1_cds_QRC99745.1_9727	JI435_413940
lcl|CP069032.1_cds_QRC99746.1_9728	JI435_066880
lcl|CP069032.1_cds_QRC99747.1_9729	JI435_304820
lcl|CP069032.1_cds_QRC99748.1_9730	JI435_066890
lcl|CP069032.1_cds_QRC99749.1_9731	JI435_066900
lcl|CP069032.1_cds_QRC99750.1_9732	JI435_066910
lcl|CP069032.1_cds_QRC99751.1_9733	JI435_066920
lcl|CP069032.1_cds_QRC99752.1_9734	JI435_066940
lcl|CP069032.1_cds_QRC99753.1_9735	JI435_066960
lcl|CP069032.1_cds_QRC99754.1_9736	JI435_066970
lcl|CP069032.1_cds_QRC99755.1_9737	JI435_413950
lcl|CP069032.1_cds_QRC99756.1_9738	JI435_066980
lcl|CP069032.1_cds_QRC99757.1_9739	JI435_066990
lcl|CP069032.1_cds_QRC99758.1_9740	JI435_067000
lcl|CP069032.1_cds_QRC99759.1_9741	JI435_067010
lcl|CP069032.1_cds_QRC99760.1_9742	JI435_067020
lcl|CP069032.1_cds_QRC99761.1_9743	JI435_437540
lcl|CP069032.1_cds_QRC99762.1_9744	JI435_413960
lcl|CP069032.1_cds_QRC99763.1_9745	JI435_067050
lcl|CP069032.1_cds_QRC99764.1_9746	JI435_067060
lcl|CP069032.1_cds_QRC99765.1_9747	JI435_067070
lcl|CP069032.1_cds_QRC99766.1_9748	JI435_067080
lcl|CP069032.1_cds_QRC99767.1_9749	JI435_304830
lcl|CP069032.1_cds_QRC99768.1_9750	JI435_413970
lcl|CP069032.1_cds_QRC99769.1_9751	JI435_413980
lcl|CP069032.1_cds_QRC99770.1_9752	JI435_413990
lcl|CP069032.1_cds_QRC99771.1_9753	JI435_067110
lcl|CP069032.1_cds_QRC99772.1_9754	JI435_067120
lcl|CP069032.1_cds_QRC99773.1_9755	JI435_067130
lcl|CP069032.1_cds_QRC99774.1_9756	JI435_414000
lcl|CP069032.1_cds_QRC99775.1_9757	JI435_067140
lcl|CP069032.1_cds_QRC99776.1_9758	JI435_067150
lcl|CP069032.1_cds_QRC99777.1_9759	JI435_304840
lcl|CP069032.1_cds_QRC99778.1_9760	JI435_067160
lcl|CP069032.1_cds_QRC99779.1_9761	JI435_067170
lcl|CP069032.1_cds_QRC99780.1_9762	JI435_067180
lcl|CP069032.1_cds_QRC99781.1_9763	JI435_067190
lcl|CP069032.1_cds_QRC99782.1_9764	JI435_067200
lcl|CP069032.1_cds_QRC99783.1_9765	JI435_067210
lcl|CP069032.1_cds_QRC99784.1_9766	JI435_067220
lcl|CP069032.1_cds_QRC99785.1_9767	JI435_067230
lcl|CP069032.1_cds_QRC99786.1_9768	JI435_304850
lcl|CP069032.1_cds_QRC99787.1_9769	JI435_067240
lcl|CP069032.1_cds_QRC99788.1_9770	JI435_067250
lcl|CP069032.1_cds_QRC99789.1_9771	JI435_067260
lcl|CP069032.1_cds_QRC99790.1_9772	JI435_067270
lcl|CP069032.1_cds_QRC99791.1_9773	JI435_067290
lcl|CP069032.1_cds_QRC99792.1_9774	JI435_414010
lcl|CP069032.1_cds_QRC99793.1_9775	JI435_067310
lcl|CP069032.1_cds_QRC99794.1_9776	JI435_414020
lcl|CP069032.1_cds_QRC99795.1_9777	JI435_067320
lcl|CP069032.1_cds_QRC99796.1_9778	JI435_067340
lcl|CP069032.1_cds_QRC99797.1_9779	JI435_067350
lcl|CP069032.1_cds_QRC99798.1_9780	JI435_067360
lcl|CP069032.1_cds_QRC99799.1_9781	JI435_067370
lcl|CP069032.1_cds_QRC99800.1_9782	JI435_067380
lcl|CP069032.1_cds_QRC99801.1_9783	JI435_067390
lcl|CP069032.1_cds_QRC99802.1_9784	JI435_067400
lcl|CP069032.1_cds_QRC99803.1_9785	JI435_067410
lcl|CP069032.1_cds_QRC99804.1_9786	JI435_414030
lcl|CP069032.1_cds_QRC99805.1_9787	JI435_067420
lcl|CP069032.1_cds_QRC99806.1_9788	JI435_067430
lcl|CP069032.1_cds_QRC99807.1_9789	JI435_067440
lcl|CP069032.1_cds_QRC99808.1_9790	JI435_067450
lcl|CP069032.1_cds_QRC99809.1_9791	JI435_067460
lcl|CP069032.1_cds_QRC99810.1_9792	JI435_067470
lcl|CP069032.1_cds_QRC99811.1_9793	JI435_414040
lcl|CP069032.1_cds_QRC99812.1_9794	JI435_067480
lcl|CP069032.1_cds_QRC99813.1_9795	JI435_414050
lcl|CP069032.1_cds_QRC99814.1_9796	JI435_414060
lcl|CP069032.1_cds_QRC99815.1_9797	JI435_067500
lcl|CP069032.1_cds_QRC99816.1_9798	JI435_067510
lcl|CP069032.1_cds_QRC99817.1_9799	JI435_067520
lcl|CP069032.1_cds_QRC99818.1_9800	JI435_067530
lcl|CP069032.1_cds_QRC99819.1_9801	JI435_067540
lcl|CP069032.1_cds_QRC99820.1_9802	JI435_067550
lcl|CP069032.1_cds_QRC99821.1_9803	JI435_067560
lcl|CP069032.1_cds_QRC99822.1_9804	JI435_067570
lcl|CP069032.1_cds_QRC99823.1_9805	JI435_414070
lcl|CP069032.1_cds_QRC99824.1_9806	JI435_414080
lcl|CP069032.1_cds_JI435_067600_9807	JI435_067600
lcl|CP069032.1_cds_JI435_067600_9808	JI435_067600
lcl|CP069032.1_cds_QRC99825.1_9809	JI435_414090
lcl|CP069032.1_cds_QRC99826.1_9810	JI435_414100
lcl|CP069032.1_cds_QRC99827.1_9811	JI435_067610
lcl|CP069032.1_cds_QRC99828.1_9812	JI435_067620
lcl|CP069032.1_cds_QRC99829.1_9813	JI435_067630
lcl|CP069032.1_cds_QRC99830.1_9814	JI435_414110
lcl|CP069032.1_cds_QRC99831.1_9815	JI435_067640
lcl|CP069032.1_cds_QRC99832.1_9816	JI435_437590
lcl|CP069032.1_cds_QRC99833.1_9817	JI435_067660
lcl|CP069032.1_cds_QRC99834.1_9818	JI435_414120
lcl|CP069032.1_cds_QRC99835.1_9819	JI435_067670
lcl|CP069032.1_cds_QRC99836.1_9820	JI435_067680
lcl|CP069032.1_cds_QRC99837.1_9821	JI435_067690
lcl|CP069032.1_cds_QRC99838.1_9822	JI435_437600
lcl|CP069032.1_cds_QRC99839.1_9823	JI435_067710
lcl|CP069032.1_cds_QRC99840.1_9824	JI435_067720
lcl|CP069032.1_cds_QRC99841.1_9825	JI435_067730
lcl|CP069032.1_cds_QRC99842.1_9826	JI435_067750
lcl|CP069032.1_cds_QRC99843.1_9827	JI435_437610
lcl|CP069032.1_cds_QRC99844.1_9828	JI435_067780
lcl|CP069032.1_cds_QRC99845.1_9829	JI435_067790
lcl|CP069032.1_cds_QRC99846.1_9830	JI435_067810
lcl|CP069032.1_cds_QRC99847.1_9831	JI435_067820
lcl|CP069032.1_cds_QRC99848.1_9832	JI435_067830
lcl|CP069032.1_cds_QRC99849.1_9833	JI435_067840
lcl|CP069032.1_cds_QRC99850.1_9834	JI435_067860
lcl|CP069032.1_cds_QRC99851.1_9835	JI435_067870
lcl|CP069032.1_cds_QRC99852.1_9836	JI435_067880
lcl|CP069032.1_cds_QRC99853.1_9837	JI435_067890
lcl|CP069032.1_cds_QRC99854.1_9838	JI435_067910
lcl|CP069032.1_cds_QRC99855.1_9839	JI435_067920
lcl|CP069032.1_cds_QRC99856.1_9840	JI435_067930
lcl|CP069032.1_cds_QRC99857.1_9841	JI435_067940
lcl|CP069032.1_cds_QRC99858.1_9842	JI435_414130
lcl|CP069032.1_cds_QRC99859.1_9843	JI435_067950
lcl|CP069032.1_cds_QRC99860.1_9844	JI435_067960
lcl|CP069032.1_cds_QRC99861.1_9845	JI435_414140
lcl|CP069032.1_cds_QRC99862.1_9846	JI435_067970
lcl|CP069032.1_cds_QRC99863.1_9847	JI435_414150
lcl|CP069032.1_cds_QRC99864.1_9848	JI435_414160
lcl|CP069032.1_cds_QRC99865.1_9849	JI435_067980
lcl|CP069032.1_cds_QRC99866.1_9850	JI435_067990
lcl|CP069032.1_cds_QRC99867.1_9851	JI435_068000
lcl|CP069032.1_cds_QRC99868.1_9852	JI435_068010
lcl|CP069032.1_cds_QRC99869.1_9853	JI435_068020
lcl|CP069032.1_cds_QRC99870.1_9854	JI435_068040
lcl|CP069032.1_cds_QRC99871.1_9855	JI435_068050
lcl|CP069032.1_cds_QRC99872.1_9856	JI435_068060
lcl|CP069032.1_cds_QRC99873.1_9857	JI435_414170
lcl|CP069032.1_cds_QRC99874.1_9858	JI435_414180
lcl|CP069032.1_cds_QRC99875.1_9859	JI435_068070
lcl|CP069032.1_cds_QRC99876.1_9860	JI435_437640
lcl|CP069032.1_cds_QRC99877.1_9861	JI435_068080
lcl|CP069032.1_cds_QRC99878.1_9862	JI435_068100
lcl|CP069032.1_cds_QRC99879.1_9863	JI435_068110
lcl|CP069032.1_cds_QRC99880.1_9864	JI435_068120
lcl|CP069032.1_cds_QRC99881.1_9865	JI435_068140
lcl|CP069032.1_cds_QRC99882.1_9866	JI435_437650
lcl|CP069032.1_cds_QRC99883.1_9867	JI435_068160
lcl|CP069032.1_cds_QRC99884.1_9868	JI435_068170
lcl|CP069032.1_cds_QRC99885.1_9869	JI435_414190
lcl|CP069032.1_cds_QRC99886.1_9870	JI435_068180
lcl|CP069032.1_cds_QRC99888.1_9871	JI435_068190
lcl|CP069032.1_cds_QRC99887.1_9872	JI435_414200
lcl|CP069032.1_cds_QRC99889.1_9873	JI435_068200
lcl|CP069032.1_cds_QRC99890.1_9874	JI435_068200
lcl|CP069032.1_cds_QRC99891.1_9875	JI435_068210
lcl|CP069032.1_cds_QRC99892.1_9876	JI435_068220
lcl|CP069032.1_cds_QRC99893.1_9877	JI435_437660
lcl|CP069032.1_cds_QRC99894.1_9878	JI435_068250
lcl|CP069032.1_cds_QRC99895.1_9879	JI435_414210
lcl|CP069032.1_cds_QRC99896.1_9880	JI435_068260
lcl|CP069032.1_cds_QRC99897.1_9881	JI435_414220
lcl|CP069032.1_cds_QRC99898.1_9882	JI435_414230
lcl|CP069032.1_cds_QRC99899.1_9883	JI435_414240
lcl|CP069032.1_cds_QRC99900.1_9884	JI435_068270
lcl|CP069032.1_cds_QRC99901.1_9885	JI435_068280
lcl|CP069032.1_cds_QRC99902.1_9886	JI435_068290
lcl|CP069032.1_cds_QRC99903.1_9887	JI435_068310
lcl|CP069032.1_cds_QRC99904.1_9888	JI435_068320
lcl|CP069032.1_cds_QRC99905.1_9889	JI435_414250
lcl|CP069032.1_cds_QRC99906.1_9890	JI435_068330
lcl|CP069032.1_cds_QRC99907.1_9891	JI435_068350
lcl|CP069032.1_cds_QRC99908.1_9892	JI435_068360
lcl|CP069032.1_cds_QRC99909.1_9893	JI435_304860
lcl|CP069032.1_cds_QRC99910.1_9894	JI435_068370
lcl|CP069032.1_cds_QRC99911.1_9895	JI435_068380
lcl|CP069032.1_cds_QRC99912.1_9896	JI435_437720
lcl|CP069032.1_cds_QRC99913.1_9897	JI435_437730
lcl|CP069032.1_cds_QRC99914.1_9898	JI435_414260
lcl|CP069032.1_cds_QRC99915.1_9899	JI435_068410
lcl|CP069032.1_cds_QRC99916.1_9900	JI435_068420
lcl|CP069032.1_cds_QRC99917.1_9901	JI435_414270
lcl|CP069032.1_cds_QRC99918.1_9902	JI435_068440
lcl|CP069032.1_cds_QRC99920.1_9903	JI435_068440
lcl|CP069032.1_cds_QRC99919.1_9904	JI435_068440
lcl|CP069032.1_cds_QRC99921.1_9905	JI435_414280
lcl|CP069032.1_cds_QRC99922.1_9906	JI435_068450
lcl|CP069032.1_cds_QRC99923.1_9907	JI435_068460
lcl|CP069032.1_cds_QRC99924.1_9908	JI435_068470
lcl|CP069032.1_cds_QRC99925.1_9909	JI435_068480
lcl|CP069032.1_cds_QRC99926.1_9910	JI435_068490
lcl|CP069032.1_cds_QRC99927.1_9911	JI435_068500
lcl|CP069032.1_cds_QRC99928.1_9912	JI435_414290
lcl|CP069032.1_cds_QRC99929.1_9913	JI435_068510
lcl|CP069032.1_cds_QRC99930.1_9914	JI435_414300
lcl|CP069032.1_cds_QRC99931.1_9915	JI435_068530
lcl|CP069032.1_cds_QRC99932.1_9916	JI435_068540
lcl|CP069032.1_cds_QRC99933.1_9917	JI435_068550
lcl|CP069032.1_cds_QRC99934.1_9918	JI435_068560
lcl|CP069032.1_cds_QRC99935.1_9919	JI435_068570
lcl|CP069032.1_cds_QRC99936.1_9920	JI435_068590
lcl|CP069032.1_cds_QRC99937.1_9921	JI435_068600
lcl|CP069032.1_cds_QRC99938.1_9922	JI435_068610
lcl|CP069032.1_cds_QRC99939.1_9923	JI435_068620
lcl|CP069032.1_cds_QRC99940.1_9924	JI435_068630
lcl|CP069032.1_cds_QRC99941.1_9925	JI435_068640
lcl|CP069032.1_cds_QRC99942.1_9926	JI435_068650
lcl|CP069032.1_cds_QRC99943.1_9927	JI435_068660
lcl|CP069032.1_cds_QRC99945.1_9928	JI435_304810
lcl|CP069032.1_cds_QRC99944.1_9929	JI435_304810
lcl|CP069032.1_cds_QRC99946.1_9930	JI435_068670
lcl|CP069032.1_cds_QRC99947.1_9931	JI435_068690
lcl|CP069032.1_cds_QRC99948.1_9932	JI435_068700
lcl|CP069032.1_cds_QRC99949.1_9933	JI435_068720
lcl|CP069032.1_cds_QRC99950.1_9934	JI435_068730
lcl|CP069032.1_cds_QRC99951.1_9935	JI435_068740
lcl|CP069032.1_cds_QRC99952.1_9936	JI435_068760
lcl|CP069032.1_cds_QRC99953.1_9937	JI435_068770
lcl|CP069032.1_cds_QRC99954.1_9938	JI435_068780
lcl|CP069032.1_cds_QRC99955.1_9939	JI435_414310
lcl|CP069032.1_cds_QRC99956.1_9940	JI435_068790
lcl|CP069032.1_cds_QRC99957.1_9941	JI435_068800
lcl|CP069032.1_cds_QRC99958.1_9942	JI435_068810
lcl|CP069032.1_cds_QRC99959.1_9943	JI435_068820
lcl|CP069032.1_cds_QRC99960.1_9944	JI435_068830
lcl|CP069032.1_cds_QRC99961.1_9945	JI435_068840
lcl|CP069032.1_cds_QRC99962.1_9946	JI435_068850
lcl|CP069032.1_cds_QRC99963.1_9947	JI435_068860
lcl|CP069032.1_cds_QRC99964.1_9948	JI435_414320
lcl|CP069032.1_cds_QRC99965.1_9949	JI435_068870
lcl|CP069032.1_cds_QRC99966.1_9950	JI435_068880
lcl|CP069032.1_cds_QRC99967.1_9951	JI435_437760
lcl|CP069032.1_cds_QRC99968.1_9952	JI435_068900
lcl|CP069032.1_cds_QRC99969.1_9953	JI435_068930
lcl|CP069032.1_cds_QRC99970.1_9954	JI435_414330
lcl|CP069032.1_cds_QRC99971.1_9955	JI435_068940
lcl|CP069032.1_cds_QRC99972.1_9956	JI435_068950
lcl|CP069032.1_cds_QRC99973.1_9957	JI435_068960
lcl|CP069032.1_cds_QRC99974.1_9958	JI435_068970
lcl|CP069032.1_cds_QRC99975.1_9959	JI435_068980
lcl|CP069032.1_cds_QRC99976.1_9960	JI435_414340
lcl|CP069032.1_cds_QRC99977.1_9961	JI435_068990
lcl|CP069032.1_cds_QRC99978.1_9962	JI435_069000
lcl|CP069032.1_cds_QRC99979.1_9963	JI435_069020
lcl|CP069032.1_cds_QRC99980.1_9964	JI435_069020
lcl|CP069032.1_cds_QRC99981.1_9965	JI435_069030
lcl|CP069032.1_cds_QRC99982.1_9966	JI435_437770
lcl|CP069032.1_cds_QRC99983.1_9967	JI435_069040
lcl|CP069032.1_cds_QRC99984.1_9968	JI435_069050
lcl|CP069032.1_cds_QRC99985.1_9969	JI435_069060
lcl|CP069032.1_cds_QRC99986.1_9970	JI435_069070
lcl|CP069032.1_cds_QRC99987.1_9971	JI435_069080
lcl|CP069032.1_cds_QRC99988.1_9972	JI435_069090
lcl|CP069032.1_cds_QRC99989.1_9973	JI435_437800
lcl|CP069032.1_cds_QRC99990.1_9974	JI435_069100
lcl|CP069032.1_cds_QRC99991.1_9975	JI435_414350
lcl|CP069032.1_cds_QRC99992.1_9976	JI435_069110
lcl|CP069032.1_cds_QRC99993.1_9977	JI435_069120
lcl|CP069032.1_cds_QRC99994.1_9978	JI435_069130
lcl|CP069032.1_cds_QRC99995.1_9979	JI435_069140
lcl|CP069032.1_cds_QRC99996.1_9980	JI435_069150
lcl|CP069032.1_cds_QRC99997.1_9981	JI435_069160
lcl|CP069032.1_cds_QRC99998.1_9982	JI435_414360
lcl|CP069032.1_cds_QRC99999.1_9983	JI435_069170
lcl|CP069032.1_cds_QRD00001.1_9984	JI435_069180
lcl|CP069032.1_cds_QRD00002.1_9985	JI435_069190
lcl|CP069032.1_cds_QRD00003.1_9986	JI435_069200
lcl|CP069032.1_cds_QRD00004.1_9987	JI435_069210
lcl|CP069032.1_cds_QRD00005.1_9988	JI435_414370
lcl|CP069032.1_cds_QRD00006.1_9989	JI435_069220
lcl|CP069032.1_cds_QRD00007.1_9990	JI435_304880
lcl|CP069032.1_cds_QRD00008.1_9991	JI435_069250
lcl|CP069032.1_cds_QRD00009.1_9992	JI435_304890
lcl|CP069032.1_cds_QRD00010.1_9993	JI435_414380
lcl|CP069032.1_cds_QRD00011.1_9994	JI435_069260
lcl|CP069032.1_cds_QRD00012.1_9995	JI435_069270
lcl|CP069032.1_cds_QRD00013.1_9996	JI435_414390
lcl|CP069032.1_cds_QRD00014.1_9997	JI435_437810
lcl|CP069032.1_cds_QRD00015.1_9998	JI435_414400
lcl|CP069032.1_cds_QRD00016.1_9999	JI435_069290
lcl|CP069032.1_cds_QRD00017.1_10000	JI435_069300
lcl|CP069032.1_cds_QRD00018.1_10001	JI435_069310
lcl|CP069032.1_cds_QRD00019.1_10002	JI435_069330
lcl|CP069032.1_cds_QRD00020.1_10003	JI435_069340
lcl|CP069032.1_cds_QRD00021.1_10004	JI435_069350
lcl|CP069032.1_cds_QRD00022.1_10005	JI435_437820
lcl|CP069032.1_cds_QRD00023.1_10006	JI435_304900
lcl|CP069032.1_cds_QRD00024.1_10007	JI435_069380
lcl|CP069032.1_cds_QRD00025.1_10008	JI435_414410
lcl|CP069032.1_cds_QRD00026.1_10009	JI435_414420
lcl|CP069032.1_cds_QRD00027.1_10010	JI435_069400
lcl|CP069032.1_cds_QRD00028.1_10011	JI435_069410
lcl|CP069032.1_cds_QRD00029.1_10012	JI435_414430
lcl|CP069032.1_cds_QRD00030.1_10013	JI435_069420
lcl|CP069032.1_cds_QRD00031.1_10014	JI435_414440
lcl|CP069032.1_cds_QRD00032.1_10015	JI435_069430
lcl|CP069032.1_cds_QRD00033.1_10016	JI435_069450
lcl|CP069032.1_cds_QRD00034.1_10017	JI435_069470
lcl|CP069032.1_cds_QRD00035.1_10018	JI435_069490
lcl|CP069032.1_cds_QRD00036.1_10019	JI435_304910
lcl|CP069032.1_cds_QRD00037.1_10020	JI435_304920
lcl|CP069032.1_cds_QRD00038.1_10021	JI435_069520
lcl|CP069032.1_cds_QRD00039.1_10022	JI435_414450
lcl|CP069032.1_cds_QRD00040.1_10023	JI435_069530
lcl|CP069032.1_cds_QRD00041.1_10024	JI435_069540
lcl|CP069032.1_cds_QRD00042.1_10025	JI435_069550
lcl|CP069032.1_cds_QRD00043.1_10026	JI435_069560
lcl|CP069032.1_cds_QRD00044.1_10027	JI435_414460
lcl|CP069032.1_cds_QRD00045.1_10028	JI435_069570
lcl|CP069032.1_cds_QRD00046.1_10029	JI435_069580
lcl|CP069032.1_cds_QRD00047.1_10030	JI435_069590
lcl|CP069032.1_cds_QRD00048.1_10031	JI435_069600
lcl|CP069032.1_cds_QRD00049.1_10032	JI435_414470
lcl|CP069032.1_cds_QRD00050.1_10033	JI435_069610
lcl|CP069032.1_cds_QRD00051.1_10034	JI435_069620
lcl|CP069032.1_cds_QRD00052.1_10035	JI435_069630
lcl|CP069032.1_cds_QRD00053.1_10036	JI435_414480
lcl|CP069032.1_cds_QRD00054.1_10037	JI435_069640
lcl|CP069032.1_cds_QRD00055.1_10038	JI435_069650
lcl|CP069032.1_cds_QRD00056.1_10039	JI435_414490
lcl|CP069032.1_cds_QRD00057.1_10040	JI435_069660
lcl|CP069032.1_cds_QRD00058.1_10041	JI435_069670
lcl|CP069032.1_cds_QRD00059.1_10042	JI435_414500
lcl|CP069032.1_cds_QRD00060.1_10043	JI435_069680
lcl|CP069032.1_cds_QRD00061.1_10044	JI435_437840
lcl|CP069032.1_cds_QRD00062.1_10045	JI435_069710
lcl|CP069032.1_cds_QRD00063.1_10046	JI435_069740
lcl|CP069032.1_cds_QRD00064.1_10047	JI435_069750
lcl|CP069032.1_cds_QRD00066.1_10048	JI435_304930
lcl|CP069032.1_cds_QRD00065.1_10049	JI435_304930
lcl|CP069032.1_cds_QRD00067.1_10050	JI435_069760
lcl|CP069032.1_cds_QRD00068.1_10051	JI435_069770
lcl|CP069032.1_cds_QRD00069.1_10052	JI435_069780
lcl|CP069032.1_cds_QRD00070.1_10053	JI435_200750
lcl|CP069032.1_cds_QRD00071.1_10054	JI435_304940
lcl|CP069032.1_cds_QRD00072.1_10055	JI435_069800
lcl|CP069032.1_cds_QRD00073.1_10056	JI435_069810
lcl|CP069032.1_cds_QRD00074.1_10057	JI435_069820
lcl|CP069032.1_cds_QRD00075.1_10058	JI435_069830
lcl|CP069032.1_cds_QRD00076.1_10059	JI435_414520
lcl|CP069032.1_cds_QRD00077.1_10060	JI435_069840
lcl|CP069032.1_cds_QRD00078.1_10061	JI435_069850
lcl|CP069032.1_cds_QRD00079.1_10062	JI435_069870
lcl|CP069032.1_cds_QRD00080.1_10063	JI435_069880
lcl|CP069032.1_cds_QRD00081.1_10064	JI435_069890
lcl|CP069032.1_cds_QRD00082.1_10065	JI435_069900
lcl|CP069032.1_cds_QRD00083.1_10066	JI435_069910
lcl|CP069032.1_cds_QRD00084.1_10067	JI435_437900
lcl|CP069032.1_cds_QRD00085.1_10068	JI435_069930
lcl|CP069032.1_cds_QRD00086.1_10069	JI435_069950
lcl|CP069032.1_cds_QRD00087.1_10070	JI435_414530
lcl|CP069032.1_cds_QRD00088.1_10071	JI435_069960
lcl|CP069032.1_cds_QRD00091.1_10072	JI435_069970
lcl|CP069032.1_cds_QRD00089.1_10073	JI435_069970
lcl|CP069032.1_cds_QRD00090.1_10074	JI435_069970
lcl|CP069032.1_cds_QRD00092.1_10075	JI435_304950
lcl|CP069032.1_cds_QRD00093.1_10076	JI435_069990
lcl|CP069032.1_cds_QRD00094.1_10077	JI435_437910
lcl|CP069032.1_cds_QRD00095.1_10078	JI435_070010
lcl|CP069032.1_cds_QRD00096.1_10079	JI435_070020
lcl|CP069032.1_cds_QRD00097.1_10080	JI435_414540
lcl|CP069032.1_cds_QRD00098.1_10081	JI435_414550
lcl|CP069032.1_cds_QRD00099.1_10082	JI435_070030
lcl|CP069032.1_cds_QRD00100.1_10083	JI435_414560
lcl|CP069032.1_cds_QRD00101.1_10084	JI435_414570
lcl|CP069032.1_cds_QRD00102.1_10085	JI435_414580
lcl|CP069032.1_cds_QRD00103.1_10086	JI435_070040
lcl|CP069032.1_cds_QRD00104.1_10087	JI435_414590
lcl|CP069032.1_cds_QRD00105.1_10088	JI435_414600
lcl|CP069032.1_cds_QRD00106.1_10089	JI435_414610
lcl|CP069032.1_cds_QRD00107.1_10090	JI435_437920
lcl|CP069032.1_cds_QRD00108.1_10091	JI435_070070
lcl|CP069032.1_cds_QRD00109.1_10092	JI435_070080
lcl|CP069032.1_cds_QRD00110.1_10093	JI435_414620
lcl|CP069032.1_cds_QRD00111.1_10094	JI435_070090
lcl|CP069032.1_cds_QRD00112.1_10095	JI435_070110
lcl|CP069032.1_cds_QRD00113.1_10096	JI435_070140
lcl|CP069032.1_cds_QRD00114.1_10097	JI435_304960
lcl|CP069032.1_cds_QRD00115.1_10098	JI435_070150
lcl|CP069032.1_cds_QRD00116.1_10099	JI435_070160
lcl|CP069032.1_cds_QRD00117.1_10100	JI435_070170
lcl|CP069032.1_cds_QRD00118.1_10101	JI435_070190
lcl|CP069032.1_cds_QRD00119.1_10102	JI435_070200
lcl|CP069032.1_cds_QRD00120.1_10103	JI435_070210
lcl|CP069032.1_cds_QRD00121.1_10104	JI435_070220
lcl|CP069032.1_cds_QRD00122.1_10105	JI435_070230
lcl|CP069032.1_cds_QRD00123.1_10106	JI435_070250
lcl|CP069032.1_cds_QRD00124.1_10107	JI435_070260
lcl|CP069032.1_cds_QRD00125.1_10108	JI435_304970
lcl|CP069032.1_cds_QRD00126.1_10109	JI435_070280
lcl|CP069032.1_cds_QRD00127.1_10110	JI435_070290
lcl|CP069032.1_cds_QRD00128.1_10111	JI435_070300
lcl|CP069032.1_cds_QRD00129.1_10112	JI435_070310
lcl|CP069032.1_cds_QRD00130.1_10113	JI435_070320
lcl|CP069032.1_cds_QRD00131.1_10114	JI435_070330
lcl|CP069032.1_cds_QRD00132.1_10115	JI435_437960
lcl|CP069032.1_cds_QRD00133.1_10116	JI435_437970
lcl|CP069032.1_cds_QRD00134.1_10117	JI435_070360
lcl|CP069032.1_cds_QRD00135.1_10118	JI435_304980
lcl|CP069032.1_cds_QRD00136.1_10119	JI435_070370
lcl|CP069032.1_cds_QRD00137.1_10120	JI435_070390
lcl|CP069032.1_cds_QRD00138.1_10121	JI435_070400
lcl|CP069032.1_cds_QRD00139.1_10122	JI435_070410
lcl|CP069032.1_cds_QRD00140.1_10123	JI435_070420
lcl|CP069032.1_cds_QRD00141.1_10124	JI435_070430
lcl|CP069032.1_cds_QRD00142.1_10125	JI435_070440
lcl|CP069032.1_cds_QRD00143.1_10126	JI435_414630
lcl|CP069032.1_cds_QRD00144.1_10127	JI435_070450
lcl|CP069032.1_cds_QRD00145.1_10128	JI435_070460
lcl|CP069032.1_cds_QRD00146.1_10129	JI435_070470
lcl|CP069032.1_cds_QRD00147.1_10130	JI435_070480
lcl|CP069032.1_cds_QRD00148.1_10131	JI435_438010
lcl|CP069032.1_cds_QRD00149.1_10132	JI435_070510
lcl|CP069032.1_cds_QRD00150.1_10133	JI435_414640
lcl|CP069032.1_cds_QRD00151.1_10134	JI435_438020
lcl|CP069032.1_cds_QRD00152.1_10135	JI435_070520
lcl|CP069032.1_cds_QRD00153.1_10136	JI435_070540
lcl|CP069032.1_cds_QRD00154.1_10137	JI435_070550
lcl|CP069032.1_cds_QRD00155.1_10138	JI435_414650
lcl|CP069032.1_cds_QRD00156.1_10139	JI435_070560
lcl|CP069032.1_cds_QRD00157.1_10140	JI435_070570
lcl|CP069032.1_cds_QRD00158.1_10141	JI435_414660
lcl|CP069032.1_cds_QRD00159.1_10142	JI435_414670
lcl|CP069032.1_cds_QRD00160.1_10143	JI435_070580
lcl|CP069032.1_cds_QRD00161.1_10144	JI435_070590
lcl|CP069032.1_cds_QRD00162.1_10145	JI435_070600
lcl|CP069032.1_cds_QRD00163.1_10146	JI435_070620
lcl|CP069032.1_cds_QRD00164.1_10147	JI435_070640
lcl|CP069032.1_cds_QRD00165.1_10148	JI435_070650
lcl|CP069032.1_cds_QRD00166.1_10149	JI435_070660
lcl|CP069032.1_cds_QRD00167.1_10150	JI435_070670
lcl|CP069032.1_cds_QRD00168.1_10151	JI435_438040
lcl|CP069032.1_cds_QRD00169.1_10152	JI435_070690
lcl|CP069032.1_cds_QRD00170.1_10153	JI435_070700
lcl|CP069032.1_cds_QRD00171.1_10154	JI435_304990
lcl|CP069032.1_cds_QRD00172.1_10155	JI435_070710
lcl|CP069032.1_cds_QRD00173.1_10156	JI435_070720
lcl|CP069032.1_cds_QRD00174.1_10157	JI435_414680
lcl|CP069032.1_cds_QRD00175.1_10158	JI435_070730
lcl|CP069032.1_cds_QRD00176.1_10159	JI435_414690
lcl|CP069032.1_cds_QRD00177.1_10160	JI435_070740
lcl|CP069032.1_cds_QRD00178.1_10161	JI435_070750
lcl|CP069032.1_cds_QRD00179.1_10162	JI435_414700
lcl|CP069032.1_cds_QRD00180.1_10163	JI435_070760
lcl|CP069032.1_cds_QRD00181.1_10164	JI435_070790
lcl|CP069032.1_cds_QRD00182.1_10165	JI435_070800
lcl|CP069032.1_cds_QRD00183.1_10166	JI435_070810
lcl|CP069032.1_cds_QRD00184.1_10167	JI435_414710
lcl|CP069032.1_cds_QRD00185.1_10168	JI435_070820
lcl|CP069032.1_cds_QRD00186.1_10169	JI435_070830
lcl|CP069032.1_cds_QRD00187.1_10170	JI435_070840
lcl|CP069032.1_cds_QRD00188.1_10171	JI435_414720
lcl|CP069032.1_cds_QRD00189.1_10172	JI435_070850
lcl|CP069032.1_cds_QRD00190.1_10173	JI435_414730
lcl|CP069032.1_cds_QRD00191.1_10174	JI435_414740
lcl|CP069032.1_cds_QRD00192.1_10175	JI435_070870
lcl|CP069032.1_cds_QRD00193.1_10176	JI435_305000
lcl|CP069032.1_cds_QRD00194.1_10177	JI435_070880
lcl|CP069032.1_cds_QRD00195.1_10178	JI435_070890
lcl|CP069032.1_cds_QRD00196.1_10179	JI435_070900
lcl|CP069032.1_cds_QRD00197.1_10180	JI435_070910
lcl|CP069032.1_cds_QRD00198.1_10181	JI435_414750
lcl|CP069032.1_cds_QRD00199.1_10182	JI435_070920
lcl|CP069032.1_cds_QRD00200.1_10183	JI435_070930
lcl|CP069032.1_cds_QRD00201.1_10184	JI435_070940
lcl|CP069032.1_cds_QRD00202.1_10185	JI435_070950
lcl|CP069032.1_cds_QRD00203.1_10186	JI435_070960
lcl|CP069032.1_cds_QRD00204.1_10187	JI435_414760
lcl|CP069032.1_cds_QRD00205.1_10188	JI435_414770
lcl|CP069032.1_cds_QRD00206.1_10189	JI435_070970
lcl|CP069032.1_cds_QRD00207.1_10190	JI435_414780
lcl|CP069032.1_cds_QRD00208.1_10191	JI435_414790
lcl|CP069032.1_cds_QRD00209.1_10192	JI435_070980
lcl|CP069032.1_cds_QRD00210.1_10193	JI435_070990
lcl|CP069032.1_cds_QRD00211.1_10194	JI435_305010
lcl|CP069032.1_cds_QRD00212.1_10195	JI435_071000
lcl|CP069032.1_cds_QRD00213.1_10196	JI435_071010
lcl|CP069032.1_cds_QRD00214.1_10197	JI435_071020
lcl|CP069032.1_cds_QRD00215.1_10198	JI435_305020
lcl|CP069032.1_cds_QRD00216.1_10199	JI435_071040
lcl|CP069032.1_cds_QRD00217.1_10200	JI435_414800
lcl|CP069032.1_cds_QRD00218.1_10201	JI435_071050
lcl|CP069032.1_cds_QRD00219.1_10202	JI435_071060
lcl|CP069032.1_cds_QRD00220.1_10203	JI435_071070
lcl|CP069032.1_cds_QRD00221.1_10204	JI435_414810
lcl|CP069032.1_cds_QRD00222.1_10205	JI435_071080
lcl|CP069032.1_cds_QRD00223.1_10206	JI435_071100
lcl|CP069032.1_cds_QRD00224.1_10207	JI435_071110
lcl|CP069032.1_cds_QRD00225.1_10208	JI435_071120
lcl|CP069032.1_cds_QRD00226.1_10209	JI435_071130
lcl|CP069032.1_cds_QRD00227.1_10210	JI435_414820
lcl|CP069032.1_cds_QRD00228.1_10211	JI435_071140
lcl|CP069032.1_cds_QRD00229.1_10212	JI435_071160
lcl|CP069032.1_cds_QRD00230.1_10213	JI435_414830
lcl|CP069032.1_cds_QRD00231.1_10214	JI435_200760
lcl|CP069032.1_cds_QRD00232.1_10215	JI435_414840
lcl|CP069032.1_cds_QRD00233.1_10216	JI435_414850
lcl|CP069032.1_cds_QRD00234.1_10217	JI435_071170
lcl|CP069032.1_cds_QRD00235.1_10218	JI435_414860
lcl|CP069032.1_cds_QRD00236.1_10219	JI435_071180
lcl|CP069032.1_cds_QRD00237.1_10220	JI435_438070
lcl|CP069032.1_cds_QRD00238.1_10221	JI435_071190
lcl|CP069032.1_cds_QRD00239.1_10222	JI435_438080
lcl|CP069032.1_cds_QRD00240.1_10223	JI435_071210
lcl|CP069032.1_cds_QRD00241.1_10224	JI435_071210
lcl|CP069032.1_cds_QRD00242.1_10225	JI435_071220
lcl|CP069032.1_cds_QRD00243.1_10226	JI435_071240
lcl|CP069032.1_cds_QRD00244.1_10227	JI435_414870
lcl|CP069032.1_cds_QRD00245.1_10228	JI435_071250
lcl|CP069032.1_cds_QRD00246.1_10229	JI435_414880
lcl|CP069032.1_cds_QRD00247.1_10230	JI435_071260
lcl|CP069032.1_cds_QRD00248.1_10231	JI435_071280
lcl|CP069032.1_cds_QRD00249.1_10232	JI435_071280
lcl|CP069032.1_cds_QRD00250.1_10233	JI435_200770
lcl|CP069032.1_cds_QRD00251.1_10234	JI435_071310
lcl|CP069032.1_cds_QRD00252.1_10235	JI435_414890
lcl|CP069032.1_cds_QRD00253.1_10236	JI435_071320
lcl|CP069032.1_cds_QRD00254.1_10237	JI435_414900
lcl|CP069032.1_cds_QRD00255.1_10238	JI435_071340
lcl|CP069032.1_cds_QRD00256.1_10239	JI435_071350
lcl|CP069032.1_cds_QRD00257.1_10240	JI435_071360
lcl|CP069032.1_cds_QRD00258.1_10241	JI435_071370
lcl|CP069032.1_cds_QRD00259.1_10242	JI435_071380
lcl|CP069032.1_cds_QRD00260.1_10243	JI435_071390
lcl|CP069032.1_cds_QRD00261.1_10244	JI435_414910
lcl|CP069032.1_cds_QRD00262.1_10245	JI435_071410
lcl|CP069032.1_cds_QRD00263.1_10246	JI435_414920
lcl|CP069032.1_cds_QRD00264.1_10247	JI435_414930
lcl|CP069032.1_cds_QRD00265.1_10248	JI435_071430
lcl|CP069032.1_cds_QRD00266.1_10249	JI435_071440
lcl|CP069032.1_cds_QRD00267.1_10250	JI435_071450
lcl|CP069032.1_cds_QRD00268.1_10251	JI435_071460
lcl|CP069032.1_cds_QRD00269.1_10252	JI435_071470
lcl|CP069032.1_cds_QRD00270.1_10253	JI435_071490
lcl|CP069032.1_cds_QRD00271.1_10254	JI435_071500
lcl|CP069032.1_cds_QRD00272.1_10255	JI435_071510
lcl|CP069032.1_cds_QRD00273.1_10256	JI435_438110
lcl|CP069032.1_cds_QRD00274.1_10257	JI435_071520
lcl|CP069032.1_cds_QRD00275.1_10258	JI435_071530
lcl|CP069032.1_cds_QRD00276.1_10259	JI435_200780
lcl|CP069032.1_cds_QRD00277.1_10260	JI435_071540
lcl|CP069032.1_cds_QRD00278.1_10261	JI435_071560
lcl|CP069032.1_cds_QRD00279.1_10262	JI435_071570
lcl|CP069032.1_cds_QRD00280.1_10263	JI435_414940
lcl|CP069032.1_cds_QRD00281.1_10264	JI435_071590
lcl|CP069032.1_cds_QRD00282.1_10265	JI435_071600
lcl|CP069032.1_cds_QRD00283.1_10266	JI435_414950
lcl|CP069032.1_cds_QRD00284.1_10267	JI435_071610
lcl|CP069032.1_cds_QRD00285.1_10268	JI435_438120
lcl|CP069032.1_cds_QRD00286.1_10269	JI435_071620
lcl|CP069032.1_cds_QRD00287.1_10270	JI435_071630
lcl|CP069032.1_cds_QRD00288.1_10271	JI435_071640
lcl|CP069032.1_cds_QRD00289.1_10272	JI435_071650
lcl|CP069032.1_cds_QRD00290.1_10273	JI435_071660
lcl|CP069032.1_cds_QRD00291.1_10274	JI435_414960
lcl|CP069032.1_cds_QRD00292.1_10275	JI435_071670
lcl|CP069032.1_cds_QRD00293.1_10276	JI435_071680
lcl|CP069032.1_cds_QRD00294.1_10277	JI435_071690
lcl|CP069032.1_cds_QRD00295.1_10278	JI435_305030
lcl|CP069032.1_cds_QRD00296.1_10279	JI435_305030
lcl|CP069032.1_cds_QRD00297.1_10280	JI435_438130
lcl|CP069032.1_cds_QRD00298.1_10281	JI435_438130
lcl|CP069032.1_cds_QRD00299.1_10282	JI435_438140
lcl|CP069032.1_cds_QRD00300.1_10283	JI435_071730
lcl|CP069032.1_cds_QRD00301.1_10284	JI435_071740
lcl|CP069032.1_cds_QRD00302.1_10285	JI435_071750
lcl|CP069032.1_cds_QRD00303.1_10286	JI435_071760
lcl|CP069032.1_cds_QRD00304.1_10287	JI435_414980
lcl|CP069032.1_cds_QRD00305.1_10288	JI435_071770
lcl|CP069032.1_cds_QRD00306.1_10289	JI435_071780
lcl|CP069032.1_cds_QRD00307.1_10290	JI435_071790
lcl|CP069032.1_cds_QRD00308.1_10291	JI435_071800
lcl|CP069032.1_cds_QRD00309.1_10292	JI435_071810
lcl|CP069032.1_cds_QRD00310.1_10293	JI435_071820
lcl|CP069032.1_cds_QRD00311.1_10294	JI435_071830
lcl|CP069032.1_cds_QRD00312.1_10295	JI435_305040
lcl|CP069032.1_cds_QRD00313.1_10296	JI435_305050
lcl|CP069032.1_cds_QRD00314.1_10297	JI435_071840
lcl|CP069032.1_cds_QRD00315.1_10298	JI435_071850
lcl|CP069032.1_cds_QRD00316.1_10299	JI435_071880
lcl|CP069032.1_cds_QRD00317.1_10300	JI435_071890
lcl|CP069032.1_cds_QRD00318.1_10301	JI435_414990
lcl|CP069032.1_cds_QRD00319.1_10302	JI435_071900
lcl|CP069032.1_cds_QRD00320.1_10303	JI435_415000
lcl|CP069032.1_cds_QRD00321.1_10304	JI435_071910
lcl|CP069032.1_cds_QRD00322.1_10305	JI435_071920
lcl|CP069032.1_cds_QRD00323.1_10306	JI435_305070
lcl|CP069032.1_cds_QRD00324.1_10307	JI435_071940
lcl|CP069032.1_cds_QRD00325.1_10308	JI435_071960
lcl|CP069032.1_cds_QRD00326.1_10309	JI435_415010
lcl|CP069032.1_cds_QRD00327.1_10310	JI435_071970
lcl|CP069032.1_cds_QRD00328.1_10311	JI435_071990
lcl|CP069032.1_cds_QRD00329.1_10312	JI435_072000
lcl|CP069032.1_cds_QRD00330.1_10313	JI435_072010
lcl|CP069032.1_cds_QRD00331.1_10314	JI435_415020
lcl|CP069032.1_cds_QRD00332.1_10315	JI435_415030
lcl|CP069032.1_cds_QRD00333.1_10316	JI435_415040
lcl|CP069032.1_cds_QRD00334.1_10317	JI435_415050
lcl|CP069032.1_cds_QRD00335.1_10318	JI435_072020
lcl|CP069032.1_cds_QRD00336.1_10319	JI435_415060
lcl|CP069032.1_cds_QRD00337.1_10320	JI435_072030
lcl|CP069032.1_cds_QRD00338.1_10321	JI435_415070
lcl|CP069032.1_cds_QRD00339.1_10322	JI435_415080
lcl|CP069032.1_cds_QRD00340.1_10323	JI435_072040
lcl|CP069032.1_cds_QRD00341.1_10324	JI435_072050
lcl|CP069032.1_cds_QRD00342.1_10325	JI435_072060
lcl|CP069032.1_cds_QRD00343.1_10326	JI435_072070
lcl|CP069032.1_cds_QRD00344.1_10327	JI435_072080
lcl|CP069032.1_cds_QRD00345.1_10328	JI435_415090
lcl|CP069032.1_cds_QRD00346.1_10329	JI435_072090
lcl|CP069032.1_cds_QRD00347.1_10330	JI435_072090
lcl|CP069032.1_cds_QRD00348.1_10331	JI435_072110
lcl|CP069032.1_cds_QRD00349.1_10332	JI435_072120
lcl|CP069032.1_cds_QRD00350.1_10333	JI435_072130
lcl|CP069032.1_cds_QRD00351.1_10334	JI435_415100
lcl|CP069032.1_cds_QRD00352.1_10335	JI435_415110
lcl|CP069032.1_cds_QRD00353.1_10336	JI435_415120
lcl|CP069032.1_cds_QRD00354.1_10337	JI435_072140
lcl|CP069032.1_cds_QRD00355.1_10338	JI435_072170
lcl|CP069032.1_cds_QRD00356.1_10339	JI435_415130
lcl|CP069032.1_cds_QRD00357.1_10340	JI435_072180
lcl|CP069032.1_cds_QRD00358.1_10341	JI435_072190
lcl|CP069032.1_cds_QRD00359.1_10342	JI435_072200
lcl|CP069032.1_cds_QRD00360.1_10343	JI435_072210
lcl|CP069032.1_cds_QRD00361.1_10344	JI435_305080
lcl|CP069032.1_cds_QRD00362.1_10345	JI435_072230
lcl|CP069032.1_cds_QRD00363.1_10346	JI435_072240
lcl|CP069032.1_cds_QRD00364.1_10347	JI435_415140
lcl|CP069032.1_cds_QRD00365.1_10348	JI435_072250
lcl|CP069032.1_cds_QRD00366.1_10349	JI435_072270
lcl|CP069032.1_cds_QRD00367.1_10350	JI435_072280
lcl|CP069032.1_cds_QRD00368.1_10351	JI435_305090
lcl|CP069032.1_cds_QRD00369.1_10352	JI435_305100
lcl|CP069032.1_cds_QRD00370.1_10353	JI435_072290
lcl|CP069032.1_cds_QRD00371.1_10354	JI435_072300
lcl|CP069032.1_cds_QRD00372.1_10355	JI435_072310
lcl|CP069032.1_cds_QRD00373.1_10356	JI435_415150
lcl|CP069032.1_cds_QRD00374.1_10357	JI435_072320
lcl|CP069032.1_cds_QRD00375.1_10358	JI435_072330
lcl|CP069032.1_cds_QRD00376.1_10359	JI435_415160
lcl|CP069032.1_cds_QRD00377.1_10360	JI435_072340
lcl|CP069032.1_cds_QRD00378.1_10361	JI435_305110
lcl|CP069032.1_cds_QRD00379.1_10362	JI435_305120
lcl|CP069032.1_cds_QRD00380.1_10363	JI435_305130
lcl|CP069032.1_cds_QRD00381.1_10364	JI435_072400
lcl|CP069032.1_cds_QRD00382.1_10365	JI435_072410
lcl|CP069032.1_cds_QRD00383.1_10366	JI435_072430
lcl|CP069032.1_cds_QRD00384.1_10367	JI435_072440
lcl|CP069032.1_cds_QRD00385.1_10368	JI435_072450
lcl|CP069032.1_cds_QRD00386.1_10369	JI435_072460
lcl|CP069032.1_cds_QRD00387.1_10370	JI435_072470
lcl|CP069032.1_cds_QRD00388.1_10371	JI435_072480
lcl|CP069032.1_cds_QRD00389.1_10372	JI435_072490
lcl|CP069032.1_cds_QRD00390.1_10373	JI435_072500
lcl|CP069032.1_cds_QRD00391.1_10374	JI435_072510
lcl|CP069032.1_cds_QRD00392.1_10375	JI435_072530
lcl|CP069032.1_cds_QRD00393.1_10376	JI435_305140
lcl|CP069032.1_cds_QRD00394.1_10377	JI435_072540
lcl|CP069032.1_cds_QRD00395.1_10378	JI435_072560
lcl|CP069032.1_cds_QRD00396.1_10379	JI435_072570
lcl|CP069032.1_cds_QRD00397.1_10380	JI435_072580
lcl|CP069032.1_cds_QRD00398.1_10381	JI435_072590
lcl|CP069032.1_cds_QRD00399.1_10382	JI435_072600
lcl|CP069032.1_cds_QRD00400.1_10383	JI435_072610
lcl|CP069032.1_cds_QRD00401.1_10384	JI435_072620
lcl|CP069032.1_cds_QRD00402.1_10385	JI435_072630
lcl|CP069032.1_cds_QRD00403.1_10386	JI435_072650
lcl|CP069032.1_cds_QRD00404.1_10387	JI435_072670
lcl|CP069032.1_cds_QRD00405.1_10388	JI435_072680
lcl|CP069032.1_cds_QRD00406.1_10389	JI435_072690
lcl|CP069032.1_cds_QRD00407.1_10390	JI435_305150
lcl|CP069032.1_cds_QRD00408.1_10391	JI435_305160
lcl|CP069032.1_cds_QRD00409.1_10392	JI435_072750
lcl|CP069032.1_cds_QRD00410.1_10393	JI435_072760
lcl|CP069032.1_cds_QRD00411.1_10394	JI435_438230
lcl|CP069033.1_cds_QRD00412.1_10395	JI435_089810
lcl|CP069033.1_cds_QRD00413.1_10396	JI435_089810
lcl|CP069033.1_cds_QRD00414.1_10397	JI435_089820
lcl|CP069033.1_cds_QRD00415.1_10398	JI435_089830
lcl|CP069033.1_cds_QRD00416.1_10399	JI435_089840
lcl|CP069033.1_cds_QRD00417.1_10400	JI435_089850
lcl|CP069033.1_cds_QRD00418.1_10401	JI435_089870
lcl|CP069033.1_cds_QRD00419.1_10402	JI435_438260
lcl|CP069033.1_cds_QRD00420.1_10403	JI435_089890
lcl|CP069033.1_cds_QRD00421.1_10404	JI435_089900
lcl|CP069033.1_cds_QRD00422.1_10405	JI435_306340
lcl|CP069033.1_cds_QRD00423.1_10406	JI435_089910
lcl|CP069033.1_cds_QRD00424.1_10407	JI435_089920
lcl|CP069033.1_cds_QRD00425.1_10408	JI435_415170
lcl|CP069033.1_cds_QRD00426.1_10409	JI435_089930
lcl|CP069033.1_cds_QRD00427.1_10410	JI435_089940
lcl|CP069033.1_cds_QRD00428.1_10411	JI435_089950
lcl|CP069033.1_cds_QRD00429.1_10412	JI435_089960
lcl|CP069033.1_cds_QRD00430.1_10413	JI435_089960
lcl|CP069033.1_cds_QRD00431.1_10414	JI435_089970
lcl|CP069033.1_cds_QRD00432.1_10415	JI435_089980
lcl|CP069033.1_cds_QRD00433.1_10416	JI435_089990
lcl|CP069033.1_cds_QRD00434.1_10417	JI435_090000
lcl|CP069033.1_cds_QRD00435.1_10418	JI435_090010
lcl|CP069033.1_cds_QRD00436.1_10419	JI435_090020
lcl|CP069033.1_cds_QRD00437.1_10420	JI435_090030
lcl|CP069033.1_cds_QRD00438.1_10421	JI435_090040
lcl|CP069033.1_cds_QRD00439.1_10422	JI435_438270
lcl|CP069033.1_cds_QRD00440.1_10423	JI435_090060
lcl|CP069033.1_cds_QRD00441.1_10424	JI435_090070
lcl|CP069033.1_cds_QRD00442.1_10425	JI435_415180
lcl|CP069033.1_cds_QRD00443.1_10426	JI435_415190
lcl|CP069033.1_cds_QRD00444.1_10427	JI435_090080
lcl|CP069033.1_cds_QRD00445.1_10428	JI435_090090
lcl|CP069033.1_cds_QRD00446.1_10429	JI435_415200
lcl|CP069033.1_cds_QRD00447.1_10430	JI435_090110
lcl|CP069033.1_cds_QRD00448.1_10431	JI435_090120
lcl|CP069033.1_cds_QRD00449.1_10432	JI435_090130
lcl|CP069033.1_cds_QRD00450.1_10433	JI435_090140
lcl|CP069033.1_cds_QRD00451.1_10434	JI435_090160
lcl|CP069033.1_cds_QRD00452.1_10435	JI435_090170
lcl|CP069033.1_cds_QRD00453.1_10436	JI435_090180
lcl|CP069033.1_cds_QRD00454.1_10437	JI435_090190
lcl|CP069033.1_cds_QRD00455.1_10438	JI435_090200
lcl|CP069033.1_cds_QRD00456.1_10439	JI435_090210
lcl|CP069033.1_cds_QRD00457.1_10440	JI435_306360
lcl|CP069033.1_cds_QRD00458.1_10441	JI435_090220
lcl|CP069033.1_cds_QRD00459.1_10442	JI435_090230
lcl|CP069033.1_cds_QRD00460.1_10443	JI435_090240
lcl|CP069033.1_cds_QRD00461.1_10444	JI435_090250
lcl|CP069033.1_cds_QRD00462.1_10445	JI435_090260
lcl|CP069033.1_cds_QRD00463.1_10446	JI435_415210
lcl|CP069033.1_cds_QRD00464.1_10447	JI435_090270
lcl|CP069033.1_cds_QRD00465.1_10448	JI435_090280
lcl|CP069033.1_cds_QRD00466.1_10449	JI435_438300
lcl|CP069033.1_cds_QRD00467.1_10450	JI435_090300
lcl|CP069033.1_cds_QRD00468.1_10451	JI435_090310
lcl|CP069033.1_cds_QRD00469.1_10452	JI435_090320
lcl|CP069033.1_cds_QRD00470.1_10453	JI435_090330
lcl|CP069033.1_cds_QRD00471.1_10454	JI435_090340
lcl|CP069033.1_cds_QRD00472.1_10455	JI435_306370
lcl|CP069033.1_cds_QRD00473.1_10456	JI435_090350
lcl|CP069033.1_cds_QRD00474.1_10457	JI435_090360
lcl|CP069033.1_cds_QRD00475.1_10458	JI435_090370
lcl|CP069033.1_cds_QRD00476.1_10459	JI435_090380
lcl|CP069033.1_cds_QRD00477.1_10460	JI435_415220
lcl|CP069033.1_cds_QRD00478.1_10461	JI435_415230
lcl|CP069033.1_cds_QRD00479.1_10462	JI435_090390
lcl|CP069033.1_cds_QRD00480.1_10463	JI435_415240
lcl|CP069033.1_cds_QRD00481.1_10464	JI435_090400
lcl|CP069033.1_cds_QRD00482.1_10465	JI435_415250
lcl|CP069033.1_cds_QRD00483.1_10466	JI435_090410
lcl|CP069033.1_cds_QRD00484.1_10467	JI435_090420
lcl|CP069033.1_cds_QRD00485.1_10468	JI435_090430
lcl|CP069033.1_cds_QRD00486.1_10469	JI435_090440
lcl|CP069033.1_cds_QRD00487.1_10470	JI435_090450
lcl|CP069033.1_cds_QRD00488.1_10471	JI435_415260
lcl|CP069033.1_cds_QRD00489.1_10472	JI435_090460
lcl|CP069033.1_cds_QRD00490.1_10473	JI435_090470
lcl|CP069033.1_cds_QRD00491.1_10474	JI435_090480
lcl|CP069033.1_cds_QRD00492.1_10475	JI435_090490
lcl|CP069033.1_cds_QRD00493.1_10476	JI435_090500
lcl|CP069033.1_cds_QRD00494.1_10477	JI435_090510
lcl|CP069033.1_cds_QRD00495.1_10478	JI435_090520
lcl|CP069033.1_cds_QRD00496.1_10479	JI435_090530
lcl|CP069033.1_cds_QRD00497.1_10480	JI435_090540
lcl|CP069033.1_cds_QRD00498.1_10481	JI435_090550
lcl|CP069033.1_cds_QRD00499.1_10482	JI435_090560
lcl|CP069033.1_cds_QRD00500.1_10483	JI435_090570
lcl|CP069033.1_cds_QRD00501.1_10484	JI435_090580
lcl|CP069033.1_cds_QRD00502.1_10485	JI435_415270
lcl|CP069033.1_cds_QRD00503.1_10486	JI435_090590
lcl|CP069033.1_cds_QRD00504.1_10487	JI435_090590
lcl|CP069033.1_cds_QRD00505.1_10488	JI435_090600
lcl|CP069033.1_cds_QRD00506.1_10489	JI435_090610
lcl|CP069033.1_cds_QRD00507.1_10490	JI435_090620
lcl|CP069033.1_cds_QRD00508.1_10491	JI435_090630
lcl|CP069033.1_cds_QRD00509.1_10492	JI435_438310
lcl|CP069033.1_cds_QRD00510.1_10493	JI435_090660
lcl|CP069033.1_cds_QRD00511.1_10494	JI435_090670
lcl|CP069033.1_cds_QRD00512.1_10495	JI435_090680
lcl|CP069033.1_cds_QRD00513.1_10496	JI435_090690
lcl|CP069033.1_cds_QRD00514.1_10497	JI435_415280
lcl|CP069033.1_cds_QRD00515.1_10498	JI435_090700
lcl|CP069033.1_cds_QRD00516.1_10499	JI435_090710
lcl|CP069033.1_cds_QRD00517.1_10500	JI435_415290
lcl|CP069033.1_cds_QRD00518.1_10501	JI435_090730
lcl|CP069033.1_cds_QRD00519.1_10502	JI435_090740
lcl|CP069033.1_cds_QRD00520.1_10503	JI435_090750
lcl|CP069033.1_cds_QRD00521.1_10504	JI435_090770
lcl|CP069033.1_cds_QRD00522.1_10505	JI435_090800
lcl|CP069033.1_cds_QRD00523.1_10506	JI435_090810
lcl|CP069033.1_cds_QRD00524.1_10507	JI435_090830
lcl|CP069033.1_cds_QRD00525.1_10508	JI435_090840
lcl|CP069033.1_cds_QRD00526.1_10509	JI435_090850
lcl|CP069033.1_cds_QRD00527.1_10510	JI435_090860
lcl|CP069033.1_cds_QRD00528.1_10511	JI435_415300
lcl|CP069033.1_cds_QRD00529.1_10512	JI435_090870
lcl|CP069033.1_cds_QRD00530.1_10513	JI435_090880
lcl|CP069033.1_cds_QRD00531.1_10514	JI435_415310
lcl|CP069033.1_cds_QRD00532.1_10515	JI435_415320
lcl|CP069033.1_cds_QRD00533.1_10516	JI435_090890
lcl|CP069033.1_cds_QRD00534.1_10517	JI435_090900
lcl|CP069033.1_cds_QRD00535.1_10518	JI435_090910
lcl|CP069033.1_cds_QRD00536.1_10519	JI435_090920
lcl|CP069033.1_cds_QRD00537.1_10520	JI435_090930
lcl|CP069033.1_cds_QRD00538.1_10521	JI435_090940
lcl|CP069033.1_cds_QRD00539.1_10522	JI435_090950
lcl|CP069033.1_cds_QRD00540.1_10523	JI435_090970
lcl|CP069033.1_cds_QRD00541.1_10524	JI435_438320
lcl|CP069033.1_cds_QRD00542.1_10525	JI435_090990
lcl|CP069033.1_cds_QRD00543.1_10526	JI435_091000
lcl|CP069033.1_cds_QRD00544.1_10527	JI435_091010
lcl|CP069033.1_cds_QRD00545.1_10528	JI435_091020
lcl|CP069033.1_cds_QRD00546.1_10529	JI435_091030
lcl|CP069033.1_cds_QRD00547.1_10530	JI435_091040
lcl|CP069033.1_cds_QRD00548.1_10531	JI435_091050
lcl|CP069033.1_cds_QRD00549.1_10532	JI435_091060
lcl|CP069033.1_cds_QRD00550.1_10533	JI435_091070
lcl|CP069033.1_cds_QRD00551.1_10534	JI435_091080
lcl|CP069033.1_cds_QRD00552.1_10535	JI435_091090
lcl|CP069033.1_cds_QRD00553.1_10536	JI435_438330
lcl|CP069033.1_cds_QRD00554.1_10537	JI435_091100
lcl|CP069033.1_cds_QRD00555.1_10538	JI435_091120
lcl|CP069033.1_cds_QRD00556.1_10539	JI435_091130
lcl|CP069033.1_cds_QRD00557.1_10540	JI435_091140
lcl|CP069033.1_cds_QRD00558.1_10541	JI435_091150
lcl|CP069033.1_cds_QRD00559.1_10542	JI435_415330
lcl|CP069033.1_cds_QRD00560.1_10543	JI435_091160
lcl|CP069033.1_cds_QRD00561.1_10544	JI435_091170
lcl|CP069033.1_cds_QRD00562.1_10545	JI435_091180
lcl|CP069033.1_cds_QRD00563.1_10546	JI435_091190
lcl|CP069033.1_cds_QRD00564.1_10547	JI435_091200
lcl|CP069033.1_cds_QRD00565.1_10548	JI435_091210
lcl|CP069033.1_cds_QRD00566.1_10549	JI435_091220
lcl|CP069033.1_cds_QRD00567.1_10550	JI435_091230
lcl|CP069033.1_cds_QRD00568.1_10551	JI435_091240
lcl|CP069033.1_cds_QRD00569.1_10552	JI435_091250
lcl|CP069033.1_cds_QRD00570.1_10553	JI435_091260
lcl|CP069033.1_cds_QRD00571.1_10554	JI435_091280
lcl|CP069033.1_cds_QRD00572.1_10555	JI435_091290
lcl|CP069033.1_cds_QRD00573.1_10556	JI435_415340
lcl|CP069033.1_cds_QRD00574.1_10557	JI435_091300
lcl|CP069033.1_cds_QRD00575.1_10558	JI435_091310
lcl|CP069033.1_cds_QRD00576.1_10559	JI435_091320
lcl|CP069033.1_cds_QRD00577.1_10560	JI435_091330
lcl|CP069033.1_cds_QRD00578.1_10561	JI435_438360
lcl|CP069033.1_cds_QRD00579.1_10562	JI435_091350
lcl|CP069033.1_cds_QRD00580.1_10563	JI435_091360
lcl|CP069033.1_cds_QRD00581.1_10564	JI435_091370
lcl|CP069033.1_cds_QRD00582.1_10565	JI435_091380
lcl|CP069033.1_cds_QRD00583.1_10566	JI435_306400
lcl|CP069033.1_cds_QRD00584.1_10567	JI435_091420
lcl|CP069033.1_cds_QRD00585.1_10568	JI435_091430
lcl|CP069033.1_cds_QRD00586.1_10569	JI435_091440
lcl|CP069033.1_cds_QRD00587.1_10570	JI435_091450
lcl|CP069033.1_cds_QRD00588.1_10571	JI435_415350
lcl|CP069033.1_cds_QRD00589.1_10572	JI435_091460
lcl|CP069033.1_cds_QRD00590.1_10573	JI435_091470
lcl|CP069033.1_cds_QRD00591.1_10574	JI435_415360
lcl|CP069033.1_cds_QRD00592.1_10575	JI435_091480
lcl|CP069033.1_cds_QRD00593.1_10576	JI435_091490
lcl|CP069033.1_cds_QRD00595.1_10577	JI435_091500
lcl|CP069033.1_cds_QRD00594.1_10578	JI435_091500
lcl|CP069033.1_cds_QRD00596.1_10579	JI435_091510
lcl|CP069033.1_cds_QRD00597.1_10580	JI435_438380
lcl|CP069033.1_cds_QRD00598.1_10581	JI435_091550
lcl|CP069033.1_cds_QRD00599.1_10582	JI435_091560
lcl|CP069033.1_cds_QRD00600.1_10583	JI435_415370
lcl|CP069033.1_cds_QRD00601.1_10584	JI435_091570
lcl|CP069033.1_cds_QRD00602.1_10585	JI435_091580
lcl|CP069033.1_cds_QRD00603.1_10586	JI435_415380
lcl|CP069033.1_cds_QRD00604.1_10587	JI435_415390
lcl|CP069033.1_cds_QRD00605.1_10588	JI435_091590
lcl|CP069033.1_cds_QRD00606.1_10589	JI435_415400
lcl|CP069033.1_cds_QRD00607.1_10590	JI435_415410
lcl|CP069033.1_cds_QRD00608.1_10591	JI435_415420
lcl|CP069033.1_cds_QRD00609.1_10592	JI435_415430
lcl|CP069033.1_cds_QRD00610.1_10593	JI435_415440
lcl|CP069033.1_cds_QRD00611.1_10594	JI435_091600
lcl|CP069033.1_cds_QRD00612.1_10595	JI435_306420
lcl|CP069033.1_cds_QRD00613.1_10596	JI435_091620
lcl|CP069033.1_cds_QRD00614.1_10597	JI435_091630
lcl|CP069033.1_cds_QRD00616.1_10598	JI435_306430
lcl|CP069033.1_cds_QRD00615.1_10599	JI435_306430
lcl|CP069033.1_cds_QRD00617.1_10600	JI435_415450
lcl|CP069033.1_cds_QRD00618.1_10601	JI435_438400
lcl|CP069033.1_cds_QRD00619.1_10602	JI435_306450
lcl|CP069033.1_cds_QRD00620.1_10603	JI435_306460
lcl|CP069033.1_cds_QRD00621.1_10604	JI435_415460
lcl|CP069033.1_cds_QRD00622.1_10605	JI435_415470
lcl|CP069033.1_cds_QRD00623.1_10606	JI435_438410
lcl|CP069033.1_cds_QRD00624.1_10607	JI435_415480
lcl|CP069033.1_cds_QRD00625.1_10608	JI435_091720
lcl|CP069033.1_cds_QRD00626.1_10609	JI435_091740
lcl|CP069033.1_cds_QRD00627.1_10610	JI435_091760
lcl|CP069033.1_cds_QRD00628.1_10611	JI435_091770
lcl|CP069033.1_cds_QRD00629.1_10612	JI435_091780
lcl|CP069033.1_cds_QRD00630.1_10613	JI435_091790
lcl|CP069033.1_cds_QRD00631.1_10614	JI435_091800
lcl|CP069033.1_cds_QRD00632.1_10615	JI435_438460
lcl|CP069033.1_cds_QRD00633.1_10616	JI435_091830
lcl|CP069033.1_cds_QRD00634.1_10617	JI435_415490
lcl|CP069033.1_cds_QRD00635.1_10618	JI435_091840
lcl|CP069033.1_cds_QRD00636.1_10619	JI435_091850
lcl|CP069033.1_cds_QRD00637.1_10620	JI435_091860
lcl|CP069033.1_cds_QRD00638.1_10621	JI435_415520
lcl|CP069033.1_cds_QRD00639.1_10622	JI435_091880
lcl|CP069033.1_cds_QRD00640.1_10623	JI435_091890
lcl|CP069033.1_cds_QRD00641.1_10624	JI435_091900
lcl|CP069033.1_cds_QRD00642.1_10625	JI435_091910
lcl|CP069033.1_cds_QRD00643.1_10626	JI435_091920
lcl|CP069033.1_cds_QRD00644.1_10627	JI435_091930
lcl|CP069033.1_cds_QRD00645.1_10628	JI435_091940
lcl|CP069033.1_cds_QRD00646.1_10629	JI435_415540
lcl|CP069033.1_cds_QRD00647.1_10630	JI435_415550
lcl|CP069033.1_cds_QRD00648.1_10631	JI435_415560
lcl|CP069033.1_cds_QRD00649.1_10632	JI435_091950
lcl|CP069033.1_cds_QRD00650.1_10633	JI435_091960
lcl|CP069033.1_cds_QRD00651.1_10634	JI435_091970
lcl|CP069033.1_cds_QRD00652.1_10635	JI435_091980
lcl|CP069033.1_cds_QRD00653.1_10636	JI435_091990
lcl|CP069033.1_cds_QRD00654.1_10637	JI435_092020
lcl|CP069033.1_cds_QRD00655.1_10638	JI435_415570
lcl|CP069033.1_cds_QRD00656.1_10639	JI435_092030
lcl|CP069033.1_cds_QRD00657.1_10640	JI435_415580
lcl|CP069033.1_cds_QRD00658.1_10641	JI435_092050
lcl|CP069033.1_cds_QRD00659.1_10642	JI435_415590
lcl|CP069033.1_cds_QRD00660.1_10643	JI435_092060
lcl|CP069033.1_cds_QRD00661.1_10644	JI435_092070
lcl|CP069033.1_cds_QRD00662.1_10645	JI435_092080
lcl|CP069033.1_cds_QRD00663.1_10646	JI435_092090
lcl|CP069033.1_cds_QRD00664.1_10647	JI435_092100
lcl|CP069033.1_cds_QRD00665.1_10648	JI435_092110
lcl|CP069033.1_cds_QRD00666.1_10649	JI435_092120
lcl|CP069033.1_cds_QRD00667.1_10650	JI435_092130
lcl|CP069033.1_cds_QRD00668.1_10651	JI435_092140
lcl|CP069033.1_cds_QRD00669.1_10652	JI435_092150
lcl|CP069033.1_cds_QRD00670.1_10653	JI435_092160
lcl|CP069033.1_cds_QRD00671.1_10654	JI435_092170
lcl|CP069033.1_cds_QRD00672.1_10655	JI435_438490
lcl|CP069033.1_cds_QRD00673.1_10656	JI435_092180
lcl|CP069033.1_cds_QRD00674.1_10657	JI435_092190
lcl|CP069033.1_cds_QRD00675.1_10658	JI435_092200
lcl|CP069033.1_cds_QRD00676.1_10659	JI435_415600
lcl|CP069033.1_cds_QRD00677.1_10660	JI435_092210
lcl|CP069033.1_cds_QRD00678.1_10661	JI435_092220
lcl|CP069033.1_cds_QRD00679.1_10662	JI435_092230
lcl|CP069033.1_cds_QRD00680.1_10663	JI435_092240
lcl|CP069033.1_cds_QRD00681.1_10664	JI435_092250
lcl|CP069033.1_cds_QRD00682.1_10665	JI435_415610
lcl|CP069033.1_cds_QRD00683.1_10666	JI435_092260
lcl|CP069033.1_cds_QRD00685.1_10667	JI435_092270
lcl|CP069033.1_cds_QRD00684.1_10668	JI435_415620
lcl|CP069033.1_cds_QRD00686.1_10669	JI435_092280
lcl|CP069033.1_cds_QRD00687.1_10670	JI435_415630
lcl|CP069033.1_cds_QRD00688.1_10671	JI435_092290
lcl|CP069033.1_cds_QRD00689.1_10672	JI435_092310
lcl|CP069033.1_cds_QRD00690.1_10673	JI435_092320
lcl|CP069033.1_cds_QRD00691.1_10674	JI435_092330
lcl|CP069033.1_cds_QRD00692.1_10675	JI435_092340
lcl|CP069033.1_cds_QRD00693.1_10676	JI435_092350
lcl|CP069033.1_cds_QRD00694.1_10677	JI435_092360
lcl|CP069033.1_cds_QRD00695.1_10678	JI435_092370
lcl|CP069033.1_cds_QRD00696.1_10679	JI435_415640
lcl|CP069033.1_cds_QRD00697.1_10680	JI435_092380
lcl|CP069033.1_cds_QRD00698.1_10681	JI435_415650
lcl|CP069033.1_cds_QRD00699.1_10682	JI435_092390
lcl|CP069033.1_cds_QRD00700.1_10683	JI435_092400
lcl|CP069033.1_cds_QRD00701.1_10684	JI435_092410
lcl|CP069033.1_cds_QRD00702.1_10685	JI435_092420
lcl|CP069033.1_cds_QRD00703.1_10686	JI435_092440
lcl|CP069033.1_cds_QRD00704.1_10687	JI435_092450
lcl|CP069033.1_cds_QRD00705.1_10688	JI435_092460
lcl|CP069033.1_cds_QRD00706.1_10689	JI435_415660
lcl|CP069033.1_cds_QRD00707.1_10690	JI435_092470
lcl|CP069033.1_cds_QRD00708.1_10691	JI435_092480
lcl|CP069033.1_cds_QRD00709.1_10692	JI435_092490
lcl|CP069033.1_cds_QRD00710.1_10693	JI435_092500
lcl|CP069033.1_cds_QRD00711.1_10694	JI435_438510
lcl|CP069033.1_cds_QRD00712.1_10695	JI435_092520
lcl|CP069033.1_cds_QRD00713.1_10696	JI435_306480
lcl|CP069033.1_cds_QRD00714.1_10697	JI435_415670
lcl|CP069033.1_cds_QRD00715.1_10698	JI435_092560
lcl|CP069033.1_cds_QRD00716.1_10699	JI435_415680
lcl|CP069033.1_cds_QRD00717.1_10700	JI435_415690
lcl|CP069033.1_cds_QRD00718.1_10701	JI435_092570
lcl|CP069033.1_cds_QRD00719.1_10702	JI435_092580
lcl|CP069033.1_cds_QRD00720.1_10703	JI435_306490
lcl|CP069033.1_cds_QRD00721.1_10704	JI435_092610
lcl|CP069033.1_cds_QRD00722.1_10705	JI435_092620
lcl|CP069033.1_cds_QRD00723.1_10706	JI435_092630
lcl|CP069033.1_cds_QRD00724.1_10707	JI435_092650
lcl|CP069033.1_cds_QRD00725.1_10708	JI435_438520
lcl|CP069033.1_cds_QRD00726.1_10709	JI435_438540
lcl|CP069033.1_cds_QRD00727.1_10710	JI435_092670
lcl|CP069033.1_cds_QRD00728.1_10711	JI435_092680
lcl|CP069033.1_cds_QRD00729.1_10712	JI435_306500
lcl|CP069033.1_cds_QRD00730.1_10713	JI435_092700
lcl|CP069033.1_cds_QRD00731.1_10714	JI435_092720
lcl|CP069033.1_cds_QRD00732.1_10715	JI435_415700
lcl|CP069033.1_cds_QRD00733.1_10716	JI435_438560
lcl|CP069033.1_cds_QRD00734.1_10717	JI435_092740
lcl|CP069033.1_cds_QRD00735.1_10718	JI435_092760
lcl|CP069033.1_cds_QRD00736.1_10719	JI435_092770
lcl|CP069033.1_cds_QRD00737.1_10720	JI435_092780
lcl|CP069033.1_cds_QRD00738.1_10721	JI435_092790
lcl|CP069033.1_cds_QRD00739.1_10722	JI435_438570
lcl|CP069033.1_cds_QRD00740.1_10723	JI435_092800
lcl|CP069033.1_cds_QRD00741.1_10724	JI435_415710
lcl|CP069033.1_cds_QRD00742.1_10725	JI435_092810
lcl|CP069033.1_cds_QRD00743.1_10726	JI435_415720
lcl|CP069033.1_cds_QRD00744.1_10727	JI435_415730
lcl|CP069033.1_cds_QRD00745.1_10728	JI435_092820
lcl|CP069033.1_cds_QRD00746.1_10729	JI435_415740
lcl|CP069033.1_cds_QRD00747.1_10730	JI435_092830
lcl|CP069033.1_cds_QRD00748.1_10731	JI435_415750
lcl|CP069033.1_cds_QRD00749.1_10732	JI435_306520
lcl|CP069033.1_cds_QRD00751.1_10733	JI435_092860
lcl|CP069033.1_cds_QRD00750.1_10734	JI435_092860
lcl|CP069033.1_cds_QRD00752.1_10735	JI435_092870
lcl|CP069033.1_cds_QRD00753.1_10736	JI435_092880
lcl|CP069033.1_cds_QRD00754.1_10737	JI435_092890
lcl|CP069033.1_cds_QRD00755.1_10738	JI435_092900
lcl|CP069033.1_cds_QRD00756.1_10739	JI435_092910
lcl|CP069033.1_cds_QRD00757.1_10740	JI435_092920
lcl|CP069033.1_cds_QRD00758.1_10741	JI435_415760
lcl|CP069033.1_cds_QRD00759.1_10742	JI435_092930
lcl|CP069033.1_cds_QRD00760.1_10743	JI435_092940
lcl|CP069033.1_cds_QRD00761.1_10744	JI435_306530
lcl|CP069033.1_cds_QRD00762.1_10745	JI435_092960
lcl|CP069033.1_cds_QRD00763.1_10746	JI435_092970
lcl|CP069033.1_cds_QRD00764.1_10747	JI435_092990
lcl|CP069033.1_cds_QRD00765.1_10748	JI435_093000
lcl|CP069033.1_cds_QRD00766.1_10749	JI435_093010
lcl|CP069033.1_cds_QRD00767.1_10750	JI435_438580
lcl|CP069033.1_cds_QRD00768.1_10751	JI435_093020
lcl|CP069033.1_cds_QRD00769.1_10752	JI435_093030
lcl|CP069033.1_cds_QRD00770.1_10753	JI435_093040
lcl|CP069033.1_cds_QRD00771.1_10754	JI435_093050
lcl|CP069033.1_cds_QRD00772.1_10755	JI435_093060
lcl|CP069033.1_cds_QRD00773.1_10756	JI435_415770
lcl|CP069033.1_cds_QRD00774.1_10757	JI435_093080
lcl|CP069033.1_cds_QRD00775.1_10758	JI435_093090
lcl|CP069033.1_cds_QRD00776.1_10759	JI435_093100
lcl|CP069033.1_cds_QRD00777.1_10760	JI435_093110
lcl|CP069033.1_cds_QRD00778.1_10761	JI435_093120
lcl|CP069033.1_cds_QRD00779.1_10762	JI435_093130
lcl|CP069033.1_cds_QRD00780.1_10763	JI435_093140
lcl|CP069033.1_cds_QRD00781.1_10764	JI435_093150
lcl|CP069033.1_cds_QRD00782.1_10765	JI435_093170
lcl|CP069033.1_cds_QRD00783.1_10766	JI435_438600
lcl|CP069033.1_cds_QRD00784.1_10767	JI435_438610
lcl|CP069033.1_cds_QRD00785.1_10768	JI435_093210
lcl|CP069033.1_cds_QRD00786.1_10769	JI435_415780
lcl|CP069033.1_cds_QRD00787.1_10770	JI435_093220
lcl|CP069033.1_cds_QRD00788.1_10771	JI435_306540
lcl|CP069033.1_cds_QRD00789.1_10772	JI435_093230
lcl|CP069033.1_cds_QRD00790.1_10773	JI435_093240
lcl|CP069033.1_cds_QRD00791.1_10774	JI435_093250
lcl|CP069033.1_cds_QRD00792.1_10775	JI435_093260
lcl|CP069033.1_cds_QRD00793.1_10776	JI435_093270
lcl|CP069033.1_cds_QRD00794.1_10777	JI435_093280
lcl|CP069033.1_cds_QRD00795.1_10778	JI435_093290
lcl|CP069033.1_cds_QRD00796.1_10779	JI435_093300
lcl|CP069033.1_cds_QRD00797.1_10780	JI435_415790
lcl|CP069033.1_cds_QRD00798.1_10781	JI435_093310
lcl|CP069033.1_cds_QRD00799.1_10782	JI435_093320
lcl|CP069033.1_cds_QRD00800.1_10783	JI435_093330
lcl|CP069033.1_cds_QRD00801.1_10784	JI435_093340
lcl|CP069033.1_cds_QRD00802.1_10785	JI435_093350
lcl|CP069033.1_cds_QRD00803.1_10786	JI435_093360
lcl|CP069033.1_cds_QRD00804.1_10787	JI435_093370
lcl|CP069033.1_cds_QRD00805.1_10788	JI435_093380
lcl|CP069033.1_cds_QRD00806.1_10789	JI435_093390
lcl|CP069033.1_cds_QRD00807.1_10790	JI435_093400
lcl|CP069033.1_cds_QRD00808.1_10791	JI435_415800
lcl|CP069033.1_cds_QRD00809.1_10792	JI435_438620
lcl|CP069033.1_cds_QRD00810.1_10793	JI435_093420
lcl|CP069033.1_cds_QRD00811.1_10794	JI435_415810
lcl|CP069033.1_cds_QRD00812.1_10795	JI435_093430
lcl|CP069033.1_cds_QRD00813.1_10796	JI435_415820
lcl|CP069033.1_cds_QRD00814.1_10797	JI435_415830
lcl|CP069033.1_cds_QRD00815.1_10798	JI435_093440
lcl|CP069033.1_cds_QRD00816.1_10799	JI435_093450
lcl|CP069033.1_cds_QRD00817.1_10800	JI435_093460
lcl|CP069033.1_cds_QRD00818.1_10801	JI435_415840
lcl|CP069033.1_cds_QRD00819.1_10802	JI435_093470
lcl|CP069033.1_cds_QRD00820.1_10803	JI435_415850
lcl|CP069033.1_cds_QRD00821.1_10804	JI435_093480
lcl|CP069033.1_cds_QRD00822.1_10805	JI435_093490
lcl|CP069033.1_cds_QRD00823.1_10806	JI435_093500
lcl|CP069033.1_cds_QRD00824.1_10807	JI435_093510
lcl|CP069033.1_cds_QRD00825.1_10808	JI435_415860
lcl|CP069033.1_cds_QRD00826.1_10809	JI435_093520
lcl|CP069033.1_cds_QRD00827.1_10810	JI435_415870
lcl|CP069033.1_cds_QRD00828.1_10811	JI435_438630
lcl|CP069033.1_cds_QRD00829.1_10812	JI435_093530
lcl|CP069033.1_cds_QRD00830.1_10813	JI435_093540
lcl|CP069033.1_cds_QRD00831.1_10814	JI435_093550
lcl|CP069033.1_cds_QRD00832.1_10815	JI435_093570
lcl|CP069033.1_cds_QRD00833.1_10816	JI435_093580
lcl|CP069033.1_cds_QRD00834.1_10817	JI435_438650
lcl|CP069033.1_cds_QRD00835.1_10818	JI435_415880
lcl|CP069033.1_cds_QRD00836.1_10819	JI435_093600
lcl|CP069033.1_cds_QRD00837.1_10820	JI435_093610
lcl|CP069033.1_cds_QRD00838.1_10821	JI435_093620
lcl|CP069033.1_cds_QRD00839.1_10822	JI435_438670
lcl|CP069033.1_cds_QRD00840.1_10823	JI435_093640
lcl|CP069033.1_cds_QRD00841.1_10824	JI435_093650
lcl|CP069033.1_cds_QRD00842.1_10825	JI435_093670
lcl|CP069033.1_cds_QRD00843.1_10826	JI435_438680
lcl|CP069033.1_cds_QRD00844.1_10827	JI435_093680
lcl|CP069033.1_cds_QRD00845.1_10828	JI435_093690
lcl|CP069033.1_cds_QRD00846.1_10829	JI435_093700
lcl|CP069033.1_cds_QRD00847.1_10830	JI435_093710
lcl|CP069033.1_cds_QRD00848.1_10831	JI435_093720
lcl|CP069033.1_cds_QRD00849.1_10832	JI435_093730
lcl|CP069033.1_cds_QRD00850.1_10833	JI435_093750
lcl|CP069033.1_cds_QRD00851.1_10834	JI435_438690
lcl|CP069033.1_cds_QRD00852.1_10835	JI435_093770
lcl|CP069033.1_cds_QRD00853.1_10836	JI435_093780
lcl|CP069033.1_cds_QRD00854.1_10837	JI435_415890
lcl|CP069033.1_cds_QRD00855.1_10838	JI435_093790
lcl|CP069033.1_cds_QRD00856.1_10839	JI435_093800
lcl|CP069033.1_cds_QRD00857.1_10840	JI435_093810
lcl|CP069033.1_cds_QRD00858.1_10841	JI435_438700
lcl|CP069033.1_cds_QRD00859.1_10842	JI435_093830
lcl|CP069033.1_cds_QRD00860.1_10843	JI435_093840
lcl|CP069033.1_cds_QRD00861.1_10844	JI435_093850
lcl|CP069033.1_cds_QRD00862.1_10845	JI435_093870
lcl|CP069033.1_cds_QRD00863.1_10846	JI435_093880
lcl|CP069033.1_cds_QRD00864.1_10847	JI435_093890
lcl|CP069033.1_cds_QRD00865.1_10848	JI435_093900
lcl|CP069033.1_cds_QRD00866.1_10849	JI435_093910
lcl|CP069033.1_cds_QRD00867.1_10850	JI435_093920
lcl|CP069033.1_cds_QRD00868.1_10851	JI435_093930
lcl|CP069033.1_cds_QRD00869.1_10852	JI435_093940
lcl|CP069033.1_cds_QRD00870.1_10853	JI435_093950
lcl|CP069033.1_cds_QRD00871.1_10854	JI435_093960
lcl|CP069033.1_cds_QRD00872.1_10855	JI435_093980
lcl|CP069033.1_cds_QRD00873.1_10856	JI435_306560
lcl|CP069033.1_cds_QRD00874.1_10857	JI435_306570
lcl|CP069033.1_cds_QRD00875.1_10858	JI435_094020
lcl|CP069033.1_cds_QRD00876.1_10859	JI435_094030
lcl|CP069033.1_cds_QRD00877.1_10860	JI435_094040
lcl|CP069033.1_cds_QRD00878.1_10861	JI435_094050
lcl|CP069033.1_cds_QRD00879.1_10862	JI435_094060
lcl|CP069033.1_cds_QRD00880.1_10863	JI435_094070
lcl|CP069033.1_cds_QRD00881.1_10864	JI435_094080
lcl|CP069033.1_cds_QRD00882.1_10865	JI435_094090
lcl|CP069033.1_cds_QRD00883.1_10866	JI435_094100
lcl|CP069033.1_cds_QRD00884.1_10867	JI435_094110
lcl|CP069033.1_cds_QRD00885.1_10868	JI435_094120
lcl|CP069033.1_cds_QRD00886.1_10869	JI435_094130
lcl|CP069033.1_cds_QRD00887.1_10870	JI435_094140
lcl|CP069033.1_cds_QRD00888.1_10871	JI435_094150
lcl|CP069033.1_cds_QRD00889.1_10872	JI435_415900
lcl|CP069033.1_cds_QRD00890.1_10873	JI435_094160
lcl|CP069033.1_cds_QRD00891.1_10874	JI435_415910
lcl|CP069033.1_cds_QRD00892.1_10875	JI435_094170
lcl|CP069033.1_cds_QRD00893.1_10876	JI435_415920
lcl|CP069033.1_cds_QRD00894.1_10877	JI435_094180
lcl|CP069033.1_cds_QRD00895.1_10878	JI435_094190
lcl|CP069033.1_cds_QRD00896.1_10879	JI435_415930
lcl|CP069033.1_cds_QRD00897.1_10880	JI435_094200
lcl|CP069033.1_cds_QRD00898.1_10881	JI435_094210
lcl|CP069033.1_cds_QRD00899.1_10882	JI435_094220
lcl|CP069033.1_cds_QRD00900.1_10883	JI435_094230
lcl|CP069033.1_cds_QRD00901.1_10884	JI435_415940
lcl|CP069033.1_cds_QRD00902.1_10885	JI435_094240
lcl|CP069033.1_cds_QRD00903.1_10886	JI435_415950
lcl|CP069033.1_cds_QRD00904.1_10887	JI435_094250
lcl|CP069033.1_cds_QRD00905.1_10888	JI435_094260
lcl|CP069033.1_cds_QRD00906.1_10889	JI435_094270
lcl|CP069033.1_cds_QRD00907.1_10890	JI435_094280
lcl|CP069033.1_cds_QRD00908.1_10891	JI435_094290
lcl|CP069033.1_cds_QRD00909.1_10892	JI435_415960
lcl|CP069033.1_cds_QRD00910.1_10893	JI435_094300
lcl|CP069033.1_cds_QRD00911.1_10894	JI435_094320
lcl|CP069033.1_cds_QRD00912.1_10895	JI435_094330
lcl|CP069033.1_cds_QRD00913.1_10896	JI435_094340
lcl|CP069033.1_cds_QRD00914.1_10897	JI435_094350
lcl|CP069033.1_cds_QRD00915.1_10898	JI435_094360
lcl|CP069033.1_cds_QRD00916.1_10899	JI435_094370
lcl|CP069033.1_cds_QRD00917.1_10900	JI435_094380
lcl|CP069033.1_cds_QRD00918.1_10901	JI435_094390
lcl|CP069033.1_cds_QRD00919.1_10902	JI435_094400
lcl|CP069033.1_cds_QRD00920.1_10903	JI435_094410
lcl|CP069033.1_cds_QRD00921.1_10904	JI435_094420
lcl|CP069033.1_cds_QRD00922.1_10905	JI435_094430
lcl|CP069033.1_cds_QRD00923.1_10906	JI435_094440
lcl|CP069033.1_cds_QRD00924.1_10907	JI435_094450
lcl|CP069033.1_cds_QRD00925.1_10908	JI435_164900
lcl|CP069033.1_cds_QRD00926.1_10909	JI435_438720
lcl|CP069033.1_cds_QRD00927.1_10910	JI435_164880
lcl|CP069033.1_cds_QRD00928.1_10911	JI435_164870
lcl|CP069033.1_cds_QRD00929.1_10912	JI435_164850
lcl|CP069033.1_cds_QRD00930.1_10913	JI435_164840
lcl|CP069033.1_cds_QRD00931.1_10914	JI435_164830
lcl|CP069033.1_cds_QRD00932.1_10915	JI435_415970
lcl|CP069033.1_cds_QRD00933.1_10916	JI435_415980
lcl|CP069033.1_cds_QRD00934.1_10917	JI435_415990
lcl|CP069033.1_cds_QRD00935.1_10918	JI435_416000
lcl|CP069033.1_cds_QRD00936.1_10919	JI435_164810
lcl|CP069033.1_cds_QRD00937.1_10920	JI435_416010
lcl|CP069033.1_cds_QRD00938.1_10921	JI435_416020
lcl|CP069033.1_cds_QRD00939.1_10922	JI435_416030
lcl|CP069033.1_cds_QRD00940.1_10923	JI435_416040
lcl|CP069033.1_cds_QRD00941.1_10924	JI435_416050
lcl|CP069033.1_cds_QRD00943.1_10925	JI435_164780
lcl|CP069033.1_cds_QRD00942.1_10926	JI435_164780
lcl|CP069033.1_cds_QRD00944.1_10927	JI435_164770
lcl|CP069033.1_cds_QRD00945.1_10928	JI435_164760
lcl|CP069033.1_cds_QRD00946.1_10929	JI435_164750
lcl|CP069033.1_cds_QRD00947.1_10930	JI435_164740
lcl|CP069033.1_cds_QRD00948.1_10931	JI435_164730
lcl|CP069033.1_cds_QRD00949.1_10932	JI435_164720
lcl|CP069033.1_cds_QRD00950.1_10933	JI435_438730
lcl|CP069033.1_cds_QRD00951.1_10934	JI435_164710
lcl|CP069033.1_cds_QRD00952.1_10935	JI435_164700
lcl|CP069033.1_cds_QRD00953.1_10936	JI435_164690
lcl|CP069033.1_cds_QRD00954.1_10937	JI435_164670
lcl|CP069033.1_cds_QRD00955.1_10938	JI435_164660
lcl|CP069033.1_cds_QRD00956.1_10939	JI435_416060
lcl|CP069033.1_cds_QRD00957.1_10940	JI435_164630
lcl|CP069033.1_cds_QRD00958.1_10941	JI435_164620
lcl|CP069033.1_cds_QRD00959.1_10942	JI435_164610
lcl|CP069033.1_cds_QRD00960.1_10943	JI435_164600
lcl|CP069033.1_cds_QRD00961.1_10944	JI435_164590
lcl|CP069033.1_cds_QRD00962.1_10945	JI435_164560
lcl|CP069033.1_cds_QRD00963.1_10946	JI435_438750
lcl|CP069033.1_cds_QRD00964.1_10947	JI435_164550
lcl|CP069033.1_cds_QRD00965.1_10948	JI435_164540
lcl|CP069033.1_cds_QRD00966.1_10949	JI435_438760
lcl|CP069033.1_cds_QRD00967.1_10950	JI435_164520
lcl|CP069033.1_cds_QRD00968.1_10951	JI435_164510
lcl|CP069033.1_cds_QRD00969.1_10952	JI435_164500
lcl|CP069033.1_cds_QRD00970.1_10953	JI435_164490
lcl|CP069033.1_cds_QRD00971.1_10954	JI435_164480
lcl|CP069033.1_cds_QRD00972.1_10955	JI435_164470
lcl|CP069033.1_cds_QRD00973.1_10956	JI435_416070
lcl|CP069033.1_cds_QRD00974.1_10957	JI435_164460
lcl|CP069033.1_cds_QRD00975.1_10958	JI435_416080
lcl|CP069033.1_cds_QRD00976.1_10959	JI435_164450
lcl|CP069033.1_cds_QRD00977.1_10960	JI435_164440
lcl|CP069033.1_cds_QRD00978.1_10961	JI435_416090
lcl|CP069033.1_cds_QRD00979.1_10962	JI435_164430
lcl|CP069033.1_cds_QRD00980.1_10963	JI435_164420
lcl|CP069033.1_cds_QRD00981.1_10964	JI435_164410
lcl|CP069033.1_cds_QRD00982.1_10965	JI435_164400
lcl|CP069033.1_cds_QRD00983.1_10966	JI435_416100
lcl|CP069033.1_cds_QRD00984.1_10967	JI435_164380
lcl|CP069033.1_cds_QRD00985.1_10968	JI435_164360
lcl|CP069033.1_cds_QRD00986.1_10969	JI435_164350
lcl|CP069033.1_cds_QRD00987.1_10970	JI435_164340
lcl|CP069033.1_cds_QRD00988.1_10971	JI435_164330
lcl|CP069033.1_cds_QRD00990.1_10972	JI435_164320
lcl|CP069033.1_cds_QRD00989.1_10973	JI435_164320
lcl|CP069033.1_cds_QRD00991.1_10974	JI435_154100
lcl|CP069033.1_cds_QRD00992.1_10975	JI435_154090
lcl|CP069033.1_cds_QRD00993.1_10976	JI435_309290
lcl|CP069033.1_cds_QRD00994.1_10977	JI435_154080
lcl|CP069033.1_cds_QRD00995.1_10978	JI435_154050
lcl|CP069033.1_cds_QRD00996.1_10979	JI435_154040
lcl|CP069033.1_cds_QRD00997.1_10980	JI435_154030
lcl|CP069033.1_cds_QRD00998.1_10981	JI435_154020
lcl|CP069033.1_cds_QRD00999.1_10982	JI435_154000
lcl|CP069033.1_cds_QRD01000.1_10983	JI435_153990
lcl|CP069033.1_cds_QRD01001.1_10984	JI435_153980
lcl|CP069033.1_cds_QRD01002.1_10985	JI435_153960
lcl|CP069033.1_cds_QRD01003.1_10986	JI435_153950
lcl|CP069033.1_cds_QRD01004.1_10987	JI435_153940
lcl|CP069033.1_cds_QRD01005.1_10988	JI435_153930
lcl|CP069033.1_cds_QRD01006.1_10989	JI435_153920
lcl|CP069033.1_cds_QRD01007.1_10990	JI435_153910
lcl|CP069033.1_cds_QRD01008.1_10991	JI435_153890
lcl|CP069033.1_cds_QRD01009.1_10992	JI435_416110
lcl|CP069033.1_cds_QRD01010.1_10993	JI435_153880
lcl|CP069033.1_cds_QRD01011.1_10994	JI435_153870
lcl|CP069033.1_cds_QRD01012.1_10995	JI435_153860
lcl|CP069033.1_cds_QRD01013.1_10996	JI435_438820
lcl|CP069033.1_cds_QRD01014.1_10997	JI435_416120
lcl|CP069033.1_cds_QRD01015.1_10998	JI435_153850
lcl|CP069033.1_cds_QRD01016.1_10999	JI435_153840
lcl|CP069033.1_cds_QRD01017.1_11000	JI435_153830
lcl|CP069033.1_cds_QRD01018.1_11001	JI435_153820
lcl|CP069033.1_cds_QRD01019.1_11002	JI435_153810
lcl|CP069033.1_cds_QRD01020.1_11003	JI435_153800
lcl|CP069033.1_cds_QRD01021.1_11004	JI435_416130
lcl|CP069033.1_cds_QRD01022.1_11005	JI435_153790
lcl|CP069033.1_cds_QRD01023.1_11006	JI435_153780
lcl|CP069033.1_cds_QRD01024.1_11007	JI435_153770
lcl|CP069033.1_cds_QRD01025.1_11008	JI435_153760
lcl|CP069033.1_cds_QRD01026.1_11009	JI435_153740
lcl|CP069033.1_cds_QRD01027.1_11010	JI435_153730
lcl|CP069033.1_cds_QRD01028.1_11011	JI435_153720
lcl|CP069033.1_cds_QRD01029.1_11012	JI435_153710
lcl|CP069033.1_cds_QRD01030.1_11013	JI435_153700
lcl|CP069033.1_cds_QRD01031.1_11014	JI435_153690
lcl|CP069033.1_cds_QRD01032.1_11015	JI435_153680
lcl|CP069033.1_cds_QRD01033.1_11016	JI435_153670
lcl|CP069033.1_cds_QRD01034.1_11017	JI435_416140
lcl|CP069033.1_cds_QRD01035.1_11018	JI435_153660
lcl|CP069033.1_cds_QRD01036.1_11019	JI435_153640
lcl|CP069033.1_cds_QRD01037.1_11020	JI435_153620
lcl|CP069033.1_cds_QRD01038.1_11021	JI435_153610
lcl|CP069033.1_cds_QRD01039.1_11022	JI435_153600
lcl|CP069033.1_cds_QRD01040.1_11023	JI435_153590
lcl|CP069033.1_cds_QRD01041.1_11024	JI435_153580
lcl|CP069033.1_cds_QRD01042.1_11025	JI435_153570
lcl|CP069033.1_cds_QRD01043.1_11026	JI435_153560
lcl|CP069033.1_cds_QRD01044.1_11027	JI435_153550
lcl|CP069033.1_cds_QRD01045.1_11028	JI435_153540
lcl|CP069033.1_cds_QRD01046.1_11029	JI435_416150
lcl|CP069033.1_cds_QRD01047.1_11030	JI435_416160
lcl|CP069033.1_cds_QRD01048.1_11031	JI435_153530
lcl|CP069033.1_cds_QRD01049.1_11032	JI435_153510
lcl|CP069033.1_cds_QRD01050.1_11033	JI435_153500
lcl|CP069033.1_cds_QRD01051.1_11034	JI435_153490
lcl|CP069033.1_cds_QRD01052.1_11035	JI435_153470
lcl|CP069033.1_cds_QRD01053.1_11036	JI435_153450
lcl|CP069033.1_cds_QRD01054.1_11037	JI435_153440
lcl|CP069033.1_cds_QRD01055.1_11038	JI435_153430
lcl|CP069033.1_cds_QRD01056.1_11039	JI435_153420
lcl|CP069033.1_cds_QRD01057.1_11040	JI435_153410
lcl|CP069033.1_cds_QRD01058.1_11041	JI435_153400
lcl|CP069033.1_cds_QRD01059.1_11042	JI435_309280
lcl|CP069033.1_cds_QRD01060.1_11043	JI435_153390
lcl|CP069033.1_cds_QRD01061.1_11044	JI435_153370
lcl|CP069033.1_cds_QRD01062.1_11045	JI435_153360
lcl|CP069033.1_cds_QRD01063.1_11046	JI435_416170
lcl|CP069033.1_cds_QRD01064.1_11047	JI435_153340
lcl|CP069033.1_cds_QRD01065.1_11048	JI435_153330
lcl|CP069033.1_cds_QRD01066.1_11049	JI435_153320
lcl|CP069033.1_cds_QRD01067.1_11050	JI435_153300
lcl|CP069033.1_cds_QRD01068.1_11051	JI435_153290
lcl|CP069033.1_cds_QRD01069.1_11052	JI435_309270
lcl|CP069033.1_cds_QRD01070.1_11053	JI435_153280
lcl|CP069033.1_cds_QRD01071.1_11054	JI435_153270
lcl|CP069033.1_cds_QRD01072.1_11055	JI435_153260
lcl|CP069033.1_cds_QRD01073.1_11056	JI435_309260
lcl|CP069033.1_cds_QRD01074.1_11057	JI435_153240
lcl|CP069033.1_cds_QRD01075.1_11058	JI435_153230
lcl|CP069033.1_cds_QRD01076.1_11059	JI435_153220
lcl|CP069033.1_cds_QRD01077.1_11060	JI435_153210
lcl|CP069033.1_cds_QRD01078.1_11061	JI435_416180
lcl|CP069033.1_cds_QRD01079.1_11062	JI435_153200
lcl|CP069033.1_cds_QRD01080.1_11063	JI435_153190
lcl|CP069033.1_cds_QRD01081.1_11064	JI435_416190
lcl|CP069033.1_cds_QRD01082.1_11065	JI435_153180
lcl|CP069033.1_cds_QRD01083.1_11066	JI435_438870
lcl|CP069033.1_cds_QRD01084.1_11067	JI435_153170
lcl|CP069033.1_cds_QRD01085.1_11068	JI435_153160
lcl|CP069033.1_cds_QRD01086.1_11069	JI435_153150
lcl|CP069033.1_cds_QRD01087.1_11070	JI435_153130
lcl|CP069033.1_cds_QRD01088.1_11071	JI435_153120
lcl|CP069033.1_cds_QRD01089.1_11072	JI435_153110
lcl|CP069033.1_cds_QRD01090.1_11073	JI435_153100
lcl|CP069033.1_cds_QRD01091.1_11074	JI435_153090
lcl|CP069033.1_cds_QRD01097.1_11075	JI435_153080
lcl|CP069033.1_cds_QRD01094.1_11076	JI435_153080
lcl|CP069033.1_cds_QRD01096.1_11077	JI435_153080
lcl|CP069033.1_cds_QRD01092.1_11078	JI435_153080
lcl|CP069033.1_cds_QRD01095.1_11079	JI435_153080
lcl|CP069033.1_cds_QRD01098.1_11080	JI435_153080
lcl|CP069033.1_cds_QRD01093.1_11081	JI435_153080
lcl|CP069033.1_cds_QRD01099.1_11082	JI435_153070
lcl|CP069033.1_cds_QRD01100.1_11083	JI435_153060
lcl|CP069033.1_cds_QRD01101.1_11084	JI435_153050
lcl|CP069033.1_cds_QRD01102.1_11085	JI435_438890
lcl|CP069033.1_cds_QRD01103.1_11086	JI435_153020
lcl|CP069033.1_cds_QRD01104.1_11087	JI435_153010
lcl|CP069033.1_cds_QRD01105.1_11088	JI435_153000
lcl|CP069033.1_cds_QRD01106.1_11089	JI435_152990
lcl|CP069033.1_cds_QRD01107.1_11090	JI435_152980
lcl|CP069033.1_cds_QRD01108.1_11091	JI435_152960
lcl|CP069033.1_cds_QRD01109.1_11092	JI435_152950
lcl|CP069033.1_cds_QRD01110.1_11093	JI435_152950
lcl|CP069033.1_cds_QRD01111.1_11094	JI435_152940
lcl|CP069033.1_cds_QRD01112.1_11095	JI435_438900
lcl|CP069033.1_cds_QRD01113.1_11096	JI435_152920
lcl|CP069033.1_cds_QRD01114.1_11097	JI435_152910
lcl|CP069033.1_cds_QRD01115.1_11098	JI435_416200
lcl|CP069033.1_cds_QRD01116.1_11099	JI435_152900
lcl|CP069033.1_cds_QRD01117.1_11100	JI435_152880
lcl|CP069033.1_cds_QRD01118.1_11101	JI435_152870
lcl|CP069033.1_cds_QRD01119.1_11102	JI435_152860
lcl|CP069033.1_cds_QRD01120.1_11103	JI435_152850
lcl|CP069033.1_cds_QRD01121.1_11104	JI435_152840
lcl|CP069033.1_cds_QRD01122.1_11105	JI435_309240
lcl|CP069033.1_cds_QRD01123.1_11106	JI435_152820
lcl|CP069033.1_cds_QRD01124.1_11107	JI435_152810
lcl|CP069033.1_cds_QRD01125.1_11108	JI435_438910
lcl|CP069033.1_cds_QRD01126.1_11109	JI435_416210
lcl|CP069033.1_cds_QRD01127.1_11110	JI435_152790
lcl|CP069033.1_cds_QRD01128.1_11111	JI435_152780
lcl|CP069033.1_cds_QRD01130.1_11112	JI435_152770
lcl|CP069033.1_cds_QRD01129.1_11113	JI435_152770
lcl|CP069033.1_cds_QRD01131.1_11114	JI435_152750
lcl|CP069033.1_cds_QRD01132.1_11115	JI435_416220
lcl|CP069034.1_cds_QRD01133.1_11116	JI435_158220
lcl|CP069034.1_cds_QRD01134.1_11117	JI435_416230
lcl|CP069034.1_cds_QRD01135.1_11118	JI435_158210
lcl|CP069034.1_cds_QRD01136.1_11119	JI435_158190
lcl|CP069034.1_cds_QRD01137.1_11120	JI435_416240
lcl|CP069034.1_cds_QRD01138.1_11121	JI435_158180
lcl|CP069034.1_cds_QRD01139.1_11122	JI435_158170
lcl|CP069034.1_cds_QRD01140.1_11123	JI435_158160
lcl|CP069034.1_cds_QRD01141.1_11124	JI435_158150
lcl|CP069034.1_cds_QRD01142.1_11125	JI435_158140
lcl|CP069034.1_cds_QRD01143.1_11126	JI435_309460
lcl|CP069034.1_cds_QRD01144.1_11127	JI435_158100
lcl|CP069034.1_cds_QRD01145.1_11128	JI435_158080
lcl|CP069034.1_cds_QRD01146.1_11129	JI435_158060
lcl|CP069034.1_cds_QRD01147.1_11130	JI435_158050
lcl|CP069034.1_cds_QRD01148.1_11131	JI435_158040
lcl|CP069034.1_cds_QRD01149.1_11132	JI435_158030
lcl|CP069034.1_cds_QRD01150.1_11133	JI435_158020
lcl|CP069034.1_cds_QRD01151.1_11134	JI435_309450
lcl|CP069034.1_cds_QRD01152.1_11135	JI435_438940
lcl|CP069034.1_cds_QRD01153.1_11136	JI435_158010
lcl|CP069034.1_cds_QRD01154.1_11137	JI435_416250
lcl|CP069034.1_cds_QRD01155.1_11138	JI435_158000
lcl|CP069034.1_cds_QRD01156.1_11139	JI435_157990
lcl|CP069034.1_cds_QRD01157.1_11140	JI435_157980
lcl|CP069034.1_cds_QRD01158.1_11141	JI435_157970
lcl|CP069034.1_cds_QRD01159.1_11142	JI435_157960
lcl|CP069034.1_cds_QRD01160.1_11143	JI435_157950
lcl|CP069034.1_cds_QRD01161.1_11144	JI435_157940
lcl|CP069034.1_cds_QRD01162.1_11145	JI435_157930
lcl|CP069034.1_cds_QRD01163.1_11146	JI435_309440
lcl|CP069034.1_cds_QRD01164.1_11147	JI435_157920
lcl|CP069034.1_cds_QRD01165.1_11148	JI435_157910
lcl|CP069034.1_cds_QRD01166.1_11149	JI435_157900
lcl|CP069034.1_cds_QRD01167.1_11150	JI435_157890
lcl|CP069034.1_cds_QRD01168.1_11151	JI435_157880
lcl|CP069034.1_cds_QRD01169.1_11152	JI435_157870
lcl|CP069034.1_cds_QRD01170.1_11153	JI435_157860
lcl|CP069034.1_cds_QRD01171.1_11154	JI435_157850
lcl|CP069034.1_cds_QRD01172.1_11155	JI435_157840
lcl|CP069034.1_cds_QRD01173.1_11156	JI435_157830
lcl|CP069034.1_cds_QRD01174.1_11157	JI435_157820
lcl|CP069034.1_cds_QRD01175.1_11158	JI435_157810
lcl|CP069034.1_cds_QRD01176.1_11159	JI435_157800
lcl|CP069034.1_cds_QRD01177.1_11160	JI435_416260
lcl|CP069034.1_cds_QRD01178.1_11161	JI435_157790
lcl|CP069034.1_cds_QRD01179.1_11162	JI435_157780
lcl|CP069034.1_cds_QRD01180.1_11163	JI435_416270
lcl|CP069034.1_cds_QRD01181.1_11164	JI435_157770
lcl|CP069034.1_cds_QRD01182.1_11165	JI435_157760
lcl|CP069034.1_cds_QRD01183.1_11166	JI435_416280
lcl|CP069034.1_cds_QRD01184.1_11167	JI435_157750
lcl|CP069034.1_cds_QRD01185.1_11168	JI435_157730
lcl|CP069034.1_cds_QRD01186.1_11169	JI435_157720
lcl|CP069034.1_cds_QRD01187.1_11170	JI435_157710
lcl|CP069034.1_cds_QRD01188.1_11171	JI435_157700
lcl|CP069034.1_cds_QRD01189.1_11172	JI435_201780
lcl|CP069034.1_cds_QRD01190.1_11173	JI435_157690
lcl|CP069034.1_cds_QRD01191.1_11174	JI435_157680
lcl|CP069034.1_cds_QRD01192.1_11175	JI435_157670
lcl|CP069034.1_cds_QRD01193.1_11176	JI435_157660
lcl|CP069034.1_cds_QRD01194.1_11177	JI435_157650
lcl|CP069034.1_cds_QRD01195.1_11178	JI435_157640
lcl|CP069034.1_cds_QRD01196.1_11179	JI435_157630
lcl|CP069034.1_cds_QRD01197.1_11180	JI435_157620
lcl|CP069034.1_cds_QRD01198.1_11181	JI435_157610
lcl|CP069034.1_cds_QRD01199.1_11182	JI435_201770
lcl|CP069034.1_cds_QRD01200.1_11183	JI435_157590
lcl|CP069034.1_cds_QRD01201.1_11184	JI435_416290
lcl|CP069034.1_cds_QRD01202.1_11185	JI435_157580
lcl|CP069034.1_cds_QRD01203.1_11186	JI435_157570
lcl|CP069034.1_cds_QRD01204.1_11187	JI435_416300
lcl|CP069034.1_cds_QRD01205.1_11188	JI435_438960
lcl|CP069034.1_cds_QRD01206.1_11189	JI435_157540
lcl|CP069034.1_cds_QRD01207.1_11190	JI435_416320
lcl|CP069034.1_cds_QRD01208.1_11191	JI435_157530
lcl|CP069034.1_cds_QRD01209.1_11192	JI435_157510
lcl|CP069034.1_cds_QRD01210.1_11193	JI435_157500
lcl|CP069034.1_cds_QRD01211.1_11194	JI435_157480
lcl|CP069034.1_cds_QRD01212.1_11195	JI435_157470
lcl|CP069034.1_cds_QRD01213.1_11196	JI435_157460
lcl|CP069034.1_cds_QRD01214.1_11197	JI435_157450
lcl|CP069034.1_cds_QRD01215.1_11198	JI435_157440
lcl|CP069034.1_cds_QRD01216.1_11199	JI435_157430
lcl|CP069034.1_cds_QRD01217.1_11200	JI435_157420
lcl|CP069034.1_cds_QRD01218.1_11201	JI435_157410
lcl|CP069034.1_cds_QRD01219.1_11202	JI435_157400
lcl|CP069034.1_cds_QRD01220.1_11203	JI435_157390
lcl|CP069034.1_cds_QRD01221.1_11204	JI435_157380
lcl|CP069034.1_cds_QRD01222.1_11205	JI435_157360
lcl|CP069034.1_cds_QRD01223.1_11206	JI435_438970
lcl|CP069034.1_cds_QRD01224.1_11207	JI435_157350
lcl|CP069034.1_cds_QRD01225.1_11208	JI435_157340
lcl|CP069034.1_cds_QRD01226.1_11209	JI435_157330
lcl|CP069034.1_cds_QRD01227.1_11210	JI435_157320
lcl|CP069034.1_cds_QRD01228.1_11211	JI435_157310
lcl|CP069034.1_cds_QRD01229.1_11212	JI435_157300
lcl|CP069034.1_cds_QRD01230.1_11213	JI435_157290
lcl|CP069034.1_cds_QRD01231.1_11214	JI435_157280
lcl|CP069034.1_cds_QRD01232.1_11215	JI435_157270
lcl|CP069034.1_cds_QRD01233.1_11216	JI435_416330
lcl|CP069034.1_cds_QRD01234.1_11217	JI435_157260
lcl|CP069034.1_cds_QRD01235.1_11218	JI435_157250
lcl|CP069034.1_cds_QRD01236.1_11219	JI435_157230
lcl|CP069034.1_cds_QRD01237.1_11220	JI435_416340
lcl|CP069034.1_cds_QRD01238.1_11221	JI435_157220
lcl|CP069034.1_cds_QRD01239.1_11222	JI435_157210
lcl|CP069034.1_cds_QRD01240.1_11223	JI435_157200
lcl|CP069034.1_cds_QRD01241.1_11224	JI435_157190
lcl|CP069034.1_cds_QRD01242.1_11225	JI435_157180
lcl|CP069034.1_cds_QRD01243.1_11226	JI435_157170
lcl|CP069034.1_cds_QRD01244.1_11227	JI435_157160
lcl|CP069034.1_cds_QRD01245.1_11228	JI435_157150
lcl|CP069034.1_cds_QRD01246.1_11229	JI435_157140
lcl|CP069034.1_cds_QRD01247.1_11230	JI435_438980
lcl|CP069034.1_cds_QRD01248.1_11231	JI435_157120
lcl|CP069034.1_cds_QRD01249.1_11232	JI435_157110
lcl|CP069034.1_cds_QRD01250.1_11233	JI435_416350
lcl|CP069034.1_cds_QRD01251.1_11234	JI435_157100
lcl|CP069034.1_cds_QRD01252.1_11235	JI435_157090
lcl|CP069034.1_cds_QRD01253.1_11236	JI435_157080
lcl|CP069034.1_cds_QRD01254.1_11237	JI435_157070
lcl|CP069034.1_cds_QRD01255.1_11238	JI435_157060
lcl|CP069034.1_cds_QRD01256.1_11239	JI435_157040
lcl|CP069034.1_cds_QRD01257.1_11240	JI435_157030
lcl|CP069034.1_cds_QRD01258.1_11241	JI435_439140
lcl|CP069034.1_cds_QRD01259.1_11242	JI435_439150
lcl|CP069034.1_cds_QRD01260.1_11243	JI435_119390
lcl|CP069034.1_cds_QRD01261.1_11244	JI435_119420
lcl|CP069034.1_cds_QRD01262.1_11245	JI435_308110
lcl|CP069034.1_cds_QRD01263.1_11246	JI435_119430
lcl|CP069034.1_cds_QRD01264.1_11247	JI435_119440
lcl|CP069034.1_cds_QRD01265.1_11248	JI435_119450
lcl|CP069034.1_cds_QRD01266.1_11249	JI435_119460
lcl|CP069034.1_cds_QRD01267.1_11250	JI435_119470
lcl|CP069034.1_cds_QRD01268.1_11251	JI435_119480
lcl|CP069034.1_cds_QRD01269.1_11252	JI435_119490
lcl|CP069034.1_cds_QRD01270.1_11253	JI435_119500
lcl|CP069034.1_cds_QRD01271.1_11254	JI435_119510
lcl|CP069034.1_cds_QRD01272.1_11255	JI435_119520
lcl|CP069034.1_cds_QRD01273.1_11256	JI435_416360
lcl|CP069034.1_cds_QRD01274.1_11257	JI435_119530
lcl|CP069034.1_cds_QRD01275.1_11258	JI435_119540
lcl|CP069034.1_cds_QRD01276.1_11259	JI435_416370
lcl|CP069034.1_cds_QRD01277.1_11260	JI435_119550
lcl|CP069034.1_cds_QRD01278.1_11261	JI435_119560
lcl|CP069034.1_cds_QRD01279.1_11262	JI435_119570
lcl|CP069034.1_cds_QRD01280.1_11263	JI435_119580
lcl|CP069034.1_cds_QRD01281.1_11264	JI435_119590
lcl|CP069034.1_cds_QRD01282.1_11265	JI435_119610
lcl|CP069034.1_cds_QRD01283.1_11266	JI435_119620
lcl|CP069034.1_cds_QRD01284.1_11267	JI435_119640
lcl|CP069034.1_cds_QRD01285.1_11268	JI435_119650
lcl|CP069034.1_cds_QRD01286.1_11269	JI435_119660
lcl|CP069034.1_cds_QRD01287.1_11270	JI435_439170
lcl|CP069034.1_cds_QRD01288.1_11271	JI435_119690
lcl|CP069034.1_cds_QRD01289.1_11272	JI435_119700
lcl|CP069034.1_cds_QRD01290.1_11273	JI435_439180
lcl|CP069034.1_cds_QRD01291.1_11274	JI435_119730
lcl|CP069034.1_cds_QRD01292.1_11275	JI435_119740
lcl|CP069034.1_cds_QRD01293.1_11276	JI435_119750
lcl|CP069034.1_cds_QRD01294.1_11277	JI435_119770
lcl|CP069034.1_cds_QRD01296.1_11278	JI435_119780
lcl|CP069034.1_cds_QRD01295.1_11279	JI435_119780
lcl|CP069034.1_cds_QRD01297.1_11280	JI435_119790
lcl|CP069034.1_cds_QRD01298.1_11281	JI435_416380
lcl|CP069034.1_cds_QRD01299.1_11282	JI435_119810
lcl|CP069034.1_cds_QRD01300.1_11283	JI435_439210
lcl|CP069034.1_cds_QRD01301.1_11284	JI435_119870
lcl|CP069034.1_cds_QRD01302.1_11285	JI435_119900
lcl|CP069034.1_cds_QRD01303.1_11286	JI435_119910
lcl|CP069034.1_cds_QRD01304.1_11287	JI435_119920
lcl|CP069034.1_cds_QRD01305.1_11288	JI435_119930
lcl|CP069034.1_cds_QRD01306.1_11289	JI435_119940
lcl|CP069034.1_cds_QRD01307.1_11290	JI435_119950
lcl|CP069034.1_cds_QRD01308.1_11291	JI435_119960
lcl|CP069034.1_cds_QRD01309.1_11292	JI435_119970
lcl|CP069034.1_cds_QRD01310.1_11293	JI435_119980
lcl|CP069034.1_cds_QRD01311.1_11294	JI435_439240
lcl|CP069034.1_cds_QRD01312.1_11295	JI435_120000
lcl|CP069034.1_cds_QRD01313.1_11296	JI435_308180
lcl|CP069034.1_cds_QRD01314.1_11297	JI435_416390
lcl|CP069034.1_cds_QRD01315.1_11298	JI435_120010
lcl|CP069034.1_cds_QRD01316.1_11299	JI435_120020
lcl|CP069034.1_cds_QRD01317.1_11300	JI435_120030
lcl|CP069034.1_cds_QRD01318.1_11301	JI435_120040
lcl|CP069034.1_cds_QRD01319.1_11302	JI435_120050
lcl|CP069034.1_cds_QRD01320.1_11303	JI435_120060
lcl|CP069034.1_cds_QRD01321.1_11304	JI435_120070
lcl|CP069034.1_cds_QRD01322.1_11305	JI435_120080
lcl|CP069034.1_cds_QRD01323.1_11306	JI435_308190
lcl|CP069034.1_cds_QRD01324.1_11307	JI435_120110
lcl|CP069034.1_cds_QRD01325.1_11308	JI435_439260
lcl|CP069034.1_cds_QRD01326.1_11309	JI435_439270
lcl|CP069034.1_cds_QRD01327.1_11310	JI435_416400
lcl|CP069034.1_cds_QRD01328.1_11311	JI435_120140
lcl|CP069034.1_cds_QRD01329.1_11312	JI435_120150
lcl|CP069034.1_cds_QRD01330.1_11313	JI435_416410
lcl|CP069034.1_cds_QRD01331.1_11314	JI435_416420
lcl|CP069034.1_cds_QRD01332.1_11315	JI435_416430
lcl|CP069034.1_cds_QRD01333.1_11316	JI435_120160
lcl|CP069034.1_cds_QRD01334.1_11317	JI435_120170
lcl|CP069034.1_cds_QRD01335.1_11318	JI435_120180
lcl|CP069034.1_cds_QRD01336.1_11319	JI435_120190
lcl|CP069034.1_cds_QRD01337.1_11320	JI435_416440
lcl|CP069034.1_cds_QRD01338.1_11321	JI435_120200
lcl|CP069034.1_cds_QRD01339.1_11322	JI435_120210
lcl|CP069034.1_cds_QRD01340.1_11323	JI435_416450
lcl|CP069034.1_cds_QRD01341.1_11324	JI435_120220
lcl|CP069034.1_cds_QRD01342.1_11325	JI435_416460
lcl|CP069034.1_cds_QRD01343.1_11326	JI435_120230
lcl|CP069034.1_cds_QRD01344.1_11327	JI435_120240
lcl|CP069034.1_cds_QRD01345.1_11328	JI435_120250
lcl|CP069034.1_cds_QRD01346.1_11329	JI435_120260
lcl|CP069034.1_cds_QRD01347.1_11330	JI435_120280
lcl|CP069034.1_cds_QRD01348.1_11331	JI435_120290
lcl|CP069034.1_cds_QRD01349.1_11332	JI435_120300
lcl|CP069034.1_cds_QRD01350.1_11333	JI435_120310
lcl|CP069034.1_cds_QRD01351.1_11334	JI435_120320
lcl|CP069034.1_cds_QRD01352.1_11335	JI435_120330
lcl|CP069034.1_cds_QRD01353.1_11336	JI435_439290
lcl|CP069034.1_cds_QRD01354.1_11337	JI435_120350
lcl|CP069034.1_cds_QRD01355.1_11338	JI435_416470
lcl|CP069034.1_cds_QRD01356.1_11339	JI435_120360
lcl|CP069034.1_cds_QRD01357.1_11340	JI435_416480
lcl|CP069034.1_cds_QRD01358.1_11341	JI435_308210
lcl|CP069034.1_cds_QRD01359.1_11342	JI435_120370
lcl|CP069034.1_cds_QRD01360.1_11343	JI435_120380
lcl|CP069034.1_cds_QRD01361.1_11344	JI435_120390
lcl|CP069034.1_cds_QRD01362.1_11345	JI435_416490
lcl|CP069034.1_cds_QRD01363.1_11346	JI435_416500
lcl|CP069034.1_cds_QRD01364.1_11347	JI435_416510
lcl|CP069034.1_cds_QRD01365.1_11348	JI435_201310
lcl|CP069034.1_cds_QRD01366.1_11349	JI435_416520
lcl|CP069034.1_cds_QRD01367.1_11350	JI435_120400
lcl|CP069034.1_cds_QRD01368.1_11351	JI435_120410
lcl|CP069034.1_cds_QRD01369.1_11352	JI435_120420
lcl|CP069034.1_cds_QRD01370.1_11353	JI435_120430
lcl|CP069034.1_cds_QRD01371.1_11354	JI435_120440
lcl|CP069034.1_cds_QRD01372.1_11355	JI435_120440
lcl|CP069034.1_cds_QRD01373.1_11356	JI435_120450
lcl|CP069034.1_cds_QRD01374.1_11357	JI435_120460
lcl|CP069034.1_cds_QRD01375.1_11358	JI435_439310
lcl|CP069034.1_cds_QRD01376.1_11359	JI435_120470
lcl|CP069034.1_cds_QRD01377.1_11360	JI435_120480
lcl|CP069034.1_cds_QRD01378.1_11361	JI435_120490
lcl|CP069034.1_cds_QRD01379.1_11362	JI435_120500
lcl|CP069034.1_cds_QRD01380.1_11363	JI435_120510
lcl|CP069034.1_cds_QRD01381.1_11364	JI435_120520
lcl|CP069034.1_cds_QRD01382.1_11365	JI435_120530
lcl|CP069034.1_cds_QRD01383.1_11366	JI435_120540
lcl|CP069034.1_cds_QRD01384.1_11367	JI435_120550
lcl|CP069034.1_cds_QRD01385.1_11368	JI435_120560
lcl|CP069034.1_cds_QRD01386.1_11369	JI435_120570
lcl|CP069034.1_cds_QRD01387.1_11370	JI435_120580
lcl|CP069034.1_cds_QRD01388.1_11371	JI435_416530
lcl|CP069034.1_cds_QRD01389.1_11372	JI435_120590
lcl|CP069034.1_cds_QRD01390.1_11373	JI435_120600
lcl|CP069034.1_cds_QRD01391.1_11374	JI435_120640
lcl|CP069034.1_cds_QRD01392.1_11375	JI435_120650
lcl|CP069034.1_cds_QRD01393.1_11376	JI435_416540
lcl|CP069034.1_cds_QRD01394.1_11377	JI435_120660
lcl|CP069034.1_cds_QRD01395.1_11378	JI435_120670
lcl|CP069034.1_cds_QRD01396.1_11379	JI435_439320
lcl|CP069034.1_cds_QRD01397.1_11380	JI435_120690
lcl|CP069034.1_cds_QRD01398.1_11381	JI435_120700
lcl|CP069034.1_cds_QRD01399.1_11382	JI435_120710
lcl|CP069034.1_cds_QRD01400.1_11383	JI435_120720
lcl|CP069034.1_cds_QRD01401.1_11384	JI435_120730
lcl|CP069034.1_cds_QRD01402.1_11385	JI435_120740
lcl|CP069034.1_cds_QRD01403.1_11386	JI435_120750
lcl|CP069034.1_cds_QRD01404.1_11387	JI435_416550
lcl|CP069034.1_cds_QRD01405.1_11388	JI435_308220
lcl|CP069034.1_cds_QRD01406.1_11389	JI435_120770
lcl|CP069034.1_cds_QRD01407.1_11390	JI435_120790
lcl|CP069034.1_cds_QRD01408.1_11391	JI435_120800
lcl|CP069034.1_cds_QRD01409.1_11392	JI435_120810
lcl|CP069034.1_cds_QRD01410.1_11393	JI435_120820
lcl|CP069034.1_cds_QRD01411.1_11394	JI435_120830
lcl|CP069034.1_cds_QRD01412.1_11395	JI435_416560
lcl|CP069034.1_cds_QRD01413.1_11396	JI435_120840
lcl|CP069034.1_cds_QRD01414.1_11397	JI435_120850
lcl|CP069034.1_cds_QRD01415.1_11398	JI435_416570
lcl|CP069034.1_cds_QRD01416.1_11399	JI435_120860
lcl|CP069034.1_cds_QRD01417.1_11400	JI435_416580
lcl|CP069034.1_cds_QRD01418.1_11401	JI435_416590
lcl|CP069034.1_cds_QRD01419.1_11402	JI435_439340
lcl|CP069034.1_cds_QRD01420.1_11403	JI435_416600
lcl|CP069034.1_cds_QRD01421.1_11404	JI435_120880
lcl|CP069034.1_cds_QRD01422.1_11405	JI435_416610
lcl|CP069034.1_cds_QRD01423.1_11406	JI435_416620
lcl|CP069034.1_cds_QRD01424.1_11407	JI435_120890
lcl|CP069034.1_cds_QRD01425.1_11408	JI435_120900
lcl|CP069034.1_cds_QRD01426.1_11409	JI435_416630
lcl|CP069034.1_cds_QRD01427.1_11410	JI435_120910
lcl|CP069034.1_cds_QRD01428.1_11411	JI435_416640
lcl|CP069034.1_cds_QRD01429.1_11412	JI435_416650
lcl|CP069034.1_cds_QRD01430.1_11413	JI435_416660
lcl|CP069034.1_cds_QRD01431.1_11414	JI435_120920
lcl|CP069034.1_cds_QRD01432.1_11415	JI435_120930
lcl|CP069034.1_cds_QRD01433.1_11416	JI435_120940
lcl|CP069034.1_cds_QRD01434.1_11417	JI435_120950
lcl|CP069034.1_cds_QRD01435.1_11418	JI435_120960
lcl|CP069034.1_cds_QRD01436.1_11419	JI435_416670
lcl|CP069034.1_cds_QRD01437.1_11420	JI435_120970
lcl|CP069034.1_cds_QRD01438.1_11421	JI435_120980
lcl|CP069034.1_cds_QRD01439.1_11422	JI435_120990
lcl|CP069034.1_cds_QRD01440.1_11423	JI435_121000
lcl|CP069034.1_cds_QRD01441.1_11424	JI435_121010
lcl|CP069034.1_cds_QRD01442.1_11425	JI435_121020
lcl|CP069034.1_cds_QRD01443.1_11426	JI435_121030
lcl|CP069034.1_cds_QRD01444.1_11427	JI435_416680
lcl|CP069034.1_cds_QRD01445.1_11428	JI435_121050
lcl|CP069034.1_cds_QRD01446.1_11429	JI435_439360
lcl|CP069034.1_cds_QRD01447.1_11430	JI435_121060
lcl|CP069034.1_cds_QRD01448.1_11431	JI435_439370
lcl|CP069034.1_cds_QRD01449.1_11432	JI435_121080
lcl|CP069034.1_cds_QRD01450.1_11433	JI435_121090
lcl|CP069034.1_cds_QRD01451.1_11434	JI435_416690
lcl|CP069034.1_cds_QRD01452.1_11435	JI435_121100
lcl|CP069034.1_cds_QRD01453.1_11436	JI435_121120
lcl|CP069034.1_cds_QRD01454.1_11437	JI435_121130
lcl|CP069034.1_cds_QRD01455.1_11438	JI435_121140
lcl|CP069034.1_cds_QRD01456.1_11439	JI435_121160
lcl|CP069034.1_cds_QRD01457.1_11440	JI435_416700
lcl|CP069034.1_cds_QRD01458.1_11441	JI435_121180
lcl|CP069034.1_cds_QRD01459.1_11442	JI435_121190
lcl|CP069034.1_cds_QRD01460.1_11443	JI435_121200
lcl|CP069034.1_cds_QRD01461.1_11444	JI435_121210
lcl|CP069034.1_cds_QRD01462.1_11445	JI435_121220
lcl|CP069034.1_cds_QRD01463.1_11446	JI435_416710
lcl|CP069034.1_cds_QRD01464.1_11447	JI435_121230
lcl|CP069034.1_cds_QRD01465.1_11448	JI435_121240
lcl|CP069034.1_cds_QRD01466.1_11449	JI435_416720
lcl|CP069034.1_cds_QRD01467.1_11450	JI435_121260
lcl|CP069034.1_cds_QRD01468.1_11451	JI435_416730
lcl|CP069034.1_cds_QRD01469.1_11452	JI435_121270
lcl|CP069034.1_cds_QRD01470.1_11453	JI435_439380
lcl|CP069034.1_cds_QRD01471.1_11454	JI435_121290
lcl|CP069034.1_cds_QRD01472.1_11455	JI435_121300
lcl|CP069034.1_cds_QRD01473.1_11456	JI435_121310
lcl|CP069034.1_cds_QRD01474.1_11457	JI435_121320
lcl|CP069034.1_cds_QRD01475.1_11458	JI435_121330
lcl|CP069034.1_cds_QRD01476.1_11459	JI435_121350
lcl|CP069034.1_cds_QRD01477.1_11460	JI435_121360
lcl|CP069034.1_cds_QRD01478.1_11461	JI435_121370
lcl|CP069034.1_cds_QRD01479.1_11462	JI435_416740
lcl|CP069034.1_cds_QRD01480.1_11463	JI435_121380
lcl|CP069034.1_cds_QRD01481.1_11464	JI435_121390
lcl|CP069034.1_cds_QRD01482.1_11465	JI435_416750
lcl|CP069034.1_cds_QRD01483.1_11466	JI435_308240
lcl|CP069034.1_cds_QRD01484.1_11467	JI435_439400
lcl|CP069034.1_cds_QRD01485.1_11468	JI435_121430
lcl|CP069034.1_cds_QRD01486.1_11469	JI435_416760
lcl|CP069034.1_cds_QRD01487.1_11470	JI435_121450
lcl|CP069034.1_cds_QRD01488.1_11471	JI435_121460
lcl|CP069034.1_cds_QRD01489.1_11472	JI435_416770
lcl|CP069034.1_cds_QRD01490.1_11473	JI435_121470
lcl|CP069034.1_cds_QRD01491.1_11474	JI435_121480
lcl|CP069034.1_cds_QRD01492.1_11475	JI435_121490
lcl|CP069034.1_cds_QRD01493.1_11476	JI435_416780
lcl|CP069034.1_cds_QRD01494.1_11477	JI435_121500
lcl|CP069034.1_cds_QRD01495.1_11478	JI435_416790
lcl|CP069034.1_cds_QRD01496.1_11479	JI435_416800
lcl|CP069034.1_cds_QRD01497.1_11480	JI435_121510
lcl|CP069034.1_cds_QRD01498.1_11481	JI435_121520
lcl|CP069034.1_cds_QRD01499.1_11482	JI435_121530
lcl|CP069034.1_cds_QRD01500.1_11483	JI435_121540
lcl|CP069034.1_cds_QRD01501.1_11484	JI435_121550
lcl|CP069034.1_cds_QRD01502.1_11485	JI435_416810
lcl|CP069034.1_cds_QRD01503.1_11486	JI435_121560
lcl|CP069034.1_cds_QRD01504.1_11487	JI435_121570
lcl|CP069034.1_cds_QRD01505.1_11488	JI435_121580
lcl|CP069034.1_cds_QRD01506.1_11489	JI435_416820
lcl|CP069034.1_cds_QRD01507.1_11490	JI435_121590
lcl|CP069034.1_cds_QRD01508.1_11491	JI435_416830
lcl|CP069034.1_cds_QRD01509.1_11492	JI435_308250
lcl|CP069034.1_cds_QRD01510.1_11493	JI435_121610
lcl|CP069034.1_cds_QRD01511.1_11494	JI435_416840
lcl|CP069034.1_cds_QRD01512.1_11495	JI435_121630
lcl|CP069034.1_cds_QRD01513.1_11496	JI435_416850
lcl|CP069034.1_cds_QRD01514.1_11497	JI435_416860
lcl|CP069034.1_cds_QRD01515.1_11498	JI435_121640
lcl|CP069034.1_cds_QRD01516.1_11499	JI435_416870
lcl|CP069034.1_cds_QRD01517.1_11500	JI435_416880
lcl|CP069034.1_cds_QRD01518.1_11501	JI435_416890
lcl|CP069034.1_cds_QRD01519.1_11502	JI435_121650
lcl|CP069034.1_cds_QRD01520.1_11503	JI435_416900
lcl|CP069034.1_cds_QRD01521.1_11504	JI435_121660
lcl|CP069034.1_cds_QRD01522.1_11505	JI435_121670
lcl|CP069034.1_cds_QRD01523.1_11506	JI435_121680
lcl|CP069034.1_cds_QRD01524.1_11507	JI435_121690
lcl|CP069034.1_cds_QRD01525.1_11508	JI435_308260
lcl|CP069034.1_cds_QRD01526.1_11509	JI435_121700
lcl|CP069034.1_cds_QRD01527.1_11510	JI435_439430
lcl|CP069034.1_cds_QRD01528.1_11511	JI435_121720
lcl|CP069034.1_cds_QRD01529.1_11512	JI435_121730
lcl|CP069034.1_cds_QRD01530.1_11513	JI435_121750
lcl|CP069034.1_cds_QRD01531.1_11514	JI435_121760
lcl|CP069034.1_cds_QRD01532.1_11515	JI435_416910
lcl|CP069034.1_cds_QRD01533.1_11516	JI435_416920
lcl|CP069034.1_cds_QRD01534.1_11517	JI435_121770
lcl|CP069034.1_cds_QRD01535.1_11518	JI435_416930
lcl|CP069034.1_cds_QRD01536.1_11519	JI435_121780
lcl|CP069034.1_cds_QRD01537.1_11520	JI435_121800
lcl|CP069034.1_cds_QRD01538.1_11521	JI435_121810
lcl|CP069034.1_cds_QRD01539.1_11522	JI435_416940
lcl|CP069034.1_cds_QRD01540.1_11523	JI435_416950
lcl|CP069034.1_cds_QRD01541.1_11524	JI435_121850
lcl|CP069034.1_cds_QRD01542.1_11525	JI435_121870
lcl|CP069034.1_cds_QRD01543.1_11526	JI435_121880
lcl|CP069034.1_cds_QRD01544.1_11527	JI435_416960
lcl|CP069034.1_cds_QRD01545.1_11528	JI435_121890
lcl|CP069034.1_cds_QRD01546.1_11529	JI435_121920
lcl|CP069034.1_cds_QRD01547.1_11530	JI435_121930
lcl|CP069034.1_cds_QRD01548.1_11531	JI435_121940
lcl|CP069034.1_cds_QRD01549.1_11532	JI435_121950
lcl|CP069034.1_cds_QRD01550.1_11533	JI435_121960
lcl|CP069034.1_cds_QRD01551.1_11534	JI435_121970
lcl|CP069034.1_cds_QRD01552.1_11535	JI435_121980
lcl|CP069034.1_cds_QRD01553.1_11536	JI435_122000
lcl|CP069034.1_cds_QRD01554.1_11537	JI435_308270
lcl|CP069034.1_cds_QRD01555.1_11538	JI435_122010
lcl|CP069034.1_cds_QRD01556.1_11539	JI435_122020
lcl|CP069034.1_cds_QRD01557.1_11540	JI435_416970
lcl|CP069034.1_cds_QRD01558.1_11541	JI435_122030
lcl|CP069034.1_cds_QRD01559.1_11542	JI435_122040
lcl|CP069034.1_cds_QRD01560.1_11543	JI435_122050
lcl|CP069034.1_cds_QRD01561.1_11544	JI435_122060
lcl|CP069034.1_cds_QRD01562.1_11545	JI435_439470
lcl|CP069034.1_cds_QRD01563.1_11546	JI435_122070
lcl|CP069034.1_cds_QRD01564.1_11547	JI435_122080
lcl|CP069034.1_cds_QRD01565.1_11548	JI435_122090
lcl|CP069034.1_cds_QRD01566.1_11549	JI435_122100
lcl|CP069034.1_cds_QRD01567.1_11550	JI435_122110
lcl|CP069034.1_cds_QRD01568.1_11551	JI435_122120
lcl|CP069034.1_cds_QRD01569.1_11552	JI435_416980
lcl|CP069034.1_cds_QRD01570.1_11553	JI435_122130
lcl|CP069034.1_cds_QRD01571.1_11554	JI435_416990
lcl|CP069034.1_cds_QRD01572.1_11555	JI435_122140
lcl|CP069034.1_cds_QRD01573.1_11556	JI435_122150
lcl|CP069034.1_cds_QRD01574.1_11557	JI435_122150
lcl|CP069034.1_cds_QRD01575.1_11558	JI435_122160
lcl|CP069034.1_cds_QRD01576.1_11559	JI435_417000
lcl|CP069034.1_cds_QRD01577.1_11560	JI435_122170
lcl|CP069034.1_cds_QRD01578.1_11561	JI435_122180
lcl|CP069034.1_cds_QRD01579.1_11562	JI435_122190
lcl|CP069034.1_cds_QRD01580.1_11563	JI435_417010
lcl|CP069034.1_cds_QRD01581.1_11564	JI435_122200
lcl|CP069034.1_cds_QRD01582.1_11565	JI435_122210
lcl|CP069034.1_cds_QRD01583.1_11566	JI435_122220
lcl|CP069034.1_cds_QRD01584.1_11567	JI435_122230
lcl|CP069034.1_cds_QRD01585.1_11568	JI435_122240
lcl|CP069034.1_cds_QRD01586.1_11569	JI435_122250
lcl|CP069034.1_cds_QRD01587.1_11570	JI435_122270
lcl|CP069034.1_cds_QRD01588.1_11571	JI435_122280
lcl|CP069034.1_cds_QRD01589.1_11572	JI435_417020
lcl|CP069034.1_cds_QRD01590.1_11573	JI435_122290
lcl|CP069034.1_cds_QRD01591.1_11574	JI435_417030
lcl|CP069034.1_cds_QRD01592.1_11575	JI435_122300
lcl|CP069034.1_cds_QRD01593.1_11576	JI435_122310
lcl|CP069034.1_cds_QRD01594.1_11577	JI435_122320
lcl|CP069034.1_cds_QRD01595.1_11578	JI435_417040
lcl|CP069034.1_cds_QRD01596.1_11579	JI435_122330
lcl|CP069034.1_cds_QRD01597.1_11580	JI435_417050
lcl|CP069034.1_cds_QRD01598.1_11581	JI435_122340
lcl|CP069034.1_cds_QRD01599.1_11582	JI435_122350
lcl|CP069034.1_cds_QRD01600.1_11583	JI435_122360
lcl|CP069034.1_cds_QRD01601.1_11584	JI435_122370
lcl|CP069034.1_cds_QRD01602.1_11585	JI435_122380
lcl|CP069034.1_cds_QRD01603.1_11586	JI435_122390
lcl|CP069034.1_cds_QRD01604.1_11587	JI435_122400
lcl|CP069034.1_cds_QRD01605.1_11588	JI435_122410
lcl|CP069034.1_cds_QRD01606.1_11589	JI435_122420
lcl|CP069034.1_cds_QRD01607.1_11590	JI435_122430
lcl|CP069034.1_cds_QRD01608.1_11591	JI435_417060
lcl|CP069034.1_cds_QRD01609.1_11592	JI435_122440
lcl|CP069034.1_cds_QRD01610.1_11593	JI435_122450
lcl|CP069034.1_cds_QRD01611.1_11594	JI435_122460
lcl|CP069034.1_cds_QRD01612.1_11595	JI435_122470
lcl|CP069034.1_cds_QRD01613.1_11596	JI435_122480
lcl|CP069034.1_cds_QRD01614.1_11597	JI435_122490
lcl|CP069034.1_cds_QRD01615.1_11598	JI435_122500
lcl|CP069034.1_cds_QRD01616.1_11599	JI435_122510
lcl|CP069034.1_cds_QRD01617.1_11600	JI435_122520
lcl|CP069034.1_cds_QRD01618.1_11601	JI435_122530
lcl|CP069034.1_cds_QRD01619.1_11602	JI435_122540
lcl|CP069034.1_cds_QRD01620.1_11603	JI435_122560
lcl|CP069034.1_cds_QRD01621.1_11604	JI435_122580
lcl|CP069034.1_cds_QRD01622.1_11605	JI435_122590
lcl|CP069034.1_cds_QRD01623.1_11606	JI435_122600
lcl|CP069034.1_cds_QRD01624.1_11607	JI435_122610
lcl|CP069034.1_cds_QRD01625.1_11608	JI435_122620
lcl|CP069034.1_cds_QRD01626.1_11609	JI435_122630
lcl|CP069034.1_cds_QRD01627.1_11610	JI435_417070
lcl|CP069034.1_cds_QRD01628.1_11611	JI435_122640
lcl|CP069034.1_cds_QRD01629.1_11612	JI435_122650
lcl|CP069034.1_cds_QRD01630.1_11613	JI435_122660
lcl|CP069034.1_cds_QRD01631.1_11614	JI435_122670
lcl|CP069034.1_cds_QRD01632.1_11615	JI435_122680
lcl|CP069034.1_cds_QRD01633.1_11616	JI435_122700
lcl|CP069034.1_cds_QRD01634.1_11617	JI435_122710
lcl|CP069034.1_cds_QRD01635.1_11618	JI435_146160
lcl|CP069034.1_cds_QRD01636.1_11619	JI435_146150
lcl|CP069034.1_cds_QRD01637.1_11620	JI435_146140
lcl|CP069034.1_cds_QRD01638.1_11621	JI435_146130
lcl|CP069034.1_cds_QRD01639.1_11622	JI435_146120
lcl|CP069034.1_cds_QRD01640.1_11623	JI435_146110
lcl|CP069034.1_cds_QRD01641.1_11624	JI435_417080
lcl|CP069034.1_cds_QRD01642.1_11625	JI435_417090
lcl|CP069034.1_cds_QRD01643.1_11626	JI435_146100
lcl|CP069034.1_cds_QRD01644.1_11627	JI435_201620
lcl|CP069034.1_cds_QRD01645.1_11628	JI435_146080
lcl|CP069034.1_cds_QRD01646.1_11629	JI435_146070
lcl|CP069034.1_cds_QRD01647.1_11630	JI435_146060
lcl|CP069034.1_cds_QRD01648.1_11631	JI435_146050
lcl|CP069034.1_cds_QRD01649.1_11632	JI435_309040
lcl|CP069034.1_cds_QRD01650.1_11633	JI435_146030
lcl|CP069034.1_cds_QRD01651.1_11634	JI435_417100
lcl|CP069034.1_cds_QRD01652.1_11635	JI435_146020
lcl|CP069034.1_cds_QRD01653.1_11636	JI435_146010
lcl|CP069034.1_cds_QRD01654.1_11637	JI435_417110
lcl|CP069034.1_cds_QRD01655.1_11638	JI435_439550
lcl|CP069034.1_cds_QRD01656.1_11639	JI435_146000
lcl|CP069034.1_cds_QRD01657.1_11640	JI435_145990
lcl|CP069034.1_cds_QRD01658.1_11641	JI435_145980
lcl|CP069034.1_cds_QRD01659.1_11642	JI435_145970
lcl|CP069034.1_cds_QRD01660.1_11643	JI435_145940
lcl|CP069034.1_cds_QRD01661.1_11644	JI435_145930
lcl|CP069034.1_cds_QRD01662.1_11645	JI435_145910
lcl|CP069034.1_cds_QRD01664.1_11646	JI435_145900
lcl|CP069034.1_cds_QRD01663.1_11647	JI435_145900
lcl|CP069034.1_cds_QRD01665.1_11648	JI435_145890
lcl|CP069034.1_cds_QRD01666.1_11649	JI435_145880
lcl|CP069034.1_cds_QRD01667.1_11650	JI435_145870
lcl|CP069034.1_cds_QRD01668.1_11651	JI435_439580
lcl|CP069034.1_cds_QRD01669.1_11652	JI435_145850
lcl|CP069034.1_cds_QRD01670.1_11653	JI435_145840
lcl|CP069034.1_cds_QRD01671.1_11654	JI435_145830
lcl|CP069034.1_cds_QRD01672.1_11655	JI435_145820
lcl|CP069034.1_cds_QRD01673.1_11656	JI435_145810
lcl|CP069034.1_cds_QRD01674.1_11657	JI435_145800
lcl|CP069034.1_cds_QRD01675.1_11658	JI435_145790
lcl|CP069034.1_cds_QRD01676.1_11659	JI435_145780
lcl|CP069034.1_cds_QRD01677.1_11660	JI435_145770
lcl|CP069034.1_cds_QRD01678.1_11661	JI435_145760
lcl|CP069034.1_cds_QRD01679.1_11662	JI435_145750
lcl|CP069034.1_cds_QRD01680.1_11663	JI435_145740
lcl|CP069034.1_cds_QRD01681.1_11664	JI435_145730
lcl|CP069034.1_cds_QRD01682.1_11665	JI435_145720
lcl|CP069034.1_cds_QRD01683.1_11666	JI435_145710
lcl|CP069034.1_cds_QRD01684.1_11667	JI435_417120
lcl|CP069034.1_cds_QRD01685.1_11668	JI435_145690
lcl|CP069034.1_cds_QRD01686.1_11669	JI435_145680
lcl|CP069034.1_cds_QRD01687.1_11670	JI435_145670
lcl|CP069034.1_cds_QRD01688.1_11671	JI435_145660
lcl|CP069034.1_cds_QRD01689.1_11672	JI435_145650
lcl|CP069034.1_cds_QRD01690.1_11673	JI435_309030
lcl|CP069034.1_cds_QRD01691.1_11674	JI435_417130
lcl|CP069034.1_cds_QRD01692.1_11675	JI435_145630
lcl|CP069034.1_cds_QRD01693.1_11676	JI435_417140
lcl|CP069034.1_cds_QRD01694.1_11677	JI435_417150
lcl|CP069034.1_cds_QRD01695.1_11678	JI435_145620
lcl|CP069034.1_cds_QRD01696.1_11679	JI435_145600
lcl|CP069034.1_cds_QRD01697.1_11680	JI435_309020
lcl|CP069034.1_cds_QRD01698.1_11681	JI435_145580
lcl|CP069034.1_cds_QRD01699.1_11682	JI435_145570
lcl|CP069034.1_cds_QRD01700.1_11683	JI435_417160
lcl|CP069034.1_cds_QRD01701.1_11684	JI435_145550
lcl|CP069034.1_cds_QRD01702.1_11685	JI435_145540
lcl|CP069034.1_cds_QRD01703.1_11686	JI435_417170
lcl|CP069034.1_cds_QRD01704.1_11687	JI435_145530
lcl|CP069034.1_cds_QRD01705.1_11688	JI435_417180
lcl|CP069034.1_cds_QRD01706.1_11689	JI435_439600
lcl|CP069034.1_cds_QRD01707.1_11690	JI435_145520
lcl|CP069034.1_cds_QRD01708.1_11691	JI435_145500
lcl|CP069034.1_cds_QRD01709.1_11692	JI435_439610
lcl|CP069034.1_cds_QRD01710.1_11693	JI435_145480
lcl|CP069034.1_cds_QRD01711.1_11694	JI435_145470
lcl|CP069034.1_cds_QRD01712.1_11695	JI435_439620
lcl|CP069034.1_cds_QRD01713.1_11696	JI435_145460
lcl|CP069034.1_cds_QRD01714.1_11697	JI435_145450
lcl|CP069034.1_cds_QRD01715.1_11698	JI435_417190
lcl|CP069034.1_cds_QRD01716.1_11699	JI435_145440
lcl|CP069034.1_cds_QRD01717.1_11700	JI435_145430
lcl|CP069034.1_cds_QRD01718.1_11701	JI435_145420
lcl|CP069034.1_cds_QRD01719.1_11702	JI435_145410
lcl|CP069034.1_cds_QRD01720.1_11703	JI435_145400
lcl|CP069034.1_cds_QRD01721.1_11704	JI435_145380
lcl|CP069034.1_cds_QRD01722.1_11705	JI435_145370
lcl|CP069034.1_cds_QRD01723.1_11706	JI435_145360
lcl|CP069034.1_cds_QRD01724.1_11707	JI435_145340
lcl|CP069034.1_cds_QRD01725.1_11708	JI435_145330
lcl|CP069034.1_cds_QRD01726.1_11709	JI435_145300
lcl|CP069034.1_cds_QRD01727.1_11710	JI435_145290
lcl|CP069034.1_cds_QRD01728.1_11711	JI435_145280
lcl|CP069034.1_cds_QRD01729.1_11712	JI435_145270
lcl|CP069034.1_cds_QRD01730.1_11713	JI435_145260
lcl|CP069034.1_cds_QRD01731.1_11714	JI435_439660
lcl|CP069034.1_cds_QRD01732.1_11715	JI435_309010
lcl|CP069034.1_cds_QRD01733.1_11716	JI435_145240
lcl|CP069034.1_cds_QRD01734.1_11717	JI435_145220
lcl|CP069034.1_cds_QRD01735.1_11718	JI435_309000
lcl|CP069034.1_cds_QRD01736.1_11719	JI435_145210
lcl|CP069034.1_cds_QRD01737.1_11720	JI435_145200
lcl|CP069034.1_cds_QRD01738.1_11721	JI435_417200
lcl|CP069034.1_cds_QRD01739.1_11722	JI435_145190
lcl|CP069034.1_cds_QRD01740.1_11723	JI435_145170
lcl|CP069034.1_cds_QRD01741.1_11724	JI435_145160
lcl|CP069034.1_cds_QRD01742.1_11725	JI435_145150
lcl|CP069034.1_cds_QRD01743.1_11726	JI435_145140
lcl|CP069034.1_cds_QRD01744.1_11727	JI435_145130
lcl|CP069034.1_cds_QRD01745.1_11728	JI435_145110
lcl|CP069034.1_cds_QRD01746.1_11729	JI435_145100
lcl|CP069034.1_cds_QRD01747.1_11730	JI435_145090
lcl|CP069034.1_cds_QRD01748.1_11731	JI435_145080
lcl|CP069034.1_cds_QRD01749.1_11732	JI435_145070
lcl|CP069034.1_cds_QRD01750.1_11733	JI435_145060
lcl|CP069034.1_cds_QRD01751.1_11734	JI435_145050
lcl|CP069034.1_cds_QRD01752.1_11735	JI435_417210
lcl|CP069034.1_cds_QRD01753.1_11736	JI435_145040
lcl|CP069034.1_cds_QRD01754.1_11737	JI435_145030
lcl|CP069034.1_cds_QRD01755.1_11738	JI435_145020
lcl|CP069034.1_cds_QRD01756.1_11739	JI435_145000
lcl|CP069034.1_cds_QRD01757.1_11740	JI435_144990
lcl|CP069034.1_cds_QRD01758.1_11741	JI435_144970
lcl|CP069034.1_cds_QRD01759.1_11742	JI435_439680
lcl|CP069034.1_cds_QRD01760.1_11743	JI435_144940
lcl|CP069034.1_cds_QRD01761.1_11744	JI435_144930
lcl|CP069034.1_cds_QRD01762.1_11745	JI435_144920
lcl|CP069034.1_cds_QRD01763.1_11746	JI435_144910
lcl|CP069034.1_cds_QRD01764.1_11747	JI435_144900
lcl|CP069034.1_cds_QRD01765.1_11748	JI435_144890
lcl|CP069034.1_cds_QRD01766.1_11749	JI435_144880
lcl|CP069034.1_cds_QRD01767.1_11750	JI435_144870
lcl|CP069034.1_cds_QRD01768.1_11751	JI435_144860
lcl|CP069034.1_cds_QRD01769.1_11752	JI435_144850
lcl|CP069034.1_cds_QRD01770.1_11753	JI435_144830
lcl|CP069034.1_cds_QRD01771.1_11754	JI435_144820
lcl|CP069034.1_cds_QRD01772.1_11755	JI435_144810
lcl|CP069034.1_cds_QRD01773.1_11756	JI435_308990
lcl|CP069034.1_cds_QRD01774.1_11757	JI435_144790
lcl|CP069034.1_cds_QRD01775.1_11758	JI435_144780
lcl|CP069034.1_cds_QRD01776.1_11759	JI435_144770
lcl|CP069034.1_cds_QRD01777.1_11760	JI435_144760
lcl|CP069034.1_cds_QRD01778.1_11761	JI435_144750
lcl|CP069034.1_cds_QRD01779.1_11762	JI435_439710
lcl|CP069034.1_cds_QRD01780.1_11763	JI435_144740
lcl|CP069034.1_cds_QRD01781.1_11764	JI435_144730
lcl|CP069034.1_cds_QRD01782.1_11765	JI435_144720
lcl|CP069034.1_cds_QRD01783.1_11766	JI435_144710
lcl|CP069034.1_cds_QRD01784.1_11767	JI435_144690
lcl|CP069034.1_cds_QRD01785.1_11768	JI435_144680
lcl|CP069034.1_cds_QRD01786.1_11769	JI435_144670
lcl|CP069034.1_cds_QRD01787.1_11770	JI435_144660
lcl|CP069034.1_cds_QRD01788.1_11771	JI435_144640
lcl|CP069034.1_cds_QRD01789.1_11772	JI435_144630
lcl|CP069035.1_cds_QRD01790.1_11773	JI435_303340
lcl|CP069035.1_cds_QRD01791.1_11774	JI435_047740
lcl|CP069035.1_cds_QRD01792.1_11775	JI435_047760
lcl|CP069035.1_cds_QRD01793.1_11776	JI435_047780
lcl|CP069035.1_cds_QRD01794.1_11777	JI435_047790
lcl|CP069035.1_cds_QRD01795.1_11778	JI435_047800
lcl|CP069035.1_cds_QRD01796.1_11779	JI435_047810
lcl|CP069035.1_cds_QRD01797.1_11780	JI435_047820
lcl|CP069035.1_cds_QRD01798.1_11781	JI435_047830
lcl|CP069035.1_cds_QRD01799.1_11782	JI435_439750
lcl|CP069035.1_cds_QRD01800.1_11783	JI435_047860
lcl|CP069035.1_cds_QRD01801.1_11784	JI435_047870
lcl|CP069035.1_cds_QRD01802.1_11785	JI435_047880
lcl|CP069035.1_cds_QRD01803.1_11786	JI435_303350
lcl|CP069035.1_cds_QRD01804.1_11787	JI435_047890
lcl|CP069035.1_cds_QRD01805.1_11788	JI435_303360
lcl|CP069035.1_cds_QRD01806.1_11789	JI435_047900
lcl|CP069035.1_cds_QRD01807.1_11790	JI435_047910
lcl|CP069035.1_cds_QRD01808.1_11791	JI435_047920
lcl|CP069035.1_cds_QRD01809.1_11792	JI435_047930
lcl|CP069035.1_cds_QRD01810.1_11793	JI435_417220
lcl|CP069035.1_cds_QRD01811.1_11794	JI435_047940
lcl|CP069035.1_cds_QRD01812.1_11795	JI435_047950
lcl|CP069035.1_cds_QRD01813.1_11796	JI435_303370
lcl|CP069035.1_cds_QRD01814.1_11797	JI435_047960
lcl|CP069035.1_cds_QRD01815.1_11798	JI435_047970
lcl|CP069035.1_cds_QRD01816.1_11799	JI435_047980
lcl|CP069035.1_cds_QRD01817.1_11800	JI435_047990
lcl|CP069035.1_cds_QRD01818.1_11801	JI435_048000
lcl|CP069035.1_cds_QRD01819.1_11802	JI435_048010
lcl|CP069035.1_cds_QRD01820.1_11803	JI435_048020
lcl|CP069035.1_cds_QRD01821.1_11804	JI435_048030
lcl|CP069035.1_cds_QRD01822.1_11805	JI435_048040
lcl|CP069035.1_cds_QRD01823.1_11806	JI435_417230
lcl|CP069035.1_cds_QRD01824.1_11807	JI435_048050
lcl|CP069035.1_cds_QRD01825.1_11808	JI435_048060
lcl|CP069035.1_cds_QRD01826.1_11809	JI435_048070
lcl|CP069035.1_cds_QRD01827.1_11810	JI435_439760
lcl|CP069035.1_cds_QRD01828.1_11811	JI435_048100
lcl|CP069035.1_cds_QRD01829.1_11812	JI435_048130
lcl|CP069035.1_cds_QRD01830.1_11813	JI435_048140
lcl|CP069035.1_cds_QRD01831.1_11814	JI435_048150
lcl|CP069035.1_cds_QRD01832.1_11815	JI435_048170
lcl|CP069035.1_cds_QRD01833.1_11816	JI435_417240
lcl|CP069035.1_cds_QRD01834.1_11817	JI435_048180
lcl|CP069035.1_cds_QRD01835.1_11818	JI435_417250
lcl|CP069035.1_cds_QRD01836.1_11819	JI435_048190
lcl|CP069035.1_cds_QRD01837.1_11820	JI435_048200
lcl|CP069035.1_cds_QRD01838.1_11821	JI435_048210
lcl|CP069035.1_cds_QRD01839.1_11822	JI435_048220
lcl|CP069035.1_cds_QRD01840.1_11823	JI435_048240
lcl|CP069035.1_cds_QRD01841.1_11824	JI435_048250
lcl|CP069035.1_cds_QRD01842.1_11825	JI435_303400
lcl|CP069035.1_cds_QRD01843.1_11826	JI435_303410
lcl|CP069035.1_cds_QRD01844.1_11827	JI435_048270
lcl|CP069035.1_cds_QRD01845.1_11828	JI435_048290
lcl|CP069035.1_cds_QRD01846.1_11829	JI435_048300
lcl|CP069035.1_cds_QRD01847.1_11830	JI435_048310
lcl|CP069035.1_cds_QRD01848.1_11831	JI435_048320
lcl|CP069035.1_cds_QRD01849.1_11832	JI435_048330
lcl|CP069035.1_cds_QRD01850.1_11833	JI435_048340
lcl|CP069035.1_cds_QRD01851.1_11834	JI435_048350
lcl|CP069035.1_cds_QRD01852.1_11835	JI435_048360
lcl|CP069035.1_cds_QRD01853.1_11836	JI435_048370
lcl|CP069035.1_cds_QRD01854.1_11837	JI435_048380
lcl|CP069035.1_cds_QRD01855.1_11838	JI435_048390
lcl|CP069035.1_cds_QRD01856.1_11839	JI435_048400
lcl|CP069035.1_cds_QRD01857.1_11840	JI435_303420
lcl|CP069035.1_cds_QRD01858.1_11841	JI435_417260
lcl|CP069035.1_cds_QRD01859.1_11842	JI435_439810
lcl|CP069035.1_cds_QRD01860.1_11843	JI435_439820
lcl|CP069035.1_cds_QRD01861.1_11844	JI435_048430
lcl|CP069035.1_cds_QRD01862.1_11845	JI435_048440
lcl|CP069035.1_cds_QRD01863.1_11846	JI435_439830
lcl|CP069035.1_cds_QRD01864.1_11847	JI435_048460
lcl|CP069035.1_cds_QRD01865.1_11848	JI435_048470
lcl|CP069035.1_cds_QRD01866.1_11849	JI435_048480
lcl|CP069035.1_cds_QRD01867.1_11850	JI435_048490
lcl|CP069035.1_cds_QRD01868.1_11851	JI435_048500
lcl|CP069035.1_cds_QRD01869.1_11852	JI435_048510
lcl|CP069035.1_cds_QRD01870.1_11853	JI435_048520
lcl|CP069035.1_cds_QRD01871.1_11854	JI435_048530
lcl|CP069035.1_cds_QRD01872.1_11855	JI435_417270
lcl|CP069035.1_cds_QRD01873.1_11856	JI435_417280
lcl|CP069035.1_cds_QRD01874.1_11857	JI435_048540
lcl|CP069035.1_cds_QRD01875.1_11858	JI435_417290
lcl|CP069035.1_cds_QRD01876.1_11859	JI435_048550
lcl|CP069035.1_cds_QRD01877.1_11860	JI435_417300
lcl|CP069035.1_cds_QRD01878.1_11861	JI435_048560
lcl|CP069035.1_cds_QRD01879.1_11862	JI435_048570
lcl|CP069035.1_cds_QRD01880.1_11863	JI435_048580
lcl|CP069035.1_cds_QRD01881.1_11864	JI435_048590
lcl|CP069035.1_cds_QRD01882.1_11865	JI435_048600
lcl|CP069035.1_cds_QRD01883.1_11866	JI435_048610
lcl|CP069035.1_cds_QRD01884.1_11867	JI435_417310
lcl|CP069035.1_cds_QRD01885.1_11868	JI435_048630
lcl|CP069035.1_cds_QRD01886.1_11869	JI435_048640
lcl|CP069035.1_cds_QRD01887.1_11870	JI435_048650
lcl|CP069035.1_cds_QRD01888.1_11871	JI435_048660
lcl|CP069035.1_cds_QRD01889.1_11872	JI435_048680
lcl|CP069035.1_cds_QRD01890.1_11873	JI435_048690
lcl|CP069035.1_cds_QRD01891.1_11874	JI435_303430
lcl|CP069035.1_cds_QRD01892.1_11875	JI435_048710
lcl|CP069035.1_cds_QRD01893.1_11876	JI435_048720
lcl|CP069035.1_cds_QRD01894.1_11877	JI435_048730
lcl|CP069035.1_cds_QRD01895.1_11878	JI435_417320
lcl|CP069035.1_cds_QRD01896.1_11879	JI435_048740
lcl|CP069035.1_cds_QRD01897.1_11880	JI435_048750
lcl|CP069035.1_cds_QRD01898.1_11881	JI435_417330
lcl|CP069035.1_cds_QRD01899.1_11882	JI435_417340
lcl|CP069035.1_cds_QRD01900.1_11883	JI435_048760
lcl|CP069035.1_cds_QRD01901.1_11884	JI435_417350
lcl|CP069035.1_cds_QRD01902.1_11885	JI435_048770
lcl|CP069035.1_cds_QRD01903.1_11886	JI435_439860
lcl|CP069035.1_cds_QRD01904.1_11887	JI435_048790
lcl|CP069035.1_cds_QRD01905.1_11888	JI435_048800
lcl|CP069035.1_cds_QRD01906.1_11889	JI435_048810
lcl|CP069035.1_cds_QRD01907.1_11890	JI435_048830
lcl|CP069035.1_cds_QRD01908.1_11891	JI435_439880
lcl|CP069035.1_cds_QRD01909.1_11892	JI435_439890
lcl|CP069035.1_cds_QRD01910.1_11893	JI435_048850
lcl|CP069035.1_cds_QRD01911.1_11894	JI435_048860
lcl|CP069035.1_cds_QRD01912.1_11895	JI435_048870
lcl|CP069035.1_cds_QRD01913.1_11896	JI435_417360
lcl|CP069035.1_cds_QRD01914.1_11897	JI435_048880
lcl|CP069035.1_cds_QRD01915.1_11898	JI435_417370
lcl|CP069035.1_cds_QRD01916.1_11899	JI435_048890
lcl|CP069035.1_cds_QRD01917.1_11900	JI435_048900
lcl|CP069035.1_cds_QRD01918.1_11901	JI435_048910
lcl|CP069035.1_cds_QRD01919.1_11902	JI435_048920
lcl|CP069035.1_cds_QRD01920.1_11903	JI435_048930
lcl|CP069035.1_cds_QRD01921.1_11904	JI435_048940
lcl|CP069035.1_cds_QRD01922.1_11905	JI435_417380
lcl|CP069035.1_cds_QRD01923.1_11906	JI435_048960
lcl|CP069035.1_cds_QRD01924.1_11907	JI435_048970
lcl|CP069035.1_cds_QRD01925.1_11908	JI435_048980
lcl|CP069035.1_cds_QRD01926.1_11909	JI435_048990
lcl|CP069035.1_cds_QRD01927.1_11910	JI435_049000
lcl|CP069035.1_cds_QRD01928.1_11911	JI435_049020
lcl|CP069035.1_cds_QRD01929.1_11912	JI435_049040
lcl|CP069035.1_cds_QRD01930.1_11913	JI435_439910
lcl|CP069035.1_cds_QRD01931.1_11914	JI435_439920
lcl|CP069035.1_cds_QRD01932.1_11915	JI435_049060
lcl|CP069035.1_cds_QRD01933.1_11916	JI435_439930
lcl|CP069035.1_cds_QRD01934.1_11917	JI435_049080
lcl|CP069035.1_cds_QRD01935.1_11918	JI435_049090
lcl|CP069035.1_cds_QRD01936.1_11919	JI435_303440
lcl|CP069035.1_cds_QRD01937.1_11920	JI435_049100
lcl|CP069035.1_cds_QRD01938.1_11921	JI435_049110
lcl|CP069035.1_cds_QRD01939.1_11922	JI435_439940
lcl|CP069035.1_cds_QRD01940.1_11923	JI435_049160
lcl|CP069035.1_cds_QRD01941.1_11924	JI435_049170
lcl|CP069035.1_cds_QRD01942.1_11925	JI435_049180
lcl|CP069035.1_cds_QRD01943.1_11926	JI435_049180
lcl|CP069035.1_cds_QRD01944.1_11927	JI435_049190
lcl|CP069035.1_cds_QRD01945.1_11928	JI435_049210
lcl|CP069035.1_cds_QRD01946.1_11929	JI435_439960
lcl|CP069035.1_cds_QRD01947.1_11930	JI435_049230
lcl|CP069035.1_cds_QRD01948.1_11931	JI435_049240
lcl|CP069035.1_cds_QRD01949.1_11932	JI435_049250
lcl|CP069035.1_cds_QRD01950.1_11933	JI435_049260
lcl|CP069035.1_cds_QRD01951.1_11934	JI435_049270
lcl|CP069035.1_cds_QRD01952.1_11935	JI435_049280
lcl|CP069035.1_cds_QRD01953.1_11936	JI435_439970
lcl|CP069035.1_cds_QRD01954.1_11937	JI435_439980
lcl|CP069035.1_cds_QRD01955.1_11938	JI435_049310
lcl|CP069035.1_cds_QRD01956.1_11939	JI435_049320
lcl|CP069035.1_cds_QRD01957.1_11940	JI435_439990
lcl|CP069035.1_cds_QRD01958.1_11941	JI435_049340
lcl|CP069035.1_cds_QRD01959.1_11942	JI435_049350
lcl|CP069035.1_cds_QRD01960.1_11943	JI435_049360
lcl|CP069035.1_cds_QRD01961.1_11944	JI435_049370
lcl|CP069035.1_cds_QRD01962.1_11945	JI435_049380
lcl|CP069035.1_cds_QRD01963.1_11946	JI435_049390
lcl|CP069035.1_cds_QRD01964.1_11947	JI435_049400
lcl|CP069035.1_cds_QRD01965.1_11948	JI435_049410
lcl|CP069035.1_cds_QRD01966.1_11949	JI435_049420
lcl|CP069035.1_cds_QRD01967.1_11950	JI435_417390
lcl|CP069035.1_cds_QRD01968.1_11951	JI435_049430
lcl|CP069035.1_cds_QRD01969.1_11952	JI435_049440
lcl|CP069035.1_cds_QRD01970.1_11953	JI435_049450
lcl|CP069035.1_cds_QRD01971.1_11954	JI435_417400
lcl|CP069035.1_cds_QRD01972.1_11955	JI435_049460
lcl|CP069035.1_cds_QRD01973.1_11956	JI435_049470
lcl|CP069035.1_cds_QRD01974.1_11957	JI435_049480
lcl|CP069035.1_cds_QRD01975.1_11958	JI435_049490
lcl|CP069035.1_cds_QRD01976.1_11959	JI435_049510
lcl|CP069035.1_cds_QRD01977.1_11960	JI435_049520
lcl|CP069035.1_cds_QRD01978.1_11961	JI435_440000
lcl|CP069035.1_cds_QRD01979.1_11962	JI435_049530
lcl|CP069035.1_cds_QRD01980.1_11963	JI435_049540
lcl|CP069035.1_cds_QRD01981.1_11964	JI435_049550
lcl|CP069035.1_cds_QRD01982.1_11965	JI435_049560
lcl|CP069035.1_cds_QRD01983.1_11966	JI435_049590
lcl|CP069035.1_cds_QRD01984.1_11967	JI435_049600
lcl|CP069035.1_cds_QRD01985.1_11968	JI435_049610
lcl|CP069035.1_cds_QRD01986.1_11969	JI435_049620
lcl|CP069035.1_cds_QRD01987.1_11970	JI435_049630
lcl|CP069035.1_cds_QRD01988.1_11971	JI435_049640
lcl|CP069035.1_cds_QRD01989.1_11972	JI435_049650
lcl|CP069035.1_cds_QRD01990.1_11973	JI435_049660
lcl|CP069035.1_cds_QRD01991.1_11974	JI435_049670
lcl|CP069035.1_cds_QRD01992.1_11975	JI435_440030
lcl|CP069035.1_cds_QRD01993.1_11976	JI435_049700
lcl|CP069035.1_cds_QRD01994.1_11977	JI435_049710
lcl|CP069035.1_cds_QRD01995.1_11978	JI435_417410
lcl|CP069035.1_cds_QRD01996.1_11979	JI435_049720
lcl|CP069035.1_cds_QRD01997.1_11980	JI435_049730
lcl|CP069035.1_cds_QRD01998.1_11981	JI435_417420
lcl|CP069035.1_cds_QRD01999.1_11982	JI435_417430
lcl|CP069035.1_cds_QRD02000.1_11983	JI435_049750
lcl|CP069035.1_cds_QRD02001.1_11984	JI435_049760
lcl|CP069035.1_cds_QRD02002.1_11985	JI435_417440
lcl|CP069035.1_cds_QRD02003.1_11986	JI435_049770
lcl|CP069035.1_cds_QRD02004.1_11987	JI435_200500
lcl|CP069035.1_cds_QRD02005.1_11988	JI435_049780
lcl|CP069035.1_cds_QRD02006.1_11989	JI435_417450
lcl|CP069035.1_cds_QRD02007.1_11990	JI435_049790
lcl|CP069035.1_cds_QRD02008.1_11991	JI435_049800
lcl|CP069035.1_cds_QRD02009.1_11992	JI435_049810
lcl|CP069035.1_cds_QRD02010.1_11993	JI435_440050
lcl|CP069035.1_cds_QRD02011.1_11994	JI435_303460
lcl|CP069035.1_cds_QRD02012.1_11995	JI435_049840
lcl|CP069035.1_cds_QRD02013.1_11996	JI435_417460
lcl|CP069035.1_cds_QRD02014.1_11997	JI435_417470
lcl|CP069035.1_cds_QRD02015.1_11998	JI435_417480
lcl|CP069035.1_cds_QRD02016.1_11999	JI435_049860
lcl|CP069035.1_cds_QRD02017.1_12000	JI435_440060
lcl|CP069035.1_cds_QRD02018.1_12001	JI435_049870
lcl|CP069035.1_cds_QRD02019.1_12002	JI435_049880
lcl|CP069035.1_cds_QRD02020.1_12003	JI435_049900
lcl|CP069035.1_cds_QRD02021.1_12004	JI435_049910
lcl|CP069035.1_cds_QRD02022.1_12005	JI435_049930
lcl|CP069035.1_cds_QRD02023.1_12006	JI435_303470
lcl|CP069035.1_cds_QRD02024.1_12007	JI435_417490
lcl|CP069035.1_cds_QRD02025.1_12008	JI435_049960
lcl|CP069035.1_cds_QRD02026.1_12009	JI435_049970
lcl|CP069035.1_cds_QRD02027.1_12010	JI435_049980
lcl|CP069035.1_cds_QRD02028.1_12011	JI435_417500
lcl|CP069035.1_cds_QRD02029.1_12012	JI435_049990
lcl|CP069035.1_cds_QRD02030.1_12013	JI435_050000
lcl|CP069035.1_cds_QRD02031.1_12014	JI435_050010
lcl|CP069035.1_cds_QRD02032.1_12015	JI435_303480
lcl|CP069035.1_cds_QRD02033.1_12016	JI435_050020
lcl|CP069035.1_cds_QRD02034.1_12017	JI435_050030
lcl|CP069035.1_cds_QRD02035.1_12018	JI435_050040
lcl|CP069035.1_cds_QRD02036.1_12019	JI435_050050
lcl|CP069035.1_cds_QRD02037.1_12020	JI435_050060
lcl|CP069035.1_cds_QRD02038.1_12021	JI435_050070
lcl|CP069035.1_cds_QRD02039.1_12022	JI435_050080
lcl|CP069035.1_cds_QRD02040.1_12023	JI435_050090
lcl|CP069035.1_cds_QRD02041.1_12024	JI435_050100
lcl|CP069035.1_cds_QRD02042.1_12025	JI435_050120
lcl|CP069035.1_cds_QRD02043.1_12026	JI435_050130
lcl|CP069035.1_cds_QRD02044.1_12027	JI435_050150
lcl|CP069035.1_cds_QRD02045.1_12028	JI435_050170
lcl|CP069035.1_cds_QRD02046.1_12029	JI435_050180
lcl|CP069035.1_cds_QRD02047.1_12030	JI435_050190
lcl|CP069035.1_cds_QRD02048.1_12031	JI435_417510
lcl|CP069035.1_cds_QRD02049.1_12032	JI435_050200
lcl|CP069035.1_cds_QRD02050.1_12033	JI435_050220
lcl|CP069035.1_cds_QRD02051.1_12034	JI435_050230
lcl|CP069035.1_cds_QRD02052.1_12035	JI435_440110
lcl|CP069035.1_cds_QRD02053.1_12036	JI435_440140
lcl|CP069035.1_cds_QRD02054.1_12037	JI435_050270
lcl|CP069035.1_cds_QRD02055.1_12038	JI435_440150
lcl|CP069035.1_cds_QRD02056.1_12039	JI435_050300
lcl|CP069035.1_cds_QRD02057.1_12040	JI435_050320
lcl|CP069035.1_cds_QRD02058.1_12041	JI435_303490
lcl|CP069035.1_cds_QRD02059.1_12042	JI435_050340
lcl|CP069035.1_cds_QRD02060.1_12043	JI435_303500
lcl|CP069035.1_cds_QRD02061.1_12044	JI435_303510
lcl|CP069035.1_cds_QRD02062.1_12045	JI435_303520
lcl|CP069035.1_cds_QRD02063.1_12046	JI435_050370
lcl|CP069035.1_cds_QRD02064.1_12047	JI435_050380
lcl|CP069035.1_cds_QRD02065.1_12048	JI435_303530
lcl|CP069035.1_cds_QRD02066.1_12049	JI435_050390
lcl|CP069035.1_cds_QRD02067.1_12050	JI435_050400
lcl|CP069035.1_cds_QRD02068.1_12051	JI435_050410
lcl|CP069035.1_cds_QRD02069.1_12052	JI435_050420
lcl|CP069035.1_cds_QRD02070.1_12053	JI435_303540
lcl|CP069035.1_cds_QRD02071.1_12054	JI435_303550
lcl|CP069035.1_cds_QRD02072.1_12055	JI435_440190
lcl|CP069035.1_cds_QRD02073.1_12056	JI435_050430
lcl|CP069035.1_cds_QRD02074.1_12057	JI435_050440
lcl|CP069035.1_cds_QRD02075.1_12058	JI435_440210
lcl|CP069035.1_cds_QRD02076.1_12059	JI435_050450
lcl|CP069035.1_cds_QRD02077.1_12060	JI435_050460
lcl|CP069035.1_cds_QRD02078.1_12061	JI435_417520
lcl|CP069035.1_cds_QRD02079.1_12062	JI435_050470
lcl|CP069035.1_cds_QRD02080.1_12063	JI435_050480
lcl|CP069035.1_cds_QRD02081.1_12064	JI435_050490
lcl|CP069035.1_cds_QRD02082.1_12065	JI435_050500
lcl|CP069035.1_cds_QRD02083.1_12066	JI435_050510
lcl|CP069035.1_cds_QRD02084.1_12067	JI435_050520
lcl|CP069035.1_cds_QRD02085.1_12068	JI435_050530
lcl|CP069035.1_cds_QRD02086.1_12069	JI435_050550
lcl|CP069035.1_cds_QRD02087.1_12070	JI435_417530
lcl|CP069035.1_cds_QRD02088.1_12071	JI435_050560
lcl|CP069035.1_cds_QRD02089.1_12072	JI435_417540
lcl|CP069035.1_cds_QRD02090.1_12073	JI435_050570
lcl|CP069035.1_cds_QRD02091.1_12074	JI435_050590
lcl|CP069035.1_cds_QRD02092.1_12075	JI435_303560
lcl|CP069035.1_cds_QRD02093.1_12076	JI435_050620
lcl|CP069035.1_cds_QRD02094.1_12077	JI435_050630
lcl|CP069035.1_cds_QRD02095.1_12078	JI435_050640
lcl|CP069035.1_cds_QRD02096.1_12079	JI435_050670
lcl|CP069035.1_cds_QRD02097.1_12080	JI435_050700
lcl|CP069035.1_cds_QRD02098.1_12081	JI435_050720
lcl|CP069035.1_cds_QRD02099.1_12082	JI435_050730
lcl|CP069035.1_cds_QRD02100.1_12083	JI435_050740
lcl|CP069035.1_cds_QRD02101.1_12084	JI435_050750
lcl|CP069035.1_cds_QRD02102.1_12085	JI435_050760
lcl|CP069035.1_cds_QRD02103.1_12086	JI435_050770
lcl|CP069035.1_cds_QRD02104.1_12087	JI435_050780
lcl|CP069035.1_cds_QRD02105.1_12088	JI435_050790
lcl|CP069035.1_cds_QRD02106.1_12089	JI435_303570
lcl|CP069035.1_cds_QRD02107.1_12090	JI435_440340
lcl|CP069035.1_cds_QRD02108.1_12091	JI435_440350
lcl|CP069035.1_cds_QRD02109.1_12092	JI435_440360
lcl|CP069035.1_cds_QRD02110.1_12093	JI435_050860
lcl|CP069035.1_cds_QRD02111.1_12094	JI435_050870
lcl|CP069035.1_cds_QRD02112.1_12095	JI435_050880
lcl|CP069035.1_cds_QRD02113.1_12096	JI435_050900
lcl|CP069035.1_cds_QRD02114.1_12097	JI435_050920
lcl|CP069035.1_cds_QRD02115.1_12098	JI435_440370
lcl|CP069035.1_cds_QRD02116.1_12099	JI435_050940
lcl|CP069035.1_cds_QRD02117.1_12100	JI435_417550
lcl|CP069035.1_cds_QRD02118.1_12101	JI435_050950
lcl|CP069035.1_cds_QRD02119.1_12102	JI435_050970
lcl|CP069035.1_cds_QRD02120.1_12103	JI435_417560
lcl|CP069035.1_cds_QRD02121.1_12104	JI435_050980
lcl|CP069035.1_cds_QRD02122.1_12105	JI435_050990
lcl|CP069035.1_cds_QRD02123.1_12106	JI435_051020
lcl|CP069035.1_cds_QRD02124.1_12107	JI435_051030
lcl|CP069035.1_cds_QRD02125.1_12108	JI435_051040
lcl|CP069035.1_cds_QRD02126.1_12109	JI435_051050
lcl|CP069035.1_cds_QRD02127.1_12110	JI435_051060
lcl|CP069035.1_cds_QRD02128.1_12111	JI435_051080
lcl|CP069035.1_cds_QRD02129.1_12112	JI435_051090
lcl|CP069035.1_cds_QRD02130.1_12113	JI435_417570
lcl|CP069035.1_cds_QRD02131.1_12114	JI435_051100
lcl|CP069035.1_cds_QRD02132.1_12115	JI435_303580
lcl|CP069035.1_cds_QRD02133.1_12116	JI435_303590
lcl|CP069035.1_cds_QRD02134.1_12117	JI435_417580
lcl|CP069035.1_cds_QRD02135.1_12118	JI435_051120
lcl|CP069035.1_cds_QRD02136.1_12119	JI435_051130
lcl|CP069035.1_cds_QRD02137.1_12120	JI435_051140
lcl|CP069035.1_cds_QRD02138.1_12121	JI435_051150
lcl|CP069035.1_cds_QRD02139.1_12122	JI435_440400
lcl|CP069035.1_cds_QRD02140.1_12123	JI435_051180
lcl|CP069035.1_cds_QRD02141.1_12124	JI435_051190
lcl|CP069035.1_cds_QRD02142.1_12125	JI435_051200
lcl|CP069035.1_cds_QRD02143.1_12126	JI435_051210
lcl|CP069035.1_cds_QRD02144.1_12127	JI435_051220
lcl|CP069035.1_cds_QRD02145.1_12128	JI435_440410
lcl|CP069035.1_cds_QRD02146.1_12129	JI435_051240
lcl|CP069035.1_cds_QRD02147.1_12130	JI435_051260
lcl|CP069035.1_cds_QRD02148.1_12131	JI435_417590
lcl|CP069035.1_cds_QRD02149.1_12132	JI435_051270
lcl|CP069035.1_cds_QRD02150.1_12133	JI435_051280
lcl|CP069035.1_cds_QRD02151.1_12134	JI435_051290
lcl|CP069035.1_cds_QRD02152.1_12135	JI435_051300
lcl|CP069035.1_cds_QRD02153.1_12136	JI435_200520
lcl|CP069035.1_cds_QRD02154.1_12137	JI435_051310
lcl|CP069035.1_cds_QRD02155.1_12138	JI435_303600
lcl|CP069035.1_cds_QRD02156.1_12139	JI435_051350
lcl|CP069035.1_cds_QRD02157.1_12140	JI435_051360
lcl|CP069035.1_cds_QRD02158.1_12141	JI435_051380
lcl|CP069035.1_cds_QRD02159.1_12142	JI435_051390
lcl|CP069035.1_cds_QRD02160.1_12143	JI435_051400
lcl|CP069035.1_cds_QRD02161.1_12144	JI435_303610
lcl|CP069035.1_cds_QRD02162.1_12145	JI435_440430
lcl|CP069035.1_cds_QRD02163.1_12146	JI435_417600
lcl|CP069035.1_cds_QRD02164.1_12147	JI435_051410
lcl|CP069035.1_cds_QRD02165.1_12148	JI435_417610
lcl|CP069035.1_cds_QRD02166.1_12149	JI435_051420
lcl|CP069035.1_cds_QRD02167.1_12150	JI435_051430
lcl|CP069035.1_cds_QRD02168.1_12151	JI435_051440
lcl|CP069035.1_cds_QRD02169.1_12152	JI435_051450
lcl|CP069035.1_cds_QRD02170.1_12153	JI435_051460
lcl|CP069035.1_cds_QRD02171.1_12154	JI435_417620
lcl|CP069035.1_cds_QRD02172.1_12155	JI435_051470
lcl|CP069035.1_cds_QRD02173.1_12156	JI435_051480
lcl|CP069035.1_cds_QRD02174.1_12157	JI435_051490
lcl|CP069035.1_cds_QRD02175.1_12158	JI435_051500
lcl|CP069035.1_cds_QRD02176.1_12159	JI435_440440
lcl|CP069035.1_cds_QRD02177.1_12160	JI435_051520
lcl|CP069035.1_cds_QRD02178.1_12161	JI435_051530
lcl|CP069035.1_cds_QRD02179.1_12162	JI435_051540
lcl|CP069035.1_cds_QRD02180.1_12163	JI435_051550
lcl|CP069035.1_cds_QRD02181.1_12164	JI435_417630
lcl|CP069035.1_cds_QRD02182.1_12165	JI435_051570
lcl|CP069035.1_cds_QRD02183.1_12166	JI435_417640
lcl|CP069035.1_cds_QRD02184.1_12167	JI435_417650
lcl|CP069035.1_cds_QRD02185.1_12168	JI435_051580
lcl|CP069035.1_cds_QRD02186.1_12169	JI435_051590
lcl|CP069035.1_cds_QRD02187.1_12170	JI435_051600
lcl|CP069035.1_cds_QRD02188.1_12171	JI435_051610
lcl|CP069035.1_cds_QRD02189.1_12172	JI435_051620
lcl|CP069035.1_cds_QRD02190.1_12173	JI435_051630
lcl|CP069035.1_cds_QRD02191.1_12174	JI435_051640
lcl|CP069035.1_cds_QRD02192.1_12175	JI435_051650
lcl|CP069035.1_cds_QRD02193.1_12176	JI435_051660
lcl|CP069035.1_cds_QRD02194.1_12177	JI435_303620
lcl|CP069035.1_cds_QRD02195.1_12178	JI435_051670
lcl|CP069035.1_cds_QRD02196.1_12179	JI435_051680
lcl|CP069035.1_cds_QRD02197.1_12180	JI435_051690
lcl|CP069035.1_cds_QRD02198.1_12181	JI435_051700
lcl|CP069035.1_cds_QRD02199.1_12182	JI435_051710
lcl|CP069035.1_cds_QRD02200.1_12183	JI435_417660
lcl|CP069035.1_cds_QRD02201.1_12184	JI435_051720
lcl|CP069035.1_cds_QRD02202.1_12185	JI435_051740
lcl|CP069035.1_cds_QRD02203.1_12186	JI435_051750
lcl|CP069035.1_cds_QRD02204.1_12187	JI435_417670
lcl|CP069035.1_cds_QRD02205.1_12188	JI435_051760
lcl|CP069035.1_cds_QRD02206.1_12189	JI435_051770
lcl|CP069035.1_cds_QRD02207.1_12190	JI435_051780
lcl|CP069035.1_cds_QRD02208.1_12191	JI435_051790
lcl|CP069035.1_cds_QRD02209.1_12192	JI435_303630
lcl|CP069035.1_cds_QRD02210.1_12193	JI435_417680
lcl|CP069035.1_cds_QRD02211.1_12194	JI435_051800
lcl|CP069035.1_cds_QRD02212.1_12195	JI435_440480
lcl|CP069035.1_cds_QRD02213.1_12196	JI435_440490
lcl|CP069035.1_cds_QRD02214.1_12197	JI435_051850
lcl|CP069035.1_cds_QRD02215.1_12198	JI435_417690
lcl|CP069035.1_cds_QRD02216.1_12199	JI435_440510
lcl|CP069035.1_cds_QRD02217.1_12200	JI435_303640
lcl|CP069035.1_cds_QRD02218.1_12201	JI435_051880
lcl|CP069035.1_cds_QRD02219.1_12202	JI435_051890
lcl|CP069035.1_cds_QRD02220.1_12203	JI435_440540
lcl|CP069035.1_cds_QRD02221.1_12204	JI435_051910
lcl|CP069035.1_cds_QRD02222.1_12205	JI435_440550
lcl|CP069035.1_cds_QRD02223.1_12206	JI435_051940
lcl|CP069035.1_cds_QRD02224.1_12207	JI435_051950
lcl|CP069035.1_cds_QRD02225.1_12208	JI435_051960
lcl|CP069035.1_cds_QRD02226.1_12209	JI435_051970
lcl|CP069035.1_cds_QRD02227.1_12210	JI435_051980
lcl|CP069035.1_cds_QRD02228.1_12211	JI435_051990
lcl|CP069035.1_cds_QRD02229.1_12212	JI435_052000
lcl|CP069035.1_cds_QRD02230.1_12213	JI435_052010
lcl|CP069035.1_cds_QRD02231.1_12214	JI435_440570
lcl|CP069035.1_cds_QRD02232.1_12215	JI435_052030
lcl|CP069035.1_cds_QRD02233.1_12216	JI435_052040
lcl|CP069035.1_cds_QRD02234.1_12217	JI435_052050
lcl|CP069035.1_cds_QRD02235.1_12218	JI435_052060
lcl|CP069035.1_cds_QRD02236.1_12219	JI435_052070
lcl|CP069035.1_cds_QRD02237.1_12220	JI435_052080
lcl|CP069035.1_cds_QRD02238.1_12221	JI435_052090
lcl|CP069035.1_cds_QRD02239.1_12222	JI435_052100
lcl|CP069035.1_cds_QRD02240.1_12223	JI435_303650
lcl|CP069035.1_cds_QRD02241.1_12224	JI435_052120
lcl|CP069035.1_cds_QRD02242.1_12225	JI435_052130
lcl|CP069035.1_cds_QRD02243.1_12226	JI435_440580
lcl|CP069035.1_cds_QRD02244.1_12227	JI435_052140
lcl|CP069035.1_cds_QRD02245.1_12228	JI435_052150
lcl|CP069035.1_cds_QRD02246.1_12229	JI435_303660
lcl|CP069035.1_cds_QRD02247.1_12230	JI435_052170
lcl|CP069035.1_cds_QRD02248.1_12231	JI435_052180
lcl|CP069035.1_cds_QRD02249.1_12232	JI435_417700
lcl|CP069035.1_cds_QRD02250.1_12233	JI435_303670
lcl|CP069035.1_cds_QRD02251.1_12234	JI435_440610
lcl|CP069035.1_cds_QRD02252.1_12235	JI435_052200
lcl|CP069035.1_cds_QRD02253.1_12236	JI435_303680
lcl|CP069035.1_cds_QRD02254.1_12237	JI435_052230
lcl|CP069035.1_cds_QRD02255.1_12238	JI435_052250
lcl|CP069035.1_cds_QRD02256.1_12239	JI435_303690
lcl|CP069035.1_cds_QRD02257.1_12240	JI435_052300
lcl|CP069035.1_cds_QRD02258.1_12241	JI435_052310
lcl|CP069035.1_cds_QRD02259.1_12242	JI435_417710
lcl|CP069035.1_cds_QRD02260.1_12243	JI435_052320
lcl|CP069035.1_cds_QRD02261.1_12244	JI435_303700
lcl|CP069035.1_cds_QRD02262.1_12245	JI435_052340
lcl|CP069035.1_cds_QRD02263.1_12246	JI435_052360
lcl|CP069035.1_cds_QRD02264.1_12247	JI435_052370
lcl|CP069035.1_cds_QRD02265.1_12248	JI435_052390
lcl|CP069035.1_cds_QRD02266.1_12249	JI435_052400
lcl|CP069035.1_cds_QRD02267.1_12250	JI435_052410
lcl|CP069035.1_cds_QRD02268.1_12251	JI435_052420
lcl|CP069035.1_cds_QRD02269.1_12252	JI435_303720
lcl|CP069035.1_cds_QRD02270.1_12253	JI435_417720
lcl|CP069035.1_cds_QRD02271.1_12254	JI435_052440
lcl|CP069035.1_cds_QRD02272.1_12255	JI435_417730
lcl|CP069035.1_cds_QRD02273.1_12256	JI435_417740
lcl|CP069035.1_cds_QRD02274.1_12257	JI435_052450
lcl|CP069035.1_cds_QRD02275.1_12258	JI435_052460
lcl|CP069035.1_cds_QRD02276.1_12259	JI435_052470
lcl|CP069035.1_cds_QRD02277.1_12260	JI435_052480
lcl|CP069035.1_cds_QRD02278.1_12261	JI435_052490
lcl|CP069035.1_cds_QRD02279.1_12262	JI435_052500
lcl|CP069035.1_cds_QRD02280.1_12263	JI435_052510
lcl|CP069035.1_cds_QRD02281.1_12264	JI435_052520
lcl|CP069035.1_cds_QRD02282.1_12265	JI435_052530
lcl|CP069035.1_cds_QRD02283.1_12266	JI435_052540
lcl|CP069035.1_cds_QRD02284.1_12267	JI435_200550
lcl|CP069035.1_cds_QRD02285.1_12268	JI435_052560
lcl|CP069035.1_cds_QRD02286.1_12269	JI435_052590
lcl|CP069035.1_cds_QRD02287.1_12270	JI435_052600
lcl|CP069035.1_cds_QRD02288.1_12271	JI435_303730
lcl|CP069035.1_cds_QRD02289.1_12272	JI435_052610
lcl|CP069035.1_cds_QRD02290.1_12273	JI435_052640
lcl|CP069035.1_cds_QRD02291.1_12274	JI435_052650
lcl|CP069035.1_cds_QRD02292.1_12275	JI435_052680
lcl|CP069035.1_cds_QRD02293.1_12276	JI435_052690
lcl|CP069035.1_cds_QRD02294.1_12277	JI435_052700
lcl|CP069035.1_cds_QRD02295.1_12278	JI435_052710
lcl|CP069035.1_cds_QRD02296.1_12279	JI435_052720
lcl|CP069035.1_cds_QRD02297.1_12280	JI435_052730
lcl|CP069035.1_cds_QRD02298.1_12281	JI435_052740
lcl|CP069035.1_cds_QRD02299.1_12282	JI435_440660
lcl|CP069035.1_cds_QRD02300.1_12283	JI435_052750
lcl|CP069035.1_cds_QRD02301.1_12284	JI435_440670
lcl|CP069035.1_cds_QRD02302.1_12285	JI435_440690
lcl|CP069035.1_cds_QRD02303.1_12286	JI435_052780
lcl|CP069035.1_cds_QRD02304.1_12287	JI435_417750
lcl|CP069035.1_cds_QRD02305.1_12288	JI435_417760
lcl|CP069035.1_cds_QRD02306.1_12289	JI435_052790
lcl|CP069035.1_cds_QRD02307.1_12290	JI435_052800
lcl|CP069035.1_cds_QRD02308.1_12291	JI435_052820
lcl|CP069035.1_cds_QRD02309.1_12292	JI435_052840
lcl|CP069035.1_cds_QRD02310.1_12293	JI435_052850
lcl|CP069035.1_cds_QRD02311.1_12294	JI435_052860
lcl|CP069035.1_cds_QRD02312.1_12295	JI435_052870
lcl|CP069035.1_cds_QRD02313.1_12296	JI435_417770
lcl|CP069035.1_cds_QRD02314.1_12297	JI435_052880
lcl|CP069035.1_cds_QRD02315.1_12298	JI435_052890
lcl|CP069035.1_cds_QRD02316.1_12299	JI435_052900
lcl|CP069035.1_cds_QRD02318.1_12300	JI435_052910
lcl|CP069035.1_cds_QRD02317.1_12301	JI435_052910
lcl|CP069035.1_cds_QRD02319.1_12302	JI435_052930
lcl|CP069035.1_cds_QRD02320.1_12303	JI435_052940
lcl|CP069035.1_cds_QRD02321.1_12304	JI435_052950
lcl|CP069035.1_cds_QRD02322.1_12305	JI435_052960
lcl|CP069035.1_cds_QRD02323.1_12306	JI435_052970
lcl|CP069035.1_cds_QRD02324.1_12307	JI435_052980
lcl|CP069035.1_cds_QRD02325.1_12308	JI435_052990
lcl|CP069035.1_cds_QRD02326.1_12309	JI435_053000
lcl|CP069035.1_cds_QRD02327.1_12310	JI435_417780
lcl|CP069035.1_cds_QRD02328.1_12311	JI435_053010
lcl|CP069035.1_cds_QRD02329.1_12312	JI435_053020
lcl|CP069035.1_cds_QRD02330.1_12313	JI435_053030
lcl|CP069035.1_cds_QRD02331.1_12314	JI435_053040
lcl|CP069035.1_cds_QRD02332.1_12315	JI435_053050
lcl|CP069035.1_cds_QRD02333.1_12316	JI435_053060
lcl|CP069035.1_cds_QRD02334.1_12317	JI435_053070
lcl|CP069035.1_cds_QRD02335.1_12318	JI435_053080
lcl|CP069035.1_cds_QRD02336.1_12319	JI435_053090
lcl|CP069035.1_cds_QRD02337.1_12320	JI435_053100
lcl|CP069035.1_cds_QRD02338.1_12321	JI435_053110
lcl|CP069035.1_cds_QRD02339.1_12322	JI435_053120
lcl|CP069035.1_cds_QRD02340.1_12323	JI435_053140
lcl|CP069035.1_cds_QRD02341.1_12324	JI435_053150
lcl|CP069035.1_cds_QRD02342.1_12325	JI435_417790
lcl|CP069035.1_cds_QRD02343.1_12326	JI435_053160
lcl|CP069035.1_cds_QRD02344.1_12327	JI435_417800
lcl|CP069035.1_cds_QRD02345.1_12328	JI435_417810
lcl|CP069035.1_cds_QRD02346.1_12329	JI435_053180
lcl|CP069035.1_cds_QRD02347.1_12330	JI435_053200
lcl|CP069035.1_cds_QRD02348.1_12331	JI435_053210
lcl|CP069035.1_cds_QRD02349.1_12332	JI435_303740
lcl|CP069035.1_cds_QRD02350.1_12333	JI435_417820
lcl|CP069035.1_cds_QRD02351.1_12334	JI435_053230
lcl|CP069035.1_cds_QRD02352.1_12335	JI435_053240
lcl|CP069035.1_cds_QRD02353.1_12336	JI435_053260
lcl|CP069035.1_cds_QRD02354.1_12337	JI435_053270
lcl|CP069035.1_cds_QRD02355.1_12338	JI435_053290
lcl|CP069035.1_cds_QRD02356.1_12339	JI435_417830
lcl|CP069035.1_cds_QRD02357.1_12340	JI435_053300
lcl|CP069035.1_cds_QRD02358.1_12341	JI435_053310
lcl|CP069035.1_cds_QRD02359.1_12342	JI435_053320
lcl|CP069035.1_cds_QRD02360.1_12343	JI435_053330
lcl|CP069035.1_cds_QRD02361.1_12344	JI435_417840
lcl|CP069035.1_cds_QRD02362.1_12345	JI435_053340
lcl|CP069035.1_cds_QRD02363.1_12346	JI435_053350
lcl|CP069035.1_cds_QRD02364.1_12347	JI435_053360
lcl|CP069035.1_cds_QRD02365.1_12348	JI435_053370
lcl|CP069035.1_cds_QRD02366.1_12349	JI435_053380
lcl|CP069035.1_cds_QRD02367.1_12350	JI435_053390
lcl|CP069035.1_cds_QRD02368.1_12351	JI435_053400
lcl|CP069035.1_cds_QRD02369.1_12352	JI435_053420
lcl|CP069035.1_cds_QRD02370.1_12353	JI435_053430
lcl|CP069035.1_cds_QRD02371.1_12354	JI435_417850
lcl|CP069035.1_cds_QRD02372.1_12355	JI435_417860
lcl|CP069035.1_cds_QRD02373.1_12356	JI435_053450
lcl|CP069035.1_cds_QRD02374.1_12357	JI435_440750
lcl|CP069035.1_cds_QRD02375.1_12358	JI435_053470
lcl|CP069035.1_cds_QRD02376.1_12359	JI435_417870
lcl|CP069035.1_cds_QRD02377.1_12360	JI435_053480
lcl|CP069035.1_cds_QRD02379.1_12361	JI435_053490
lcl|CP069035.1_cds_QRD02378.1_12362	JI435_053490
lcl|CP069035.1_cds_QRD02380.1_12363	JI435_053500
lcl|CP069035.1_cds_QRD02381.1_12364	JI435_053510
lcl|CP069035.1_cds_QRD02382.1_12365	JI435_053520
lcl|CP069035.1_cds_QRD02383.1_12366	JI435_440770
lcl|CP069035.1_cds_QRD02384.1_12367	JI435_053530
lcl|CP069035.1_cds_QRD02385.1_12368	JI435_053540
lcl|CP069035.1_cds_QRD02386.1_12369	JI435_417880
lcl|CP069035.1_cds_QRD02387.1_12370	JI435_053550
lcl|CP069035.1_cds_QRD02388.1_12371	JI435_417890
lcl|CP069035.1_cds_QRD02389.1_12372	JI435_417900
lcl|CP069035.1_cds_QRD02390.1_12373	JI435_053560
lcl|CP069035.1_cds_QRD02391.1_12374	JI435_053570
lcl|CP069035.1_cds_QRD02392.1_12375	JI435_053580
lcl|CP069035.1_cds_QRD02393.1_12376	JI435_303760
lcl|CP069035.1_cds_QRD02394.1_12377	JI435_053590
lcl|CP069035.1_cds_QRD02395.1_12378	JI435_440790
lcl|CP069035.1_cds_QRD02396.1_12379	JI435_053600
lcl|CP069035.1_cds_QRD02397.1_12380	JI435_053610
lcl|CP069035.1_cds_QRD02398.1_12381	JI435_440800
lcl|CP069035.1_cds_QRD02399.1_12382	JI435_417910
lcl|CP069035.1_cds_QRD02400.1_12383	JI435_417920
lcl|CP069035.1_cds_QRD02401.1_12384	JI435_053620
lcl|CP069035.1_cds_QRD02402.1_12385	JI435_053630
lcl|CP069035.1_cds_QRD02403.1_12386	JI435_417930
lcl|CP069035.1_cds_QRD02404.1_12387	JI435_053640
lcl|CP069035.1_cds_QRD02405.1_12388	JI435_053650
lcl|CP069035.1_cds_QRD02406.1_12389	JI435_417940
lcl|CP069035.1_cds_QRD02407.1_12390	JI435_053660
lcl|CP069035.1_cds_QRD02408.1_12391	JI435_053690
lcl|CP069035.1_cds_QRD02409.1_12392	JI435_303770
lcl|CP069035.1_cds_QRD02410.1_12393	JI435_053700
lcl|CP069035.1_cds_QRD02411.1_12394	JI435_053710
lcl|CP069035.1_cds_QRD02412.1_12395	JI435_053720
lcl|CP069035.1_cds_QRD02413.1_12396	JI435_417950
lcl|CP069035.1_cds_QRD02414.1_12397	JI435_053730
lcl|CP069035.1_cds_QRD02415.1_12398	JI435_053740
lcl|CP069035.1_cds_QRD02416.1_12399	JI435_053760
lcl|CP069035.1_cds_QRD02417.1_12400	JI435_053780
lcl|CP069035.1_cds_QRD02418.1_12401	JI435_053790
lcl|CP069035.1_cds_QRD02419.1_12402	JI435_053800
lcl|CP069035.1_cds_QRD02420.1_12403	JI435_417960
lcl|CP069035.1_cds_QRD02421.1_12404	JI435_303780
lcl|CP069035.1_cds_QRD02422.1_12405	JI435_417970
lcl|CP069035.1_cds_QRD02423.1_12406	JI435_053810
lcl|CP069035.1_cds_QRD02424.1_12407	JI435_053820
lcl|CP069035.1_cds_QRD02425.1_12408	JI435_165900
lcl|CP069035.1_cds_QRD02426.1_12409	JI435_165910
lcl|CP069035.1_cds_QRD02427.1_12410	JI435_165920
lcl|CP069035.1_cds_QRD02428.1_12411	JI435_053830
lcl|CP069035.1_cds_QRD02429.1_12412	JI435_053850
lcl|CP069035.1_cds_QRD02430.1_12413	JI435_440840
lcl|CP069035.1_cds_QRD02431.1_12414	JI435_053860
lcl|CP069035.1_cds_QRD02432.1_12415	JI435_053870
lcl|CP069035.1_cds_QRD02433.1_12416	JI435_053880
lcl|CP069035.1_cds_QRD02434.1_12417	JI435_053900
lcl|CP069035.1_cds_QRD02435.1_12418	JI435_053910
lcl|CP069035.1_cds_QRD02436.1_12419	JI435_053920
lcl|CP069035.1_cds_QRD02437.1_12420	JI435_417980
lcl|CP069035.1_cds_QRD02438.1_12421	JI435_053940
lcl|CP069035.1_cds_QRD02439.1_12422	JI435_440860
lcl|CP069035.1_cds_QRD02440.1_12423	JI435_417990
lcl|CP069035.1_cds_QRD02441.1_12424	JI435_053950
lcl|CP069035.1_cds_QRD02442.1_12425	JI435_200570
lcl|CP069035.1_cds_QRD02443.1_12426	JI435_053960
lcl|CP069035.1_cds_QRD02444.1_12427	JI435_053970
lcl|CP069035.1_cds_QRD02445.1_12428	JI435_053980
lcl|CP069035.1_cds_QRD02446.1_12429	JI435_053990
lcl|CP069035.1_cds_QRD02447.1_12430	JI435_054000
lcl|CP069035.1_cds_QRD02448.1_12431	JI435_418000
lcl|CP069035.1_cds_QRD02449.1_12432	JI435_418000
lcl|CP069035.1_cds_QRD02450.1_12433	JI435_054010
lcl|CP069035.1_cds_QRD02451.1_12434	JI435_054020
lcl|CP069035.1_cds_QRD02452.1_12435	JI435_054030
lcl|CP069035.1_cds_QRD02453.1_12436	JI435_054040
lcl|CP069035.1_cds_QRD02454.1_12437	JI435_440870
lcl|CP069035.1_cds_QRD02455.1_12438	JI435_054070
lcl|CP069035.1_cds_QRD02456.1_12439	JI435_054080
lcl|CP069035.1_cds_QRD02457.1_12440	JI435_054090
lcl|CP069035.1_cds_QRD02458.1_12441	JI435_054100
lcl|CP069035.1_cds_QRD02459.1_12442	JI435_054110
lcl|CP069035.1_cds_QRD02460.1_12443	JI435_054120
lcl|CP069035.1_cds_QRD02461.1_12444	JI435_440880
lcl|CP069035.1_cds_QRD02462.1_12445	JI435_440890
lcl|CP069035.1_cds_QRD02463.1_12446	JI435_440900
lcl|CP069035.1_cds_QRD02464.1_12447	JI435_440910
lcl|CP069035.1_cds_QRD02465.1_12448	JI435_054190
lcl|CP069035.1_cds_QRD02466.1_12449	JI435_054200
lcl|CP069035.1_cds_QRD02467.1_12450	JI435_303790
lcl|CP069035.1_cds_QRD02468.1_12451	JI435_054220
lcl|CP069035.1_cds_QRD02469.1_12452	JI435_303800
lcl|CP069035.1_cds_QRD02470.1_12453	JI435_418010
lcl|CP069035.1_cds_QRD02471.1_12454	JI435_054240
lcl|CP069035.1_cds_QRD02472.1_12455	JI435_054250
lcl|CP069035.1_cds_QRD02473.1_12456	JI435_418020
lcl|CP069035.1_cds_QRD02474.1_12457	JI435_418030
lcl|CP069035.1_cds_QRD02475.1_12458	JI435_418040
lcl|CP069035.1_cds_QRD02476.1_12459	JI435_418050
lcl|CP069035.1_cds_QRD02477.1_12460	JI435_054280
lcl|CP069035.1_cds_QRD02478.1_12461	JI435_418060
lcl|CP069035.1_cds_QRD02479.1_12462	JI435_303820
lcl|CP069035.1_cds_QRD02480.1_12463	JI435_418070
lcl|CP069035.1_cds_QRD02481.1_12464	JI435_418080
lcl|CP069035.1_cds_QRD02482.1_12465	JI435_418090
lcl|CP069035.1_cds_QRD02483.1_12466	JI435_418100
lcl|CP069035.1_cds_QRD02484.1_12467	JI435_440920
lcl|CP069035.1_cds_QRD02485.1_12468	JI435_054300
lcl|CP069035.1_cds_QRD02486.1_12469	JI435_418110
lcl|CP069035.1_cds_QRD02487.1_12470	JI435_418120
lcl|CP069035.1_cds_QRD02488.1_12471	JI435_418130
lcl|CP069035.1_cds_QRD02489.1_12472	JI435_440930
lcl|CP069035.1_cds_QRD02490.1_12473	JI435_418140
lcl|CP069035.1_cds_QRD02491.1_12474	JI435_054320
lcl|CP069035.1_cds_QRD02492.1_12475	JI435_054330
lcl|CP069035.1_cds_QRD02493.1_12476	JI435_054340
lcl|CP069035.1_cds_QRD02494.1_12477	JI435_054360
lcl|CP069035.1_cds_QRD02495.1_12478	JI435_054370
lcl|CP069035.1_cds_QRD02496.1_12479	JI435_440940
lcl|CP069035.1_cds_QRD02497.1_12480	JI435_054390
lcl|CP069035.1_cds_QRD02498.1_12481	JI435_418150
lcl|CP069035.1_cds_QRD02499.1_12482	JI435_054400
lcl|CP069035.1_cds_QRD02500.1_12483	JI435_054410
lcl|CP069035.1_cds_QRD02501.1_12484	JI435_054420
lcl|CP069035.1_cds_QRD02502.1_12485	JI435_054430
lcl|CP069035.1_cds_QRD02503.1_12486	JI435_054440
lcl|CP069035.1_cds_QRD02504.1_12487	JI435_054450
lcl|CP069035.1_cds_QRD02505.1_12488	JI435_054460
lcl|CP069035.1_cds_QRD02506.1_12489	JI435_054470
lcl|CP069035.1_cds_QRD02507.1_12490	JI435_054480
lcl|CP069035.1_cds_QRD02508.1_12491	JI435_418160
lcl|CP069035.1_cds_QRD02509.1_12492	JI435_054490
lcl|CP069035.1_cds_QRD02510.1_12493	JI435_054510
lcl|CP069035.1_cds_QRD02511.1_12494	JI435_054520
lcl|CP069035.1_cds_QRD02512.1_12495	JI435_303830
lcl|CP069036.1_cds_QRD02513.1_12496	JI435_112710
lcl|CP069036.1_cds_QRD02514.1_12497	JI435_112720
lcl|CP069036.1_cds_QRD02515.1_12498	JI435_112740
lcl|CP069036.1_cds_QRD02516.1_12499	JI435_112750
lcl|CP069036.1_cds_QRD02517.1_12500	JI435_112760
lcl|CP069036.1_cds_QRD02518.1_12501	JI435_112770
lcl|CP069036.1_cds_QRD02519.1_12502	JI435_441030
lcl|CP069036.1_cds_QRD02520.1_12503	JI435_418170
lcl|CP069036.1_cds_QRD02521.1_12504	JI435_201170
lcl|CP069036.1_cds_QRD02522.1_12505	JI435_307620
lcl|CP069036.1_cds_QRD02523.1_12506	JI435_418180
lcl|CP069036.1_cds_QRD02524.1_12507	JI435_112790
lcl|CP069036.1_cds_QRD02525.1_12508	JI435_112800
lcl|CP069036.1_cds_QRD02526.1_12509	JI435_112810
lcl|CP069036.1_cds_QRD02527.1_12510	JI435_112820
lcl|CP069036.1_cds_QRD02528.1_12511	JI435_112830
lcl|CP069036.1_cds_QRD02529.1_12512	JI435_112840
lcl|CP069036.1_cds_QRD02530.1_12513	JI435_112850
lcl|CP069036.1_cds_QRD02531.1_12514	JI435_112860
lcl|CP069036.1_cds_QRD02532.1_12515	JI435_112870
lcl|CP069036.1_cds_QRD02533.1_12516	JI435_112880
lcl|CP069036.1_cds_QRD02534.1_12517	JI435_112890
lcl|CP069036.1_cds_QRD02535.1_12518	JI435_112900
lcl|CP069036.1_cds_QRD02536.1_12519	JI435_201180
lcl|CP069036.1_cds_QRD02537.1_12520	JI435_112910
lcl|CP069036.1_cds_QRD02538.1_12521	JI435_112920
lcl|CP069036.1_cds_QRD02539.1_12522	JI435_112930
lcl|CP069036.1_cds_QRD02540.1_12523	JI435_441040
lcl|CP069036.1_cds_QRD02541.1_12524	JI435_112950
lcl|CP069036.1_cds_QRD02542.1_12525	JI435_112960
lcl|CP069036.1_cds_QRD02543.1_12526	JI435_112980
lcl|CP069036.1_cds_QRD02544.1_12527	JI435_112990
lcl|CP069036.1_cds_QRD02545.1_12528	JI435_113000
lcl|CP069036.1_cds_QRD02546.1_12529	JI435_113010
lcl|CP069036.1_cds_QRD02547.1_12530	JI435_441060
lcl|CP069036.1_cds_QRD02548.1_12531	JI435_113030
lcl|CP069036.1_cds_QRD02549.1_12532	JI435_418190
lcl|CP069036.1_cds_QRD02550.1_12533	JI435_113040
lcl|CP069036.1_cds_QRD02552.1_12534	JI435_113060
lcl|CP069036.1_cds_QRD02551.1_12535	JI435_113060
lcl|CP069036.1_cds_QRD02553.1_12536	JI435_113070
lcl|CP069036.1_cds_QRD02554.1_12537	JI435_113090
lcl|CP069036.1_cds_QRD02555.1_12538	JI435_113100
lcl|CP069036.1_cds_QRD02556.1_12539	JI435_418200
lcl|CP069036.1_cds_QRD02557.1_12540	JI435_113110
lcl|CP069036.1_cds_QRD02558.1_12541	JI435_113120
lcl|CP069036.1_cds_QRD02559.1_12542	JI435_113140
lcl|CP069036.1_cds_QRD02560.1_12543	JI435_113150
lcl|CP069036.1_cds_QRD02561.1_12544	JI435_113160
lcl|CP069036.1_cds_QRD02562.1_12545	JI435_113170
lcl|CP069036.1_cds_QRD02563.1_12546	JI435_113180
lcl|CP069036.1_cds_QRD02564.1_12547	JI435_113190
lcl|CP069036.1_cds_QRD02565.1_12548	JI435_113200
lcl|CP069036.1_cds_QRD02566.1_12549	JI435_113210
lcl|CP069036.1_cds_QRD02567.1_12550	JI435_113220
lcl|CP069036.1_cds_QRD02568.1_12551	JI435_113230
lcl|CP069036.1_cds_QRD02569.1_12552	JI435_113250
lcl|CP069036.1_cds_QRD02570.1_12553	JI435_113260
lcl|CP069036.1_cds_QRD02571.1_12554	JI435_113280
lcl|CP069036.1_cds_QRD02572.1_12555	JI435_113290
lcl|CP069036.1_cds_QRD02573.1_12556	JI435_113300
lcl|CP069036.1_cds_QRD02574.1_12557	JI435_113310
lcl|CP069036.1_cds_QRD02575.1_12558	JI435_113320
lcl|CP069036.1_cds_QRD02576.1_12559	JI435_113330
lcl|CP069036.1_cds_QRD02577.1_12560	JI435_113340
lcl|CP069036.1_cds_QRD02578.1_12561	JI435_113350
lcl|CP069036.1_cds_QRD02579.1_12562	JI435_113360
lcl|CP069036.1_cds_QRD02580.1_12563	JI435_113370
lcl|CP069036.1_cds_QRD02581.1_12564	JI435_113380
lcl|CP069036.1_cds_QRD02582.1_12565	JI435_307630
lcl|CP069036.1_cds_QRD02583.1_12566	JI435_113410
lcl|CP069036.1_cds_QRD02584.1_12567	JI435_113420
lcl|CP069036.1_cds_QRD02585.1_12568	JI435_113430
lcl|CP069036.1_cds_QRD02586.1_12569	JI435_418210
lcl|CP069036.1_cds_QRD02587.1_12570	JI435_113440
lcl|CP069036.1_cds_QRD02588.1_12571	JI435_113460
lcl|CP069036.1_cds_QRD02589.1_12572	JI435_113470
lcl|CP069036.1_cds_QRD02590.1_12573	JI435_113480
lcl|CP069036.1_cds_QRD02591.1_12574	JI435_418220
lcl|CP069036.1_cds_QRD02592.1_12575	JI435_418230
lcl|CP069036.1_cds_QRD02593.1_12576	JI435_113490
lcl|CP069036.1_cds_QRD02594.1_12577	JI435_113500
lcl|CP069036.1_cds_QRD02595.1_12578	JI435_113510
lcl|CP069036.1_cds_QRD02596.1_12579	JI435_418240
lcl|CP069036.1_cds_QRD02597.1_12580	JI435_113530
lcl|CP069036.1_cds_QRD02598.1_12581	JI435_113540
lcl|CP069036.1_cds_QRD02599.1_12582	JI435_113550
lcl|CP069036.1_cds_QRD02600.1_12583	JI435_113560
lcl|CP069036.1_cds_QRD02601.1_12584	JI435_113570
lcl|CP069036.1_cds_QRD02602.1_12585	JI435_113580
lcl|CP069036.1_cds_QRD02604.1_12586	JI435_113590
lcl|CP069036.1_cds_QRD02603.1_12587	JI435_113590
lcl|CP069036.1_cds_QRD02605.1_12588	JI435_113600
lcl|CP069036.1_cds_QRD02606.1_12589	JI435_441090
lcl|CP069036.1_cds_QRD02607.1_12590	JI435_113620
lcl|CP069036.1_cds_QRD02608.1_12591	JI435_113630
lcl|CP069036.1_cds_QRD02609.1_12592	JI435_441100
lcl|CP069036.1_cds_QRD02610.1_12593	JI435_441110
lcl|CP069036.1_cds_QRD02611.1_12594	JI435_113640
lcl|CP069036.1_cds_QRD02612.1_12595	JI435_113650
lcl|CP069036.1_cds_QRD02613.1_12596	JI435_113660
lcl|CP069036.1_cds_QRD02614.1_12597	JI435_418250
lcl|CP069036.1_cds_QRD02615.1_12598	JI435_307640
lcl|CP069036.1_cds_QRD02616.1_12599	JI435_113670
lcl|CP069036.1_cds_QRD02617.1_12600	JI435_113680
lcl|CP069036.1_cds_QRD02618.1_12601	JI435_418260
lcl|CP069036.1_cds_QRD02619.1_12602	JI435_113690
lcl|CP069036.1_cds_QRD02620.1_12603	JI435_307650
lcl|CP069036.1_cds_QRD02621.1_12604	JI435_441120
lcl|CP069036.1_cds_QRD02622.1_12605	JI435_113720
lcl|CP069036.1_cds_QRD02623.1_12606	JI435_113740
lcl|CP069036.1_cds_QRD02624.1_12607	JI435_418270
lcl|CP069036.1_cds_QRD02625.1_12608	JI435_418280
lcl|CP069036.1_cds_QRD02626.1_12609	JI435_113750
lcl|CP069036.1_cds_QRD02627.1_12610	JI435_113760
lcl|CP069036.1_cds_QRD02628.1_12611	JI435_113770
lcl|CP069036.1_cds_QRD02629.1_12612	JI435_113780
lcl|CP069036.1_cds_QRD02630.1_12613	JI435_113800
lcl|CP069036.1_cds_QRD02631.1_12614	JI435_113810
lcl|CP069036.1_cds_QRD02632.1_12615	JI435_307660
lcl|CP069036.1_cds_QRD02633.1_12616	JI435_113820
lcl|CP069036.1_cds_QRD02634.1_12617	JI435_113830
lcl|CP069036.1_cds_QRD02635.1_12618	JI435_113840
lcl|CP069036.1_cds_QRD02636.1_12619	JI435_113850
lcl|CP069036.1_cds_QRD02637.1_12620	JI435_113860
lcl|CP069036.1_cds_QRD02638.1_12621	JI435_113870
lcl|CP069036.1_cds_QRD02639.1_12622	JI435_418290
lcl|CP069036.1_cds_QRD02640.1_12623	JI435_113880
lcl|CP069036.1_cds_QRD02641.1_12624	JI435_418300
lcl|CP069036.1_cds_QRD02642.1_12625	JI435_418310
lcl|CP069036.1_cds_QRD02643.1_12626	JI435_418320
lcl|CP069036.1_cds_QRD02644.1_12627	JI435_113890
lcl|CP069036.1_cds_QRD02645.1_12628	JI435_418330
lcl|CP069036.1_cds_QRD02646.1_12629	JI435_418340
lcl|CP069036.1_cds_QRD02647.1_12630	JI435_113900
lcl|CP069036.1_cds_QRD02648.1_12631	JI435_418350
lcl|CP069036.1_cds_QRD02649.1_12632	JI435_113920
lcl|CP069036.1_cds_QRD02650.1_12633	JI435_307670
lcl|CP069036.1_cds_QRD02651.1_12634	JI435_113930
lcl|CP069036.1_cds_QRD02652.1_12635	JI435_113940
lcl|CP069036.1_cds_QRD02653.1_12636	JI435_113950
lcl|CP069036.1_cds_QRD02654.1_12637	JI435_113960
lcl|CP069036.1_cds_QRD02655.1_12638	JI435_113970
lcl|CP069036.1_cds_QRD02656.1_12639	JI435_113990
lcl|CP069036.1_cds_QRD02657.1_12640	JI435_441140
lcl|CP069036.1_cds_QRD02658.1_12641	JI435_114010
lcl|CP069036.1_cds_QRD02659.1_12642	JI435_418360
lcl|CP069036.1_cds_QRD02660.1_12643	JI435_418370
lcl|CP069036.1_cds_QRD02661.1_12644	JI435_114020
lcl|CP069036.1_cds_QRD02662.1_12645	JI435_114030
lcl|CP069036.1_cds_QRD02663.1_12646	JI435_418380
lcl|CP069036.1_cds_QRD02664.1_12647	JI435_114040
lcl|CP069036.1_cds_QRD02665.1_12648	JI435_114050
lcl|CP069036.1_cds_QRD02666.1_12649	JI435_418390
lcl|CP069036.1_cds_QRD02667.1_12650	JI435_114060
lcl|CP069036.1_cds_QRD02668.1_12651	JI435_418400
lcl|CP069036.1_cds_QRD02669.1_12652	JI435_114070
lcl|CP069036.1_cds_QRD02670.1_12653	JI435_418410
lcl|CP069036.1_cds_QRD02671.1_12654	JI435_114080
lcl|CP069036.1_cds_QRD02672.1_12655	JI435_114090
lcl|CP069036.1_cds_QRD02673.1_12656	JI435_114100
lcl|CP069036.1_cds_QRD02674.1_12657	JI435_114110
lcl|CP069036.1_cds_QRD02675.1_12658	JI435_114120
lcl|CP069036.1_cds_QRD02676.1_12659	JI435_418420
lcl|CP069036.1_cds_QRD02677.1_12660	JI435_418430
lcl|CP069036.1_cds_QRD02678.1_12661	JI435_114130
lcl|CP069036.1_cds_QRD02679.1_12662	JI435_114150
lcl|CP069036.1_cds_QRD02680.1_12663	JI435_114160
lcl|CP069036.1_cds_QRD02681.1_12664	JI435_114170
lcl|CP069036.1_cds_QRD02682.1_12665	JI435_114180
lcl|CP069036.1_cds_QRD02683.1_12666	JI435_114190
lcl|CP069036.1_cds_QRD02684.1_12667	JI435_114200
lcl|CP069036.1_cds_QRD02685.1_12668	JI435_114210
lcl|CP069036.1_cds_QRD02686.1_12669	JI435_114220
lcl|CP069036.1_cds_QRD02687.1_12670	JI435_114240
lcl|CP069036.1_cds_QRD02688.1_12671	JI435_114260
lcl|CP069036.1_cds_QRD02689.1_12672	JI435_114270
lcl|CP069036.1_cds_QRD02690.1_12673	JI435_418440
lcl|CP069036.1_cds_QRD02691.1_12674	JI435_441150
lcl|CP069036.1_cds_QRD02692.1_12675	JI435_114290
lcl|CP069036.1_cds_QRD02693.1_12676	JI435_114300
lcl|CP069036.1_cds_QRD02694.1_12677	JI435_114310
lcl|CP069036.1_cds_QRD02695.1_12678	JI435_114320
lcl|CP069036.1_cds_QRD02696.1_12679	JI435_418450
lcl|CP069036.1_cds_QRD02697.1_12680	JI435_114340
lcl|CP069036.1_cds_QRD02698.1_12681	JI435_418460
lcl|CP069036.1_cds_QRD02699.1_12682	JI435_114350
lcl|CP069036.1_cds_QRD02700.1_12683	JI435_114360
lcl|CP069036.1_cds_QRD02701.1_12684	JI435_114370
lcl|CP069036.1_cds_QRD02702.1_12685	JI435_114380
lcl|CP069036.1_cds_QRD02703.1_12686	JI435_114390
lcl|CP069036.1_cds_QRD02704.1_12687	JI435_114400
lcl|CP069036.1_cds_QRD02705.1_12688	JI435_114410
lcl|CP069036.1_cds_QRD02706.1_12689	JI435_418470
lcl|CP069036.1_cds_QRD02707.1_12690	JI435_114420
lcl|CP069036.1_cds_QRD02708.1_12691	JI435_114430
lcl|CP069036.1_cds_QRD02709.1_12692	JI435_114440
lcl|CP069036.1_cds_QRD02710.1_12693	JI435_114450
lcl|CP069036.1_cds_QRD02711.1_12694	JI435_114460
lcl|CP069036.1_cds_QRD02712.1_12695	JI435_418480
lcl|CP069036.1_cds_QRD02713.1_12696	JI435_114480
lcl|CP069036.1_cds_QRD02714.1_12697	JI435_114490
lcl|CP069036.1_cds_QRD02715.1_12698	JI435_114500
lcl|CP069036.1_cds_QRD02716.1_12699	JI435_114520
lcl|CP069036.1_cds_QRD02717.1_12700	JI435_114530
lcl|CP069036.1_cds_QRD02718.1_12701	JI435_418490
lcl|CP069036.1_cds_QRD02719.1_12702	JI435_114540
lcl|CP069036.1_cds_QRD02720.1_12703	JI435_114550
lcl|CP069036.1_cds_QRD02721.1_12704	JI435_114560
lcl|CP069036.1_cds_QRD02722.1_12705	JI435_114570
lcl|CP069036.1_cds_QRD02723.1_12706	JI435_114580
lcl|CP069036.1_cds_QRD02724.1_12707	JI435_441160
lcl|CP069036.1_cds_QRD02725.1_12708	JI435_114600
lcl|CP069036.1_cds_QRD02726.1_12709	JI435_418500
lcl|CP069036.1_cds_QRD02727.1_12710	JI435_114620
lcl|CP069036.1_cds_QRD02728.1_12711	JI435_418510
lcl|CP069036.1_cds_QRD02729.1_12712	JI435_114630
lcl|CP069036.1_cds_QRD02730.1_12713	JI435_418520
lcl|CP069036.1_cds_QRD02731.1_12714	JI435_114640
lcl|CP069036.1_cds_QRD02732.1_12715	JI435_114660
lcl|CP069036.1_cds_QRD02733.1_12716	JI435_418530
lcl|CP069036.1_cds_QRD02734.1_12717	JI435_114670
lcl|CP069036.1_cds_QRD02735.1_12718	JI435_418540
lcl|CP069036.1_cds_QRD02736.1_12719	JI435_114690
lcl|CP069036.1_cds_QRD02737.1_12720	JI435_114700
lcl|CP069036.1_cds_QRD02738.1_12721	JI435_114720
lcl|CP069036.1_cds_QRD02739.1_12722	JI435_307680
lcl|CP069036.1_cds_QRD02740.1_12723	JI435_114730
lcl|CP069036.1_cds_QRD02741.1_12724	JI435_114740
lcl|CP069036.1_cds_QRD02742.1_12725	JI435_114760
lcl|CP069036.1_cds_QRD02743.1_12726	JI435_441210
lcl|CP069036.1_cds_QRD02744.1_12727	JI435_114780
lcl|CP069036.1_cds_QRD02745.1_12728	JI435_418550
lcl|CP069036.1_cds_QRD02746.1_12729	JI435_114790
lcl|CP069036.1_cds_QRD02747.1_12730	JI435_114800
lcl|CP069036.1_cds_QRD02748.1_12731	JI435_114810
lcl|CP069036.1_cds_QRD02749.1_12732	JI435_307690
lcl|CP069036.1_cds_QRD02750.1_12733	JI435_114820
lcl|CP069036.1_cds_QRD02751.1_12734	JI435_114830
lcl|CP069036.1_cds_QRD02752.1_12735	JI435_114840
lcl|CP069036.1_cds_QRD02753.1_12736	JI435_114850
lcl|CP069036.1_cds_QRD02754.1_12737	JI435_114860
lcl|CP069036.1_cds_QRD02755.1_12738	JI435_114870
lcl|CP069036.1_cds_QRD02756.1_12739	JI435_114880
lcl|CP069036.1_cds_QRD02757.1_12740	JI435_114900
lcl|CP069036.1_cds_QRD02758.1_12741	JI435_114910
lcl|CP069036.1_cds_QRD02759.1_12742	JI435_114920
lcl|CP069036.1_cds_QRD02760.1_12743	JI435_114930
lcl|CP069036.1_cds_QRD02761.1_12744	JI435_114970
lcl|CP069036.1_cds_QRD02762.1_12745	JI435_418560
lcl|CP069036.1_cds_QRD02763.1_12746	JI435_114990
lcl|CP069036.1_cds_QRD02764.1_12747	JI435_441230
lcl|CP069036.1_cds_QRD02765.1_12748	JI435_418570
lcl|CP069036.1_cds_QRD02766.1_12749	JI435_115010
lcl|CP069036.1_cds_QRD02767.1_12750	JI435_418580
lcl|CP069036.1_cds_QRD02768.1_12751	JI435_418590
lcl|CP069036.1_cds_QRD02769.1_12752	JI435_418600
lcl|CP069036.1_cds_QRD02770.1_12753	JI435_418610
lcl|CP069036.1_cds_QRD02771.1_12754	JI435_418620
lcl|CP069036.1_cds_QRD02772.1_12755	JI435_418630
lcl|CP069036.1_cds_QRD02773.1_12756	JI435_418640
lcl|CP069036.1_cds_QRD02774.1_12757	JI435_115030
lcl|CP069036.1_cds_QRD02775.1_12758	JI435_115040
lcl|CP069036.1_cds_QRD02776.1_12759	JI435_201220
lcl|CP069036.1_cds_QRD02777.1_12760	JI435_115060
lcl|CP069036.1_cds_QRD02778.1_12761	JI435_441240
lcl|CP069036.1_cds_QRD02779.1_12762	JI435_115070
lcl|CP069036.1_cds_QRD02780.1_12763	JI435_115080
lcl|CP069036.1_cds_QRD02781.1_12764	JI435_115090
lcl|CP069036.1_cds_QRD02782.1_12765	JI435_115100
lcl|CP069036.1_cds_QRD02783.1_12766	JI435_115110
lcl|CP069036.1_cds_QRD02784.1_12767	JI435_418650
lcl|CP069036.1_cds_QRD02785.1_12768	JI435_115120
lcl|CP069036.1_cds_QRD02786.1_12769	JI435_115150
lcl|CP069036.1_cds_QRD02787.1_12770	JI435_418660
lcl|CP069036.1_cds_QRD02788.1_12771	JI435_115170
lcl|CP069036.1_cds_QRD02789.1_12772	JI435_418670
lcl|CP069036.1_cds_QRD02790.1_12773	JI435_115180
lcl|CP069036.1_cds_QRD02791.1_12774	JI435_115190
lcl|CP069036.1_cds_QRD02792.1_12775	JI435_115200
lcl|CP069036.1_cds_QRD02793.1_12776	JI435_418680
lcl|CP069036.1_cds_QRD02794.1_12777	JI435_115220
lcl|CP069036.1_cds_QRD02795.1_12778	JI435_115230
lcl|CP069036.1_cds_QRD02796.1_12779	JI435_115250
lcl|CP069036.1_cds_QRD02797.1_12780	JI435_115260
lcl|CP069036.1_cds_QRD02798.1_12781	JI435_115270
lcl|CP069036.1_cds_QRD02799.1_12782	JI435_115280
lcl|CP069036.1_cds_QRD02800.1_12783	JI435_115290
lcl|CP069036.1_cds_QRD02801.1_12784	JI435_115300
lcl|CP069036.1_cds_QRD02802.1_12785	JI435_115310
lcl|CP069036.1_cds_QRD02803.1_12786	JI435_418690
lcl|CP069036.1_cds_QRD02804.1_12787	JI435_115320
lcl|CP069036.1_cds_QRD02805.1_12788	JI435_115330
lcl|CP069036.1_cds_QRD02806.1_12789	JI435_115350
lcl|CP069036.1_cds_QRD02807.1_12790	JI435_115360
lcl|CP069036.1_cds_QRD02808.1_12791	JI435_115370
lcl|CP069036.1_cds_QRD02809.1_12792	JI435_115380
lcl|CP069036.1_cds_QRD02810.1_12793	JI435_418700
lcl|CP069036.1_cds_QRD02811.1_12794	JI435_115390
lcl|CP069036.1_cds_QRD02812.1_12795	JI435_115400
lcl|CP069036.1_cds_QRD02813.1_12796	JI435_418710
lcl|CP069036.1_cds_QRD02814.1_12797	JI435_115410
lcl|CP069036.1_cds_QRD02815.1_12798	JI435_115420
lcl|CP069036.1_cds_QRD02816.1_12799	JI435_115430
lcl|CP069036.1_cds_QRD02817.1_12800	JI435_418720
lcl|CP069036.1_cds_QRD02818.1_12801	JI435_115450
lcl|CP069036.1_cds_QRD02819.1_12802	JI435_115450
lcl|CP069036.1_cds_QRD02820.1_12803	JI435_115460
lcl|CP069036.1_cds_QRD02821.1_12804	JI435_115470
lcl|CP069036.1_cds_QRD02822.1_12805	JI435_115480
lcl|CP069036.1_cds_QRD02823.1_12806	JI435_115490
lcl|CP069036.1_cds_QRD02824.1_12807	JI435_115500
lcl|CP069036.1_cds_QRD02825.1_12808	JI435_115510
lcl|CP069036.1_cds_QRD02826.1_12809	JI435_115520
lcl|CP069036.1_cds_QRD02827.1_12810	JI435_115530
lcl|CP069036.1_cds_QRD02828.1_12811	JI435_115540
lcl|CP069036.1_cds_QRD02829.1_12812	JI435_115550
lcl|CP069036.1_cds_QRD02830.1_12813	JI435_418730
lcl|CP069036.1_cds_QRD02831.1_12814	JI435_115560
lcl|CP069036.1_cds_QRD02832.1_12815	JI435_115570
lcl|CP069036.1_cds_QRD02833.1_12816	JI435_115580
lcl|CP069036.1_cds_QRD02834.1_12817	JI435_115590
lcl|CP069036.1_cds_QRD02835.1_12818	JI435_115610
lcl|CP069036.1_cds_QRD02836.1_12819	JI435_418740
lcl|CP069036.1_cds_QRD02837.1_12820	JI435_418750
lcl|CP069036.1_cds_QRD02838.1_12821	JI435_115620
lcl|CP069036.1_cds_QRD02839.1_12822	JI435_115630
lcl|CP069036.1_cds_QRD02840.1_12823	JI435_115640
lcl|CP069036.1_cds_QRD02841.1_12824	JI435_115650
lcl|CP069036.1_cds_QRD02842.1_12825	JI435_115660
lcl|CP069036.1_cds_QRD02843.1_12826	JI435_441290
lcl|CP069036.1_cds_QRD02844.1_12827	JI435_115670
lcl|CP069036.1_cds_QRD02845.1_12828	JI435_115680
lcl|CP069036.1_cds_QRD02846.1_12829	JI435_115690
lcl|CP069036.1_cds_QRD02847.1_12830	JI435_115700
lcl|CP069036.1_cds_QRD02848.1_12831	JI435_115710
lcl|CP069036.1_cds_QRD02849.1_12832	JI435_115720
lcl|CP069036.1_cds_QRD02850.1_12833	JI435_115730
lcl|CP069036.1_cds_QRD02851.1_12834	JI435_115740
lcl|CP069036.1_cds_QRD02852.1_12835	JI435_115750
lcl|CP069036.1_cds_QRD02853.1_12836	JI435_115760
lcl|CP069036.1_cds_QRD02854.1_12837	JI435_115770
lcl|CP069036.1_cds_QRD02855.1_12838	JI435_115780
lcl|CP069036.1_cds_QRD02856.1_12839	JI435_115790
lcl|CP069036.1_cds_QRD02857.1_12840	JI435_115800
lcl|CP069036.1_cds_QRD02858.1_12841	JI435_115810
lcl|CP069036.1_cds_QRD02859.1_12842	JI435_115820
lcl|CP069036.1_cds_QRD02860.1_12843	JI435_115830
lcl|CP069036.1_cds_QRD02861.1_12844	JI435_115840
lcl|CP069036.1_cds_QRD02862.1_12845	JI435_115850
lcl|CP069036.1_cds_QRD02863.1_12846	JI435_115860
lcl|CP069036.1_cds_QRD02864.1_12847	JI435_418760
lcl|CP069036.1_cds_QRD02865.1_12848	JI435_115870
lcl|CP069036.1_cds_QRD02866.1_12849	JI435_418770
lcl|CP069036.1_cds_QRD02867.1_12850	JI435_307710
lcl|CP069036.1_cds_QRD02868.1_12851	JI435_115910
lcl|CP069036.1_cds_QRD02869.1_12852	JI435_307720
lcl|CP069036.1_cds_QRD02870.1_12853	JI435_115960
lcl|CP069036.1_cds_QRD02871.1_12854	JI435_115970
lcl|CP069036.1_cds_QRD02872.1_12855	JI435_115980
lcl|CP069036.1_cds_QRD02874.1_12856	JI435_115990
lcl|CP069036.1_cds_QRD02873.1_12857	JI435_115990
lcl|CP069036.1_cds_QRD02875.1_12858	JI435_116010
lcl|CP069036.1_cds_QRD02876.1_12859	JI435_116020
lcl|CP069036.1_cds_QRD02877.1_12860	JI435_116030
lcl|CP069036.1_cds_QRD02878.1_12861	JI435_116040
lcl|CP069036.1_cds_QRD02879.1_12862	JI435_441320
lcl|CP069036.1_cds_QRD02880.1_12863	JI435_116070
lcl|CP069036.1_cds_QRD02881.1_12864	JI435_418780
lcl|CP069036.1_cds_QRD02882.1_12865	JI435_116080
lcl|CP069036.1_cds_QRD02883.1_12866	JI435_307730
lcl|CP069036.1_cds_QRD02884.1_12867	JI435_116110
lcl|CP069036.1_cds_QRD02885.1_12868	JI435_116120
lcl|CP069036.1_cds_QRD02886.1_12869	JI435_441330
lcl|CP069036.1_cds_QRD02887.1_12870	JI435_116140
lcl|CP069036.1_cds_QRD02888.1_12871	JI435_116150
lcl|CP069036.1_cds_QRD02889.1_12872	JI435_116160
lcl|CP069036.1_cds_QRD02890.1_12873	JI435_418790
lcl|CP069036.1_cds_QRD02891.1_12874	JI435_116170
lcl|CP069036.1_cds_QRD02892.1_12875	JI435_116180
lcl|CP069036.1_cds_QRD02893.1_12876	JI435_116190
lcl|CP069036.1_cds_QRD02894.1_12877	JI435_116200
lcl|CP069036.1_cds_QRD02895.1_12878	JI435_116210
lcl|CP069036.1_cds_QRD02896.1_12879	JI435_418800
lcl|CP069036.1_cds_QRD02897.1_12880	JI435_418810
lcl|CP069036.1_cds_QRD02898.1_12881	JI435_116220
lcl|CP069036.1_cds_QRD02899.1_12882	JI435_116230
lcl|CP069036.1_cds_QRD02900.1_12883	JI435_116240
lcl|CP069036.1_cds_QRD02901.1_12884	JI435_116250
lcl|CP069036.1_cds_QRD02902.1_12885	JI435_116260
lcl|CP069036.1_cds_QRD02903.1_12886	JI435_116270
lcl|CP069036.1_cds_QRD02904.1_12887	JI435_116280
lcl|CP069036.1_cds_QRD02905.1_12888	JI435_116290
lcl|CP069036.1_cds_QRD02906.1_12889	JI435_116310
lcl|CP069036.1_cds_QRD02907.1_12890	JI435_116320
lcl|CP069036.1_cds_QRD02908.1_12891	JI435_116330
lcl|CP069036.1_cds_QRD02909.1_12892	JI435_116340
lcl|CP069036.1_cds_QRD02910.1_12893	JI435_116350
lcl|CP069036.1_cds_QRD02911.1_12894	JI435_116360
lcl|CP069036.1_cds_QRD02912.1_12895	JI435_116370
lcl|CP069036.1_cds_QRD02913.1_12896	JI435_418820
lcl|CP069036.1_cds_QRD02914.1_12897	JI435_116380
lcl|CP069036.1_cds_QRD02915.1_12898	JI435_116390
lcl|CP069036.1_cds_QRD02916.1_12899	JI435_165850
lcl|CP069036.1_cds_QRD02917.1_12900	JI435_142850
lcl|CP069036.1_cds_QRD02918.1_12901	JI435_142840
lcl|CP069036.1_cds_QRD02919.1_12902	JI435_441420
lcl|CP069036.1_cds_QRD02920.1_12903	JI435_142820
lcl|CP069036.1_cds_QRD02921.1_12904	JI435_142810
lcl|CP069036.1_cds_QRD02922.1_12905	JI435_418830
lcl|CP069036.1_cds_QRD02923.1_12906	JI435_142800
lcl|CP069036.1_cds_QRD02924.1_12907	JI435_142780
lcl|CP069036.1_cds_QRD02925.1_12908	JI435_142770
lcl|CP069036.1_cds_QRD02926.1_12909	JI435_142760
lcl|CP069036.1_cds_QRD02927.1_12910	JI435_142750
lcl|CP069036.1_cds_QRD02928.1_12911	JI435_142740
lcl|CP069036.1_cds_QRD02929.1_12912	JI435_142730
lcl|CP069036.1_cds_QRD02930.1_12913	JI435_142720
lcl|CP069036.1_cds_QRD02931.1_12914	JI435_142710
lcl|CP069036.1_cds_QRD02932.1_12915	JI435_441430
lcl|CP069036.1_cds_QRD02933.1_12916	JI435_142700
lcl|CP069036.1_cds_QRD02934.1_12917	JI435_142690
lcl|CP069036.1_cds_QRD02935.1_12918	JI435_441450
lcl|CP069036.1_cds_QRD02936.1_12919	JI435_142680
lcl|CP069036.1_cds_QRD02937.1_12920	JI435_142670
lcl|CP069036.1_cds_QRD02938.1_12921	JI435_142660
lcl|CP069036.1_cds_QRD02939.1_12922	JI435_418840
lcl|CP069036.1_cds_QRD02940.1_12923	JI435_142640
lcl|CP069036.1_cds_QRD02941.1_12924	JI435_142630
lcl|CP069036.1_cds_QRD02942.1_12925	JI435_441460
lcl|CP069036.1_cds_QRD02943.1_12926	JI435_142620
lcl|CP069036.1_cds_QRD02944.1_12927	JI435_142610
lcl|CP069036.1_cds_QRD02945.1_12928	JI435_142600
lcl|CP069036.1_cds_QRD02946.1_12929	JI435_142590
lcl|CP069036.1_cds_QRD02947.1_12930	JI435_142580
lcl|CP069036.1_cds_QRD02948.1_12931	JI435_142570
lcl|CP069036.1_cds_QRD02950.1_12932	JI435_142560
lcl|CP069036.1_cds_QRD02949.1_12933	JI435_142550
lcl|CP069036.1_cds_QRD02951.1_12934	JI435_418850
lcl|CP069036.1_cds_QRD02952.1_12935	JI435_142540
lcl|CP069036.1_cds_QRD02953.1_12936	JI435_142530
lcl|CP069036.1_cds_QRD02954.1_12937	JI435_142520
lcl|CP069036.1_cds_QRD02955.1_12938	JI435_142510
lcl|CP069036.1_cds_QRD02956.1_12939	JI435_142500
lcl|CP069036.1_cds_QRD02957.1_12940	JI435_418860
lcl|CP069036.1_cds_QRD02958.1_12941	JI435_142490
lcl|CP069036.1_cds_QRD02959.1_12942	JI435_142470
lcl|CP069036.1_cds_QRD02960.1_12943	JI435_142460
lcl|CP069036.1_cds_QRD02961.1_12944	JI435_418870
lcl|CP069036.1_cds_QRD02962.1_12945	JI435_142450
lcl|CP069036.1_cds_QRD02963.1_12946	JI435_142440
lcl|CP069036.1_cds_QRD02964.1_12947	JI435_142430
lcl|CP069036.1_cds_QRD02965.1_12948	JI435_142420
lcl|CP069036.1_cds_QRD02966.1_12949	JI435_142410
lcl|CP069036.1_cds_QRD02967.1_12950	JI435_142400
lcl|CP069036.1_cds_QRD02968.1_12951	JI435_142390
lcl|CP069036.1_cds_QRD02969.1_12952	JI435_418880
lcl|CP069036.1_cds_QRD02970.1_12953	JI435_142380
lcl|CP069036.1_cds_QRD02971.1_12954	JI435_142370
lcl|CP069036.1_cds_QRD02972.1_12955	JI435_441470
lcl|CP069036.1_cds_QRD02973.1_12956	JI435_142360
lcl|CP069036.1_cds_QRD02974.1_12957	JI435_142350
lcl|CP069036.1_cds_QRD02975.1_12958	JI435_142340
lcl|CP069036.1_cds_QRD02976.1_12959	JI435_142330
lcl|CP069036.1_cds_QRD02977.1_12960	JI435_142320
lcl|CP069036.1_cds_QRD02978.1_12961	JI435_142310
lcl|CP069036.1_cds_QRD02979.1_12962	JI435_142300
lcl|CP069036.1_cds_QRD02980.1_12963	JI435_142290
lcl|CP069036.1_cds_QRD02981.1_12964	JI435_142280
lcl|CP069036.1_cds_QRD02982.1_12965	JI435_142270
lcl|CP069036.1_cds_QRD02983.1_12966	JI435_142270
lcl|CP069036.1_cds_QRD02984.1_12967	JI435_418890
lcl|CP069036.1_cds_QRD02985.1_12968	JI435_142260
lcl|CP069036.1_cds_QRD02986.1_12969	JI435_142250
lcl|CP069036.1_cds_QRD02987.1_12970	JI435_142240
lcl|CP069036.1_cds_QRD02988.1_12971	JI435_142230
lcl|CP069036.1_cds_QRD02989.1_12972	JI435_142220
lcl|CP069036.1_cds_QRD02990.1_12973	JI435_142200
lcl|CP069036.1_cds_QRD02991.1_12974	JI435_142190
lcl|CP069036.1_cds_QRD02992.1_12975	JI435_142180
lcl|CP069036.1_cds_QRD02993.1_12976	JI435_142170
lcl|CP069036.1_cds_QRD02994.1_12977	JI435_142160
lcl|CP069036.1_cds_QRD02995.1_12978	JI435_142150
lcl|CP069036.1_cds_QRD02996.1_12979	JI435_142140
lcl|CP069036.1_cds_QRD02997.1_12980	JI435_142130
lcl|CP069036.1_cds_QRD02998.1_12981	JI435_142120
lcl|CP069036.1_cds_QRD02999.1_12982	JI435_418910
lcl|CP069036.1_cds_QRD03000.1_12983	JI435_418920
lcl|CP069036.1_cds_QRD03001.1_12984	JI435_418930
lcl|CP069036.1_cds_QRD03002.1_12985	JI435_418940
lcl|CP069036.1_cds_QRD03003.1_12986	JI435_142110
lcl|CP069036.1_cds_QRD03004.1_12987	JI435_142090
lcl|CP069036.1_cds_QRD03005.1_12988	JI435_142080
lcl|CP069036.1_cds_QRD03006.1_12989	JI435_142070
lcl|CP069036.1_cds_QRD03007.1_12990	JI435_142060
lcl|CP069036.1_cds_QRD03008.1_12991	JI435_142050
lcl|CP069036.1_cds_QRD03009.1_12992	JI435_142040
lcl|CP069036.1_cds_QRD03010.1_12993	JI435_142030
lcl|CP069036.1_cds_QRD03011.1_12994	JI435_308910
lcl|CP069036.1_cds_QRD03012.1_12995	JI435_142010
lcl|CP069036.1_cds_QRD03013.1_12996	JI435_142000
lcl|CP069036.1_cds_QRD03014.1_12997	JI435_141990
lcl|CP069036.1_cds_QRD03015.1_12998	JI435_141980
lcl|CP069036.1_cds_QRD03016.1_12999	JI435_141970
lcl|CP069036.1_cds_QRD03017.1_13000	JI435_418950
lcl|CP069036.1_cds_QRD03018.1_13001	JI435_141960
lcl|CP069036.1_cds_QRD03019.1_13002	JI435_141940
lcl|CP069036.1_cds_QRD03020.1_13003	JI435_141930
lcl|CP069036.1_cds_QRD03021.1_13004	JI435_141920
lcl|CP069036.1_cds_QRD03022.1_13005	JI435_308900
lcl|CP069036.1_cds_QRD03023.1_13006	JI435_418960
lcl|CP069036.1_cds_QRD03025.1_13007	JI435_141900
lcl|CP069036.1_cds_QRD03024.1_13008	JI435_141900
lcl|CP069036.1_cds_QRD03026.1_13009	JI435_141890
lcl|CP069036.1_cds_QRD03027.1_13010	JI435_141880
lcl|CP069036.1_cds_QRD03028.1_13011	JI435_418970
lcl|CP069036.1_cds_QRD03029.1_13012	JI435_141870
lcl|CP069036.1_cds_QRD03030.1_13013	JI435_141860
lcl|CP069036.1_cds_QRD03031.1_13014	JI435_201580
lcl|CP069036.1_cds_QRD03032.1_13015	JI435_201580
lcl|CP069036.1_cds_QRD03033.1_13016	JI435_201570
lcl|CP069036.1_cds_QRD03034.1_13017	JI435_141850
lcl|CP069036.1_cds_QRD03036.1_13018	JI435_141840
lcl|CP069036.1_cds_QRD03035.1_13019	JI435_141840
lcl|CP069036.1_cds_QRD03037.1_13020	JI435_141830
lcl|CP069036.1_cds_QRD03038.1_13021	JI435_418990
lcl|CP069036.1_cds_QRD03039.1_13022	JI435_141820
lcl|CP069036.1_cds_QRD03040.1_13023	JI435_141800
lcl|CP069036.1_cds_QRD03041.1_13024	JI435_141790
lcl|CP069036.1_cds_QRD03042.1_13025	JI435_141780
lcl|CP069036.1_cds_QRD03043.1_13026	JI435_141770
lcl|CP069036.1_cds_QRD03044.1_13027	JI435_141760
lcl|CP069036.1_cds_QRD03045.1_13028	JI435_141750
lcl|CP069036.1_cds_QRD03046.1_13029	JI435_141740
lcl|CP069036.1_cds_QRD03047.1_13030	JI435_141730
lcl|CP069036.1_cds_QRD03048.1_13031	JI435_141720
lcl|CP069036.1_cds_QRD03049.1_13032	JI435_141710
lcl|CP069036.1_cds_QRD03050.1_13033	JI435_141700
lcl|CP069036.1_cds_QRD03051.1_13034	JI435_141690
lcl|CP069036.1_cds_QRD03052.1_13035	JI435_141680
lcl|CP069036.1_cds_QRD03053.1_13036	JI435_419000
lcl|CP069036.1_cds_QRD03054.1_13037	JI435_419010
lcl|CP069036.1_cds_QRD03055.1_13038	JI435_141670
lcl|CP069036.1_cds_QRD03056.1_13039	JI435_419020
lcl|CP069036.1_cds_QRD03057.1_13040	JI435_419030
lcl|CP069036.1_cds_QRD03058.1_13041	JI435_141660
lcl|CP069036.1_cds_QRD03059.1_13042	JI435_141650
lcl|CP069036.1_cds_QRD03060.1_13043	JI435_141640
lcl|CP069036.1_cds_QRD03061.1_13044	JI435_141630
lcl|CP069036.1_cds_QRD03062.1_13045	JI435_141620
lcl|CP069036.1_cds_QRD03063.1_13046	JI435_141610
lcl|CP069036.1_cds_QRD03064.1_13047	JI435_419040
lcl|CP069036.1_cds_QRD03065.1_13048	JI435_141600
lcl|CP069036.1_cds_QRD03066.1_13049	JI435_141590
lcl|CP069036.1_cds_QRD03067.1_13050	JI435_141580
lcl|CP069036.1_cds_QRD03068.1_13051	JI435_441500
lcl|CP069036.1_cds_QRD03069.1_13052	JI435_441510
lcl|CP069036.1_cds_QRD03070.1_13053	JI435_419050
lcl|CP069036.1_cds_QRD03071.1_13054	JI435_141550
lcl|CP069036.1_cds_QRD03072.1_13055	JI435_141540
lcl|CP069036.1_cds_QRD03073.1_13056	JI435_141530
lcl|CP069036.1_cds_QRD03074.1_13057	JI435_141520
lcl|CP069036.1_cds_QRD03075.1_13058	JI435_141510
lcl|CP069036.1_cds_QRD03076.1_13059	JI435_419060
lcl|CP069036.1_cds_QRD03077.1_13060	JI435_141500
lcl|CP069036.1_cds_QRD03078.1_13061	JI435_141490
lcl|CP069036.1_cds_QRD03079.1_13062	JI435_141490
lcl|CP069036.1_cds_QRD03080.1_13063	JI435_141480
lcl|CP069036.1_cds_QRD03081.1_13064	JI435_419070
lcl|CP069036.1_cds_QRD03082.1_13065	JI435_141470
lcl|CP069036.1_cds_QRD03083.1_13066	JI435_419080
lcl|CP069036.1_cds_QRD03084.1_13067	JI435_141450
lcl|CP069036.1_cds_QRD03085.1_13068	JI435_419090
lcl|CP069036.1_cds_QRD03086.1_13069	JI435_141440
lcl|CP069036.1_cds_QRD03087.1_13070	JI435_141430
lcl|CP069036.1_cds_QRD03088.1_13071	JI435_141420
lcl|CP069036.1_cds_QRD03089.1_13072	JI435_441540
lcl|CP069036.1_cds_QRD03090.1_13073	JI435_141400
lcl|CP069036.1_cds_QRD03091.1_13074	JI435_419100
lcl|CP069036.1_cds_QRD03092.1_13075	JI435_141390
lcl|CP069036.1_cds_QRD03093.1_13076	JI435_141380
lcl|CP069036.1_cds_QRD03094.1_13077	JI435_419110
lcl|CP069036.1_cds_QRD03095.1_13078	JI435_419120
lcl|CP069036.1_cds_QRD03096.1_13079	JI435_141370
lcl|CP069036.1_cds_QRD03097.1_13080	JI435_419130
lcl|CP069036.1_cds_QRD03098.1_13081	JI435_141360
lcl|CP069036.1_cds_QRD03099.1_13082	JI435_141350
lcl|CP069036.1_cds_QRD03100.1_13083	JI435_419140
lcl|CP069036.1_cds_QRD03101.1_13084	JI435_419150
lcl|CP069036.1_cds_QRD03102.1_13085	JI435_141340
lcl|CP069036.1_cds_QRD03103.1_13086	JI435_141330
lcl|CP069036.1_cds_QRD03104.1_13087	JI435_141320
lcl|CP069036.1_cds_QRD03105.1_13088	JI435_141310
lcl|CP069036.1_cds_QRD03106.1_13089	JI435_441550
lcl|CP069036.1_cds_QRD03107.1_13090	JI435_141290
lcl|CP069036.1_cds_QRD03108.1_13091	JI435_141270
lcl|CP069036.1_cds_QRD03109.1_13092	JI435_141250
lcl|CP069036.1_cds_QRD03110.1_13093	JI435_141240
lcl|CP069036.1_cds_QRD03111.1_13094	JI435_419160
lcl|CP069036.1_cds_QRD03112.1_13095	JI435_141230
lcl|CP069036.1_cds_QRD03113.1_13096	JI435_419170
lcl|CP069036.1_cds_QRD03114.1_13097	JI435_419180
lcl|CP069036.1_cds_QRD03115.1_13098	JI435_141220
lcl|CP069036.1_cds_QRD03116.1_13099	JI435_141210
lcl|CP069036.1_cds_QRD03117.1_13100	JI435_141200
lcl|CP069036.1_cds_QRD03118.1_13101	JI435_141190
lcl|CP069036.1_cds_QRD03119.1_13102	JI435_141180
lcl|CP069036.1_cds_QRD03120.1_13103	JI435_419190
lcl|CP069036.1_cds_QRD03121.1_13104	JI435_141170
lcl|CP069036.1_cds_QRD03122.1_13105	JI435_141160
lcl|CP069036.1_cds_QRD03123.1_13106	JI435_141140
lcl|CP069036.1_cds_QRD03124.1_13107	JI435_141130
lcl|CP069036.1_cds_QRD03125.1_13108	JI435_141120
lcl|CP069036.1_cds_QRD03126.1_13109	JI435_141110
lcl|CP069036.1_cds_QRD03127.1_13110	JI435_141100
lcl|CP069036.1_cds_QRD03128.1_13111	JI435_308890
lcl|CP069036.1_cds_QRD03129.1_13112	JI435_141070
lcl|CP069036.1_cds_QRD03130.1_13113	JI435_141060
lcl|CP069036.1_cds_QRD03131.1_13114	JI435_141050
lcl|CP069036.1_cds_QRD03132.1_13115	JI435_141040
lcl|CP069036.1_cds_QRD03133.1_13116	JI435_141030
lcl|CP069036.1_cds_QRD03134.1_13117	JI435_141000
lcl|CP069036.1_cds_QRD03135.1_13118	JI435_140990
lcl|CP069036.1_cds_QRD03136.1_13119	JI435_140980
lcl|CP069036.1_cds_QRD03137.1_13120	JI435_140960
lcl|CP069036.1_cds_QRD03138.1_13121	JI435_419200
lcl|CP069037.1_cds_QRD03139.1_13122	JI435_441600
lcl|CP069037.1_cds_QRD03140.1_13123	JI435_099090
lcl|CP069037.1_cds_QRD03141.1_13124	JI435_099100
lcl|CP069037.1_cds_QRD03142.1_13125	JI435_099110
lcl|CP069037.1_cds_QRD03143.1_13126	JI435_099120
lcl|CP069037.1_cds_QRD03144.1_13127	JI435_099130
lcl|CP069037.1_cds_QRD03145.1_13128	JI435_419210
lcl|CP069037.1_cds_QRD03146.1_13129	JI435_099140
lcl|CP069037.1_cds_QRD03147.1_13130	JI435_099150
lcl|CP069037.1_cds_QRD03148.1_13131	JI435_099160
lcl|CP069037.1_cds_QRD03149.1_13132	JI435_099170
lcl|CP069037.1_cds_QRD03150.1_13133	JI435_099180
lcl|CP069037.1_cds_QRD03151.1_13134	JI435_099190
lcl|CP069037.1_cds_QRD03152.1_13135	JI435_099200
lcl|CP069037.1_cds_QRD03153.1_13136	JI435_099210
lcl|CP069037.1_cds_QRD03154.1_13137	JI435_099220
lcl|CP069037.1_cds_QRD03155.1_13138	JI435_099230
lcl|CP069037.1_cds_QRD03156.1_13139	JI435_441610
lcl|CP069037.1_cds_QRD03157.1_13140	JI435_099250
lcl|CP069037.1_cds_QRD03158.1_13141	JI435_441620
lcl|CP069037.1_cds_QRD03159.1_13142	JI435_099260
lcl|CP069037.1_cds_QRD03160.1_13143	JI435_099270
lcl|CP069037.1_cds_QRD03161.1_13144	JI435_099280
lcl|CP069037.1_cds_QRD03162.1_13145	JI435_099290
lcl|CP069037.1_cds_QRD03163.1_13146	JI435_099300
lcl|CP069037.1_cds_QRD03164.1_13147	JI435_099310
lcl|CP069037.1_cds_QRD03165.1_13148	JI435_099320
lcl|CP069037.1_cds_QRD03166.1_13149	JI435_099340
lcl|CP069037.1_cds_QRD03167.1_13150	JI435_099350
lcl|CP069037.1_cds_QRD03168.1_13151	JI435_099360
lcl|CP069037.1_cds_QRD03169.1_13152	JI435_099370
lcl|CP069037.1_cds_QRD03170.1_13153	JI435_099380
lcl|CP069037.1_cds_QRD03171.1_13154	JI435_099390
lcl|CP069037.1_cds_QRD03172.1_13155	JI435_099400
lcl|CP069037.1_cds_QRD03173.1_13156	JI435_099410
lcl|CP069037.1_cds_QRD03174.1_13157	JI435_099420
lcl|CP069037.1_cds_QRD03175.1_13158	JI435_099430
lcl|CP069037.1_cds_QRD03176.1_13159	JI435_099440
lcl|CP069037.1_cds_QRD03177.1_13160	JI435_099460
lcl|CP069037.1_cds_QRD03178.1_13161	JI435_099470
lcl|CP069037.1_cds_QRD03179.1_13162	JI435_099490
lcl|CP069037.1_cds_QRD03180.1_13163	JI435_099500
lcl|CP069037.1_cds_QRD03181.1_13164	JI435_099510
lcl|CP069037.1_cds_QRD03182.1_13165	JI435_099520
lcl|CP069037.1_cds_QRD03183.1_13166	JI435_099550
lcl|CP069037.1_cds_QRD03184.1_13167	JI435_099580
lcl|CP069037.1_cds_QRD03185.1_13168	JI435_306840
lcl|CP069037.1_cds_QRD03186.1_13169	JI435_099600
lcl|CP069037.1_cds_QRD03187.1_13170	JI435_099610
lcl|CP069037.1_cds_QRD03188.1_13171	JI435_099620
lcl|CP069037.1_cds_QRD03189.1_13172	JI435_099630
lcl|CP069037.1_cds_QRD03190.1_13173	JI435_441630
lcl|CP069037.1_cds_QRD03191.1_13174	JI435_099670
lcl|CP069037.1_cds_QRD03192.1_13175	JI435_099680
lcl|CP069037.1_cds_QRD03193.1_13176	JI435_099690
lcl|CP069037.1_cds_QRD03194.1_13177	JI435_099700
lcl|CP069037.1_cds_QRD03195.1_13178	JI435_099710
lcl|CP069037.1_cds_QRD03196.1_13179	JI435_099720
lcl|CP069037.1_cds_QRD03197.1_13180	JI435_099720
lcl|CP069037.1_cds_QRD03198.1_13181	JI435_099730
lcl|CP069037.1_cds_QRD03199.1_13182	JI435_419220
lcl|CP069037.1_cds_QRD03200.1_13183	JI435_419230
lcl|CP069037.1_cds_QRD03201.1_13184	JI435_099740
lcl|CP069037.1_cds_QRD03202.1_13185	JI435_419240
lcl|CP069037.1_cds_QRD03203.1_13186	JI435_419250
lcl|CP069037.1_cds_QRD03204.1_13187	JI435_099750
lcl|CP069037.1_cds_QRD03205.1_13188	JI435_099770
lcl|CP069037.1_cds_QRD03206.1_13189	JI435_099780
lcl|CP069037.1_cds_QRD03207.1_13190	JI435_099800
lcl|CP069037.1_cds_QRD03208.1_13191	JI435_099810
lcl|CP069037.1_cds_QRD03209.1_13192	JI435_306860
lcl|CP069037.1_cds_QRD03210.1_13193	JI435_306870
lcl|CP069037.1_cds_QRD03211.1_13194	JI435_099820
lcl|CP069037.1_cds_QRD03212.1_13195	JI435_099830
lcl|CP069037.1_cds_QRD03213.1_13196	JI435_419260
lcl|CP069037.1_cds_QRD03214.1_13197	JI435_099840
lcl|CP069037.1_cds_QRD03215.1_13198	JI435_099850
lcl|CP069037.1_cds_QRD03216.1_13199	JI435_099860
lcl|CP069037.1_cds_QRD03217.1_13200	JI435_099870
lcl|CP069037.1_cds_QRD03218.1_13201	JI435_099880
lcl|CP069037.1_cds_QRD03219.1_13202	JI435_099890
lcl|CP069037.1_cds_QRD03220.1_13203	JI435_099900
lcl|CP069037.1_cds_QRD03221.1_13204	JI435_099910
lcl|CP069037.1_cds_QRD03222.1_13205	JI435_099920
lcl|CP069037.1_cds_QRD03223.1_13206	JI435_099930
lcl|CP069037.1_cds_QRD03224.1_13207	JI435_099940
lcl|CP069037.1_cds_QRD03225.1_13208	JI435_099950
lcl|CP069037.1_cds_QRD03226.1_13209	JI435_099960
lcl|CP069037.1_cds_QRD03227.1_13210	JI435_099970
lcl|CP069037.1_cds_QRD03228.1_13211	JI435_099980
lcl|CP069037.1_cds_QRD03229.1_13212	JI435_419270
lcl|CP069037.1_cds_QRD03230.1_13213	JI435_099990
lcl|CP069037.1_cds_QRD03231.1_13214	JI435_100010
lcl|CP069037.1_cds_QRD03232.1_13215	JI435_100020
lcl|CP069037.1_cds_QRD03233.1_13216	JI435_100030
lcl|CP069037.1_cds_QRD03234.1_13217	JI435_100050
lcl|CP069037.1_cds_QRD03235.1_13218	JI435_419280
lcl|CP069037.1_cds_QRD03236.1_13219	JI435_100060
lcl|CP069037.1_cds_QRD03237.1_13220	JI435_100070
lcl|CP069037.1_cds_QRD03238.1_13221	JI435_419290
lcl|CP069037.1_cds_QRD03239.1_13222	JI435_100080
lcl|CP069037.1_cds_QRD03240.1_13223	JI435_100090
lcl|CP069037.1_cds_QRD03241.1_13224	JI435_441660
lcl|CP069037.1_cds_QRD03242.1_13225	JI435_441670
lcl|CP069037.1_cds_QRD03243.1_13226	JI435_441680
lcl|CP069037.1_cds_QRD03244.1_13227	JI435_100130
lcl|CP069037.1_cds_QRD03245.1_13228	JI435_100140
lcl|CP069037.1_cds_QRD03246.1_13229	JI435_100150
lcl|CP069037.1_cds_QRD03247.1_13230	JI435_100160
lcl|CP069037.1_cds_QRD03248.1_13231	JI435_419300
lcl|CP069037.1_cds_QRD03249.1_13232	JI435_100180
lcl|CP069037.1_cds_QRD03250.1_13233	JI435_100200
lcl|CP069037.1_cds_QRD03251.1_13234	JI435_100210
lcl|CP069037.1_cds_QRD03252.1_13235	JI435_419310
lcl|CP069037.1_cds_QRD03253.1_13236	JI435_100230
lcl|CP069037.1_cds_QRD03254.1_13237	JI435_306880
lcl|CP069037.1_cds_QRD03255.1_13238	JI435_100260
lcl|CP069037.1_cds_QRD03256.1_13239	JI435_100290
lcl|CP069037.1_cds_QRD03257.1_13240	JI435_100300
lcl|CP069037.1_cds_QRD03258.1_13241	JI435_100310
lcl|CP069037.1_cds_QRD03259.1_13242	JI435_441700
lcl|CP069037.1_cds_QRD03260.1_13243	JI435_100330
lcl|CP069037.1_cds_QRD03261.1_13244	JI435_100350
lcl|CP069037.1_cds_QRD03262.1_13245	JI435_100360
lcl|CP069037.1_cds_QRD03263.1_13246	JI435_100370
lcl|CP069037.1_cds_QRD03264.1_13247	JI435_100380
lcl|CP069037.1_cds_QRD03265.1_13248	JI435_100390
lcl|CP069037.1_cds_QRD03266.1_13249	JI435_100400
lcl|CP069037.1_cds_QRD03267.1_13250	JI435_100410
lcl|CP069037.1_cds_QRD03268.1_13251	JI435_100430
lcl|CP069037.1_cds_QRD03269.1_13252	JI435_441730
lcl|CP069037.1_cds_QRD03270.1_13253	JI435_441750
lcl|CP069037.1_cds_QRD03271.1_13254	JI435_100460
lcl|CP069037.1_cds_QRD03272.1_13255	JI435_100470
lcl|CP069037.1_cds_QRD03273.1_13256	JI435_100480
lcl|CP069037.1_cds_QRD03274.1_13257	JI435_100490
lcl|CP069037.1_cds_QRD03275.1_13258	JI435_100500
lcl|CP069037.1_cds_QRD03276.1_13259	JI435_100510
lcl|CP069037.1_cds_QRD03277.1_13260	JI435_100520
lcl|CP069037.1_cds_QRD03278.1_13261	JI435_100530
lcl|CP069037.1_cds_QRD03279.1_13262	JI435_100570
lcl|CP069037.1_cds_QRD03280.1_13263	JI435_100580
lcl|CP069037.1_cds_QRD03281.1_13264	JI435_100590
lcl|CP069037.1_cds_QRD03282.1_13265	JI435_441770
lcl|CP069037.1_cds_QRD03283.1_13266	JI435_441780
lcl|CP069037.1_cds_QRD03284.1_13267	JI435_100620
lcl|CP069037.1_cds_QRD03285.1_13268	JI435_100640
lcl|CP069037.1_cds_QRD03286.1_13269	JI435_441790
lcl|CP069037.1_cds_QRD03287.1_13270	JI435_441810
lcl|CP069037.1_cds_QRD03288.1_13271	JI435_100680
lcl|CP069037.1_cds_QRD03290.1_13272	JI435_100690
lcl|CP069037.1_cds_QRD03289.1_13273	JI435_100690
lcl|CP069037.1_cds_QRD03291.1_13274	JI435_100700
lcl|CP069037.1_cds_QRD03292.1_13275	JI435_100710
lcl|CP069037.1_cds_QRD03293.1_13276	JI435_306890
lcl|CP069037.1_cds_QRD03294.1_13277	JI435_306900
lcl|CP069037.1_cds_QRD03295.1_13278	JI435_306900
lcl|CP069037.1_cds_QRD03296.1_13279	JI435_100730
lcl|CP069037.1_cds_QRD03297.1_13280	JI435_441820
lcl|CP069037.1_cds_QRD03298.1_13281	JI435_100750
lcl|CP069037.1_cds_QRD03299.1_13282	JI435_100760
lcl|CP069037.1_cds_QRD03300.1_13283	JI435_100770
lcl|CP069037.1_cds_QRD03301.1_13284	JI435_100780
lcl|CP069037.1_cds_QRD03302.1_13285	JI435_306910
lcl|CP069037.1_cds_QRD03303.1_13286	JI435_100810
lcl|CP069037.1_cds_QRD03304.1_13287	JI435_100820
lcl|CP069037.1_cds_QRD03305.1_13288	JI435_419320
lcl|CP069037.1_cds_QRD03306.1_13289	JI435_100830
lcl|CP069037.1_cds_QRD03307.1_13290	JI435_100840
lcl|CP069037.1_cds_QRD03308.1_13291	JI435_100860
lcl|CP069037.1_cds_QRD03309.1_13292	JI435_419330
lcl|CP069037.1_cds_QRD03310.1_13293	JI435_441840
lcl|CP069037.1_cds_QRD03311.1_13294	JI435_100900
lcl|CP069037.1_cds_QRD03312.1_13295	JI435_100910
lcl|CP069037.1_cds_QRD03313.1_13296	JI435_100920
lcl|CP069037.1_cds_QRD03314.1_13297	JI435_100930
lcl|CP069037.1_cds_QRD03315.1_13298	JI435_306920
lcl|CP069037.1_cds_QRD03316.1_13299	JI435_419340
lcl|CP069037.1_cds_QRD03317.1_13300	JI435_419350
lcl|CP069037.1_cds_QRD03318.1_13301	JI435_419360
lcl|CP069037.1_cds_QRD03319.1_13302	JI435_100990
lcl|CP069037.1_cds_QRD03320.1_13303	JI435_101010
lcl|CP069037.1_cds_QRD03321.1_13304	JI435_101020
lcl|CP069037.1_cds_QRD03322.1_13305	JI435_101030
lcl|CP069037.1_cds_QRD03323.1_13306	JI435_101050
lcl|CP069037.1_cds_QRD03324.1_13307	JI435_101060
lcl|CP069037.1_cds_QRD03325.1_13308	JI435_101070
lcl|CP069037.1_cds_QRD03326.1_13309	JI435_101080
lcl|CP069037.1_cds_QRD03327.1_13310	JI435_101090
lcl|CP069037.1_cds_QRD03328.1_13311	JI435_101100
lcl|CP069037.1_cds_QRD03329.1_13312	JI435_101110
lcl|CP069037.1_cds_QRD03330.1_13313	JI435_101120
lcl|CP069037.1_cds_QRD03331.1_13314	JI435_101130
lcl|CP069037.1_cds_QRD03332.1_13315	JI435_101140
lcl|CP069037.1_cds_QRD03333.1_13316	JI435_101150
lcl|CP069037.1_cds_QRD03334.1_13317	JI435_101160
lcl|CP069037.1_cds_QRD03335.1_13318	JI435_101170
lcl|CP069037.1_cds_QRD03336.1_13319	JI435_101180
lcl|CP069037.1_cds_QRD03337.1_13320	JI435_419370
lcl|CP069037.1_cds_QRD03339.1_13321	JI435_419380
lcl|CP069037.1_cds_QRD03338.1_13322	JI435_419380
lcl|CP069037.1_cds_QRD03340.1_13323	JI435_101190
lcl|CP069037.1_cds_QRD03341.1_13324	JI435_101200
lcl|CP069037.1_cds_QRD03342.1_13325	JI435_101220
lcl|CP069037.1_cds_QRD03343.1_13326	JI435_101250
lcl|CP069037.1_cds_QRD03344.1_13327	JI435_306930
lcl|CP069037.1_cds_QRD03345.1_13328	JI435_101290
lcl|CP069037.1_cds_QRD03346.1_13329	JI435_101300
lcl|CP069037.1_cds_QRD03347.1_13330	JI435_101310
lcl|CP069037.1_cds_QRD03348.1_13331	JI435_101320
lcl|CP069037.1_cds_QRD03349.1_13332	JI435_101330
lcl|CP069037.1_cds_QRD03350.1_13333	JI435_101340
lcl|CP069037.1_cds_QRD03351.1_13334	JI435_419390
lcl|CP069037.1_cds_QRD03352.1_13335	JI435_101350
lcl|CP069037.1_cds_QRD03353.1_13336	JI435_101360
lcl|CP069037.1_cds_QRD03354.1_13337	JI435_101370
lcl|CP069037.1_cds_QRD03355.1_13338	JI435_101380
lcl|CP069037.1_cds_QRD03356.1_13339	JI435_101390
lcl|CP069037.1_cds_QRD03357.1_13340	JI435_101400
lcl|CP069037.1_cds_QRD03358.1_13341	JI435_101410
lcl|CP069037.1_cds_QRD03359.1_13342	JI435_101430
lcl|CP069037.1_cds_QRD03360.1_13343	JI435_101440
lcl|CP069037.1_cds_QRD03361.1_13344	JI435_101450
lcl|CP069037.1_cds_QRD03362.1_13345	JI435_101460
lcl|CP069037.1_cds_QRD03363.1_13346	JI435_419400
lcl|CP069037.1_cds_QRD03364.1_13347	JI435_101470
lcl|CP069037.1_cds_QRD03365.1_13348	JI435_419410
lcl|CP069037.1_cds_QRD03366.1_13349	JI435_101480
lcl|CP069037.1_cds_QRD03367.1_13350	JI435_101490
lcl|CP069037.1_cds_QRD03368.1_13351	JI435_101500
lcl|CP069037.1_cds_QRD03369.1_13352	JI435_101510
lcl|CP069037.1_cds_QRD03370.1_13353	JI435_101520
lcl|CP069037.1_cds_QRD03371.1_13354	JI435_101540
lcl|CP069037.1_cds_QRD03372.1_13355	JI435_101550
lcl|CP069037.1_cds_QRD03373.1_13356	JI435_101560
lcl|CP069037.1_cds_QRD03374.1_13357	JI435_101570
lcl|CP069037.1_cds_QRD03375.1_13358	JI435_101630
lcl|CP069037.1_cds_QRD03376.1_13359	JI435_101640
lcl|CP069037.1_cds_QRD03377.1_13360	JI435_101650
lcl|CP069037.1_cds_QRD03378.1_13361	JI435_419420
lcl|CP069037.1_cds_QRD03379.1_13362	JI435_419420
lcl|CP069037.1_cds_QRD03380.1_13363	JI435_101670
lcl|CP069037.1_cds_QRD03381.1_13364	JI435_101680
lcl|CP069037.1_cds_QRD03382.1_13365	JI435_101690
lcl|CP069037.1_cds_QRD03383.1_13366	JI435_101700
lcl|CP069037.1_cds_QRD03384.1_13367	JI435_101710
lcl|CP069037.1_cds_QRD03385.1_13368	JI435_419430
lcl|CP069037.1_cds_QRD03386.1_13369	JI435_101720
lcl|CP069037.1_cds_QRD03387.1_13370	JI435_441920
lcl|CP069037.1_cds_QRD03388.1_13371	JI435_101730
lcl|CP069037.1_cds_QRD03389.1_13372	JI435_101740
lcl|CP069037.1_cds_QRD03390.1_13373	JI435_101750
lcl|CP069037.1_cds_QRD03391.1_13374	JI435_101760
lcl|CP069037.1_cds_QRD03392.1_13375	JI435_101770
lcl|CP069037.1_cds_QRD03393.1_13376	JI435_101780
lcl|CP069037.1_cds_QRD03394.1_13377	JI435_101800
lcl|CP069037.1_cds_QRD03395.1_13378	JI435_101810
lcl|CP069037.1_cds_QRD03396.1_13379	JI435_101820
lcl|CP069037.1_cds_QRD03397.1_13380	JI435_419440
lcl|CP069037.1_cds_QRD03398.1_13381	JI435_419450
lcl|CP069037.1_cds_QRD03399.1_13382	JI435_419460
lcl|CP069037.1_cds_QRD03400.1_13383	JI435_101830
lcl|CP069037.1_cds_QRD03401.1_13384	JI435_101840
lcl|CP069037.1_cds_QRD03402.1_13385	JI435_101850
lcl|CP069037.1_cds_QRD03403.1_13386	JI435_441930
lcl|CP069037.1_cds_QRD03404.1_13387	JI435_101870
lcl|CP069037.1_cds_QRD03405.1_13388	JI435_101880
lcl|CP069037.1_cds_QRD03406.1_13389	JI435_101900
lcl|CP069037.1_cds_QRD03407.1_13390	JI435_419470
lcl|CP069037.1_cds_QRD03408.1_13391	JI435_419480
lcl|CP069037.1_cds_QRD03409.1_13392	JI435_101920
lcl|CP069037.1_cds_QRD03410.1_13393	JI435_101930
lcl|CP069037.1_cds_QRD03411.1_13394	JI435_101950
lcl|CP069037.1_cds_QRD03412.1_13395	JI435_101960
lcl|CP069037.1_cds_QRD03413.1_13396	JI435_101980
lcl|CP069037.1_cds_QRD03414.1_13397	JI435_306940
lcl|CP069037.1_cds_QRD03415.1_13398	JI435_101990
lcl|CP069037.1_cds_QRD03416.1_13399	JI435_102000
lcl|CP069037.1_cds_QRD03417.1_13400	JI435_419500
lcl|CP069037.1_cds_QRD03418.1_13401	JI435_419510
lcl|CP069037.1_cds_QRD03419.1_13402	JI435_102010
lcl|CP069037.1_cds_QRD03420.1_13403	JI435_102020
lcl|CP069037.1_cds_QRD03421.1_13404	JI435_102030
lcl|CP069037.1_cds_QRD03422.1_13405	JI435_102040
lcl|CP069037.1_cds_QRD03423.1_13406	JI435_419520
lcl|CP069037.1_cds_QRD03424.1_13407	JI435_441950
lcl|CP069037.1_cds_QRD03425.1_13408	JI435_102060
lcl|CP069037.1_cds_QRD03426.1_13409	JI435_306950
lcl|CP069037.1_cds_QRD03427.1_13410	JI435_102080
lcl|CP069037.1_cds_QRD03428.1_13411	JI435_419530
lcl|CP069037.1_cds_QRD03429.1_13412	JI435_102090
lcl|CP069037.1_cds_QRD03430.1_13413	JI435_102100
lcl|CP069037.1_cds_QRD03431.1_13414	JI435_306960
lcl|CP069037.1_cds_QRD03433.1_13415	JI435_102120
lcl|CP069037.1_cds_QRD03432.1_13416	JI435_102120
lcl|CP069037.1_cds_QRD03434.1_13417	JI435_102150
lcl|CP069037.1_cds_QRD03435.1_13418	JI435_102170
lcl|CP069037.1_cds_QRD03436.1_13419	JI435_102190
lcl|CP069037.1_cds_QRD03437.1_13420	JI435_102210
lcl|CP069037.1_cds_QRD03438.1_13421	JI435_102220
lcl|CP069037.1_cds_QRD03439.1_13422	JI435_102230
lcl|CP069037.1_cds_QRD03440.1_13423	JI435_102250
lcl|CP069037.1_cds_QRD03441.1_13424	JI435_102260
lcl|CP069037.1_cds_QRD03442.1_13425	JI435_102280
lcl|CP069037.1_cds_QRD03443.1_13426	JI435_102290
lcl|CP069037.1_cds_QRD03444.1_13427	JI435_102300
lcl|CP069037.1_cds_QRD03445.1_13428	JI435_102300
lcl|CP069037.1_cds_QRD03446.1_13429	JI435_102310
lcl|CP069037.1_cds_QRD03447.1_13430	JI435_102320
lcl|CP069037.1_cds_QRD03448.1_13431	JI435_102330
lcl|CP069037.1_cds_QRD03449.1_13432	JI435_102350
lcl|CP069037.1_cds_QRD03450.1_13433	JI435_419540
lcl|CP069037.1_cds_QRD03451.1_13434	JI435_102360
lcl|CP069037.1_cds_QRD03452.1_13435	JI435_102370
lcl|CP069037.1_cds_QRD03453.1_13436	JI435_102380
lcl|CP069037.1_cds_QRD03454.1_13437	JI435_102390
lcl|CP069037.1_cds_QRD03455.1_13438	JI435_419550
lcl|CP069037.1_cds_QRD03456.1_13439	JI435_102400
lcl|CP069037.1_cds_QRD03457.1_13440	JI435_102410
lcl|CP069037.1_cds_QRD03458.1_13441	JI435_102420
lcl|CP069037.1_cds_QRD03459.1_13442	JI435_102430
lcl|CP069037.1_cds_QRD03460.1_13443	JI435_102450
lcl|CP069037.1_cds_QRD03461.1_13444	JI435_102460
lcl|CP069037.1_cds_QRD03462.1_13445	JI435_102470
lcl|CP069037.1_cds_QRD03463.1_13446	JI435_419560
lcl|CP069037.1_cds_QRD03464.1_13447	JI435_419570
lcl|CP069037.1_cds_QRD03465.1_13448	JI435_102480
lcl|CP069037.1_cds_QRD03466.1_13449	JI435_102490
lcl|CP069037.1_cds_QRD03467.1_13450	JI435_102500
lcl|CP069037.1_cds_QRD03468.1_13451	JI435_102510
lcl|CP069037.1_cds_QRD03469.1_13452	JI435_102520
lcl|CP069037.1_cds_QRD03470.1_13453	JI435_102530
lcl|CP069037.1_cds_QRD03471.1_13454	JI435_102540
lcl|CP069037.1_cds_QRD03472.1_13455	JI435_102550
lcl|CP069037.1_cds_QRD03473.1_13456	JI435_102580
lcl|CP069037.1_cds_QRD03474.1_13457	JI435_419580
lcl|CP069037.1_cds_QRD03475.1_13458	JI435_419590
lcl|CP069037.1_cds_QRD03476.1_13459	JI435_102600
lcl|CP069037.1_cds_QRD03477.1_13460	JI435_102610
lcl|CP069037.1_cds_QRD03478.1_13461	JI435_102620
lcl|CP069037.1_cds_QRD03479.1_13462	JI435_419600
lcl|CP069037.1_cds_QRD03480.1_13463	JI435_102630
lcl|CP069037.1_cds_QRD03481.1_13464	JI435_419610
lcl|CP069037.1_cds_QRD03482.1_13465	JI435_442020
lcl|CP069037.1_cds_QRD03483.1_13466	JI435_442030
lcl|CP069037.1_cds_QRD03484.1_13467	JI435_102650
lcl|CP069037.1_cds_QRD03485.1_13468	JI435_442040
lcl|CP069037.1_cds_QRD03486.1_13469	JI435_102660
lcl|CP069037.1_cds_QRD03487.1_13470	JI435_102670
lcl|CP069037.1_cds_QRD03488.1_13471	JI435_102680
lcl|CP069037.1_cds_QRD03489.1_13472	JI435_419620
lcl|CP069037.1_cds_QRD03490.1_13473	JI435_102690
lcl|CP069037.1_cds_QRD03491.1_13474	JI435_102700
lcl|CP069037.1_cds_QRD03492.1_13475	JI435_102710
lcl|CP069037.1_cds_QRD03493.1_13476	JI435_102730
lcl|CP069037.1_cds_QRD03494.1_13477	JI435_102740
lcl|CP069037.1_cds_QRD03495.1_13478	JI435_102750
lcl|CP069037.1_cds_QRD03496.1_13479	JI435_102760
lcl|CP069037.1_cds_QRD03497.1_13480	JI435_102770
lcl|CP069037.1_cds_QRD03498.1_13481	JI435_102780
lcl|CP069037.1_cds_QRD03499.1_13482	JI435_102790
lcl|CP069037.1_cds_QRD03500.1_13483	JI435_419630
lcl|CP069037.1_cds_QRD03501.1_13484	JI435_102800
lcl|CP069037.1_cds_QRD03502.1_13485	JI435_102810
lcl|CP069037.1_cds_QRD03503.1_13486	JI435_102820
lcl|CP069037.1_cds_QRD03504.1_13487	JI435_102830
lcl|CP069037.1_cds_QRD03505.1_13488	JI435_102830
lcl|CP069037.1_cds_QRD03506.1_13489	JI435_102840
lcl|CP069037.1_cds_QRD03507.1_13490	JI435_102850
lcl|CP069037.1_cds_QRD03508.1_13491	JI435_419640
lcl|CP069037.1_cds_QRD03509.1_13492	JI435_102860
lcl|CP069037.1_cds_QRD03510.1_13493	JI435_442050
lcl|CP069037.1_cds_QRD03511.1_13494	JI435_102880
lcl|CP069037.1_cds_QRD03512.1_13495	JI435_442070
lcl|CP069037.1_cds_QRD03513.1_13496	JI435_102900
lcl|CP069037.1_cds_QRD03514.1_13497	JI435_102910
lcl|CP069037.1_cds_QRD03515.1_13498	JI435_419650
lcl|CP069037.1_cds_QRD03516.1_13499	JI435_419660
lcl|CP069037.1_cds_QRD03517.1_13500	JI435_102920
lcl|CP069037.1_cds_QRD03518.1_13501	JI435_102930
lcl|CP069037.1_cds_QRD03519.1_13502	JI435_102940
lcl|CP069037.1_cds_QRD03520.1_13503	JI435_102950
lcl|CP069037.1_cds_QRD03521.1_13504	JI435_102960
lcl|CP069037.1_cds_QRD03522.1_13505	JI435_102970
lcl|CP069037.1_cds_QRD03523.1_13506	JI435_102980
lcl|CP069037.1_cds_QRD03524.1_13507	JI435_102990
lcl|CP069037.1_cds_QRD03525.1_13508	JI435_419670
lcl|CP069037.1_cds_QRD03526.1_13509	JI435_103020
lcl|CP069037.1_cds_QRD03527.1_13510	JI435_103030
lcl|CP069037.1_cds_QRD03528.1_13511	JI435_103050
lcl|CP069037.1_cds_QRD03529.1_13512	JI435_442080
lcl|CP069037.1_cds_QRD03530.1_13513	JI435_442090
lcl|CP069037.1_cds_QRD03531.1_13514	JI435_419680
lcl|CP069037.1_cds_QRD03532.1_13515	JI435_103100
lcl|CP069037.1_cds_QRD03533.1_13516	JI435_306970
lcl|CP069037.1_cds_QRD03534.1_13517	JI435_419690
lcl|CP069037.1_cds_QRD03535.1_13518	JI435_419700
lcl|CP069037.1_cds_QRD03536.1_13519	JI435_103110
lcl|CP069037.1_cds_QRD03537.1_13520	JI435_419710
lcl|CP069037.1_cds_QRD03538.1_13521	JI435_103120
lcl|CP069037.1_cds_QRD03539.1_13522	JI435_419720
lcl|CP069037.1_cds_QRD03540.1_13523	JI435_103130
lcl|CP069037.1_cds_QRD03541.1_13524	JI435_103140
lcl|CP069037.1_cds_QRD03542.1_13525	JI435_419730
lcl|CP069037.1_cds_QRD03543.1_13526	JI435_419740
lcl|CP069037.1_cds_QRD03544.1_13527	JI435_419750
lcl|CP069037.1_cds_QRD03545.1_13528	JI435_103150
lcl|CP069037.1_cds_QRD03546.1_13529	JI435_419760
lcl|CP069037.1_cds_QRD03547.1_13530	JI435_103160
lcl|CP069037.1_cds_QRD03548.1_13531	JI435_103170
lcl|CP069037.1_cds_QRD03549.1_13532	JI435_419770
lcl|CP069037.1_cds_QRD03550.1_13533	JI435_419780
lcl|CP069037.1_cds_QRD03551.1_13534	JI435_103180
lcl|CP069037.1_cds_QRD03552.1_13535	JI435_103190
lcl|CP069037.1_cds_QRD03553.1_13536	JI435_419790
lcl|CP069037.1_cds_QRD03554.1_13537	JI435_103200
lcl|CP069037.1_cds_QRD03555.1_13538	JI435_103210
lcl|CP069037.1_cds_QRD03556.1_13539	JI435_103220
lcl|CP069037.1_cds_QRD03557.1_13540	JI435_103230
lcl|CP069037.1_cds_QRD03558.1_13541	JI435_306980
lcl|CP069037.1_cds_QRD03559.1_13542	JI435_419800
lcl|CP069037.1_cds_QRD03560.1_13543	JI435_103260
lcl|CP069037.1_cds_QRD03561.1_13544	JI435_442110
lcl|CP069037.1_cds_QRD03562.1_13545	JI435_103270
lcl|CP069037.1_cds_QRD03563.1_13546	JI435_419810
lcl|CP069037.1_cds_QRD03564.1_13547	JI435_103280
lcl|CP069037.1_cds_QRD03565.1_13548	JI435_103290
lcl|CP069037.1_cds_QRD03566.1_13549	JI435_103300
lcl|CP069037.1_cds_QRD03567.1_13550	JI435_103310
lcl|CP069037.1_cds_QRD03568.1_13551	JI435_103320
lcl|CP069037.1_cds_QRD03569.1_13552	JI435_419820
lcl|CP069037.1_cds_QRD03570.1_13553	JI435_103330
lcl|CP069037.1_cds_QRD03571.1_13554	JI435_419830
lcl|CP069037.1_cds_QRD03572.1_13555	JI435_103340
lcl|CP069037.1_cds_QRD03573.1_13556	JI435_419840
lcl|CP069037.1_cds_QRD03574.1_13557	JI435_419850
lcl|CP069037.1_cds_QRD03575.1_13558	JI435_103350
lcl|CP069037.1_cds_QRD03576.1_13559	JI435_103350
lcl|CP069037.1_cds_QRD03577.1_13560	JI435_419860
lcl|CP069037.1_cds_QRD03578.1_13561	JI435_419870
lcl|CP069037.1_cds_QRD03579.1_13562	JI435_103360
lcl|CP069037.1_cds_QRD03580.1_13563	JI435_103370
lcl|CP069037.1_cds_QRD03581.1_13564	JI435_103380
lcl|CP069037.1_cds_QRD03582.1_13565	JI435_103390
lcl|CP069037.1_cds_QRD03583.1_13566	JI435_419880
lcl|CP069037.1_cds_QRD03584.1_13567	JI435_419890
lcl|CP069037.1_cds_QRD03585.1_13568	JI435_419900
lcl|CP069037.1_cds_QRD03586.1_13569	JI435_103400
lcl|CP069037.1_cds_QRD03587.1_13570	JI435_103410
lcl|CP069037.1_cds_QRD03588.1_13571	JI435_419910
lcl|CP069037.1_cds_QRD03589.1_13572	JI435_103420
lcl|CP069037.1_cds_QRD03590.1_13573	JI435_103430
lcl|CP069037.1_cds_QRD03591.1_13574	JI435_103440
lcl|CP069037.1_cds_QRD03592.1_13575	JI435_419920
lcl|CP069037.1_cds_QRD03593.1_13576	JI435_419930
lcl|CP069037.1_cds_QRD03594.1_13577	JI435_419930
lcl|CP069037.1_cds_QRD03595.1_13578	JI435_103460
lcl|CP069037.1_cds_QRD03596.1_13579	JI435_103470
lcl|CP069037.1_cds_QRD03597.1_13580	JI435_103480
lcl|CP069037.1_cds_QRD03598.1_13581	JI435_103490
lcl|CP069037.1_cds_QRD03599.1_13582	JI435_103500
lcl|CP069037.1_cds_QRD03600.1_13583	JI435_419940
lcl|CP069037.1_cds_QRD03601.1_13584	JI435_103510
lcl|CP069037.1_cds_QRD03602.1_13585	JI435_419950
lcl|CP069037.1_cds_QRD03603.1_13586	JI435_103520
lcl|CP069037.1_cds_QRD03604.1_13587	JI435_103540
lcl|CP069037.1_cds_QRD03605.1_13588	JI435_442120
lcl|CP069037.1_cds_QRD03606.1_13589	JI435_419960
lcl|CP069037.1_cds_QRD03607.1_13590	JI435_419970
lcl|CP069037.1_cds_QRD03608.1_13591	JI435_103550
lcl|CP069037.1_cds_QRD03609.1_13592	JI435_419980
lcl|CP069037.1_cds_QRD03610.1_13593	JI435_419990
lcl|CP069037.1_cds_QRD03611.1_13594	JI435_103560
lcl|CP069037.1_cds_QRD03612.1_13595	JI435_420000
lcl|CP069037.1_cds_QRD03613.1_13596	JI435_103590
lcl|CP069037.1_cds_QRD03614.1_13597	JI435_103600
lcl|CP069037.1_cds_QRD03615.1_13598	JI435_103610
lcl|CP069037.1_cds_QRD03616.1_13599	JI435_103620
lcl|CP069037.1_cds_QRD03617.1_13600	JI435_103630
lcl|CP069037.1_cds_QRD03618.1_13601	JI435_103640
lcl|CP069037.1_cds_QRD03619.1_13602	JI435_103650
lcl|CP069037.1_cds_QRD03620.1_13603	JI435_103660
lcl|CP069037.1_cds_QRD03621.1_13604	JI435_103660
lcl|CP069037.1_cds_QRD03622.1_13605	JI435_103670
lcl|CP069037.1_cds_QRD03623.1_13606	JI435_103680
lcl|CP069037.1_cds_QRD03624.1_13607	JI435_103690
lcl|CP069037.1_cds_QRD03625.1_13608	JI435_103700
lcl|CP069037.1_cds_QRD03626.1_13609	JI435_103710
lcl|CP069037.1_cds_QRD03627.1_13610	JI435_103730
lcl|CP069037.1_cds_QRD03628.1_13611	JI435_420010
lcl|CP069037.1_cds_QRD03629.1_13612	JI435_103740
lcl|CP069037.1_cds_QRD03630.1_13613	JI435_103750
lcl|CP069037.1_cds_QRD03631.1_13614	JI435_160810
lcl|CP069037.1_cds_QRD03632.1_13615	JI435_160800
lcl|CP069037.1_cds_QRD03633.1_13616	JI435_420020
lcl|CP069037.1_cds_QRD03634.1_13617	JI435_160780
lcl|CP069037.1_cds_QRD03635.1_13618	JI435_160770
lcl|CP069037.1_cds_QRD03636.1_13619	JI435_160760
lcl|CP069037.1_cds_QRD03637.1_13620	JI435_160750
lcl|CP069037.1_cds_QRD03638.1_13621	JI435_420030
lcl|CP069037.1_cds_QRD03639.1_13622	JI435_160740
lcl|CP069037.1_cds_QRD03640.1_13623	JI435_160730
lcl|CP069037.1_cds_QRD03641.1_13624	JI435_309590
lcl|CP069037.1_cds_QRD03642.1_13625	JI435_160700
lcl|CP069037.1_cds_QRD03643.1_13626	JI435_160680
lcl|CP069037.1_cds_QRD03644.1_13627	JI435_442230
lcl|CP069037.1_cds_QRD03645.1_13628	JI435_160650
lcl|CP069037.1_cds_QRD03646.1_13629	JI435_160640
lcl|CP069037.1_cds_QRD03647.1_13630	JI435_160630
lcl|CP069037.1_cds_QRD03648.1_13631	JI435_160620
lcl|CP069037.1_cds_QRD03649.1_13632	JI435_160600
lcl|CP069037.1_cds_QRD03650.1_13633	JI435_420040
lcl|CP069037.1_cds_QRD03651.1_13634	JI435_160580
lcl|CP069037.1_cds_QRD03652.1_13635	JI435_160560
lcl|CP069037.1_cds_QRD03653.1_13636	JI435_160550
lcl|CP069037.1_cds_QRD03654.1_13637	JI435_160540
lcl|CP069037.1_cds_QRD03655.1_13638	JI435_160530
lcl|CP069037.1_cds_QRD03656.1_13639	JI435_160510
lcl|CP069037.1_cds_QRD03657.1_13640	JI435_160500
lcl|CP069037.1_cds_QRD03658.1_13641	JI435_160490
lcl|CP069037.1_cds_QRD03659.1_13642	JI435_160480
lcl|CP069037.1_cds_QRD03660.1_13643	JI435_160470
lcl|CP069037.1_cds_QRD03661.1_13644	JI435_160460
lcl|CP069037.1_cds_QRD03662.1_13645	JI435_160440
lcl|CP069037.1_cds_QRD03663.1_13646	JI435_420050
lcl|CP069037.1_cds_QRD03664.1_13647	JI435_160430
lcl|CP069037.1_cds_QRD03665.1_13648	JI435_160400
lcl|CP069037.1_cds_QRD03666.1_13649	JI435_160390
lcl|CP069037.1_cds_QRD03667.1_13650	JI435_160380
lcl|CP069037.1_cds_QRD03668.1_13651	JI435_420060
lcl|CP069037.1_cds_QRD03669.1_13652	JI435_160370
lcl|CP069037.1_cds_QRD03670.1_13653	JI435_160350
lcl|CP069037.1_cds_QRD03671.1_13654	JI435_420070
lcl|CP069037.1_cds_QRD03672.1_13655	JI435_160340
lcl|CP069037.1_cds_QRD03673.1_13656	JI435_160330
lcl|CP069037.1_cds_QRD03674.1_13657	JI435_420080
lcl|CP069037.1_cds_QRD03675.1_13658	JI435_160320
lcl|CP069037.1_cds_QRD03676.1_13659	JI435_420090
lcl|CP069037.1_cds_QRD03677.1_13660	JI435_420100
lcl|CP069037.1_cds_QRD03678.1_13661	JI435_160310
lcl|CP069037.1_cds_QRD03679.1_13662	JI435_420110
lcl|CP069037.1_cds_QRD03680.1_13663	JI435_309570
lcl|CP069037.1_cds_QRD03681.1_13664	JI435_420120
lcl|CP069037.1_cds_QRD03682.1_13665	JI435_160270
lcl|CP069037.1_cds_QRD03683.1_13666	JI435_442260
lcl|CP069037.1_cds_QRD03684.1_13667	JI435_160240
lcl|CP069037.1_cds_QRD03685.1_13668	JI435_160230
lcl|CP069037.1_cds_QRD03686.1_13669	JI435_309560
lcl|CP069037.1_cds_QRD03687.1_13670	JI435_160200
lcl|CP069037.1_cds_QRD03688.1_13671	JI435_160190
lcl|CP069037.1_cds_QRD03689.1_13672	JI435_160170
lcl|CP069037.1_cds_QRD03690.1_13673	JI435_420130
lcl|CP069037.1_cds_QRD03691.1_13674	JI435_420140
lcl|CP069037.1_cds_QRD03692.1_13675	JI435_160160
lcl|CP069037.1_cds_QRD03693.1_13676	JI435_160150
lcl|CP069037.1_cds_QRD03694.1_13677	JI435_160140
lcl|CP069037.1_cds_QRD03695.1_13678	JI435_160130
lcl|CP069037.1_cds_QRD03696.1_13679	JI435_160120
lcl|CP069037.1_cds_QRD03697.1_13680	JI435_160110
lcl|CP069037.1_cds_QRD03698.1_13681	JI435_160090
lcl|CP069037.1_cds_QRD03699.1_13682	JI435_420150
lcl|CP069037.1_cds_QRD03700.1_13683	JI435_160080
lcl|CP069037.1_cds_QRD03701.1_13684	JI435_160070
lcl|CP069037.1_cds_QRD03702.1_13685	JI435_420160
lcl|CP069037.1_cds_QRD03703.1_13686	JI435_160060
lcl|CP069037.1_cds_QRD03704.1_13687	JI435_442290
lcl|CP069037.1_cds_QRD03705.1_13688	JI435_160050
lcl|CP069037.1_cds_QRD03706.1_13689	JI435_160040
lcl|CP069037.1_cds_QRD03707.1_13690	JI435_160030
lcl|CP069037.1_cds_QRD03708.1_13691	JI435_160020
lcl|CP069037.1_cds_QRD03709.1_13692	JI435_160010
lcl|CP069037.1_cds_QRD03710.1_13693	JI435_160000
lcl|CP069037.1_cds_QRD03711.1_13694	JI435_442300
lcl|CP069037.1_cds_QRD03712.1_13695	JI435_309550
lcl|CP069037.1_cds_QRD03713.1_13696	JI435_159960
lcl|CP069037.1_cds_QRD03714.1_13697	JI435_159950
lcl|CP069037.1_cds_QRD03715.1_13698	JI435_420170
lcl|CP069037.1_cds_QRD03716.1_13699	JI435_159940
lcl|CP069037.1_cds_QRD03717.1_13700	JI435_159930
lcl|CP069037.1_cds_QRD03718.1_13701	JI435_159920
lcl|CP069037.1_cds_QRD03719.1_13702	JI435_420180
lcl|CP069037.1_cds_QRD03720.1_13703	JI435_159910
lcl|CP069037.1_cds_QRD03721.1_13704	JI435_159900
lcl|CP069037.1_cds_QRD03722.1_13705	JI435_159890
lcl|CP069037.1_cds_QRD03723.1_13706	JI435_159880
lcl|CP069037.1_cds_QRD03724.1_13707	JI435_159870
lcl|CP069037.1_cds_QRD03725.1_13708	JI435_442310
lcl|CP069037.1_cds_QRD03726.1_13709	JI435_159860
lcl|CP069037.1_cds_QRD03727.1_13710	JI435_159840
lcl|CP069037.1_cds_QRD03728.1_13711	JI435_159830
lcl|CP069037.1_cds_QRD03729.1_13712	JI435_159820
lcl|CP069037.1_cds_QRD03730.1_13713	JI435_159810
lcl|CP069037.1_cds_QRD03731.1_13714	JI435_159800
lcl|CP069037.1_cds_QRD03732.1_13715	JI435_159790
lcl|CP069037.1_cds_QRD03733.1_13716	JI435_159780
lcl|CP069037.1_cds_QRD03734.1_13717	JI435_159770
lcl|CP069037.1_cds_QRD03735.1_13718	JI435_159760
lcl|CP069037.1_cds_QRD03736.1_13719	JI435_159750
lcl|CP069037.1_cds_QRD03737.1_13720	JI435_159740
lcl|CP069037.1_cds_QRD03738.1_13721	JI435_159730
lcl|CP069037.1_cds_QRD03739.1_13722	JI435_159720
lcl|CP069037.1_cds_QRD03740.1_13723	JI435_159700
lcl|CP069037.1_cds_QRD03741.1_13724	JI435_159690
lcl|CP069037.1_cds_QRD03742.1_13725	JI435_159680
lcl|CP069037.1_cds_QRD03743.1_13726	JI435_159670
lcl|CP069037.1_cds_QRD03744.1_13727	JI435_159660
lcl|CP069037.1_cds_QRD03745.1_13728	JI435_159650
lcl|CP069037.1_cds_QRD03746.1_13729	JI435_420190
lcl|CP069037.1_cds_QRD03747.1_13730	JI435_159640
lcl|CP069037.1_cds_QRD03748.1_13731	JI435_159630
lcl|CP069037.1_cds_QRD03749.1_13732	JI435_159610
lcl|CP069037.1_cds_QRD03750.1_13733	JI435_159600
lcl|CP069037.1_cds_QRD03751.1_13734	JI435_159590
lcl|CP069037.1_cds_QRD03752.1_13735	JI435_159580
lcl|CP069038.1_cds_QRD03753.1_13736	JI435_163640
lcl|CP069038.1_cds_QRD03754.1_13737	JI435_163650
lcl|CP069038.1_cds_QRD03755.1_13738	JI435_163660
lcl|CP069038.1_cds_QRD03756.1_13739	JI435_163670
lcl|CP069038.1_cds_QRD03757.1_13740	JI435_420200
lcl|CP069038.1_cds_QRD03758.1_13741	JI435_420210
lcl|CP069038.1_cds_QRD03759.1_13742	JI435_420220
lcl|CP069038.1_cds_QRD03760.1_13743	JI435_309770
lcl|CP069038.1_cds_QRD03761.1_13744	JI435_163690
lcl|CP069038.1_cds_QRD03762.1_13745	JI435_163700
lcl|CP069038.1_cds_QRD03763.1_13746	JI435_163710
lcl|CP069038.1_cds_QRD03764.1_13747	JI435_163720
lcl|CP069038.1_cds_QRD03765.1_13748	JI435_309780
lcl|CP069038.1_cds_QRD03766.1_13749	JI435_163740
lcl|CP069038.1_cds_QRD03767.1_13750	JI435_163750
lcl|CP069038.1_cds_QRD03768.1_13751	JI435_420230
lcl|CP069038.1_cds_QRD03769.1_13752	JI435_163760
lcl|CP069038.1_cds_QRD03770.1_13753	JI435_420240
lcl|CP069038.1_cds_QRD03771.1_13754	JI435_420250
lcl|CP069038.1_cds_QRD03772.1_13755	JI435_163780
lcl|CP069038.1_cds_QRD03773.1_13756	JI435_163790
lcl|CP069038.1_cds_QRD03774.1_13757	JI435_163820
lcl|CP069038.1_cds_QRD03775.1_13758	JI435_420260
lcl|CP069038.1_cds_QRD03776.1_13759	JI435_309790
lcl|CP069038.1_cds_QRD03777.1_13760	JI435_163830
lcl|CP069038.1_cds_QRD03778.1_13761	JI435_163840
lcl|CP069038.1_cds_QRD03779.1_13762	JI435_163850
lcl|CP069038.1_cds_QRD03780.1_13763	JI435_309800
lcl|CP069038.1_cds_QRD03781.1_13764	JI435_163860
lcl|CP069038.1_cds_QRD03782.1_13765	JI435_163870
lcl|CP069038.1_cds_QRD03783.1_13766	JI435_163880
lcl|CP069038.1_cds_QRD03784.1_13767	JI435_420270
lcl|CP069038.1_cds_QRD03785.1_13768	JI435_163890
lcl|CP069038.1_cds_QRD03786.1_13769	JI435_163910
lcl|CP069038.1_cds_QRD03787.1_13770	JI435_420280
lcl|CP069038.1_cds_QRD03788.1_13771	JI435_163920
lcl|CP069038.1_cds_QRD03789.1_13772	JI435_201850
lcl|CP069038.1_cds_QRD03790.1_13773	JI435_163940
lcl|CP069038.1_cds_QRD03791.1_13774	JI435_163950
lcl|CP069038.1_cds_QRD03792.1_13775	JI435_163960
lcl|CP069038.1_cds_QRD03793.1_13776	JI435_163970
lcl|CP069038.1_cds_QRD03794.1_13777	JI435_442370
lcl|CP069038.1_cds_QRD03795.1_13778	JI435_163980
lcl|CP069038.1_cds_QRD03796.1_13779	JI435_420290
lcl|CP069038.1_cds_QRD03797.1_13780	JI435_163990
lcl|CP069038.1_cds_QRD03798.1_13781	JI435_420300
lcl|CP069038.1_cds_QRD03799.1_13782	JI435_164000
lcl|CP069038.1_cds_QRD03800.1_13783	JI435_420310
lcl|CP069038.1_cds_QRD03801.1_13784	JI435_420320
lcl|CP069038.1_cds_QRD03802.1_13785	JI435_164010
lcl|CP069038.1_cds_QRD03803.1_13786	JI435_164040
lcl|CP069038.1_cds_QRD03804.1_13787	JI435_164060
lcl|CP069038.1_cds_QRD03805.1_13788	JI435_309810
lcl|CP069038.1_cds_QRD03806.1_13789	JI435_164090
lcl|CP069038.1_cds_QRD03807.1_13790	JI435_309820
lcl|CP069038.1_cds_QRD03808.1_13791	JI435_164100
lcl|CP069038.1_cds_QRD03809.1_13792	JI435_164110
lcl|CP069038.1_cds_QRD03810.1_13793	JI435_164120
lcl|CP069038.1_cds_QRD03811.1_13794	JI435_309830
lcl|CP069038.1_cds_QRD03812.1_13795	JI435_164130
lcl|CP069038.1_cds_QRD03813.1_13796	JI435_164140
lcl|CP069038.1_cds_QRD03814.1_13797	JI435_442420
lcl|CP069038.1_cds_QRD03815.1_13798	JI435_164170
lcl|CP069038.1_cds_QRD03816.1_13799	JI435_309840
lcl|CP069038.1_cds_QRD03817.1_13800	JI435_164190
lcl|CP069038.1_cds_QRD03818.1_13801	JI435_442440
lcl|CP069038.1_cds_QRD03819.1_13802	JI435_164210
lcl|CP069038.1_cds_QRD03820.1_13803	JI435_164220
lcl|CP069038.1_cds_QRD03821.1_13804	JI435_420330
lcl|CP069038.1_cds_QRD03822.1_13805	JI435_164230
lcl|CP069038.1_cds_QRD03823.1_13806	JI435_164250
lcl|CP069038.1_cds_QRD03824.1_13807	JI435_164260
lcl|CP069038.1_cds_QRD03825.1_13808	JI435_164270
lcl|CP069038.1_cds_QRD03826.1_13809	JI435_164280
lcl|CP069038.1_cds_QRD03827.1_13810	JI435_164290
lcl|CP069038.1_cds_QRD03828.1_13811	JI435_136970
lcl|CP069038.1_cds_QRD03829.1_13812	JI435_420340
lcl|CP069038.1_cds_QRD03830.1_13813	JI435_136980
lcl|CP069038.1_cds_QRD03831.1_13814	JI435_136990
lcl|CP069038.1_cds_QRD03832.1_13815	JI435_137000
lcl|CP069038.1_cds_QRD03833.1_13816	JI435_137010
lcl|CP069038.1_cds_QRD03834.1_13817	JI435_137020
lcl|CP069038.1_cds_QRD03835.1_13818	JI435_137040
lcl|CP069038.1_cds_QRD03836.1_13819	JI435_137050
lcl|CP069038.1_cds_QRD03837.1_13820	JI435_137060
lcl|CP069038.1_cds_QRD03838.1_13821	JI435_137070
lcl|CP069038.1_cds_QRD03839.1_13822	JI435_137080
lcl|CP069038.1_cds_QRD03840.1_13823	JI435_137100
lcl|CP069038.1_cds_QRD03841.1_13824	JI435_137110
lcl|CP069038.1_cds_QRD03842.1_13825	JI435_137120
lcl|CP069038.1_cds_QRD03843.1_13826	JI435_137130
lcl|CP069038.1_cds_QRD03844.1_13827	JI435_137140
lcl|CP069038.1_cds_QRD03845.1_13828	JI435_137150
lcl|CP069038.1_cds_QRD03846.1_13829	JI435_137160
lcl|CP069038.1_cds_QRD03847.1_13830	JI435_420350
lcl|CP069038.1_cds_QRD03848.1_13831	JI435_137170
lcl|CP069038.1_cds_QRD03849.1_13832	JI435_137200
lcl|CP069038.1_cds_QRD03850.1_13833	JI435_137210
lcl|CP069038.1_cds_QRD03851.1_13834	JI435_420360
lcl|CP069038.1_cds_QRD03852.1_13835	JI435_137220
lcl|CP069038.1_cds_QRD03853.1_13836	JI435_420370
lcl|CP069038.1_cds_QRD03854.1_13837	JI435_420380
lcl|CP069038.1_cds_QRD03855.1_13838	JI435_420390
lcl|CP069038.1_cds_QRD03856.1_13839	JI435_137230
lcl|CP069038.1_cds_QRD03857.1_13840	JI435_137240
lcl|CP069038.1_cds_QRD03858.1_13841	JI435_137250
lcl|CP069038.1_cds_QRD03859.1_13842	JI435_420400
lcl|CP069038.1_cds_QRD03860.1_13843	JI435_137260
lcl|CP069038.1_cds_QRD03861.1_13844	JI435_420410
lcl|CP069038.1_cds_QRD03862.1_13845	JI435_420420
lcl|CP069038.1_cds_QRD03863.1_13846	JI435_137270
lcl|CP069038.1_cds_QRD03864.1_13847	JI435_137280
lcl|CP069038.1_cds_QRD03865.1_13848	JI435_137290
lcl|CP069038.1_cds_QRD03866.1_13849	JI435_137300
lcl|CP069038.1_cds_QRD03867.1_13850	JI435_137310
lcl|CP069038.1_cds_QRD03868.1_13851	JI435_137320
lcl|CP069038.1_cds_QRD03869.1_13852	JI435_137330
lcl|CP069038.1_cds_QRD03870.1_13853	JI435_137340
lcl|CP069038.1_cds_QRD03871.1_13854	JI435_137350
lcl|CP069038.1_cds_QRD03872.1_13855	JI435_137360
lcl|CP069038.1_cds_QRD03873.1_13856	JI435_420430
lcl|CP069038.1_cds_QRD03874.1_13857	JI435_137370
lcl|CP069038.1_cds_QRD03875.1_13858	JI435_137370
lcl|CP069038.1_cds_QRD03876.1_13859	JI435_137380
lcl|CP069038.1_cds_QRD03877.1_13860	JI435_137390
lcl|CP069038.1_cds_QRD03878.1_13861	JI435_420440
lcl|CP069038.1_cds_QRD03879.1_13862	JI435_137400
lcl|CP069038.1_cds_QRD03880.1_13863	JI435_137410
lcl|CP069038.1_cds_QRD03881.1_13864	JI435_137420
lcl|CP069038.1_cds_QRD03882.1_13865	JI435_137430
lcl|CP069038.1_cds_QRD03883.1_13866	JI435_137440
lcl|CP069038.1_cds_QRD03884.1_13867	JI435_137450
lcl|CP069038.1_cds_QRD03885.1_13868	JI435_137460
lcl|CP069038.1_cds_QRD03886.1_13869	JI435_137480
lcl|CP069038.1_cds_QRD03887.1_13870	JI435_137490
lcl|CP069038.1_cds_QRD03888.1_13871	JI435_137500
lcl|CP069038.1_cds_QRD03889.1_13872	JI435_137510
lcl|CP069038.1_cds_QRD03890.1_13873	JI435_137520
lcl|CP069038.1_cds_QRD03891.1_13874	JI435_137540
lcl|CP069038.1_cds_QRD03892.1_13875	JI435_308820
lcl|CP069038.1_cds_QRD03893.1_13876	JI435_137550
lcl|CP069038.1_cds_QRD03894.1_13877	JI435_137560
lcl|CP069038.1_cds_QRD03895.1_13878	JI435_137570
lcl|CP069038.1_cds_QRD03896.1_13879	JI435_137580
lcl|CP069038.1_cds_QRD03897.1_13880	JI435_137590
lcl|CP069038.1_cds_QRD03898.1_13881	JI435_137600
lcl|CP069038.1_cds_QRD03899.1_13882	JI435_137600
lcl|CP069038.1_cds_QRD03900.1_13883	JI435_137610
lcl|CP069038.1_cds_QRD03901.1_13884	JI435_137620
lcl|CP069038.1_cds_QRD03902.1_13885	JI435_137630
lcl|CP069038.1_cds_QRD03903.1_13886	JI435_420450
lcl|CP069038.1_cds_QRD03904.1_13887	JI435_137640
lcl|CP069038.1_cds_QRD03905.1_13888	JI435_137650
lcl|CP069038.1_cds_QRD03906.1_13889	JI435_420460
lcl|CP069038.1_cds_QRD03907.1_13890	JI435_137660
lcl|CP069038.1_cds_QRD03908.1_13891	JI435_137670
lcl|CP069038.1_cds_QRD03909.1_13892	JI435_442600
lcl|CP069038.1_cds_QRD03910.1_13893	JI435_137680
lcl|CP069038.1_cds_QRD03911.1_13894	JI435_442610
lcl|CP069038.1_cds_QRD03912.1_13895	JI435_137710
lcl|CP069038.1_cds_QRD03913.1_13896	JI435_137730
lcl|CP069038.1_cds_QRD03914.1_13897	JI435_137750
lcl|CP069038.1_cds_QRD03915.1_13898	JI435_137760
lcl|CP069038.1_cds_QRD03916.1_13899	JI435_420470
lcl|CP069038.1_cds_QRD03917.1_13900	JI435_420480
lcl|CP069038.1_cds_QRD03918.1_13901	JI435_137770
lcl|CP069038.1_cds_QRD03919.1_13902	JI435_137790
lcl|CP069038.1_cds_QRD03920.1_13903	JI435_137800
lcl|CP069038.1_cds_QRD03921.1_13904	JI435_420490
lcl|CP069038.1_cds_QRD03922.1_13905	JI435_137820
lcl|CP069038.1_cds_QRD03923.1_13906	JI435_137830
lcl|CP069038.1_cds_QRD03924.1_13907	JI435_137850
lcl|CP069038.1_cds_QRD03925.1_13908	JI435_308830
lcl|CP069038.1_cds_QRD03926.1_13909	JI435_137860
lcl|CP069038.1_cds_QRD03927.1_13910	JI435_137870
lcl|CP069038.1_cds_QRD03928.1_13911	JI435_442650
lcl|CP069038.1_cds_QRD03929.1_13912	JI435_137880
lcl|CP069038.1_cds_QRD03930.1_13913	JI435_137880
lcl|CP069038.1_cds_QRD03931.1_13914	JI435_308840
lcl|CP069038.1_cds_QRD03932.1_13915	JI435_137900
lcl|CP069038.1_cds_QRD03933.1_13916	JI435_137910
lcl|CP069038.1_cds_QRD03934.1_13917	JI435_137920
lcl|CP069038.1_cds_QRD03935.1_13918	JI435_137940
lcl|CP069038.1_cds_QRD03936.1_13919	JI435_137950
lcl|CP069038.1_cds_QRD03937.1_13920	JI435_137960
lcl|CP069038.1_cds_QRD03938.1_13921	JI435_420500
lcl|CP069038.1_cds_QRD03939.1_13922	JI435_137970
lcl|CP069038.1_cds_QRD03940.1_13923	JI435_137980
lcl|CP069038.1_cds_QRD03941.1_13924	JI435_137990
lcl|CP069038.1_cds_QRD03942.1_13925	JI435_138000
lcl|CP069038.1_cds_QRD03943.1_13926	JI435_138010
lcl|CP069038.1_cds_QRD03944.1_13927	JI435_138020
lcl|CP069038.1_cds_QRD03945.1_13928	JI435_138030
lcl|CP069038.1_cds_QRD03946.1_13929	JI435_138040
lcl|CP069038.1_cds_QRD03947.1_13930	JI435_442660
lcl|CP069038.1_cds_QRD03948.1_13931	JI435_420510
lcl|CP069038.1_cds_QRD03949.1_13932	JI435_138070
lcl|CP069038.1_cds_QRD03950.1_13933	JI435_138080
lcl|CP069038.1_cds_QRD03951.1_13934	JI435_138090
lcl|CP069038.1_cds_QRD03952.1_13935	JI435_138100
lcl|CP069038.1_cds_QRD03953.1_13936	JI435_138110
lcl|CP069038.1_cds_QRD03954.1_13937	JI435_138120
lcl|CP069038.1_cds_QRD03955.1_13938	JI435_138130
lcl|CP069038.1_cds_QRD03956.1_13939	JI435_442670
lcl|CP069038.1_cds_QRD03957.1_13940	JI435_138140
lcl|CP069038.1_cds_QRD03958.1_13941	JI435_442680
lcl|CP069038.1_cds_QRD03959.1_13942	JI435_442690
lcl|CP069038.1_cds_QRD03960.1_13943	JI435_138160
lcl|CP069038.1_cds_QRD03961.1_13944	JI435_138170
lcl|CP069038.1_cds_QRD03962.1_13945	JI435_138180
lcl|CP069038.1_cds_QRD03963.1_13946	JI435_138190
lcl|CP069038.1_cds_QRD03964.1_13947	JI435_138200
lcl|CP069038.1_cds_QRD03965.1_13948	JI435_138220
lcl|CP069038.1_cds_QRD03966.1_13949	JI435_308860
lcl|CP069038.1_cds_QRD03967.1_13950	JI435_138230
lcl|CP069038.1_cds_QRD03968.1_13951	JI435_138240
lcl|CP069038.1_cds_QRD03969.1_13952	JI435_138250
lcl|CP069038.1_cds_QRD03970.1_13953	JI435_138260
lcl|CP069038.1_cds_QRD03971.1_13954	JI435_138270
lcl|CP069038.1_cds_QRD03972.1_13955	JI435_138280
lcl|CP069038.1_cds_QRD03973.1_13956	JI435_138290
lcl|CP069038.1_cds_QRD03974.1_13957	JI435_138310
lcl|CP069038.1_cds_QRD03975.1_13958	JI435_138320
lcl|CP069038.1_cds_QRD03976.1_13959	JI435_138330
lcl|CP069038.1_cds_QRD03977.1_13960	JI435_138340
lcl|CP069038.1_cds_QRD03978.1_13961	JI435_138350
lcl|CP069038.1_cds_QRD03979.1_13962	JI435_138360
lcl|CP069038.1_cds_QRD03980.1_13963	JI435_420520
lcl|CP069038.1_cds_QRD03981.1_13964	JI435_138370
lcl|CP069038.1_cds_QRD03982.1_13965	JI435_138380
lcl|CP069038.1_cds_QRD03983.1_13966	JI435_442710
lcl|CP069038.1_cds_QRD03984.1_13967	JI435_138390
lcl|CP069038.1_cds_QRD03985.1_13968	JI435_138400
lcl|CP069038.1_cds_QRD03986.1_13969	JI435_138420
lcl|CP069038.1_cds_QRD03987.1_13970	JI435_138430
lcl|CP069038.1_cds_QRD03988.1_13971	JI435_308870
lcl|CP069038.1_cds_QRD03989.1_13972	JI435_138450
lcl|CP069038.1_cds_QRD03990.1_13973	JI435_138460
lcl|CP069038.1_cds_QRD03991.1_13974	JI435_138470
lcl|CP069038.1_cds_QRD03992.1_13975	JI435_138490
lcl|CP069038.1_cds_QRD03993.1_13976	JI435_138510
lcl|CP069038.1_cds_QRD03994.1_13977	JI435_420530
lcl|CP069038.1_cds_QRD03995.1_13978	JI435_138520
lcl|CP069038.1_cds_QRD03996.1_13979	JI435_138530
lcl|CP069038.1_cds_QRD03997.1_13980	JI435_420540
lcl|CP069038.1_cds_QRD03998.1_13981	JI435_138540
lcl|CP069038.1_cds_QRD03999.1_13982	JI435_138560
lcl|CP069038.1_cds_QRD04000.1_13983	JI435_138570
lcl|CP069038.1_cds_QRD04001.1_13984	JI435_138580
lcl|CP069038.1_cds_QRD04002.1_13985	JI435_442730
lcl|CP069038.1_cds_QRD04003.1_13986	JI435_442740
lcl|CP069038.1_cds_QRD04004.1_13987	JI435_308880
lcl|CP069038.1_cds_QRD04005.1_13988	JI435_138610
lcl|CP069038.1_cds_QRD04006.1_13989	JI435_138630
lcl|CP069038.1_cds_QRD04007.1_13990	JI435_138640
lcl|CP069038.1_cds_QRD04008.1_13991	JI435_138650
lcl|CP069038.1_cds_QRD04009.1_13992	JI435_138660
lcl|CP069038.1_cds_QRD04010.1_13993	JI435_138670
lcl|CP069038.1_cds_QRD04011.1_13994	JI435_442760
lcl|CP069038.1_cds_QRD04012.1_13995	JI435_138690
lcl|CP069038.1_cds_QRD04013.1_13996	JI435_442770
lcl|CP069038.1_cds_QRD04014.1_13997	JI435_138710
lcl|CP069038.1_cds_QRD04015.1_13998	JI435_138720
lcl|CP069038.1_cds_QRD04016.1_13999	JI435_138730
lcl|CP069038.1_cds_QRD04017.1_14000	JI435_138740
lcl|CP069038.1_cds_QRD04018.1_14001	JI435_138750
lcl|CP069038.1_cds_QRD04019.1_14002	JI435_138760
lcl|CP069038.1_cds_QRD04020.1_14003	JI435_420550
lcl|CP069038.1_cds_QRD04021.1_14004	JI435_138770
lcl|CP069038.1_cds_QRD04022.1_14005	JI435_138780
lcl|CP069038.1_cds_QRD04023.1_14006	JI435_138790
lcl|CP069038.1_cds_QRD04024.1_14007	JI435_138800
lcl|CP069038.1_cds_QRD04025.1_14008	JI435_138820
lcl|CP069038.1_cds_QRD04026.1_14009	JI435_138830
lcl|CP069038.1_cds_QRD04027.1_14010	JI435_138840
lcl|CP069038.1_cds_QRD04029.1_14011	JI435_138850
lcl|CP069038.1_cds_QRD04028.1_14012	JI435_138850
lcl|CP069038.1_cds_QRD04030.1_14013	JI435_138860
lcl|CP069038.1_cds_QRD04031.1_14014	JI435_138870
lcl|CP069038.1_cds_QRD04032.1_14015	JI435_138880
lcl|CP069038.1_cds_QRD04033.1_14016	JI435_138900
lcl|CP069038.1_cds_QRD04034.1_14017	JI435_138910
lcl|CP069038.1_cds_QRD04035.1_14018	JI435_138920
lcl|CP069038.1_cds_QRD04036.1_14019	JI435_138930
lcl|CP069038.1_cds_QRD04037.1_14020	JI435_138940
lcl|CP069038.1_cds_QRD04038.1_14021	JI435_138950
lcl|CP069038.1_cds_QRD04039.1_14022	JI435_127870
lcl|CP069038.1_cds_QRD04040.1_14023	JI435_127880
lcl|CP069038.1_cds_QRD04041.1_14024	JI435_127890
lcl|CP069038.1_cds_QRD04042.1_14025	JI435_127900
lcl|CP069038.1_cds_QRD04043.1_14026	JI435_127910
lcl|CP069038.1_cds_QRD04044.1_14027	JI435_127920
lcl|CP069038.1_cds_QRD04045.1_14028	JI435_127930
lcl|CP069038.1_cds_QRD04046.1_14029	JI435_127940
lcl|CP069038.1_cds_QRD04047.1_14030	JI435_127950
lcl|CP069038.1_cds_QRD04048.1_14031	JI435_420570
lcl|CP069038.1_cds_QRD04049.1_14032	JI435_127960
lcl|CP069038.1_cds_QRD04050.1_14033	JI435_127970
lcl|CP069038.1_cds_QRD04051.1_14034	JI435_127980
lcl|CP069038.1_cds_QRD04052.1_14035	JI435_127990
lcl|CP069038.1_cds_QRD04053.1_14036	JI435_128000
lcl|CP069038.1_cds_QRD04054.1_14037	JI435_420580
lcl|CP069038.1_cds_QRD04055.1_14038	JI435_128010
lcl|CP069038.1_cds_QRD04056.1_14039	JI435_128010
lcl|CP069038.1_cds_QRD04057.1_14040	JI435_128020
lcl|CP069038.1_cds_QRD04058.1_14041	JI435_128030
lcl|CP069038.1_cds_QRD04059.1_14042	JI435_128040
lcl|CP069038.1_cds_QRD04060.1_14043	JI435_420590
lcl|CP069038.1_cds_QRD04061.1_14044	JI435_420600
lcl|CP069038.1_cds_QRD04062.1_14045	JI435_128050
lcl|CP069038.1_cds_QRD04063.1_14046	JI435_128050
lcl|CP069038.1_cds_QRD04064.1_14047	JI435_420610
lcl|CP069038.1_cds_QRD04065.1_14048	JI435_420620
lcl|CP069038.1_cds_QRD04066.1_14049	JI435_128070
lcl|CP069038.1_cds_QRD04067.1_14050	JI435_420630
lcl|CP069038.1_cds_QRD04068.1_14051	JI435_420640
lcl|CP069038.1_cds_QRD04069.1_14052	JI435_128080
lcl|CP069038.1_cds_QRD04070.1_14053	JI435_420650
lcl|CP069038.1_cds_QRD04071.1_14054	JI435_128110
lcl|CP069038.1_cds_QRD04072.1_14055	JI435_128130
lcl|CP069038.1_cds_QRD04073.1_14056	JI435_128140
lcl|CP069038.1_cds_QRD04074.1_14057	JI435_128150
lcl|CP069038.1_cds_QRD04075.1_14058	JI435_128160
lcl|CP069038.1_cds_QRD04076.1_14059	JI435_420660
lcl|CP069038.1_cds_QRD04077.1_14060	JI435_128170
lcl|CP069038.1_cds_QRD04078.1_14061	JI435_420670
lcl|CP069038.1_cds_QRD04079.1_14062	JI435_128180
lcl|CP069038.1_cds_QRD04080.1_14063	JI435_128190
lcl|CP069038.1_cds_QRD04081.1_14064	JI435_420680
lcl|CP069038.1_cds_QRD04082.1_14065	JI435_128200
lcl|CP069038.1_cds_QRD04083.1_14066	JI435_128210
lcl|CP069038.1_cds_QRD04084.1_14067	JI435_128220
lcl|CP069038.1_cds_QRD04085.1_14068	JI435_128240
lcl|CP069038.1_cds_QRD04086.1_14069	JI435_128250
lcl|CP069038.1_cds_QRD04087.1_14070	JI435_128260
lcl|CP069038.1_cds_QRD04088.1_14071	JI435_128280
lcl|CP069038.1_cds_QRD04089.1_14072	JI435_420690
lcl|CP069038.1_cds_QRD04090.1_14073	JI435_442970
lcl|CP069038.1_cds_QRD04091.1_14074	JI435_128290
lcl|CP069038.1_cds_QRD04092.1_14075	JI435_128300
lcl|CP069038.1_cds_QRD04093.1_14076	JI435_128310
lcl|CP069038.1_cds_QRD04094.1_14077	JI435_128320
lcl|CP069038.1_cds_QRD04095.1_14078	JI435_128340
lcl|CP069038.1_cds_QRD04096.1_14079	JI435_128350
lcl|CP069038.1_cds_QRD04097.1_14080	JI435_128360
lcl|CP069038.1_cds_QRD04098.1_14081	JI435_420700
lcl|CP069038.1_cds_QRD04099.1_14082	JI435_128370
lcl|CP069038.1_cds_QRD04100.1_14083	JI435_420710
lcl|CP069038.1_cds_QRD04101.1_14084	JI435_128380
lcl|CP069038.1_cds_QRD04102.1_14085	JI435_128400
lcl|CP069038.1_cds_QRD04103.1_14086	JI435_420720
lcl|CP069038.1_cds_QRD04104.1_14087	JI435_128410
lcl|CP069038.1_cds_QRD04105.1_14088	JI435_128420
lcl|CP069038.1_cds_QRD04106.1_14089	JI435_128430
lcl|CP069038.1_cds_QRD04107.1_14090	JI435_128440
lcl|CP069038.1_cds_QRD04108.1_14091	JI435_128450
lcl|CP069038.1_cds_QRD04109.1_14092	JI435_128460
lcl|CP069038.1_cds_QRD04110.1_14093	JI435_128470
lcl|CP069038.1_cds_QRD04111.1_14094	JI435_128480
lcl|CP069038.1_cds_QRD04112.1_14095	JI435_128490
lcl|CP069038.1_cds_QRD04113.1_14096	JI435_420730
lcl|CP069038.1_cds_QRD04114.1_14097	JI435_128500
lcl|CP069038.1_cds_QRD04115.1_14098	JI435_420740
lcl|CP069038.1_cds_QRD04116.1_14099	JI435_128510
lcl|CP069038.1_cds_QRD04117.1_14100	JI435_128520
lcl|CP069038.1_cds_QRD04118.1_14101	JI435_128530
lcl|CP069038.1_cds_QRD04119.1_14102	JI435_128540
lcl|CP069038.1_cds_QRD04120.1_14103	JI435_128560
lcl|CP069038.1_cds_QRD04121.1_14104	JI435_128570
lcl|CP069038.1_cds_QRD04122.1_14105	JI435_128580
lcl|CP069038.1_cds_QRD04123.1_14106	JI435_128590
lcl|CP069038.1_cds_QRD04124.1_14107	JI435_128600
lcl|CP069038.1_cds_QRD04125.1_14108	JI435_420750
lcl|CP069038.1_cds_QRD04126.1_14109	JI435_128610
lcl|CP069038.1_cds_QRD04127.1_14110	JI435_443010
lcl|CP069038.1_cds_QRD04128.1_14111	JI435_443020
lcl|CP069038.1_cds_QRD04129.1_14112	JI435_128640
lcl|CP069038.1_cds_QRD04130.1_14113	JI435_443030
lcl|CP069038.1_cds_QRD04131.1_14114	JI435_128670
lcl|CP069038.1_cds_QRD04132.1_14115	JI435_308570
lcl|CP069038.1_cds_QRD04133.1_14116	JI435_128700
lcl|CP069038.1_cds_QRD04134.1_14117	JI435_128710
lcl|CP069038.1_cds_QRD04135.1_14118	JI435_128720
lcl|CP069038.1_cds_QRD04136.1_14119	JI435_420760
lcl|CP069038.1_cds_QRD04137.1_14120	JI435_128730
lcl|CP069038.1_cds_QRD04138.1_14121	JI435_128740
lcl|CP069038.1_cds_QRD04139.1_14122	JI435_420770
lcl|CP069038.1_cds_QRD04140.1_14123	JI435_128750
lcl|CP069038.1_cds_QRD04141.1_14124	JI435_420780
lcl|CP069038.1_cds_QRD04142.1_14125	JI435_128760
lcl|CP069038.1_cds_QRD04143.1_14126	JI435_420790
lcl|CP069038.1_cds_QRD04144.1_14127	JI435_128770
lcl|CP069038.1_cds_QRD04145.1_14128	JI435_128780
lcl|CP069038.1_cds_QRD04146.1_14129	JI435_128790
lcl|CP069038.1_cds_QRD04147.1_14130	JI435_128810
lcl|CP069038.1_cds_QRD04148.1_14131	JI435_128820
lcl|CP069038.1_cds_QRD04149.1_14132	JI435_128830
lcl|CP069038.1_cds_QRD04150.1_14133	JI435_128840
lcl|CP069038.1_cds_QRD04151.1_14134	JI435_128850
lcl|CP069038.1_cds_QRD04152.1_14135	JI435_420800
lcl|CP069038.1_cds_QRD04153.1_14136	JI435_128860
lcl|CP069038.1_cds_QRD04154.1_14137	JI435_443080
lcl|CP069038.1_cds_QRD04155.1_14138	JI435_128880
lcl|CP069038.1_cds_QRD04156.1_14139	JI435_128890
lcl|CP069038.1_cds_QRD04157.1_14140	JI435_128900
lcl|CP069038.1_cds_QRD04158.1_14141	JI435_128910
lcl|CP069038.1_cds_QRD04159.1_14142	JI435_128920
lcl|CP069038.1_cds_QRD04160.1_14143	JI435_128930
lcl|CP069038.1_cds_QRD04161.1_14144	JI435_128940
lcl|CP069038.1_cds_QRD04162.1_14145	JI435_128960
lcl|CP069038.1_cds_QRD04163.1_14146	JI435_128970
lcl|CP069038.1_cds_QRD04164.1_14147	JI435_128980
lcl|CP069038.1_cds_QRD04165.1_14148	JI435_128990
lcl|CP069038.1_cds_QRD04166.1_14149	JI435_129000
lcl|CP069038.1_cds_QRD04167.1_14150	JI435_129010
lcl|CP069038.1_cds_QRD04168.1_14151	JI435_129020
lcl|CP069038.1_cds_QRD04169.1_14152	JI435_129030
lcl|CP069038.1_cds_QRD04170.1_14153	JI435_129040
lcl|CP069038.1_cds_QRD04171.1_14154	JI435_129050
lcl|CP069038.1_cds_QRD04172.1_14155	JI435_129060
lcl|CP069038.1_cds_QRD04173.1_14156	JI435_420810
lcl|CP069038.1_cds_QRD04174.1_14157	JI435_129070
lcl|CP069038.1_cds_QRD04175.1_14158	JI435_420820
lcl|CP069038.1_cds_QRD04176.1_14159	JI435_129090
lcl|CP069038.1_cds_QRD04178.1_14160	JI435_129110
lcl|CP069038.1_cds_QRD04177.1_14161	JI435_129110
lcl|CP069038.1_cds_QRD04179.1_14162	JI435_129120
lcl|CP069038.1_cds_QRD04180.1_14163	JI435_443100
lcl|CP069038.1_cds_QRD04181.1_14164	JI435_420830
lcl|CP069038.1_cds_QRD04182.1_14165	JI435_129140
lcl|CP069038.1_cds_QRD04183.1_14166	JI435_129150
lcl|CP069038.1_cds_QRD04184.1_14167	JI435_129170
lcl|CP069038.1_cds_QRD04185.1_14168	JI435_129190
lcl|CP069038.1_cds_QRD04186.1_14169	JI435_420840
lcl|CP069038.1_cds_QRD04187.1_14170	JI435_420850
lcl|CP069038.1_cds_QRD04188.1_14171	JI435_129200
lcl|CP069038.1_cds_QRD04189.1_14172	JI435_129230
lcl|CP069038.1_cds_QRD04190.1_14173	JI435_129250
lcl|CP069038.1_cds_QRD04191.1_14174	JI435_129270
lcl|CP069038.1_cds_QRD04192.1_14175	JI435_443120
lcl|CP069038.1_cds_QRD04193.1_14176	JI435_129280
lcl|CP069038.1_cds_QRD04194.1_14177	JI435_420860
lcl|CP069038.1_cds_QRD04195.1_14178	JI435_129290
lcl|CP069038.1_cds_QRD04196.1_14179	JI435_308580
lcl|CP069038.1_cds_QRD04197.1_14180	JI435_129300
lcl|CP069038.1_cds_QRD04198.1_14181	JI435_129310
lcl|CP069038.1_cds_QRD04199.1_14182	JI435_129320
lcl|CP069038.1_cds_QRD04200.1_14183	JI435_129330
lcl|CP069038.1_cds_QRD04201.1_14184	JI435_129340
lcl|CP069038.1_cds_QRD04202.1_14185	JI435_129350
lcl|CP069038.1_cds_QRD04203.1_14186	JI435_308590
lcl|CP069038.1_cds_QRD04204.1_14187	JI435_308600
lcl|CP069038.1_cds_QRD04205.1_14188	JI435_129390
lcl|CP069038.1_cds_QRD04206.1_14189	JI435_129400
lcl|CP069038.1_cds_QRD04207.1_14190	JI435_129410
lcl|CP069038.1_cds_QRD04208.1_14191	JI435_443130
lcl|CP069038.1_cds_QRD04209.1_14192	JI435_129430
lcl|CP069038.1_cds_QRD04210.1_14193	JI435_129450
lcl|CP069038.1_cds_QRD04211.1_14194	JI435_443140
lcl|CP069038.1_cds_QRD04212.1_14195	JI435_129460
lcl|CP069038.1_cds_QRD04213.1_14196	JI435_129470
lcl|CP069038.1_cds_QRD04214.1_14197	JI435_424880
lcl|CP069038.1_cds_QRD04215.1_14198	JI435_129480
lcl|CP069038.1_cds_QRD04216.1_14199	JI435_129490
lcl|CP069038.1_cds_QRD04217.1_14200	JI435_129500
lcl|CP069038.1_cds_QRD04218.1_14201	JI435_129510
lcl|CP069038.1_cds_QRD04219.1_14202	JI435_129520
lcl|CP069038.1_cds_QRD04220.1_14203	JI435_129530
lcl|CP069038.1_cds_QRD04221.1_14204	JI435_129540
lcl|CP069038.1_cds_QRD04222.1_14205	JI435_129550
lcl|CP069038.1_cds_QRD04223.1_14206	JI435_129560
lcl|CP069038.1_cds_QRD04224.1_14207	JI435_129570
lcl|CP069038.1_cds_QRD04225.1_14208	JI435_129580
lcl|CP069038.1_cds_QRD04226.1_14209	JI435_443150
lcl|CP069038.1_cds_QRD04227.1_14210	JI435_443160
lcl|CP069038.1_cds_QRD04228.1_14211	JI435_129600
lcl|CP069038.1_cds_QRD04229.1_14212	JI435_129610
lcl|CP069038.1_cds_QRD04230.1_14213	JI435_129620
lcl|CP069038.1_cds_QRD04231.1_14214	JI435_129630
lcl|CP069038.1_cds_QRD04232.1_14215	JI435_129640
lcl|CP069038.1_cds_QRD04233.1_14216	JI435_129650
lcl|CP069038.1_cds_QRD04234.1_14217	JI435_129660
lcl|CP069038.1_cds_QRD04235.1_14218	JI435_129670
lcl|CP069038.1_cds_QRD04236.1_14219	JI435_129680
lcl|CP069038.1_cds_QRD04237.1_14220	JI435_420870
lcl|CP069038.1_cds_QRD04238.1_14221	JI435_129690
lcl|CP069038.1_cds_QRD04239.1_14222	JI435_129700
lcl|CP069038.1_cds_QRD04240.1_14223	JI435_129710
lcl|CP069038.1_cds_QRD04241.1_14224	JI435_129720
lcl|CP069038.1_cds_QRD04242.1_14225	JI435_129730
lcl|CP069038.1_cds_QRD04243.1_14226	JI435_129740
lcl|CP069038.1_cds_QRD04244.1_14227	JI435_129750
lcl|CP069038.1_cds_QRD04245.1_14228	JI435_129760
lcl|CP069038.1_cds_QRD04246.1_14229	JI435_129770
lcl|CP069038.1_cds_QRD04247.1_14230	JI435_129780
lcl|CP069038.1_cds_QRD04248.1_14231	JI435_129790
lcl|CP069038.1_cds_QRD04249.1_14232	JI435_129800
lcl|CP069038.1_cds_QRD04250.1_14233	JI435_129810
lcl|CP069038.1_cds_QRD04251.1_14234	JI435_129820
lcl|CP069038.1_cds_QRD04252.1_14235	JI435_129860
lcl|CP069038.1_cds_QRD04253.1_14236	JI435_129870
lcl|CP069038.1_cds_QRD04254.1_14237	JI435_129880
lcl|CP069038.1_cds_QRD04255.1_14238	JI435_129890
lcl|CP069038.1_cds_QRD04256.1_14239	JI435_129900
lcl|CP069038.1_cds_QRD04257.1_14240	JI435_129910
lcl|CP069038.1_cds_QRD04258.1_14241	JI435_129920
lcl|CP069038.1_cds_QRD04259.1_14242	JI435_129930
lcl|CP069038.1_cds_QRD04260.1_14243	JI435_420880
lcl|CP069038.1_cds_QRD04261.1_14244	JI435_129940
lcl|CP069038.1_cds_QRD04262.1_14245	JI435_129950
lcl|CP069038.1_cds_QRD04263.1_14246	JI435_129960
lcl|CP069038.1_cds_QRD04264.1_14247	JI435_129970
lcl|CP069038.1_cds_QRD04265.1_14248	JI435_129980
lcl|CP069038.1_cds_QRD04266.1_14249	JI435_420890
lcl|CP069038.1_cds_QRD04267.1_14250	JI435_129990
lcl|CP069038.1_cds_QRD04268.1_14251	JI435_130000
lcl|CP069038.1_cds_QRD04269.1_14252	JI435_420900
lcl|CP069038.1_cds_QRD04270.1_14253	JI435_130010
lcl|CP069038.1_cds_QRD04271.1_14254	JI435_130010
lcl|CP069038.1_cds_QRD04272.1_14255	JI435_308610
lcl|CP069038.1_cds_QRD04273.1_14256	JI435_308610
lcl|CP069038.1_cds_QRD04274.1_14257	JI435_130030
lcl|CP069038.1_cds_QRD04275.1_14258	JI435_420910
lcl|CP069038.1_cds_QRD04276.1_14259	JI435_420920
lcl|CP069038.1_cds_QRD04277.1_14260	JI435_130050
lcl|CP069038.1_cds_QRD04278.1_14261	JI435_130060
lcl|CP069038.1_cds_QRD04279.1_14262	JI435_130070
lcl|CP069038.1_cds_QRD04280.1_14263	JI435_130080
lcl|CP069038.1_cds_QRD04281.1_14264	JI435_420930
lcl|CP069038.1_cds_QRD04282.1_14265	JI435_130090
lcl|CP069038.1_cds_QRD04283.1_14266	JI435_420940
lcl|CP069038.1_cds_QRD04284.1_14267	JI435_130100
lcl|CP069038.1_cds_QRD04285.1_14268	JI435_130110
lcl|CP069038.1_cds_QRD04286.1_14269	JI435_130120
lcl|CP069038.1_cds_QRD04287.1_14270	JI435_130130
lcl|CP069038.1_cds_QRD04288.1_14271	JI435_130140
lcl|CP069038.1_cds_QRD04289.1_14272	JI435_130150
lcl|CP069038.1_cds_QRD04290.1_14273	JI435_130160
lcl|CP069038.1_cds_QRD04291.1_14274	JI435_130170
lcl|CP069038.1_cds_QRD04292.1_14275	JI435_130180
lcl|CP069038.1_cds_QRD04293.1_14276	JI435_420950
lcl|CP069038.1_cds_QRD04294.1_14277	JI435_130190
lcl|CP069038.1_cds_QRD04295.1_14278	JI435_443220
lcl|CP069038.1_cds_QRD04296.1_14279	JI435_130220
lcl|CP069038.1_cds_QRD04297.1_14280	JI435_130230
lcl|CP069038.1_cds_QRD04298.1_14281	JI435_130240
lcl|CP069038.1_cds_QRD04299.1_14282	JI435_130250
lcl|CP069038.1_cds_QRD04300.1_14283	JI435_130260
lcl|CP069038.1_cds_QRD04301.1_14284	JI435_130270
lcl|CP069038.1_cds_QRD04302.1_14285	JI435_130280
lcl|CP069038.1_cds_QRD04303.1_14286	JI435_130290
lcl|CP069038.1_cds_QRD04304.1_14287	JI435_130300
lcl|CP069038.1_cds_QRD04305.1_14288	JI435_130310
lcl|CP069039.1_cds_QRD04306.1_14289	JI435_161640
lcl|CP069039.1_cds_QRD04307.1_14290	JI435_161630
lcl|CP069039.1_cds_QRD04308.1_14291	JI435_161620
lcl|CP069039.1_cds_QRD04309.1_14292	JI435_420960
lcl|CP069039.1_cds_QRD04310.1_14293	JI435_161610
lcl|CP069039.1_cds_QRD04311.1_14294	JI435_161590
lcl|CP069039.1_cds_QRD04312.1_14295	JI435_161580
lcl|CP069039.1_cds_QRD04313.1_14296	JI435_161570
lcl|CP069039.1_cds_QRD04314.1_14297	JI435_309630
lcl|CP069039.1_cds_QRD04315.1_14298	JI435_161550
lcl|CP069039.1_cds_QRD04316.1_14299	JI435_161540
lcl|CP069039.1_cds_QRD04317.1_14300	JI435_161530
lcl|CP069039.1_cds_QRD04318.1_14301	JI435_161520
lcl|CP069039.1_cds_QRD04319.1_14302	JI435_161510
lcl|CP069039.1_cds_QRD04320.1_14303	JI435_161500
lcl|CP069039.1_cds_QRD04321.1_14304	JI435_161490
lcl|CP069039.1_cds_QRD04322.1_14305	JI435_443330
lcl|CP069039.1_cds_QRD04323.1_14306	JI435_420970
lcl|CP069039.1_cds_QRD04324.1_14307	JI435_161460
lcl|CP069039.1_cds_QRD04325.1_14308	JI435_161450
lcl|CP069039.1_cds_QRD04326.1_14309	JI435_161440
lcl|CP069039.1_cds_QRD04327.1_14310	JI435_161430
lcl|CP069039.1_cds_QRD04328.1_14311	JI435_443340
lcl|CP069039.1_cds_QRD04329.1_14312	JI435_161420
lcl|CP069039.1_cds_QRD04330.1_14313	JI435_161410
lcl|CP069039.1_cds_QRD04331.1_14314	JI435_161400
lcl|CP069039.1_cds_QRD04332.1_14315	JI435_443350
lcl|CP069039.1_cds_QRD04333.1_14316	JI435_309620
lcl|CP069039.1_cds_QRD04334.1_14317	JI435_420980
lcl|CP069039.1_cds_QRD04335.1_14318	JI435_161380
lcl|CP069039.1_cds_QRD04336.1_14319	JI435_161370
lcl|CP069039.1_cds_QRD04337.1_14320	JI435_161360
lcl|CP069039.1_cds_QRD04338.1_14321	JI435_161350
lcl|CP069039.1_cds_QRD04339.1_14322	JI435_420990
lcl|CP069039.1_cds_QRD04340.1_14323	JI435_161340
lcl|CP069039.1_cds_QRD04341.1_14324	JI435_161330
lcl|CP069039.1_cds_QRD04342.1_14325	JI435_161320
lcl|CP069039.1_cds_QRD04343.1_14326	JI435_421000
lcl|CP069039.1_cds_QRD04344.1_14327	JI435_421010
lcl|CP069039.1_cds_QRD04345.1_14328	JI435_161310
lcl|CP069039.1_cds_QRD04346.1_14329	JI435_161300
lcl|CP069039.1_cds_QRD04347.1_14330	JI435_161290
lcl|CP069039.1_cds_QRD04348.1_14331	JI435_161280
lcl|CP069039.1_cds_QRD04349.1_14332	JI435_161270
lcl|CP069039.1_cds_QRD04350.1_14333	JI435_161260
lcl|CP069039.1_cds_QRD04351.1_14334	JI435_161240
lcl|CP069039.1_cds_QRD04352.1_14335	JI435_161230
lcl|CP069039.1_cds_QRD04353.1_14336	JI435_443370
lcl|CP069039.1_cds_QRD04354.1_14337	JI435_161210
lcl|CP069039.1_cds_QRD04355.1_14338	JI435_161200
lcl|CP069039.1_cds_QRD04356.1_14339	JI435_161190
lcl|CP069039.1_cds_QRD04357.1_14340	JI435_161180
lcl|CP069039.1_cds_QRD04358.1_14341	JI435_161170
lcl|CP069039.1_cds_QRD04359.1_14342	JI435_161160
lcl|CP069039.1_cds_QRD04360.1_14343	JI435_161150
lcl|CP069039.1_cds_QRD04361.1_14344	JI435_161140
lcl|CP069039.1_cds_QRD04362.1_14345	JI435_421020
lcl|CP069039.1_cds_QRD04363.1_14346	JI435_161130
lcl|CP069039.1_cds_QRD04364.1_14347	JI435_161120
lcl|CP069039.1_cds_QRD04365.1_14348	JI435_161100
lcl|CP069039.1_cds_QRD04366.1_14349	JI435_161090
lcl|CP069039.1_cds_QRD04367.1_14350	JI435_161080
lcl|CP069039.1_cds_QRD04368.1_14351	JI435_161070
lcl|CP069039.1_cds_QRD04369.1_14352	JI435_421030
lcl|CP069039.1_cds_QRD04370.1_14353	JI435_161060
lcl|CP069039.1_cds_QRD04371.1_14354	JI435_161050
lcl|CP069039.1_cds_QRD04372.1_14355	JI435_309610
lcl|CP069039.1_cds_QRD04373.1_14356	JI435_161030
lcl|CP069039.1_cds_QRD04374.1_14357	JI435_161020
lcl|CP069039.1_cds_QRD04375.1_14358	JI435_161010
lcl|CP069039.1_cds_QRD04376.1_14359	JI435_161000
lcl|CP069039.1_cds_QRD04377.1_14360	JI435_160990
lcl|CP069039.1_cds_QRD04378.1_14361	JI435_160980
lcl|CP069039.1_cds_QRD04379.1_14362	JI435_443400
lcl|CP069039.1_cds_QRD04380.1_14363	JI435_160960
lcl|CP069039.1_cds_QRD04381.1_14364	JI435_160950
lcl|CP069039.1_cds_QRD04382.1_14365	JI435_421040
lcl|CP069039.1_cds_QRD04383.1_14366	JI435_160940
lcl|CP069039.1_cds_QRD04384.1_14367	JI435_421050
lcl|CP069039.1_cds_QRD04385.1_14368	JI435_443410
lcl|CP069039.1_cds_QRD04386.1_14369	JI435_421060
lcl|CP069039.1_cds_QRD04387.1_14370	JI435_421070
lcl|CP069039.1_cds_QRD04388.1_14371	JI435_443430
lcl|CP069039.1_cds_QRD04389.1_14372	JI435_160910
lcl|CP069039.1_cds_QRD04390.1_14373	JI435_160900
lcl|CP069039.1_cds_QRD04391.1_14374	JI435_160880
lcl|CP069039.1_cds_QRD04392.1_14375	JI435_160870
lcl|CP069039.1_cds_QRD04393.1_14376	JI435_160850
lcl|CP069039.1_cds_QRD04394.1_14377	JI435_160840
lcl|CP069039.1_cds_QRD04395.1_14378	JI435_160830
lcl|CP069039.1_cds_QRD04396.1_14379	JI435_160820
lcl|CP069039.1_cds_QRD04397.1_14380	JI435_443440
lcl|CP069039.1_cds_QRD04398.1_14381	JI435_103760
lcl|CP069039.1_cds_QRD04399.1_14382	JI435_306990
lcl|CP069039.1_cds_QRD04400.1_14383	JI435_443480
lcl|CP069039.1_cds_QRD04401.1_14384	JI435_103780
lcl|CP069039.1_cds_QRD04402.1_14385	JI435_103790
lcl|CP069039.1_cds_QRD04403.1_14386	JI435_103800
lcl|CP069039.1_cds_QRD04404.1_14387	JI435_421080
lcl|CP069039.1_cds_QRD04405.1_14388	JI435_103810
lcl|CP069039.1_cds_QRD04406.1_14389	JI435_103820
lcl|CP069039.1_cds_QRD04407.1_14390	JI435_103830
lcl|CP069039.1_cds_QRD04408.1_14391	JI435_421090
lcl|CP069039.1_cds_QRD04409.1_14392	JI435_103850
lcl|CP069039.1_cds_QRD04410.1_14393	JI435_103860
lcl|CP069039.1_cds_QRD04411.1_14394	JI435_421100
lcl|CP069039.1_cds_QRD04412.1_14395	JI435_103870
lcl|CP069039.1_cds_QRD04413.1_14396	JI435_103890
lcl|CP069039.1_cds_QRD04414.1_14397	JI435_103900
lcl|CP069039.1_cds_QRD04415.1_14398	JI435_103910
lcl|CP069039.1_cds_QRD04416.1_14399	JI435_103920
lcl|CP069039.1_cds_QRD04417.1_14400	JI435_103930
lcl|CP069039.1_cds_QRD04418.1_14401	JI435_103940
lcl|CP069039.1_cds_QRD04419.1_14402	JI435_421110
lcl|CP069039.1_cds_QRD04421.1_14403	JI435_421120
lcl|CP069039.1_cds_QRD04420.1_14404	JI435_421120
lcl|CP069039.1_cds_QRD04422.1_14405	JI435_421120
lcl|CP069039.1_cds_QRD04423.1_14406	JI435_103960
lcl|CP069039.1_cds_QRD04424.1_14407	JI435_103960
lcl|CP069039.1_cds_QRD04425.1_14408	JI435_421130
lcl|CP069039.1_cds_QRD04426.1_14409	JI435_103970
lcl|CP069039.1_cds_QRD04427.1_14410	JI435_103980
lcl|CP069039.1_cds_QRD04428.1_14411	JI435_104010
lcl|CP069039.1_cds_QRD04429.1_14412	JI435_307000
lcl|CP069039.1_cds_QRD04430.1_14413	JI435_443490
lcl|CP069039.1_cds_QRD04431.1_14414	JI435_443500
lcl|CP069039.1_cds_QRD04432.1_14415	JI435_104030
lcl|CP069039.1_cds_QRD04433.1_14416	JI435_104040
lcl|CP069039.1_cds_QRD04434.1_14417	JI435_104050
lcl|CP069039.1_cds_QRD04435.1_14418	JI435_104060
lcl|CP069039.1_cds_QRD04436.1_14419	JI435_443510
lcl|CP069039.1_cds_QRD04437.1_14420	JI435_421140
lcl|CP069039.1_cds_QRD04438.1_14421	JI435_104070
lcl|CP069039.1_cds_QRD04439.1_14422	JI435_421150
lcl|CP069039.1_cds_QRD04440.1_14423	JI435_104080
lcl|CP069039.1_cds_QRD04441.1_14424	JI435_104090
lcl|CP069039.1_cds_QRD04442.1_14425	JI435_421160
lcl|CP069039.1_cds_QRD04443.1_14426	JI435_421170
lcl|CP069039.1_cds_QRD04444.1_14427	JI435_104100
lcl|CP069039.1_cds_QRD04445.1_14428	JI435_104110
lcl|CP069039.1_cds_QRD04446.1_14429	JI435_104120
lcl|CP069039.1_cds_QRD04447.1_14430	JI435_104130
lcl|CP069039.1_cds_QRD04448.1_14431	JI435_104140
lcl|CP069039.1_cds_QRD04449.1_14432	JI435_104150
lcl|CP069039.1_cds_QRD04450.1_14433	JI435_104160
lcl|CP069039.1_cds_QRD04451.1_14434	JI435_104180
lcl|CP069039.1_cds_QRD04452.1_14435	JI435_104190
lcl|CP069039.1_cds_QRD04453.1_14436	JI435_104210
lcl|CP069039.1_cds_QRD04454.1_14437	JI435_104220
lcl|CP069039.1_cds_QRD04455.1_14438	JI435_104230
lcl|CP069039.1_cds_QRD04456.1_14439	JI435_104240
lcl|CP069039.1_cds_QRD04457.1_14440	JI435_104250
lcl|CP069039.1_cds_QRD04458.1_14441	JI435_104260
lcl|CP069039.1_cds_QRD04459.1_14442	JI435_421180
lcl|CP069039.1_cds_QRD04460.1_14443	JI435_104270
lcl|CP069039.1_cds_QRD04461.1_14444	JI435_421190
lcl|CP069039.1_cds_QRD04462.1_14445	JI435_421200
lcl|CP069039.1_cds_QRD04463.1_14446	JI435_421210
lcl|CP069039.1_cds_QRD04464.1_14447	JI435_104280
lcl|CP069039.1_cds_QRD04465.1_14448	JI435_421220
lcl|CP069039.1_cds_QRD04466.1_14449	JI435_104290
lcl|CP069039.1_cds_QRD04471.1_14450	JI435_307010
lcl|CP069039.1_cds_QRD04467.1_14451	JI435_307010
lcl|CP069039.1_cds_QRD04468.1_14452	JI435_307010
lcl|CP069039.1_cds_QRD04469.1_14453	JI435_307010
lcl|CP069039.1_cds_QRD04470.1_14454	JI435_307010
lcl|CP069039.1_cds_QRD04472.1_14455	JI435_421240
lcl|CP069039.1_cds_QRD04473.1_14456	JI435_421250
lcl|CP069039.1_cds_QRD04474.1_14457	JI435_421260
lcl|CP069039.1_cds_QRD04475.1_14458	JI435_421270
lcl|CP069039.1_cds_QRD04476.1_14459	JI435_421280
lcl|CP069039.1_cds_QRD04477.1_14460	JI435_104310
lcl|CP069039.1_cds_QRD04478.1_14461	JI435_421290
lcl|CP069039.1_cds_QRD04479.1_14462	JI435_104330
lcl|CP069039.1_cds_QRD04480.1_14463	JI435_104340
lcl|CP069039.1_cds_QRD04481.1_14464	JI435_104350
lcl|CP069039.1_cds_QRD04482.1_14465	JI435_104360
lcl|CP069039.1_cds_QRD04483.1_14466	JI435_421300
lcl|CP069039.1_cds_QRD04484.1_14467	JI435_421310
lcl|CP069039.1_cds_QRD04485.1_14468	JI435_421320
lcl|CP069039.1_cds_QRD04486.1_14469	JI435_421330
lcl|CP069039.1_cds_QRD04487.1_14470	JI435_104380
lcl|CP069039.1_cds_QRD04488.1_14471	JI435_421340
lcl|CP069039.1_cds_QRD04489.1_14472	JI435_421350
lcl|CP069039.1_cds_QRD04490.1_14473	JI435_104390
lcl|CP069039.1_cds_QRD04491.1_14474	JI435_421360
lcl|CP069039.1_cds_QRD04492.1_14475	JI435_421370
lcl|CP069039.1_cds_QRD04493.1_14476	JI435_104400
lcl|CP069039.1_cds_QRD04494.1_14477	JI435_421380
lcl|CP069039.1_cds_QRD04495.1_14478	JI435_104410
lcl|CP069039.1_cds_QRD04496.1_14479	JI435_104420
lcl|CP069039.1_cds_QRD04497.1_14480	JI435_104430
lcl|CP069039.1_cds_QRD04498.1_14481	JI435_421390
lcl|CP069039.1_cds_QRD04499.1_14482	JI435_104440
lcl|CP069039.1_cds_QRD04500.1_14483	JI435_104460
lcl|CP069039.1_cds_QRD04501.1_14484	JI435_421400
lcl|CP069039.1_cds_QRD04502.1_14485	JI435_104470
lcl|CP069039.1_cds_QRD04503.1_14486	JI435_104480
lcl|CP069039.1_cds_QRD04504.1_14487	JI435_104490
lcl|CP069039.1_cds_QRD04505.1_14488	JI435_443570
lcl|CP069039.1_cds_QRD04506.1_14489	JI435_104510
lcl|CP069039.1_cds_QRD04507.1_14490	JI435_104520
lcl|CP069039.1_cds_QRD04508.1_14491	JI435_104530
lcl|CP069039.1_cds_QRD04509.1_14492	JI435_104540
lcl|CP069039.1_cds_QRD04511.1_14493	JI435_104560
lcl|CP069039.1_cds_QRD04510.1_14494	JI435_104560
lcl|CP069039.1_cds_QRD04512.1_14495	JI435_421410
lcl|CP069039.1_cds_QRD04513.1_14496	JI435_421420
lcl|CP069039.1_cds_QRD04514.1_14497	JI435_104570
lcl|CP069039.1_cds_QRD04515.1_14498	JI435_421430
lcl|CP069039.1_cds_QRD04516.1_14499	JI435_104580
lcl|CP069039.1_cds_QRD04517.1_14500	JI435_104590
lcl|CP069039.1_cds_QRD04518.1_14501	JI435_443580
lcl|CP069039.1_cds_QRD04519.1_14502	JI435_104600
lcl|CP069039.1_cds_QRD04520.1_14503	JI435_104610
lcl|CP069039.1_cds_QRD04521.1_14504	JI435_104620
lcl|CP069039.1_cds_QRD04522.1_14505	JI435_104630
lcl|CP069039.1_cds_QRD04523.1_14506	JI435_421440
lcl|CP069039.1_cds_QRD04524.1_14507	JI435_104640
lcl|CP069039.1_cds_QRD04525.1_14508	JI435_307040
lcl|CP069039.1_cds_QRD04526.1_14509	JI435_104670
lcl|CP069039.1_cds_QRD04527.1_14510	JI435_104680
lcl|CP069039.1_cds_QRD04528.1_14511	JI435_104690
lcl|CP069039.1_cds_QRD04529.1_14512	JI435_104700
lcl|CP069039.1_cds_QRD04530.1_14513	JI435_307050
lcl|CP069039.1_cds_QRD04531.1_14514	JI435_104710
lcl|CP069039.1_cds_QRD04532.1_14515	JI435_104720
lcl|CP069039.1_cds_QRD04533.1_14516	JI435_104730
lcl|CP069039.1_cds_QRD04534.1_14517	JI435_104740
lcl|CP069039.1_cds_QRD04535.1_14518	JI435_104750
lcl|CP069039.1_cds_QRD04536.1_14519	JI435_104760
lcl|CP069039.1_cds_QRD04537.1_14520	JI435_104770
lcl|CP069039.1_cds_QRD04538.1_14521	JI435_104780
lcl|CP069039.1_cds_QRD04539.1_14522	JI435_104800
lcl|CP069039.1_cds_QRD04540.1_14523	JI435_104810
lcl|CP069039.1_cds_QRD04541.1_14524	JI435_104820
lcl|CP069039.1_cds_QRD04542.1_14525	JI435_104830
lcl|CP069039.1_cds_QRD04543.1_14526	JI435_104840
lcl|CP069039.1_cds_QRD04544.1_14527	JI435_104840
lcl|CP069039.1_cds_QRD04545.1_14528	JI435_104850
lcl|CP069039.1_cds_QRD04546.1_14529	JI435_104860
lcl|CP069039.1_cds_QRD04547.1_14530	JI435_104870
lcl|CP069039.1_cds_QRD04548.1_14531	JI435_104900
lcl|CP069039.1_cds_QRD04549.1_14532	JI435_104910
lcl|CP069039.1_cds_QRD04550.1_14533	JI435_104920
lcl|CP069039.1_cds_QRD04551.1_14534	JI435_104930
lcl|CP069039.1_cds_QRD04552.1_14535	JI435_307060
lcl|CP069039.1_cds_QRD04553.1_14536	JI435_443600
lcl|CP069039.1_cds_QRD04554.1_14537	JI435_104950
lcl|CP069039.1_cds_QRD04555.1_14538	JI435_104970
lcl|CP069039.1_cds_QRD04556.1_14539	JI435_307070
lcl|CP069039.1_cds_QRD04557.1_14540	JI435_104980
lcl|CP069039.1_cds_QRD04558.1_14541	JI435_104990
lcl|CP069039.1_cds_QRD04559.1_14542	JI435_105000
lcl|CP069039.1_cds_QRD04560.1_14543	JI435_105010
lcl|CP069039.1_cds_QRD04561.1_14544	JI435_105020
lcl|CP069039.1_cds_QRD04562.1_14545	JI435_105030
lcl|CP069039.1_cds_QRD04563.1_14546	JI435_105040
lcl|CP069039.1_cds_QRD04564.1_14547	JI435_105050
lcl|CP069039.1_cds_QRD04565.1_14548	JI435_105060
lcl|CP069039.1_cds_QRD04566.1_14549	JI435_105070
lcl|CP069039.1_cds_QRD04567.1_14550	JI435_105080
lcl|CP069039.1_cds_QRD04568.1_14551	JI435_105090
lcl|CP069039.1_cds_QRD04570.1_14552	JI435_105100
lcl|CP069039.1_cds_QRD04569.1_14553	JI435_105100
lcl|CP069039.1_cds_QRD04571.1_14554	JI435_443620
lcl|CP069039.1_cds_QRD04572.1_14555	JI435_443630
lcl|CP069039.1_cds_QRD04573.1_14556	JI435_105110
lcl|CP069039.1_cds_QRD04574.1_14557	JI435_105120
lcl|CP069039.1_cds_QRD04575.1_14558	JI435_201120
lcl|CP069039.1_cds_QRD04576.1_14559	JI435_421450
lcl|CP069039.1_cds_QRD04577.1_14560	JI435_105140
lcl|CP069039.1_cds_QRD04578.1_14561	JI435_421460
lcl|CP069039.1_cds_QRD04579.1_14562	JI435_105150
lcl|CP069039.1_cds_QRD04580.1_14563	JI435_307080
lcl|CP069039.1_cds_QRD04581.1_14564	JI435_307090
lcl|CP069039.1_cds_QRD04582.1_14565	JI435_105190
lcl|CP069039.1_cds_QRD04583.1_14566	JI435_105200
lcl|CP069039.1_cds_QRD04584.1_14567	JI435_105210
lcl|CP069039.1_cds_QRD04585.1_14568	JI435_105220
lcl|CP069039.1_cds_QRD04586.1_14569	JI435_443680
lcl|CP069039.1_cds_QRD04587.1_14570	JI435_105230
lcl|CP069039.1_cds_QRD04588.1_14571	JI435_105240
lcl|CP069039.1_cds_QRD04589.1_14572	JI435_105250
lcl|CP069039.1_cds_QRD04590.1_14573	JI435_105270
lcl|CP069039.1_cds_QRD04591.1_14574	JI435_105280
lcl|CP069039.1_cds_QRD04592.1_14575	JI435_105290
lcl|CP069039.1_cds_QRD04593.1_14576	JI435_105300
lcl|CP069039.1_cds_QRD04594.1_14577	JI435_105310
lcl|CP069039.1_cds_QRD04595.1_14578	JI435_105320
lcl|CP069039.1_cds_QRD04596.1_14579	JI435_105330
lcl|CP069039.1_cds_QRD04597.1_14580	JI435_105340
lcl|CP069039.1_cds_QRD04598.1_14581	JI435_105350
lcl|CP069039.1_cds_QRD04599.1_14582	JI435_105360
lcl|CP069039.1_cds_QRD04600.1_14583	JI435_105370
lcl|CP069039.1_cds_QRD04601.1_14584	JI435_105380
lcl|CP069039.1_cds_QRD04602.1_14585	JI435_105390
lcl|CP069039.1_cds_QRD04603.1_14586	JI435_105400
lcl|CP069039.1_cds_QRD04604.1_14587	JI435_307100
lcl|CP069039.1_cds_QRD04605.1_14588	JI435_105420
lcl|CP069039.1_cds_QRD04606.1_14589	JI435_105430
lcl|CP069039.1_cds_QRD04607.1_14590	JI435_105440
lcl|CP069039.1_cds_QRD04608.1_14591	JI435_105460
lcl|CP069039.1_cds_QRD04609.1_14592	JI435_421470
lcl|CP069039.1_cds_QRD04610.1_14593	JI435_105470
lcl|CP069039.1_cds_QRD04611.1_14594	JI435_421480
lcl|CP069039.1_cds_QRD04612.1_14595	JI435_105480
lcl|CP069039.1_cds_QRD04613.1_14596	JI435_105490
lcl|CP069039.1_cds_QRD04614.1_14597	JI435_105500
lcl|CP069039.1_cds_QRD04615.1_14598	JI435_105510
lcl|CP069039.1_cds_QRD04616.1_14599	JI435_105520
lcl|CP069039.1_cds_QRD04617.1_14600	JI435_105530
lcl|CP069039.1_cds_QRD04618.1_14601	JI435_105540
lcl|CP069039.1_cds_QRD04619.1_14602	JI435_105550
lcl|CP069039.1_cds_QRD04620.1_14603	JI435_421490
lcl|CP069039.1_cds_QRD04621.1_14604	JI435_105570
lcl|CP069039.1_cds_QRD04622.1_14605	JI435_307110
lcl|CP069039.1_cds_QRD04623.1_14606	JI435_105580
lcl|CP069039.1_cds_QRD04624.1_14607	JI435_105590
lcl|CP069039.1_cds_QRD04625.1_14608	JI435_105600
lcl|CP069039.1_cds_QRD04626.1_14609	JI435_307120
lcl|CP069039.1_cds_QRD04627.1_14610	JI435_105620
lcl|CP069039.1_cds_QRD04628.1_14611	JI435_105630
lcl|CP069039.1_cds_QRD04629.1_14612	JI435_105640
lcl|CP069039.1_cds_QRD04630.1_14613	JI435_105650
lcl|CP069039.1_cds_QRD04631.1_14614	JI435_105660
lcl|CP069039.1_cds_QRD04632.1_14615	JI435_105670
lcl|CP069039.1_cds_QRD04633.1_14616	JI435_421500
lcl|CP069039.1_cds_QRD04634.1_14617	JI435_105680
lcl|CP069039.1_cds_QRD04635.1_14618	JI435_105690
lcl|CP069039.1_cds_QRD04636.1_14619	JI435_105710
lcl|CP069039.1_cds_QRD04637.1_14620	JI435_421510
lcl|CP069039.1_cds_QRD04638.1_14621	JI435_105720
lcl|CP069039.1_cds_QRD04639.1_14622	JI435_105730
lcl|CP069039.1_cds_QRD04640.1_14623	JI435_421520
lcl|CP069039.1_cds_QRD04641.1_14624	JI435_105740
lcl|CP069039.1_cds_QRD04642.1_14625	JI435_105760
lcl|CP069039.1_cds_QRD04643.1_14626	JI435_105770
lcl|CP069039.1_cds_QRD04644.1_14627	JI435_105780
lcl|CP069039.1_cds_QRD04645.1_14628	JI435_105790
lcl|CP069039.1_cds_QRD04646.1_14629	JI435_105800
lcl|CP069039.1_cds_QRD04647.1_14630	JI435_105810
lcl|CP069039.1_cds_QRD04648.1_14631	JI435_105830
lcl|CP069039.1_cds_QRD04649.1_14632	JI435_105840
lcl|CP069039.1_cds_QRD04650.1_14633	JI435_105850
lcl|CP069039.1_cds_QRD04651.1_14634	JI435_105860
lcl|CP069039.1_cds_QRD04652.1_14635	JI435_105870
lcl|CP069039.1_cds_QRD04653.1_14636	JI435_105880
lcl|CP069039.1_cds_QRD04654.1_14637	JI435_105890
lcl|CP069039.1_cds_QRD04655.1_14638	JI435_105900
lcl|CP069039.1_cds_QRD04656.1_14639	JI435_105910
lcl|CP069039.1_cds_QRD04657.1_14640	JI435_105920
lcl|CP069039.1_cds_QRD04658.1_14641	JI435_421530
lcl|CP069039.1_cds_QRD04659.1_14642	JI435_105940
lcl|CP069039.1_cds_QRD04660.1_14643	JI435_105950
lcl|CP069039.1_cds_QRD04661.1_14644	JI435_105960
lcl|CP069039.1_cds_QRD04662.1_14645	JI435_105970
lcl|CP069039.1_cds_QRD04663.1_14646	JI435_307130
lcl|CP069039.1_cds_QRD04664.1_14647	JI435_307140
lcl|CP069039.1_cds_QRD04665.1_14648	JI435_105990
lcl|CP069039.1_cds_QRD04666.1_14649	JI435_106000
lcl|CP069039.1_cds_QRD04667.1_14650	JI435_106010
lcl|CP069039.1_cds_QRD04668.1_14651	JI435_106020
lcl|CP069039.1_cds_QRD04669.1_14652	JI435_106030
lcl|CP069039.1_cds_QRD04670.1_14653	JI435_106070
lcl|CP069039.1_cds_QRD04671.1_14654	JI435_106080
lcl|CP069039.1_cds_QRD04672.1_14655	JI435_106090
lcl|CP069039.1_cds_QRD04673.1_14656	JI435_106120
lcl|CP069039.1_cds_QRD04674.1_14657	JI435_106130
lcl|CP069039.1_cds_QRD04675.1_14658	JI435_106140
lcl|CP069039.1_cds_QRD04676.1_14659	JI435_106150
lcl|CP069039.1_cds_QRD04677.1_14660	JI435_421540
lcl|CP069039.1_cds_QRD04678.1_14661	JI435_106160
lcl|CP069039.1_cds_QRD04679.1_14662	JI435_106170
lcl|CP069039.1_cds_QRD04680.1_14663	JI435_106180
lcl|CP069039.1_cds_QRD04681.1_14664	JI435_106200
lcl|CP069039.1_cds_QRD04682.1_14665	JI435_307150
lcl|CP069039.1_cds_QRD04683.1_14666	JI435_307160
lcl|CP069039.1_cds_QRD04684.1_14667	JI435_307170
lcl|CP069039.1_cds_QRD04685.1_14668	JI435_106230
lcl|CP069039.1_cds_QRD04686.1_14669	JI435_106250
lcl|CP069039.1_cds_QRD04687.1_14670	JI435_421550
lcl|CP069039.1_cds_QRD04688.1_14671	JI435_421560
lcl|CP069039.1_cds_QRD04689.1_14672	JI435_106260
lcl|CP069039.1_cds_QRD04690.1_14673	JI435_106270
lcl|CP069039.1_cds_QRD04691.1_14674	JI435_106290
lcl|CP069039.1_cds_QRD04692.1_14675	JI435_106300
lcl|CP069039.1_cds_QRD04693.1_14676	JI435_421570
lcl|CP069039.1_cds_QRD04694.1_14677	JI435_106310
lcl|CP069039.1_cds_QRD04695.1_14678	JI435_106320
lcl|CP069039.1_cds_QRD04697.1_14679	JI435_106330
lcl|CP069039.1_cds_QRD04696.1_14680	JI435_106330
lcl|CP069039.1_cds_QRD04698.1_14681	JI435_421580
lcl|CP069039.1_cds_QRD04699.1_14682	JI435_106340
lcl|CP069039.1_cds_QRD04700.1_14683	JI435_443730
lcl|CP069039.1_cds_QRD04701.1_14684	JI435_106370
lcl|CP069039.1_cds_QRD04702.1_14685	JI435_106380
lcl|CP069039.1_cds_QRD04703.1_14686	JI435_106390
lcl|CP069039.1_cds_QRD04704.1_14687	JI435_421590
lcl|CP069039.1_cds_QRD04705.1_14688	JI435_106410
lcl|CP069039.1_cds_QRD04706.1_14689	JI435_106430
lcl|CP069039.1_cds_QRD04707.1_14690	JI435_106440
lcl|CP069039.1_cds_QRD04708.1_14691	JI435_106450
lcl|CP069039.1_cds_QRD04709.1_14692	JI435_421600
lcl|CP069039.1_cds_QRD04710.1_14693	JI435_106460
lcl|CP069039.1_cds_QRD04711.1_14694	JI435_106470
lcl|CP069039.1_cds_QRD04712.1_14695	JI435_106480
lcl|CP069039.1_cds_QRD04713.1_14696	JI435_106490
lcl|CP069039.1_cds_QRD04714.1_14697	JI435_106500
lcl|CP069039.1_cds_QRD04715.1_14698	JI435_106510
lcl|CP069039.1_cds_QRD04716.1_14699	JI435_106520
lcl|CP069039.1_cds_QRD04717.1_14700	JI435_106530
lcl|CP069039.1_cds_QRD04718.1_14701	JI435_106540
lcl|CP069039.1_cds_QRD04719.1_14702	JI435_106550
lcl|CP069039.1_cds_QRD04720.1_14703	JI435_106560
lcl|CP069039.1_cds_QRD04721.1_14704	JI435_106580
lcl|CP069039.1_cds_QRD04722.1_14705	JI435_106590
lcl|CP069039.1_cds_QRD04723.1_14706	JI435_307180
lcl|CP069039.1_cds_QRD04724.1_14707	JI435_106610
lcl|CP069039.1_cds_QRD04725.1_14708	JI435_106620
lcl|CP069039.1_cds_QRD04726.1_14709	JI435_106630
lcl|CP069039.1_cds_QRD04727.1_14710	JI435_106640
lcl|CP069039.1_cds_QRD04728.1_14711	JI435_106650
lcl|CP069039.1_cds_QRD04729.1_14712	JI435_443750
lcl|CP069039.1_cds_QRD04730.1_14713	JI435_106670
lcl|CP069039.1_cds_QRD04731.1_14714	JI435_421610
lcl|CP069039.1_cds_QRD04732.1_14715	JI435_106690
lcl|CP069039.1_cds_QRD04733.1_14716	JI435_106700
lcl|CP069039.1_cds_QRD04734.1_14717	JI435_106710
lcl|CP069039.1_cds_QRD04735.1_14718	JI435_106720
lcl|CP069039.1_cds_QRD04736.1_14719	JI435_106730
lcl|CP069039.1_cds_QRD04737.1_14720	JI435_443760
lcl|CP069039.1_cds_QRD04738.1_14721	JI435_106740
lcl|CP069039.1_cds_QRD04739.1_14722	JI435_106750
lcl|CP069039.1_cds_QRD04740.1_14723	JI435_106760
lcl|CP069039.1_cds_QRD04741.1_14724	JI435_106770
lcl|CP069039.1_cds_QRD04742.1_14725	JI435_106780
lcl|CP069039.1_cds_QRD04743.1_14726	JI435_106790
lcl|CP069039.1_cds_QRD04744.1_14727	JI435_106800
lcl|CP069039.1_cds_QRD04745.1_14728	JI435_106810
lcl|CP069039.1_cds_QRD04746.1_14729	JI435_106820
lcl|CP069039.1_cds_QRD04747.1_14730	JI435_106830
lcl|CP069039.1_cds_QRD04748.1_14731	JI435_106840
lcl|CP069039.1_cds_QRD04749.1_14732	JI435_106850
lcl|CP069039.1_cds_QRD04750.1_14733	JI435_106860
lcl|CP069039.1_cds_QRD04751.1_14734	JI435_421620
lcl|CP069039.1_cds_QRD04752.1_14735	JI435_106880
lcl|CP069039.1_cds_QRD04753.1_14736	JI435_106890
lcl|CP069039.1_cds_QRD04754.1_14737	JI435_106900
lcl|CP069039.1_cds_QRD04755.1_14738	JI435_421630
lcl|CP069039.1_cds_QRD04756.1_14739	JI435_106910
lcl|CP069039.1_cds_QRD04757.1_14740	JI435_106930
lcl|CP069039.1_cds_QRD04758.1_14741	JI435_106940
lcl|CP069039.1_cds_QRD04759.1_14742	JI435_421640
lcl|CP069039.1_cds_QRD04760.1_14743	JI435_106950
lcl|CP069039.1_cds_QRD04761.1_14744	JI435_106960
lcl|CP069039.1_cds_QRD04762.1_14745	JI435_106970
lcl|CP069039.1_cds_QRD04763.1_14746	JI435_106990
lcl|CP069039.1_cds_QRD04764.1_14747	JI435_421650
lcl|CP069039.1_cds_QRD04765.1_14748	JI435_107010
lcl|CP069039.1_cds_QRD04766.1_14749	JI435_107020
lcl|CP069039.1_cds_QRD04767.1_14750	JI435_107030
lcl|CP069039.1_cds_QRD04768.1_14751	JI435_107040
lcl|CP069039.1_cds_QRD04769.1_14752	JI435_107050
lcl|CP069039.1_cds_QRD04770.1_14753	JI435_107060
lcl|CP069039.1_cds_QRD04771.1_14754	JI435_107070
lcl|CP069039.1_cds_QRD04772.1_14755	JI435_107080
lcl|CP069039.1_cds_QRD04773.1_14756	JI435_107090
lcl|CP069039.1_cds_QRD04774.1_14757	JI435_107100
lcl|CP069039.1_cds_QRD04775.1_14758	JI435_107110
lcl|CP069039.1_cds_QRD04776.1_14759	JI435_421660
lcl|CP069039.1_cds_QRD04777.1_14760	JI435_107120
lcl|CP069039.1_cds_QRD04778.1_14761	JI435_107130
lcl|CP069039.1_cds_QRD04779.1_14762	JI435_443810
lcl|CP069039.1_cds_QRD04780.1_14763	JI435_421670
lcl|CP069039.1_cds_QRD04781.1_14764	JI435_421680
lcl|CP069039.1_cds_QRD04782.1_14765	JI435_107140
lcl|CP069039.1_cds_QRD04783.1_14766	JI435_107160
lcl|CP069039.1_cds_QRD04784.1_14767	JI435_107190
lcl|CP069039.1_cds_QRD04785.1_14768	JI435_421690
lcl|CP069039.1_cds_QRD04786.1_14769	JI435_307190
lcl|CP069039.1_cds_QRD04787.1_14770	JI435_107210
lcl|CP069039.1_cds_QRD04788.1_14771	JI435_107220
lcl|CP069039.1_cds_QRD04789.1_14772	JI435_107230
lcl|CP069039.1_cds_QRD04790.1_14773	JI435_421700
lcl|CP069039.1_cds_QRD04791.1_14774	JI435_421710
lcl|CP069039.1_cds_QRD04792.1_14775	JI435_107240
lcl|CP069039.1_cds_QRD04794.1_14776	JI435_107250
lcl|CP069039.1_cds_QRD04793.1_14777	JI435_107250
lcl|CP069039.1_cds_QRD04795.1_14778	JI435_421720
lcl|CP069039.1_cds_QRD04796.1_14779	JI435_107260
lcl|CP069039.1_cds_QRD04797.1_14780	JI435_107270
lcl|CP069039.1_cds_QRD04798.1_14781	JI435_107280
lcl|CP069039.1_cds_QRD04799.1_14782	JI435_107290
lcl|CP069039.1_cds_QRD04800.1_14783	JI435_421730
lcl|CP069039.1_cds_QRD04801.1_14784	JI435_107300
lcl|CP069039.1_cds_QRD04802.1_14785	JI435_107310
lcl|CP069039.1_cds_QRD04803.1_14786	JI435_107320
lcl|CP069039.1_cds_QRD04804.1_14787	JI435_421740
lcl|CP069039.1_cds_QRD04805.1_14788	JI435_107330
lcl|CP069039.1_cds_QRD04806.1_14789	JI435_421750
lcl|CP069039.1_cds_QRD04807.1_14790	JI435_107340
lcl|CP069039.1_cds_QRD04808.1_14791	JI435_107360
lcl|CP069039.1_cds_QRD04809.1_14792	JI435_107370
lcl|CP069039.1_cds_QRD04810.1_14793	JI435_421760
lcl|CP069039.1_cds_QRD04811.1_14794	JI435_107390
lcl|CP069039.1_cds_QRD04812.1_14795	JI435_443840
lcl|CP069039.1_cds_QRD04813.1_14796	JI435_107410
lcl|CP069039.1_cds_QRD04814.1_14797	JI435_107420
lcl|CP069039.1_cds_QRD04815.1_14798	JI435_421770
lcl|CP069039.1_cds_QRD04816.1_14799	JI435_107430
lcl|CP069039.1_cds_QRD04817.1_14800	JI435_107440
lcl|CP069039.1_cds_QRD04818.1_14801	JI435_107450
lcl|CP069039.1_cds_QRD04819.1_14802	JI435_107460
lcl|CP069039.1_cds_QRD04820.1_14803	JI435_107470
lcl|CP069039.1_cds_QRD04821.1_14804	JI435_107480
lcl|CP069039.1_cds_QRD04822.1_14805	JI435_107490
lcl|CP069039.1_cds_QRD04823.1_14806	JI435_107510
lcl|CP069039.1_cds_QRD04824.1_14807	JI435_307200
lcl|CP069039.1_cds_QRD04825.1_14808	JI435_107520
lcl|CP069039.1_cds_QRD04826.1_14809	JI435_107530
lcl|CP069039.1_cds_QRD04827.1_14810	JI435_107540
lcl|CP069039.1_cds_QRD04828.1_14811	JI435_107550
lcl|CP069039.1_cds_QRD04829.1_14812	JI435_421780
lcl|CP069039.1_cds_QRD04830.1_14813	JI435_107560
lcl|CP069039.1_cds_QRD04831.1_14814	JI435_421790
lcl|CP069039.1_cds_QRD04832.1_14815	JI435_107570
lcl|CP069039.1_cds_QRD04833.1_14816	JI435_421800
lcl|CP069039.1_cds_QRD04834.1_14817	JI435_307210
lcl|CP069039.1_cds_QRD04835.1_14818	JI435_107580
lcl|CP069039.1_cds_QRD04836.1_14819	JI435_107590
lcl|CP069039.1_cds_QRD04837.1_14820	JI435_107600
lcl|CP069039.1_cds_QRD04838.1_14821	JI435_307220
lcl|CP069039.1_cds_QRD04839.1_14822	JI435_107610
lcl|CP069039.1_cds_QRD04840.1_14823	JI435_107620
lcl|CP069039.1_cds_QRD04841.1_14824	JI435_421810
lcl|CP069039.1_cds_QRD04842.1_14825	JI435_421820
lcl|CP069039.1_cds_QRD04843.1_14826	JI435_421830
lcl|CP069039.1_cds_QRD04844.1_14827	JI435_107630
lcl|CP069039.1_cds_QRD04845.1_14828	JI435_421840
lcl|CP069039.1_cds_QRD04846.1_14829	JI435_107640
lcl|CP069039.1_cds_QRD04847.1_14830	JI435_107650
lcl|CP069039.1_cds_QRD04848.1_14831	JI435_107660
lcl|CP069039.1_cds_QRD04849.1_14832	JI435_107670
lcl|CP069039.1_cds_QRD04850.1_14833	JI435_107680
lcl|CP069039.1_cds_QRD04851.1_14834	JI435_421850
lcl|CP069039.1_cds_QRD04852.1_14835	JI435_107690
lcl|CP069039.1_cds_QRD04853.1_14836	JI435_107700
lcl|CP069039.1_cds_QRD04854.1_14837	JI435_107710
lcl|CP069039.1_cds_QRD04855.1_14838	JI435_421860
lcl|CP069039.1_cds_QRD04856.1_14839	JI435_421870
lcl|CP069039.1_cds_QRD04857.1_14840	JI435_107720
lcl|CP069039.1_cds_QRD04858.1_14841	JI435_107730
lcl|CP069039.1_cds_QRD04859.1_14842	JI435_421880
lcl|CP069039.1_cds_QRD04860.1_14843	JI435_107740
lcl|CP069039.1_cds_QRD04861.1_14844	JI435_421890
lcl|CP069039.1_cds_QRD04862.1_14845	JI435_107750
lcl|CP069039.1_cds_QRD04863.1_14846	JI435_107760
lcl|CP069039.1_cds_QRD04864.1_14847	JI435_107770
lcl|CP069039.1_cds_QRD04865.1_14848	JI435_107780
lcl|CP069039.1_cds_QRD04866.1_14849	JI435_307230
lcl|CP069039.1_cds_QRD04868.1_14850	JI435_107790
lcl|CP069039.1_cds_QRD04867.1_14851	JI435_107790
lcl|CP069039.1_cds_QRD04869.1_14852	JI435_107800
lcl|CP069039.1_cds_QRD04870.1_14853	JI435_107810
lcl|CP069039.1_cds_QRD04871.1_14854	JI435_107820
lcl|CP069039.1_cds_QRD04872.1_14855	JI435_107830
lcl|CP069039.1_cds_QRD04873.1_14856	JI435_107840
lcl|CP069039.1_cds_QRD04874.1_14857	JI435_307240
lcl|CP069039.1_cds_QRD04875.1_14858	JI435_107860
lcl|CP069039.1_cds_QRD04876.1_14859	JI435_107870
lcl|CP069039.1_cds_QRD04877.1_14860	JI435_107880
lcl|CP069039.1_cds_QRD04878.1_14861	JI435_107890
lcl|CP069039.1_cds_QRD04879.1_14862	JI435_107900
lcl|CP069039.1_cds_QRD04880.1_14863	JI435_107910
lcl|CP069039.1_cds_QRD04881.1_14864	JI435_107920
lcl|CP069039.1_cds_QRD04882.1_14865	JI435_107940
lcl|CP069039.1_cds_QRD04883.1_14866	JI435_107960
lcl|CP069039.1_cds_QRD04884.1_14867	JI435_107970
lcl|CP069039.1_cds_QRD04885.1_14868	JI435_107980
lcl|CP069039.1_cds_QRD04886.1_14869	JI435_107990
lcl|CP069039.1_cds_QRD04887.1_14870	JI435_108000
lcl|CP069039.1_cds_QRD04888.1_14871	JI435_443860
lcl|CP069039.1_cds_QRD04889.1_14872	JI435_108020
lcl|CP069039.1_cds_QRD04890.1_14873	JI435_108030
lcl|CP069039.1_cds_QRD04891.1_14874	JI435_108040
lcl|CP069039.1_cds_QRD04892.1_14875	JI435_108050
lcl|CP069039.1_cds_QRD04893.1_14876	JI435_108060
lcl|CP069039.1_cds_QRD04894.1_14877	JI435_421900
lcl|CP069039.1_cds_QRD04895.1_14878	JI435_307250
lcl|CP069039.1_cds_QRD04896.1_14879	JI435_108080
lcl|CP069039.1_cds_QRD04897.1_14880	JI435_108090
lcl|CP069039.1_cds_QRD04898.1_14881	JI435_108100
lcl|CP069039.1_cds_QRD04899.1_14882	JI435_108110
lcl|CP069039.1_cds_QRD04900.1_14883	JI435_108120
lcl|CP069039.1_cds_QRD04901.1_14884	JI435_108130
lcl|CP069039.1_cds_QRD04902.1_14885	JI435_108140
lcl|CP069039.1_cds_QRD04903.1_14886	JI435_108150
lcl|CP069039.1_cds_QRD04904.1_14887	JI435_108160
lcl|CP069039.1_cds_QRD04905.1_14888	JI435_108170
lcl|CP069039.1_cds_QRD04906.1_14889	JI435_108190
lcl|CP069039.1_cds_QRD04907.1_14890	JI435_108190
lcl|CP069039.1_cds_QRD04908.1_14891	JI435_108200
lcl|CP069039.1_cds_QRD04909.1_14892	JI435_108220
lcl|CP069039.1_cds_QRD04910.1_14893	JI435_108240
lcl|CP069039.1_cds_QRD04911.1_14894	JI435_108250
lcl|CP069039.1_cds_QRD04912.1_14895	JI435_443900
lcl|CP069039.1_cds_QRD04913.1_14896	JI435_108270
lcl|CP069039.1_cds_QRD04914.1_14897	JI435_108280
lcl|CP069039.1_cds_QRD04915.1_14898	JI435_307270
lcl|CP069039.1_cds_QRD04916.1_14899	JI435_108320
lcl|CP069039.1_cds_QRD04917.1_14900	JI435_108330
lcl|CP069039.1_cds_QRD04918.1_14901	JI435_108360
lcl|CP069039.1_cds_QRD04919.1_14902	JI435_108370
lcl|CP069039.1_cds_QRD04920.1_14903	JI435_108390
lcl|CP069039.1_cds_QRD04921.1_14904	JI435_108400
lcl|CP069039.1_cds_QRD04922.1_14905	JI435_108430
lcl|CP069039.1_cds_QRD04923.1_14906	JI435_108440
lcl|CP069039.1_cds_QRD04924.1_14907	JI435_108450
lcl|CP069039.1_cds_QRD04925.1_14908	JI435_108470
lcl|CP069039.1_cds_QRD04926.1_14909	JI435_108480
lcl|CP069040.1_cds_QRD04927.1_14910	JI435_443970
lcl|CP069040.1_cds_QRD04928.1_14911	JI435_108490
lcl|CP069040.1_cds_QRD04929.1_14912	JI435_108510
lcl|CP069040.1_cds_QRD04930.1_14913	JI435_421910
lcl|CP069040.1_cds_QRD04931.1_14914	JI435_108520
lcl|CP069040.1_cds_QRD04932.1_14915	JI435_108530
lcl|CP069040.1_cds_QRD04933.1_14916	JI435_108540
lcl|CP069040.1_cds_QRD04934.1_14917	JI435_108550
lcl|CP069040.1_cds_QRD04935.1_14918	JI435_108560
lcl|CP069040.1_cds_QRD04936.1_14919	JI435_108570
lcl|CP069040.1_cds_QRD04937.1_14920	JI435_307390
lcl|CP069040.1_cds_QRD04938.1_14921	JI435_108580
lcl|CP069040.1_cds_QRD04939.1_14922	JI435_108590
lcl|CP069040.1_cds_QRD04940.1_14923	JI435_108600
lcl|CP069040.1_cds_QRD04941.1_14924	JI435_108610
lcl|CP069040.1_cds_QRD04942.1_14925	JI435_108620
lcl|CP069040.1_cds_QRD04943.1_14926	JI435_108630
lcl|CP069040.1_cds_QRD04944.1_14927	JI435_108650
lcl|CP069040.1_cds_QRD04945.1_14928	JI435_421920
lcl|CP069040.1_cds_QRD04946.1_14929	JI435_421930
lcl|CP069040.1_cds_QRD04947.1_14930	JI435_421940
lcl|CP069040.1_cds_QRD04948.1_14931	JI435_108660
lcl|CP069040.1_cds_QRD04949.1_14932	JI435_108670
lcl|CP069040.1_cds_QRD04950.1_14933	JI435_108680
lcl|CP069040.1_cds_QRD04951.1_14934	JI435_444010
lcl|CP069040.1_cds_QRD04952.1_14935	JI435_108690
lcl|CP069040.1_cds_QRD04953.1_14936	JI435_108700
lcl|CP069040.1_cds_QRD04954.1_14937	JI435_108710
lcl|CP069040.1_cds_QRD04955.1_14938	JI435_108720
lcl|CP069040.1_cds_QRD04956.1_14939	JI435_108730
lcl|CP069040.1_cds_QRD04957.1_14940	JI435_108740
lcl|CP069040.1_cds_QRD04958.1_14941	JI435_108750
lcl|CP069040.1_cds_QRD04959.1_14942	JI435_108760
lcl|CP069040.1_cds_QRD04960.1_14943	JI435_108770
lcl|CP069040.1_cds_QRD04961.1_14944	JI435_108780
lcl|CP069040.1_cds_QRD04962.1_14945	JI435_108800
lcl|CP069040.1_cds_QRD04963.1_14946	JI435_108810
lcl|CP069040.1_cds_QRD04964.1_14947	JI435_307400
lcl|CP069040.1_cds_QRD04965.1_14948	JI435_108820
lcl|CP069040.1_cds_QRD04966.1_14949	JI435_108830
lcl|CP069040.1_cds_QRD04967.1_14950	JI435_108850
lcl|CP069040.1_cds_QRD04968.1_14951	JI435_108860
lcl|CP069040.1_cds_QRD04969.1_14952	JI435_108870
lcl|CP069040.1_cds_QRD04970.1_14953	JI435_108890
lcl|CP069040.1_cds_QRD04971.1_14954	JI435_108900
lcl|CP069040.1_cds_QRD04972.1_14955	JI435_108910
lcl|CP069040.1_cds_QRD04973.1_14956	JI435_108920
lcl|CP069040.1_cds_QRD04974.1_14957	JI435_108930
lcl|CP069040.1_cds_QRD04975.1_14958	JI435_108940
lcl|CP069040.1_cds_QRD04976.1_14959	JI435_108950
lcl|CP069040.1_cds_QRD04977.1_14960	JI435_108970
lcl|CP069040.1_cds_QRD04978.1_14961	JI435_108980
lcl|CP069040.1_cds_QRD04979.1_14962	JI435_108990
lcl|CP069040.1_cds_QRD04980.1_14963	JI435_109000
lcl|CP069040.1_cds_QRD04981.1_14964	JI435_109020
lcl|CP069040.1_cds_QRD04982.1_14965	JI435_109030
lcl|CP069040.1_cds_QRD04983.1_14966	JI435_109040
lcl|CP069040.1_cds_QRD04984.1_14967	JI435_109060
lcl|CP069040.1_cds_QRD04985.1_14968	JI435_109070
lcl|CP069040.1_cds_QRD04986.1_14969	JI435_109080
lcl|CP069040.1_cds_QRD04987.1_14970	JI435_109090
lcl|CP069040.1_cds_QRD04988.1_14971	JI435_109100
lcl|CP069040.1_cds_QRD04990.1_14972	JI435_109110
lcl|CP069040.1_cds_QRD04989.1_14973	JI435_109110
lcl|CP069040.1_cds_QRD04991.1_14974	JI435_444030
lcl|CP069040.1_cds_QRD04992.1_14975	JI435_109130
lcl|CP069040.1_cds_QRD04993.1_14976	JI435_109140
lcl|CP069040.1_cds_QRD04994.1_14977	JI435_109150
lcl|CP069040.1_cds_QRD04995.1_14978	JI435_109160
lcl|CP069040.1_cds_QRD04996.1_14979	JI435_109170
lcl|CP069040.1_cds_QRD04997.1_14980	JI435_444040
lcl|CP069040.1_cds_QRD04998.1_14981	JI435_109190
lcl|CP069040.1_cds_QRD04999.1_14982	JI435_109200
lcl|CP069040.1_cds_QRD05000.1_14983	JI435_109210
lcl|CP069040.1_cds_QRD05001.1_14984	JI435_109220
lcl|CP069040.1_cds_QRD05002.1_14985	JI435_109240
lcl|CP069040.1_cds_QRD05003.1_14986	JI435_109250
lcl|CP069040.1_cds_QRD05004.1_14987	JI435_109260
lcl|CP069040.1_cds_QRD05005.1_14988	JI435_109280
lcl|CP069040.1_cds_QRD05006.1_14989	JI435_307410
lcl|CP069040.1_cds_QRD05007.1_14990	JI435_109300
lcl|CP069040.1_cds_QRD05008.1_14991	JI435_109310
lcl|CP069040.1_cds_QRD05009.1_14992	JI435_109320
lcl|CP069040.1_cds_QRD05010.1_14993	JI435_109320
lcl|CP069040.1_cds_QRD05011.1_14994	JI435_109330
lcl|CP069040.1_cds_QRD05012.1_14995	JI435_109340
lcl|CP069040.1_cds_QRD05013.1_14996	JI435_109350
lcl|CP069040.1_cds_QRD05014.1_14997	JI435_109360
lcl|CP069040.1_cds_QRD05015.1_14998	JI435_109380
lcl|CP069040.1_cds_QRD05016.1_14999	JI435_109390
lcl|CP069040.1_cds_QRD05018.1_15000	JI435_109400
lcl|CP069040.1_cds_QRD05017.1_15001	JI435_109400
lcl|CP069040.1_cds_QRD05019.1_15002	JI435_109410
lcl|CP069040.1_cds_QRD05020.1_15003	JI435_109420
lcl|CP069040.1_cds_QRD05021.1_15004	JI435_109440
lcl|CP069040.1_cds_QRD05022.1_15005	JI435_109460
lcl|CP069040.1_cds_QRD05023.1_15006	JI435_109470
lcl|CP069040.1_cds_QRD05024.1_15007	JI435_109480
lcl|CP069040.1_cds_QRD05025.1_15008	JI435_421950
lcl|CP069040.1_cds_QRD05026.1_15009	JI435_109490
lcl|CP069040.1_cds_QRD05027.1_15010	JI435_109500
lcl|CP069040.1_cds_QRD05028.1_15011	JI435_109510
lcl|CP069040.1_cds_QRD05029.1_15012	JI435_307420
lcl|CP069040.1_cds_QRD05030.1_15013	JI435_109520
lcl|CP069040.1_cds_QRD05031.1_15014	JI435_109530
lcl|CP069040.1_cds_QRD05032.1_15015	JI435_109540
lcl|CP069040.1_cds_QRD05033.1_15016	JI435_109550
lcl|CP069040.1_cds_QRD05034.1_15017	JI435_109560
lcl|CP069040.1_cds_QRD05035.1_15018	JI435_109570
lcl|CP069040.1_cds_QRD05036.1_15019	JI435_109580
lcl|CP069040.1_cds_QRD05037.1_15020	JI435_109590
lcl|CP069040.1_cds_QRD05038.1_15021	JI435_109600
lcl|CP069040.1_cds_QRD05039.1_15022	JI435_109610
lcl|CP069040.1_cds_QRD05040.1_15023	JI435_109630
lcl|CP069040.1_cds_QRD05041.1_15024	JI435_109640
lcl|CP069040.1_cds_QRD05042.1_15025	JI435_109660
lcl|CP069040.1_cds_QRD05043.1_15026	JI435_109670
lcl|CP069040.1_cds_QRD05044.1_15027	JI435_109680
lcl|CP069040.1_cds_QRD05045.1_15028	JI435_109690
lcl|CP069040.1_cds_QRD05046.1_15029	JI435_109700
lcl|CP069040.1_cds_QRD05047.1_15030	JI435_109720
lcl|CP069040.1_cds_QRD05048.1_15031	JI435_109730
lcl|CP069040.1_cds_QRD05049.1_15032	JI435_109740
lcl|CP069040.1_cds_QRD05050.1_15033	JI435_109750
lcl|CP069040.1_cds_QRD05051.1_15034	JI435_109760
lcl|CP069040.1_cds_QRD05052.1_15035	JI435_109770
lcl|CP069040.1_cds_QRD05053.1_15036	JI435_109780
lcl|CP069040.1_cds_QRD05054.1_15037	JI435_421960
lcl|CP069040.1_cds_QRD05055.1_15038	JI435_109790
lcl|CP069040.1_cds_QRD05056.1_15039	JI435_307430
lcl|CP069040.1_cds_QRD05057.1_15040	JI435_109800
lcl|CP069040.1_cds_QRD05058.1_15041	JI435_109810
lcl|CP069040.1_cds_QRD05059.1_15042	JI435_421970
lcl|CP069040.1_cds_QRD05060.1_15043	JI435_109830
lcl|CP069040.1_cds_QRD05061.1_15044	JI435_109850
lcl|CP069040.1_cds_QRD05062.1_15045	JI435_109860
lcl|CP069040.1_cds_QRD05063.1_15046	JI435_109870
lcl|CP069040.1_cds_QRD05064.1_15047	JI435_109880
lcl|CP069040.1_cds_QRD05065.1_15048	JI435_109890
lcl|CP069040.1_cds_QRD05066.1_15049	JI435_421980
lcl|CP069040.1_cds_QRD05067.1_15050	JI435_421990
lcl|CP069040.1_cds_QRD05068.1_15051	JI435_109900
lcl|CP069040.1_cds_QRD05069.1_15052	JI435_422000
lcl|CP069040.1_cds_QRD05070.1_15053	JI435_109910
lcl|CP069040.1_cds_QRD05071.1_15054	JI435_109920
lcl|CP069040.1_cds_QRD05072.1_15055	JI435_109930
lcl|CP069040.1_cds_QRD05073.1_15056	JI435_109940
lcl|CP069040.1_cds_QRD05074.1_15057	JI435_109950
lcl|CP069040.1_cds_QRD05075.1_15058	JI435_109960
lcl|CP069040.1_cds_QRD05076.1_15059	JI435_109970
lcl|CP069040.1_cds_QRD05077.1_15060	JI435_109980
lcl|CP069040.1_cds_QRD05078.1_15061	JI435_109990
lcl|CP069040.1_cds_QRD05079.1_15062	JI435_110000
lcl|CP069040.1_cds_QRD05080.1_15063	JI435_110020
lcl|CP069040.1_cds_QRD05081.1_15064	JI435_110040
lcl|CP069040.1_cds_QRD05082.1_15065	JI435_307440
lcl|CP069040.1_cds_QRD05083.1_15066	JI435_110050
lcl|CP069040.1_cds_QRD05084.1_15067	JI435_110060
lcl|CP069040.1_cds_QRD05085.1_15068	JI435_110070
lcl|CP069040.1_cds_QRD05086.1_15069	JI435_110080
lcl|CP069040.1_cds_QRD05087.1_15070	JI435_422010
lcl|CP069040.1_cds_QRD05088.1_15071	JI435_110090
lcl|CP069040.1_cds_QRD05089.1_15072	JI435_110100
lcl|CP069040.1_cds_QRD05090.1_15073	JI435_422020
lcl|CP069040.1_cds_QRD05091.1_15074	JI435_110110
lcl|CP069040.1_cds_QRD05092.1_15075	JI435_110130
lcl|CP069040.1_cds_QRD05093.1_15076	JI435_307450
lcl|CP069040.1_cds_QRD05094.1_15077	JI435_110140
lcl|CP069040.1_cds_QRD05095.1_15078	JI435_110150
lcl|CP069040.1_cds_QRD05096.1_15079	JI435_110150
lcl|CP069040.1_cds_QRD05097.1_15080	JI435_110160
lcl|CP069040.1_cds_QRD05098.1_15081	JI435_110170
lcl|CP069040.1_cds_QRD05099.1_15082	JI435_110180
lcl|CP069040.1_cds_QRD05100.1_15083	JI435_110190
lcl|CP069040.1_cds_QRD05101.1_15084	JI435_110200
lcl|CP069040.1_cds_QRD05102.1_15085	JI435_110210
lcl|CP069040.1_cds_QRD05103.1_15086	JI435_110230
lcl|CP069040.1_cds_QRD05104.1_15087	JI435_110240
lcl|CP069040.1_cds_QRD05105.1_15088	JI435_422030
lcl|CP069040.1_cds_QRD05106.1_15089	JI435_110260
lcl|CP069040.1_cds_QRD05107.1_15090	JI435_110270
lcl|CP069040.1_cds_QRD05108.1_15091	JI435_110280
lcl|CP069040.1_cds_QRD05109.1_15092	JI435_110290
lcl|CP069040.1_cds_QRD05110.1_15093	JI435_110300
lcl|CP069040.1_cds_QRD05111.1_15094	JI435_110310
lcl|CP069040.1_cds_QRD05112.1_15095	JI435_444100
lcl|CP069040.1_cds_QRD05113.1_15096	JI435_201150
lcl|CP069040.1_cds_QRD05114.1_15097	JI435_110320
lcl|CP069040.1_cds_QRD05115.1_15098	JI435_110330
lcl|CP069040.1_cds_QRD05117.1_15099	JI435_110340
lcl|CP069040.1_cds_QRD05116.1_15100	JI435_110340
lcl|CP069040.1_cds_QRD05118.1_15101	JI435_422040
lcl|CP069040.1_cds_QRD05119.1_15102	JI435_110350
lcl|CP069040.1_cds_QRD05120.1_15103	JI435_110360
lcl|CP069040.1_cds_QRD05121.1_15104	JI435_110370
lcl|CP069040.1_cds_QRD05122.1_15105	JI435_110380
lcl|CP069040.1_cds_QRD05123.1_15106	JI435_110390
lcl|CP069040.1_cds_QRD05124.1_15107	JI435_110400
lcl|CP069040.1_cds_QRD05125.1_15108	JI435_110410
lcl|CP069040.1_cds_QRD05126.1_15109	JI435_110420
lcl|CP069040.1_cds_QRD05127.1_15110	JI435_444110
lcl|CP069040.1_cds_QRD05128.1_15111	JI435_110430
lcl|CP069040.1_cds_QRD05129.1_15112	JI435_110440
lcl|CP069040.1_cds_QRD05130.1_15113	JI435_110450
lcl|CP069040.1_cds_QRD05131.1_15114	JI435_422050
lcl|CP069040.1_cds_QRD05133.1_15115	JI435_422060
lcl|CP069040.1_cds_QRD05132.1_15116	JI435_422060
lcl|CP069040.1_cds_QRD05134.1_15117	JI435_110470
lcl|CP069040.1_cds_QRD05135.1_15118	JI435_422070
lcl|CP069040.1_cds_QRD05136.1_15119	JI435_110480
lcl|CP069040.1_cds_QRD05137.1_15120	JI435_110490
lcl|CP069040.1_cds_QRD05138.1_15121	JI435_110500
lcl|CP069040.1_cds_QRD05139.1_15122	JI435_110520
lcl|CP069040.1_cds_QRD05140.1_15123	JI435_307460
lcl|CP069040.1_cds_QRD05141.1_15124	JI435_110530
lcl|CP069040.1_cds_QRD05142.1_15125	JI435_110540
lcl|CP069040.1_cds_QRD05143.1_15126	JI435_110550
lcl|CP069040.1_cds_QRD05144.1_15127	JI435_422080
lcl|CP069040.1_cds_QRD05145.1_15128	JI435_110560
lcl|CP069040.1_cds_QRD05146.1_15129	JI435_110570
lcl|CP069040.1_cds_QRD05147.1_15130	JI435_110580
lcl|CP069040.1_cds_QRD05148.1_15131	JI435_110590
lcl|CP069040.1_cds_QRD05149.1_15132	JI435_110600
lcl|CP069040.1_cds_QRD05150.1_15133	JI435_307470
lcl|CP069040.1_cds_QRD05151.1_15134	JI435_110630
lcl|CP069040.1_cds_QRD05152.1_15135	JI435_110660
lcl|CP069040.1_cds_QRD05153.1_15136	JI435_444130
lcl|CP069040.1_cds_QRD05154.1_15137	JI435_422090
lcl|CP069040.1_cds_QRD05155.1_15138	JI435_110680
lcl|CP069040.1_cds_QRD05156.1_15139	JI435_110690
lcl|CP069040.1_cds_QRD05157.1_15140	JI435_110700
lcl|CP069040.1_cds_QRD05158.1_15141	JI435_110710
lcl|CP069040.1_cds_QRD05159.1_15142	JI435_110720
lcl|CP069040.1_cds_QRD05160.1_15143	JI435_110730
lcl|CP069040.1_cds_QRD05161.1_15144	JI435_110740
lcl|CP069040.1_cds_QRD05162.1_15145	JI435_110760
lcl|CP069040.1_cds_QRD05163.1_15146	JI435_422100
lcl|CP069040.1_cds_QRD05164.1_15147	JI435_110770
lcl|CP069040.1_cds_QRD05165.1_15148	JI435_110780
lcl|CP069040.1_cds_QRD05166.1_15149	JI435_422110
lcl|CP069040.1_cds_QRD05167.1_15150	JI435_110790
lcl|CP069040.1_cds_QRD05168.1_15151	JI435_110800
lcl|CP069040.1_cds_QRD05169.1_15152	JI435_110810
lcl|CP069040.1_cds_QRD05170.1_15153	JI435_110820
lcl|CP069040.1_cds_QRD05171.1_15154	JI435_110840
lcl|CP069040.1_cds_QRD05172.1_15155	JI435_110850
lcl|CP069040.1_cds_QRD05173.1_15156	JI435_110860
lcl|CP069040.1_cds_QRD05174.1_15157	JI435_110870
lcl|CP069040.1_cds_QRD05175.1_15158	JI435_444150
lcl|CP069040.1_cds_QRD05176.1_15159	JI435_110880
lcl|CP069040.1_cds_QRD05177.1_15160	JI435_110890
lcl|CP069040.1_cds_QRD05178.1_15161	JI435_110910
lcl|CP069040.1_cds_QRD05179.1_15162	JI435_110920
lcl|CP069040.1_cds_QRD05180.1_15163	JI435_307480
lcl|CP069040.1_cds_QRD05181.1_15164	JI435_110930
lcl|CP069040.1_cds_QRD05182.1_15165	JI435_110940
lcl|CP069040.1_cds_QRD05183.1_15166	JI435_110950
lcl|CP069040.1_cds_QRD05184.1_15167	JI435_110960
lcl|CP069040.1_cds_QRD05185.1_15168	JI435_110970
lcl|CP069040.1_cds_QRD05186.1_15169	JI435_110980
lcl|CP069040.1_cds_QRD05187.1_15170	JI435_110990
lcl|CP069040.1_cds_QRD05188.1_15171	JI435_111010
lcl|CP069040.1_cds_QRD05189.1_15172	JI435_111020
lcl|CP069040.1_cds_QRD05190.1_15173	JI435_111030
lcl|CP069040.1_cds_QRD05191.1_15174	JI435_444180
lcl|CP069040.1_cds_QRD05192.1_15175	JI435_444190
lcl|CP069040.1_cds_QRD05193.1_15176	JI435_111050
lcl|CP069040.1_cds_QRD05194.1_15177	JI435_111060
lcl|CP069040.1_cds_QRD05195.1_15178	JI435_111070
lcl|CP069040.1_cds_QRD05196.1_15179	JI435_111090
lcl|CP069040.1_cds_QRD05197.1_15180	JI435_307490
lcl|CP069040.1_cds_QRD05198.1_15181	JI435_307500
lcl|CP069040.1_cds_QRD05199.1_15182	JI435_111120
lcl|CP069040.1_cds_QRD05200.1_15183	JI435_111130
lcl|CP069040.1_cds_QRD05201.1_15184	JI435_111140
lcl|CP069040.1_cds_QRD05202.1_15185	JI435_111150
lcl|CP069040.1_cds_QRD05203.1_15186	JI435_111160
lcl|CP069040.1_cds_QRD05204.1_15187	JI435_111170
lcl|CP069040.1_cds_QRD05205.1_15188	JI435_422120
lcl|CP069040.1_cds_QRD05206.1_15189	JI435_422130
lcl|CP069040.1_cds_QRD05207.1_15190	JI435_111180
lcl|CP069040.1_cds_QRD05208.1_15191	JI435_422140
lcl|CP069040.1_cds_QRD05209.1_15192	JI435_111190
lcl|CP069040.1_cds_QRD05210.1_15193	JI435_111200
lcl|CP069040.1_cds_QRD05211.1_15194	JI435_111210
lcl|CP069040.1_cds_QRD05212.1_15195	JI435_111230
lcl|CP069040.1_cds_QRD05213.1_15196	JI435_111240
lcl|CP069040.1_cds_QRD05214.1_15197	JI435_307510
lcl|CP069040.1_cds_QRD05216.1_15198	JI435_111250
lcl|CP069040.1_cds_QRD05215.1_15199	JI435_111250
lcl|CP069040.1_cds_QRD05217.1_15200	JI435_422150
lcl|CP069040.1_cds_QRD05219.1_15201	JI435_111260
lcl|CP069040.1_cds_QRD05218.1_15202	JI435_111260
lcl|CP069040.1_cds_QRD05220.1_15203	JI435_444210
lcl|CP069040.1_cds_QRD05221.1_15204	JI435_111270
lcl|CP069040.1_cds_QRD05222.1_15205	JI435_111280
lcl|CP069040.1_cds_QRD05223.1_15206	JI435_111290
lcl|CP069040.1_cds_QRD05224.1_15207	JI435_111300
lcl|CP069040.1_cds_QRD05225.1_15208	JI435_111310
lcl|CP069040.1_cds_QRD05226.1_15209	JI435_111320
lcl|CP069040.1_cds_QRD05227.1_15210	JI435_111330
lcl|CP069040.1_cds_QRD05228.1_15211	JI435_111340
lcl|CP069040.1_cds_QRD05229.1_15212	JI435_111350
lcl|CP069040.1_cds_QRD05230.1_15213	JI435_111360
lcl|CP069040.1_cds_QRD05231.1_15214	JI435_422160
lcl|CP069040.1_cds_QRD05232.1_15215	JI435_422170
lcl|CP069040.1_cds_QRD05233.1_15216	JI435_111370
lcl|CP069040.1_cds_QRD05234.1_15217	JI435_111380
lcl|CP069040.1_cds_QRD05235.1_15218	JI435_111390
lcl|CP069040.1_cds_QRD05236.1_15219	JI435_111400
lcl|CP069040.1_cds_QRD05237.1_15220	JI435_111410
lcl|CP069040.1_cds_QRD05238.1_15221	JI435_111420
lcl|CP069040.1_cds_QRD05239.1_15222	JI435_111430
lcl|CP069040.1_cds_QRD05240.1_15223	JI435_111440
lcl|CP069040.1_cds_QRD05241.1_15224	JI435_111450
lcl|CP069040.1_cds_QRD05242.1_15225	JI435_444220
lcl|CP069040.1_cds_QRD05243.1_15226	JI435_111460
lcl|CP069040.1_cds_QRD05244.1_15227	JI435_111470
lcl|CP069040.1_cds_QRD05245.1_15228	JI435_111470
lcl|CP069040.1_cds_QRD05246.1_15229	JI435_111480
lcl|CP069040.1_cds_QRD05247.1_15230	JI435_111490
lcl|CP069040.1_cds_QRD05248.1_15231	JI435_111500
lcl|CP069040.1_cds_QRD05249.1_15232	JI435_111510
lcl|CP069040.1_cds_QRD05250.1_15233	JI435_111520
lcl|CP069040.1_cds_QRD05251.1_15234	JI435_111530
lcl|CP069040.1_cds_QRD05252.1_15235	JI435_111550
lcl|CP069040.1_cds_QRD05253.1_15236	JI435_111560
lcl|CP069040.1_cds_QRD05254.1_15237	JI435_111570
lcl|CP069040.1_cds_QRD05255.1_15238	JI435_422180
lcl|CP069040.1_cds_QRD05256.1_15239	JI435_111580
lcl|CP069040.1_cds_QRD05257.1_15240	JI435_111590
lcl|CP069040.1_cds_QRD05258.1_15241	JI435_111600
lcl|CP069040.1_cds_QRD05259.1_15242	JI435_422190
lcl|CP069040.1_cds_QRD05260.1_15243	JI435_444240
lcl|CP069040.1_cds_QRD05261.1_15244	JI435_422200
lcl|CP069040.1_cds_QRD05262.1_15245	JI435_111610
lcl|CP069040.1_cds_QRD05263.1_15246	JI435_422210
lcl|CP069040.1_cds_QRD05264.1_15247	JI435_111620
lcl|CP069040.1_cds_QRD05265.1_15248	JI435_307520
lcl|CP069040.1_cds_QRD05266.1_15249	JI435_111630
lcl|CP069040.1_cds_QRD05267.1_15250	JI435_111640
lcl|CP069040.1_cds_QRD05268.1_15251	JI435_111650
lcl|CP069040.1_cds_QRD05269.1_15252	JI435_111660
lcl|CP069040.1_cds_QRD05270.1_15253	JI435_307530
lcl|CP069040.1_cds_QRD05271.1_15254	JI435_111670
lcl|CP069040.1_cds_QRD05272.1_15255	JI435_111680
lcl|CP069040.1_cds_QRD05273.1_15256	JI435_111690
lcl|CP069040.1_cds_QRD05274.1_15257	JI435_111720
lcl|CP069040.1_cds_QRD05275.1_15258	JI435_307540
lcl|CP069040.1_cds_QRD05276.1_15259	JI435_444260
lcl|CP069040.1_cds_QRD05277.1_15260	JI435_111740
lcl|CP069040.1_cds_QRD05278.1_15261	JI435_111750
lcl|CP069040.1_cds_QRD05279.1_15262	JI435_111770
lcl|CP069040.1_cds_QRD05280.1_15263	JI435_307550
lcl|CP069040.1_cds_QRD05281.1_15264	JI435_111780
lcl|CP069040.1_cds_QRD05282.1_15265	JI435_111790
lcl|CP069040.1_cds_QRD05283.1_15266	JI435_111800
lcl|CP069040.1_cds_QRD05284.1_15267	JI435_111810
lcl|CP069040.1_cds_QRD05285.1_15268	JI435_111820
lcl|CP069040.1_cds_QRD05286.1_15269	JI435_444270
lcl|CP069040.1_cds_QRD05287.1_15270	JI435_111860
lcl|CP069040.1_cds_QRD05288.1_15271	JI435_307560
lcl|CP069040.1_cds_QRD05289.1_15272	JI435_307570
lcl|CP069040.1_cds_QRD05290.1_15273	JI435_111870
lcl|CP069040.1_cds_QRD05291.1_15274	JI435_111890
lcl|CP069040.1_cds_QRD05292.1_15275	JI435_111900
lcl|CP069040.1_cds_QRD05293.1_15276	JI435_111910
lcl|CP069040.1_cds_QRD05294.1_15277	JI435_111920
lcl|CP069040.1_cds_QRD05295.1_15278	JI435_422220
lcl|CP069040.1_cds_QRD05296.1_15279	JI435_111930
lcl|CP069040.1_cds_QRD05297.1_15280	JI435_111940
lcl|CP069040.1_cds_QRD05298.1_15281	JI435_111950
lcl|CP069040.1_cds_QRD05299.1_15282	JI435_111960
lcl|CP069040.1_cds_QRD05300.1_15283	JI435_307580
lcl|CP069040.1_cds_QRD05301.1_15284	JI435_111980
lcl|CP069040.1_cds_QRD05302.1_15285	JI435_112000
lcl|CP069040.1_cds_QRD05303.1_15286	JI435_112020
lcl|CP069040.1_cds_QRD05304.1_15287	JI435_112030
lcl|CP069040.1_cds_QRD05305.1_15288	JI435_422230
lcl|CP069040.1_cds_QRD05306.1_15289	JI435_112040
lcl|CP069040.1_cds_QRD05307.1_15290	JI435_422240
lcl|CP069040.1_cds_QRD05308.1_15291	JI435_112060
lcl|CP069040.1_cds_QRD05309.1_15292	JI435_112070
lcl|CP069040.1_cds_QRD05310.1_15293	JI435_112080
lcl|CP069040.1_cds_QRD05311.1_15294	JI435_112090
lcl|CP069040.1_cds_QRD05312.1_15295	JI435_422250
lcl|CP069040.1_cds_QRD05313.1_15296	JI435_422260
lcl|CP069040.1_cds_QRD05314.1_15297	JI435_112100
lcl|CP069040.1_cds_QRD05315.1_15298	JI435_112110
lcl|CP069040.1_cds_QRD05316.1_15299	JI435_112120
lcl|CP069040.1_cds_QRD05317.1_15300	JI435_112130
lcl|CP069040.1_cds_QRD05318.1_15301	JI435_112140
lcl|CP069040.1_cds_QRD05319.1_15302	JI435_444280
lcl|CP069040.1_cds_QRD05320.1_15303	JI435_112160
lcl|CP069040.1_cds_QRD05321.1_15304	JI435_422270
lcl|CP069040.1_cds_QRD05322.1_15305	JI435_112170
lcl|CP069040.1_cds_QRD05323.1_15306	JI435_112190
lcl|CP069040.1_cds_QRD05324.1_15307	JI435_112210
lcl|CP069040.1_cds_QRD05325.1_15308	JI435_112220
lcl|CP069040.1_cds_QRD05326.1_15309	JI435_112230
lcl|CP069040.1_cds_QRD05327.1_15310	JI435_422280
lcl|CP069040.1_cds_QRD05328.1_15311	JI435_112240
lcl|CP069040.1_cds_QRD05329.1_15312	JI435_112250
lcl|CP069040.1_cds_QRD05330.1_15313	JI435_422290
lcl|CP069040.1_cds_QRD05331.1_15314	JI435_112260
lcl|CP069040.1_cds_QRD05332.1_15315	JI435_112270
lcl|CP069040.1_cds_QRD05333.1_15316	JI435_112300
lcl|CP069040.1_cds_QRD05334.1_15317	JI435_422300
lcl|CP069040.1_cds_QRD05335.1_15318	JI435_422310
lcl|CP069040.1_cds_QRD05336.1_15319	JI435_112310
lcl|CP069040.1_cds_QRD05337.1_15320	JI435_422320
lcl|CP069040.1_cds_QRD05338.1_15321	JI435_112320
lcl|CP069040.1_cds_QRD05339.1_15322	JI435_112330
lcl|CP069040.1_cds_QRD05340.1_15323	JI435_112340
lcl|CP069040.1_cds_QRD05341.1_15324	JI435_112350
lcl|CP069040.1_cds_QRD05342.1_15325	JI435_112360
lcl|CP069040.1_cds_QRD05343.1_15326	JI435_112370
lcl|CP069040.1_cds_QRD05344.1_15327	JI435_112380
lcl|CP069040.1_cds_QRD05345.1_15328	JI435_112390
lcl|CP069040.1_cds_QRD05346.1_15329	JI435_112400
lcl|CP069040.1_cds_QRD05347.1_15330	JI435_112410
lcl|CP069040.1_cds_QRD05348.1_15331	JI435_112420
lcl|CP069040.1_cds_QRD05349.1_15332	JI435_112430
lcl|CP069040.1_cds_QRD05350.1_15333	JI435_112450
lcl|CP069040.1_cds_QRD05351.1_15334	JI435_112460
lcl|CP069040.1_cds_QRD05352.1_15335	JI435_112470
lcl|CP069040.1_cds_QRD05353.1_15336	JI435_112480
lcl|CP069040.1_cds_QRD05354.1_15337	JI435_307590
lcl|CP069040.1_cds_QRD05355.1_15338	JI435_112490
lcl|CP069040.1_cds_QRD05356.1_15339	JI435_112500
lcl|CP069040.1_cds_QRD05357.1_15340	JI435_112510
lcl|CP069040.1_cds_QRD05358.1_15341	JI435_307600
lcl|CP069040.1_cds_QRD05359.1_15342	JI435_112540
lcl|CP069040.1_cds_QRD05360.1_15343	JI435_112550
lcl|CP069040.1_cds_QRD05361.1_15344	JI435_422330
lcl|CP069040.1_cds_QRD05362.1_15345	JI435_112560
lcl|CP069040.1_cds_QRD05363.1_15346	JI435_112570
lcl|CP069040.1_cds_QRD05364.1_15347	JI435_112580
lcl|CP069040.1_cds_QRD05365.1_15348	JI435_112590
lcl|CP069040.1_cds_QRD05366.1_15349	JI435_112610
lcl|CP069040.1_cds_QRD05367.1_15350	JI435_422340
lcl|CP069040.1_cds_QRD05368.1_15351	JI435_444320
lcl|CP069040.1_cds_QRD05369.1_15352	JI435_422350
lcl|CP069040.1_cds_QRD05370.1_15353	JI435_112630
lcl|CP069040.1_cds_QRD05371.1_15354	JI435_112640
lcl|CP069040.1_cds_QRD05372.1_15355	JI435_444330
lcl|CP069040.1_cds_QRD05373.1_15356	JI435_422360
lcl|CP069040.1_cds_QRD05374.1_15357	JI435_112660
lcl|CP069040.1_cds_QRD05375.1_15358	JI435_307610
lcl|CP069040.1_cds_QRD05376.1_15359	JI435_112680
lcl|CP069040.1_cds_QRD05377.1_15360	JI435_112690
lcl|CP069040.1_cds_QRD05378.1_15361	JI435_112700
lcl|CP069040.1_cds_QRD05379.1_15362	JI435_422370
lcl|CP069040.1_cds_QRD05380.1_15363	JI435_444360
lcl|CP069040.1_cds_QRD05381.1_15364	JI435_155410
lcl|CP069040.1_cds_QRD05382.1_15365	JI435_155400
lcl|CP069040.1_cds_QRD05383.1_15366	JI435_155370
lcl|CP069040.1_cds_QRD05385.1_15367	JI435_422380
lcl|CP069040.1_cds_QRD05384.1_15368	JI435_422380
lcl|CP069040.1_cds_QRD05386.1_15369	JI435_155360
lcl|CP069040.1_cds_QRD05387.1_15370	JI435_309360
lcl|CP069040.1_cds_QRD05388.1_15371	JI435_422390
lcl|CP069040.1_cds_QRD05389.1_15372	JI435_155350
lcl|CP069040.1_cds_QRD05390.1_15373	JI435_155340
lcl|CP069040.1_cds_QRD05391.1_15374	JI435_155330
lcl|CP069040.1_cds_QRD05392.1_15375	JI435_155320
lcl|CP069040.1_cds_QRD05393.1_15376	JI435_422400
lcl|CP069040.1_cds_QRD05394.1_15377	JI435_155310
lcl|CP069040.1_cds_QRD05395.1_15378	JI435_155300
lcl|CP069040.1_cds_QRD05396.1_15379	JI435_155290
lcl|CP069040.1_cds_QRD05397.1_15380	JI435_155280
lcl|CP069040.1_cds_QRD05398.1_15381	JI435_155270
lcl|CP069040.1_cds_QRD05399.1_15382	JI435_155260
lcl|CP069040.1_cds_QRD05400.1_15383	JI435_155250
lcl|CP069040.1_cds_QRD05401.1_15384	JI435_422410
lcl|CP069040.1_cds_QRD05402.1_15385	JI435_155240
lcl|CP069040.1_cds_QRD05403.1_15386	JI435_155230
lcl|CP069040.1_cds_QRD05404.1_15387	JI435_155220
lcl|CP069040.1_cds_QRD05405.1_15388	JI435_155210
lcl|CP069040.1_cds_QRD05406.1_15389	JI435_155190
lcl|CP069040.1_cds_QRD05407.1_15390	JI435_309350
lcl|CP069040.1_cds_QRD05408.1_15391	JI435_155140
lcl|CP069040.1_cds_QRD05409.1_15392	JI435_155130
lcl|CP069040.1_cds_QRD05410.1_15393	JI435_422420
lcl|CP069040.1_cds_QRD05411.1_15394	JI435_155120
lcl|CP069040.1_cds_QRD05412.1_15395	JI435_155110
lcl|CP069040.1_cds_QRD05413.1_15396	JI435_155100
lcl|CP069040.1_cds_QRD05414.1_15397	JI435_155080
lcl|CP069040.1_cds_QRD05415.1_15398	JI435_155070
lcl|CP069040.1_cds_QRD05416.1_15399	JI435_309340
lcl|CP069040.1_cds_QRD05417.1_15400	JI435_155040
lcl|CP069040.1_cds_QRD05418.1_15401	JI435_155030
lcl|CP069040.1_cds_QRD05419.1_15402	JI435_155020
lcl|CP069040.1_cds_QRD05420.1_15403	JI435_155000
lcl|CP069040.1_cds_QRD05421.1_15404	JI435_154990
lcl|CP069040.1_cds_QRD05422.1_15405	JI435_422430
lcl|CP069040.1_cds_QRD05423.1_15406	JI435_154980
lcl|CP069040.1_cds_QRD05424.1_15407	JI435_422440
lcl|CP069040.1_cds_QRD05425.1_15408	JI435_154970
lcl|CP069040.1_cds_QRD05426.1_15409	JI435_154960
lcl|CP069040.1_cds_QRD05427.1_15410	JI435_154950
lcl|CP069040.1_cds_QRD05428.1_15411	JI435_422450
lcl|CP069040.1_cds_QRD05429.1_15412	JI435_154940
lcl|CP069040.1_cds_QRD05430.1_15413	JI435_154930
lcl|CP069040.1_cds_QRD05431.1_15414	JI435_154920
lcl|CP069040.1_cds_QRD05432.1_15415	JI435_154910
lcl|CP069040.1_cds_QRD05433.1_15416	JI435_154900
lcl|CP069040.1_cds_QRD05434.1_15417	JI435_154890
lcl|CP069040.1_cds_QRD05435.1_15418	JI435_154880
lcl|CP069040.1_cds_QRD05436.1_15419	JI435_154870
lcl|CP069040.1_cds_QRD05437.1_15420	JI435_154860
lcl|CP069040.1_cds_QRD05438.1_15421	JI435_154840
lcl|CP069040.1_cds_QRD05439.1_15422	JI435_309330
lcl|CP069040.1_cds_QRD05440.1_15423	JI435_154830
lcl|CP069040.1_cds_QRD05441.1_15424	JI435_154810
lcl|CP069040.1_cds_QRD05442.1_15425	JI435_154800
lcl|CP069040.1_cds_QRD05443.1_15426	JI435_422460
lcl|CP069040.1_cds_QRD05444.1_15427	JI435_154780
lcl|CP069040.1_cds_QRD05445.1_15428	JI435_422470
lcl|CP069040.1_cds_QRD05446.1_15429	JI435_154760
lcl|CP069040.1_cds_QRD05447.1_15430	JI435_154750
lcl|CP069040.1_cds_QRD05448.1_15431	JI435_154740
lcl|CP069040.1_cds_QRD05449.1_15432	JI435_154720
lcl|CP069040.1_cds_QRD05450.1_15433	JI435_154710
lcl|CP069040.1_cds_QRD05451.1_15434	JI435_309320
lcl|CP069040.1_cds_QRD05452.1_15435	JI435_422480
lcl|CP069040.1_cds_QRD05453.1_15436	JI435_154690
lcl|CP069040.1_cds_QRD05454.1_15437	JI435_154680
lcl|CP069040.1_cds_QRD05455.1_15438	JI435_154670
lcl|CP069040.1_cds_QRD05456.1_15439	JI435_154660
lcl|CP069040.1_cds_QRD05457.1_15440	JI435_154650
lcl|CP069040.1_cds_QRD05458.1_15441	JI435_154640
lcl|CP069040.1_cds_QRD05459.1_15442	JI435_154620
lcl|CP069040.1_cds_QRD05460.1_15443	JI435_154610
lcl|CP069040.1_cds_QRD05461.1_15444	JI435_154610
lcl|CP069040.1_cds_QRD05462.1_15445	JI435_154600
lcl|CP069040.1_cds_QRD05463.1_15446	JI435_154590
lcl|CP069040.1_cds_QRD05464.1_15447	JI435_154580
lcl|CP069040.1_cds_QRD05465.1_15448	JI435_422490
lcl|CP069040.1_cds_QRD05466.1_15449	JI435_154570
lcl|CP069040.1_cds_QRD05467.1_15450	JI435_154560
lcl|CP069040.1_cds_QRD05468.1_15451	JI435_154550
lcl|CP069040.1_cds_QRD05469.1_15452	JI435_154540
lcl|CP069040.1_cds_QRD05470.1_15453	JI435_154530
lcl|CP069040.1_cds_QRD05471.1_15454	JI435_154510
lcl|CP069040.1_cds_QRD05472.1_15455	JI435_154500
lcl|CP069040.1_cds_QRD05473.1_15456	JI435_154490
lcl|CP069040.1_cds_QRD05474.1_15457	JI435_154480
lcl|CP069040.1_cds_QRD05475.1_15458	JI435_154470
lcl|CP069040.1_cds_QRD05476.1_15459	JI435_154450
lcl|CP069040.1_cds_QRD05477.1_15460	JI435_154440
lcl|CP069040.1_cds_QRD05478.1_15461	JI435_154430
lcl|CP069040.1_cds_QRD05479.1_15462	JI435_154410
lcl|CP069040.1_cds_QRD05480.1_15463	JI435_154400
lcl|CP069040.1_cds_QRD05481.1_15464	JI435_154390
lcl|CP069040.1_cds_QRD05482.1_15465	JI435_309310
lcl|CP069040.1_cds_QRD05483.1_15466	JI435_444460
lcl|CP069040.1_cds_QRD05484.1_15467	JI435_444470
lcl|CP069040.1_cds_QRD05485.1_15468	JI435_154340
lcl|CP069040.1_cds_QRD05486.1_15469	JI435_154330
lcl|CP069040.1_cds_QRD05487.1_15470	JI435_154320
lcl|CP069040.1_cds_QRD05488.1_15471	JI435_154310
lcl|CP069040.1_cds_QRD05489.1_15472	JI435_154300
lcl|CP069040.1_cds_QRD05490.1_15473	JI435_154290
lcl|CP069040.1_cds_QRD05491.1_15474	JI435_154280
lcl|CP069040.1_cds_QRD05492.1_15475	JI435_154270
lcl|CP069040.1_cds_QRD05493.1_15476	JI435_154260
lcl|CP069040.1_cds_QRD05494.1_15477	JI435_154240
lcl|CP069040.1_cds_QRD05495.1_15478	JI435_154230
lcl|CP069040.1_cds_QRD05496.1_15479	JI435_422500
lcl|CP069040.1_cds_QRD05497.1_15480	JI435_154220
lcl|CP069040.1_cds_QRD05498.1_15481	JI435_154200
lcl|CP069040.1_cds_QRD05499.1_15482	JI435_154190
lcl|CP069040.1_cds_QRD05500.1_15483	JI435_154180
lcl|CP069040.1_cds_QRD05501.1_15484	JI435_154170
lcl|CP069040.1_cds_QRD05502.1_15485	JI435_154150
lcl|CP069040.1_cds_QRD05503.1_15486	JI435_154140
lcl|CP069040.1_cds_QRD05504.1_15487	JI435_154130
lcl|CP069040.1_cds_QRD05505.1_15488	JI435_422510
lcl|CP069040.1_cds_QRD05506.1_15489	JI435_309300
lcl|CP069040.1_cds_QRD05507.1_15490	JI435_422520
lcl|CP069041.1_cds_QRD05508.1_15491	JI435_057910
lcl|CP069041.1_cds_QRD05509.1_15492	JI435_057930
lcl|CP069041.1_cds_QRD05510.1_15493	JI435_057950
lcl|CP069041.1_cds_QRD05511.1_15494	JI435_304120
lcl|CP069041.1_cds_QRD05512.1_15495	JI435_057970
lcl|CP069041.1_cds_QRD05513.1_15496	JI435_057980
lcl|CP069041.1_cds_QRD05514.1_15497	JI435_057990
lcl|CP069041.1_cds_QRD05515.1_15498	JI435_058000
lcl|CP069041.1_cds_QRD05516.1_15499	JI435_058010
lcl|CP069041.1_cds_QRD05517.1_15500	JI435_058020
lcl|CP069041.1_cds_QRD05518.1_15501	JI435_058030
lcl|CP069041.1_cds_QRD05519.1_15502	JI435_304130
lcl|CP069041.1_cds_QRD05520.1_15503	JI435_058040
lcl|CP069041.1_cds_QRD05521.1_15504	JI435_058050
lcl|CP069041.1_cds_QRD05522.1_15505	JI435_058060
lcl|CP069041.1_cds_QRD05523.1_15506	JI435_058070
lcl|CP069041.1_cds_QRD05524.1_15507	JI435_058080
lcl|CP069041.1_cds_QRD05525.1_15508	JI435_058090
lcl|CP069041.1_cds_QRD05526.1_15509	JI435_444500
lcl|CP069041.1_cds_QRD05527.1_15510	JI435_058100
lcl|CP069041.1_cds_QRD05528.1_15511	JI435_444510
lcl|CP069041.1_cds_QRD05529.1_15512	JI435_058120
lcl|CP069041.1_cds_QRD05530.1_15513	JI435_200610
lcl|CP069041.1_cds_QRD05531.1_15514	JI435_058130
lcl|CP069041.1_cds_QRD05532.1_15515	JI435_058140
lcl|CP069041.1_cds_QRD05533.1_15516	JI435_058150
lcl|CP069041.1_cds_QRD05534.1_15517	JI435_304150
lcl|CP069041.1_cds_QRD05535.1_15518	JI435_058170
lcl|CP069041.1_cds_QRD05536.1_15519	JI435_058180
lcl|CP069041.1_cds_QRD05537.1_15520	JI435_058200
lcl|CP069041.1_cds_QRD05538.1_15521	JI435_058220
lcl|CP069041.1_cds_QRD05539.1_15522	JI435_058230
lcl|CP069041.1_cds_QRD05540.1_15523	JI435_058250
lcl|CP069041.1_cds_QRD05541.1_15524	JI435_058270
lcl|CP069041.1_cds_QRD05542.1_15525	JI435_304160
lcl|CP069041.1_cds_QRD05543.1_15526	JI435_058280
lcl|CP069041.1_cds_QRD05544.1_15527	JI435_058290
lcl|CP069041.1_cds_QRD05545.1_15528	JI435_422530
lcl|CP069041.1_cds_QRD05546.1_15529	JI435_444560
lcl|CP069041.1_cds_QRD05547.1_15530	JI435_058310
lcl|CP069041.1_cds_QRD05548.1_15531	JI435_058320
lcl|CP069041.1_cds_QRD05549.1_15532	JI435_058340
lcl|CP069041.1_cds_QRD05550.1_15533	JI435_058350
lcl|CP069041.1_cds_QRD05551.1_15534	JI435_058360
lcl|CP069041.1_cds_QRD05552.1_15535	JI435_058370
lcl|CP069041.1_cds_QRD05553.1_15536	JI435_058380
lcl|CP069041.1_cds_QRD05554.1_15537	JI435_058390
lcl|CP069041.1_cds_QRD05555.1_15538	JI435_058400
lcl|CP069041.1_cds_QRD05556.1_15539	JI435_058410
lcl|CP069041.1_cds_QRD05557.1_15540	JI435_058420
lcl|CP069041.1_cds_QRD05558.1_15541	JI435_444590
lcl|CP069041.1_cds_QRD05559.1_15542	JI435_058450
lcl|CP069041.1_cds_QRD05560.1_15543	JI435_058460
lcl|CP069041.1_cds_QRD05561.1_15544	JI435_058470
lcl|CP069041.1_cds_QRD05562.1_15545	JI435_304170
lcl|CP069041.1_cds_QRD05563.1_15546	JI435_058480
lcl|CP069041.1_cds_QRD05564.1_15547	JI435_058490
lcl|CP069041.1_cds_QRD05565.1_15548	JI435_058500
lcl|CP069041.1_cds_QRD05566.1_15549	JI435_058510
lcl|CP069041.1_cds_QRD05567.1_15550	JI435_200620
lcl|CP069041.1_cds_QRD05568.1_15551	JI435_058520
lcl|CP069041.1_cds_QRD05569.1_15552	JI435_058530
lcl|CP069041.1_cds_QRD05570.1_15553	JI435_444610
lcl|CP069041.1_cds_QRD05571.1_15554	JI435_058550
lcl|CP069041.1_cds_QRD05572.1_15555	JI435_058560
lcl|CP069041.1_cds_QRD05573.1_15556	JI435_444620
lcl|CP069041.1_cds_QRD05574.1_15557	JI435_444630
lcl|CP069041.1_cds_QRD05575.1_15558	JI435_058580
lcl|CP069041.1_cds_QRD05576.1_15559	JI435_058590
lcl|CP069041.1_cds_QRD05577.1_15560	JI435_058610
lcl|CP069041.1_cds_QRD05578.1_15561	JI435_058620
lcl|CP069041.1_cds_QRD05579.1_15562	JI435_058630
lcl|CP069041.1_cds_QRD05580.1_15563	JI435_058640
lcl|CP069041.1_cds_QRD05581.1_15564	JI435_058650
lcl|CP069041.1_cds_QRD05582.1_15565	JI435_058660
lcl|CP069041.1_cds_QRD05583.1_15566	JI435_058670
lcl|CP069041.1_cds_QRD05584.1_15567	JI435_058680
lcl|CP069041.1_cds_QRD05585.1_15568	JI435_058690
lcl|CP069041.1_cds_QRD05586.1_15569	JI435_058700
lcl|CP069041.1_cds_QRD05587.1_15570	JI435_058700
lcl|CP069041.1_cds_QRD05588.1_15571	JI435_304180
lcl|CP069041.1_cds_QRD05589.1_15572	JI435_058710
lcl|CP069041.1_cds_QRD05590.1_15573	JI435_058720
lcl|CP069041.1_cds_QRD05591.1_15574	JI435_058730
lcl|CP069041.1_cds_QRD05592.1_15575	JI435_058740
lcl|CP069041.1_cds_QRD05593.1_15576	JI435_058750
lcl|CP069041.1_cds_QRD05594.1_15577	JI435_058760
lcl|CP069041.1_cds_QRD05595.1_15578	JI435_058770
lcl|CP069041.1_cds_QRD05596.1_15579	JI435_422540
lcl|CP069041.1_cds_QRD05597.1_15580	JI435_058780
lcl|CP069041.1_cds_QRD05598.1_15581	JI435_058790
lcl|CP069041.1_cds_QRD05599.1_15582	JI435_058800
lcl|CP069041.1_cds_QRD05600.1_15583	JI435_058810
lcl|CP069041.1_cds_QRD05601.1_15584	JI435_058820
lcl|CP069041.1_cds_QRD05602.1_15585	JI435_058830
lcl|CP069041.1_cds_QRD05603.1_15586	JI435_422550
lcl|CP069041.1_cds_QRD05604.1_15587	JI435_058850
lcl|CP069041.1_cds_QRD05605.1_15588	JI435_058870
lcl|CP069041.1_cds_QRD05606.1_15589	JI435_444650
lcl|CP069041.1_cds_QRD05607.1_15590	JI435_058880
lcl|CP069041.1_cds_QRD05608.1_15591	JI435_058880
lcl|CP069041.1_cds_QRD05609.1_15592	JI435_058890
lcl|CP069041.1_cds_QRD05610.1_15593	JI435_058900
lcl|CP069041.1_cds_QRD05611.1_15594	JI435_058910
lcl|CP069041.1_cds_QRD05612.1_15595	JI435_058920
lcl|CP069041.1_cds_QRD05613.1_15596	JI435_058950
lcl|CP069041.1_cds_QRD05614.1_15597	JI435_058960
lcl|CP069041.1_cds_QRD05615.1_15598	JI435_304190
lcl|CP069041.1_cds_QRD05616.1_15599	JI435_058970
lcl|CP069041.1_cds_QRD05617.1_15600	JI435_058980
lcl|CP069041.1_cds_QRD05618.1_15601	JI435_059000
lcl|CP069041.1_cds_QRD05619.1_15602	JI435_059010
lcl|CP069041.1_cds_QRD05620.1_15603	JI435_059020
lcl|CP069041.1_cds_QRD05621.1_15604	JI435_059030
lcl|CP069041.1_cds_QRD05622.1_15605	JI435_422560
lcl|CP069041.1_cds_QRD05623.1_15606	JI435_059040
lcl|CP069041.1_cds_QRD05624.1_15607	JI435_059050
lcl|CP069041.1_cds_QRD05625.1_15608	JI435_059060
lcl|CP069041.1_cds_QRD05626.1_15609	JI435_422570
lcl|CP069041.1_cds_QRD05627.1_15610	JI435_444690
lcl|CP069041.1_cds_QRD05628.1_15611	JI435_059080
lcl|CP069041.1_cds_QRD05629.1_15612	JI435_422580
lcl|CP069041.1_cds_QRD05630.1_15613	JI435_059090
lcl|CP069041.1_cds_QRD05631.1_15614	JI435_059100
lcl|CP069041.1_cds_QRD05632.1_15615	JI435_059110
lcl|CP069041.1_cds_QRD05633.1_15616	JI435_059120
lcl|CP069041.1_cds_QRD05634.1_15617	JI435_059130
lcl|CP069041.1_cds_QRD05635.1_15618	JI435_444700
lcl|CP069041.1_cds_QRD05636.1_15619	JI435_059140
lcl|CP069041.1_cds_QRD05637.1_15620	JI435_059150
lcl|CP069041.1_cds_QRD05638.1_15621	JI435_304200
lcl|CP069041.1_cds_QRD05639.1_15622	JI435_059160
lcl|CP069041.1_cds_QRD05640.1_15623	JI435_422590
lcl|CP069041.1_cds_QRD05641.1_15624	JI435_059170
lcl|CP069041.1_cds_QRD05642.1_15625	JI435_059180
lcl|CP069041.1_cds_QRD05643.1_15626	JI435_059190
lcl|CP069041.1_cds_QRD05644.1_15627	JI435_059200
lcl|CP069041.1_cds_QRD05645.1_15628	JI435_444710
lcl|CP069041.1_cds_QRD05646.1_15629	JI435_059210
lcl|CP069041.1_cds_QRD05647.1_15630	JI435_059220
lcl|CP069041.1_cds_QRD05648.1_15631	JI435_059250
lcl|CP069041.1_cds_QRD05649.1_15632	JI435_059260
lcl|CP069041.1_cds_QRD05650.1_15633	JI435_059280
lcl|CP069041.1_cds_QRD05651.1_15634	JI435_422600
lcl|CP069041.1_cds_QRD05652.1_15635	JI435_059300
lcl|CP069041.1_cds_QRD05653.1_15636	JI435_304210
lcl|CP069041.1_cds_QRD05654.1_15637	JI435_444730
lcl|CP069041.1_cds_QRD05655.1_15638	JI435_304220
lcl|CP069041.1_cds_QRD05656.1_15639	JI435_059330
lcl|CP069041.1_cds_QRD05657.1_15640	JI435_059350
lcl|CP069041.1_cds_QRD05658.1_15641	JI435_059360
lcl|CP069041.1_cds_QRD05659.1_15642	JI435_059370
lcl|CP069041.1_cds_QRD05660.1_15643	JI435_422610
lcl|CP069041.1_cds_QRD05661.1_15644	JI435_059390
lcl|CP069041.1_cds_QRD05662.1_15645	JI435_059420
lcl|CP069041.1_cds_QRD05663.1_15646	JI435_059430
lcl|CP069041.1_cds_QRD05664.1_15647	JI435_059440
lcl|CP069041.1_cds_QRD05665.1_15648	JI435_444760
lcl|CP069041.1_cds_QRD05666.1_15649	JI435_059460
lcl|CP069041.1_cds_QRD05667.1_15650	JI435_059470
lcl|CP069041.1_cds_QRD05668.1_15651	JI435_059480
lcl|CP069041.1_cds_QRD05669.1_15652	JI435_059490
lcl|CP069041.1_cds_QRD05670.1_15653	JI435_059500
lcl|CP069041.1_cds_QRD05671.1_15654	JI435_059510
lcl|CP069041.1_cds_QRD05672.1_15655	JI435_059520
lcl|CP069041.1_cds_QRD05673.1_15656	JI435_059530
lcl|CP069041.1_cds_QRD05674.1_15657	JI435_059540
lcl|CP069041.1_cds_QRD05675.1_15658	JI435_059550
lcl|CP069041.1_cds_QRD05676.1_15659	JI435_304230
lcl|CP069041.1_cds_QRD05677.1_15660	JI435_059570
lcl|CP069041.1_cds_QRD05678.1_15661	JI435_444770
lcl|CP069041.1_cds_QRD05679.1_15662	JI435_059580
lcl|CP069041.1_cds_QRD05680.1_15663	JI435_059590
lcl|CP069041.1_cds_QRD05681.1_15664	JI435_059600
lcl|CP069041.1_cds_QRD05682.1_15665	JI435_422620
lcl|CP069041.1_cds_QRD05683.1_15666	JI435_059620
lcl|CP069041.1_cds_QRD05684.1_15667	JI435_059640
lcl|CP069041.1_cds_QRD05685.1_15668	JI435_304240
lcl|CP069041.1_cds_QRD05686.1_15669	JI435_422630
lcl|CP069041.1_cds_QRD05687.1_15670	JI435_422630
lcl|CP069041.1_cds_QRD05688.1_15671	JI435_059650
lcl|CP069041.1_cds_QRD05689.1_15672	JI435_059660
lcl|CP069041.1_cds_QRD05690.1_15673	JI435_059680
lcl|CP069041.1_cds_QRD05691.1_15674	JI435_059690
lcl|CP069041.1_cds_QRD05692.1_15675	JI435_059700
lcl|CP069041.1_cds_QRD05693.1_15676	JI435_304250
lcl|CP069041.1_cds_QRD05694.1_15677	JI435_059720
lcl|CP069041.1_cds_QRD05695.1_15678	JI435_059730
lcl|CP069041.1_cds_QRD05696.1_15679	JI435_422640
lcl|CP069041.1_cds_QRD05697.1_15680	JI435_059740
lcl|CP069041.1_cds_QRD05698.1_15681	JI435_059750
lcl|CP069041.1_cds_QRD05699.1_15682	JI435_422650
lcl|CP069041.1_cds_QRD05700.1_15683	JI435_422660
lcl|CP069041.1_cds_QRD05701.1_15684	JI435_059770
lcl|CP069041.1_cds_QRD05702.1_15685	JI435_059780
lcl|CP069041.1_cds_QRD05703.1_15686	JI435_059790
lcl|CP069041.1_cds_QRD05704.1_15687	JI435_422670
lcl|CP069041.1_cds_QRD05705.1_15688	JI435_422680
lcl|CP069041.1_cds_QRD05706.1_15689	JI435_059800
lcl|CP069041.1_cds_QRD05707.1_15690	JI435_059810
lcl|CP069041.1_cds_QRD05708.1_15691	JI435_059820
lcl|CP069041.1_cds_QRD05709.1_15692	JI435_059830
lcl|CP069041.1_cds_QRD05710.1_15693	JI435_059840
lcl|CP069041.1_cds_QRD05711.1_15694	JI435_059850
lcl|CP069041.1_cds_QRD05712.1_15695	JI435_059860
lcl|CP069041.1_cds_QRD05713.1_15696	JI435_059870
lcl|CP069041.1_cds_QRD05714.1_15697	JI435_444800
lcl|CP069041.1_cds_QRD05715.1_15698	JI435_059910
lcl|CP069041.1_cds_QRD05716.1_15699	JI435_059920
lcl|CP069041.1_cds_QRD05717.1_15700	JI435_422690
lcl|CP069041.1_cds_QRD05718.1_15701	JI435_059930
lcl|CP069041.1_cds_QRD05719.1_15702	JI435_422700
lcl|CP069041.1_cds_QRD05720.1_15703	JI435_059940
lcl|CP069041.1_cds_QRD05721.1_15704	JI435_059950
lcl|CP069041.1_cds_QRD05722.1_15705	JI435_059960
lcl|CP069041.1_cds_QRD05723.1_15706	JI435_059970
lcl|CP069041.1_cds_QRD05724.1_15707	JI435_059980
lcl|CP069041.1_cds_QRD05725.1_15708	JI435_060000
lcl|CP069041.1_cds_QRD05726.1_15709	JI435_060010
lcl|CP069041.1_cds_QRD05727.1_15710	JI435_060020
lcl|CP069041.1_cds_QRD05728.1_15711	JI435_422710
lcl|CP069041.1_cds_QRD05729.1_15712	JI435_060030
lcl|CP069041.1_cds_QRD05730.1_15713	JI435_060040
lcl|CP069041.1_cds_QRD05731.1_15714	JI435_060050
lcl|CP069041.1_cds_QRD05732.1_15715	JI435_422720
lcl|CP069041.1_cds_QRD05733.1_15716	JI435_422730
lcl|CP069041.1_cds_QRD05734.1_15717	JI435_060060
lcl|CP069041.1_cds_QRD05735.1_15718	JI435_060070
lcl|CP069041.1_cds_QRD05736.1_15719	JI435_444820
lcl|CP069041.1_cds_QRD05737.1_15720	JI435_444840
lcl|CP069041.1_cds_QRD05738.1_15721	JI435_060100
lcl|CP069041.1_cds_QRD05739.1_15722	JI435_422740
lcl|CP069041.1_cds_QRD05740.1_15723	JI435_060110
lcl|CP069041.1_cds_QRD05741.1_15724	JI435_060120
lcl|CP069041.1_cds_QRD05742.1_15725	JI435_060130
lcl|CP069041.1_cds_QRD05743.1_15726	JI435_060140
lcl|CP069041.1_cds_QRD05744.1_15727	JI435_060150
lcl|CP069041.1_cds_QRD05745.1_15728	JI435_060170
lcl|CP069041.1_cds_QRD05746.1_15729	JI435_060180
lcl|CP069041.1_cds_QRD05747.1_15730	JI435_304280
lcl|CP069041.1_cds_QRD05748.1_15731	JI435_060190
lcl|CP069041.1_cds_QRD05749.1_15732	JI435_060200
lcl|CP069041.1_cds_QRD05750.1_15733	JI435_060210
lcl|CP069041.1_cds_QRD05751.1_15734	JI435_422750
lcl|CP069041.1_cds_QRD05752.1_15735	JI435_060220
lcl|CP069041.1_cds_QRD05753.1_15736	JI435_060230
lcl|CP069041.1_cds_QRD05754.1_15737	JI435_060240
lcl|CP069041.1_cds_QRD05755.1_15738	JI435_060260
lcl|CP069041.1_cds_QRD05756.1_15739	JI435_060270
lcl|CP069041.1_cds_QRD05757.1_15740	JI435_060280
lcl|CP069041.1_cds_QRD05758.1_15741	JI435_060320
lcl|CP069041.1_cds_QRD05759.1_15742	JI435_060330
lcl|CP069041.1_cds_QRD05760.1_15743	JI435_422760
lcl|CP069041.1_cds_QRD05761.1_15744	JI435_060340
lcl|CP069041.1_cds_QRD05762.1_15745	JI435_422770
lcl|CP069041.1_cds_QRD05763.1_15746	JI435_060350
lcl|CP069041.1_cds_QRD05764.1_15747	JI435_060360
lcl|CP069041.1_cds_QRD05765.1_15748	JI435_060370
lcl|CP069041.1_cds_QRD05766.1_15749	JI435_060380
lcl|CP069041.1_cds_QRD05767.1_15750	JI435_060390
lcl|CP069041.1_cds_QRD05768.1_15751	JI435_060400
lcl|CP069041.1_cds_QRD05769.1_15752	JI435_060410
lcl|CP069041.1_cds_QRD05770.1_15753	JI435_060420
lcl|CP069041.1_cds_QRD05771.1_15754	JI435_060430
lcl|CP069041.1_cds_QRD05772.1_15755	JI435_060450
lcl|CP069041.1_cds_QRD05773.1_15756	JI435_060470
lcl|CP069041.1_cds_QRD05774.1_15757	JI435_060480
lcl|CP069041.1_cds_QRD05775.1_15758	JI435_060490
lcl|CP069041.1_cds_QRD05776.1_15759	JI435_422780
lcl|CP069041.1_cds_QRD05777.1_15760	JI435_060510
lcl|CP069041.1_cds_QRD05778.1_15761	JI435_060520
lcl|CP069041.1_cds_QRD05779.1_15762	JI435_060530
lcl|CP069041.1_cds_QRD05780.1_15763	JI435_304290
lcl|CP069041.1_cds_QRD05781.1_15764	JI435_422790
lcl|CP069041.1_cds_QRD05782.1_15765	JI435_060540
lcl|CP069041.1_cds_QRD05783.1_15766	JI435_060550
lcl|CP069041.1_cds_QRD05784.1_15767	JI435_444870
lcl|CP069041.1_cds_QRD05785.1_15768	JI435_060570
lcl|CP069041.1_cds_QRD05786.1_15769	JI435_060580
lcl|CP069041.1_cds_QRD05787.1_15770	JI435_060590
lcl|CP069041.1_cds_QRD05788.1_15771	JI435_060600
lcl|CP069041.1_cds_QRD05789.1_15772	JI435_060610
lcl|CP069041.1_cds_QRD05790.1_15773	JI435_060620
lcl|CP069041.1_cds_QRD05791.1_15774	JI435_060630
lcl|CP069041.1_cds_QRD05792.1_15775	JI435_444880
lcl|CP069041.1_cds_QRD05793.1_15776	JI435_304300
lcl|CP069041.1_cds_QRD05794.1_15777	JI435_422800
lcl|CP069041.1_cds_QRD05795.1_15778	JI435_060660
lcl|CP069041.1_cds_QRD05796.1_15779	JI435_060670
lcl|CP069041.1_cds_QRD05797.1_15780	JI435_060680
lcl|CP069041.1_cds_QRD05798.1_15781	JI435_422810
lcl|CP069041.1_cds_QRD05799.1_15782	JI435_304310
lcl|CP069041.1_cds_QRD05800.1_15783	JI435_060720
lcl|CP069041.1_cds_QRD05801.1_15784	JI435_060730
lcl|CP069041.1_cds_QRD05802.1_15785	JI435_060740
lcl|CP069041.1_cds_QRD05803.1_15786	JI435_060760
lcl|CP069041.1_cds_QRD05804.1_15787	JI435_060770
lcl|CP069041.1_cds_QRD05805.1_15788	JI435_060790
lcl|CP069041.1_cds_QRD05806.1_15789	JI435_444900
lcl|CP069041.1_cds_QRD05807.1_15790	JI435_060810
lcl|CP069041.1_cds_QRD05808.1_15791	JI435_060820
lcl|CP069041.1_cds_QRD05809.1_15792	JI435_060830
lcl|CP069041.1_cds_QRD05810.1_15793	JI435_060840
lcl|CP069041.1_cds_QRD05811.1_15794	JI435_060850
lcl|CP069041.1_cds_QRD05812.1_15795	JI435_060880
lcl|CP069041.1_cds_QRD05813.1_15796	JI435_060890
lcl|CP069041.1_cds_QRD05814.1_15797	JI435_060900
lcl|CP069041.1_cds_QRD05815.1_15798	JI435_060900
lcl|CP069041.1_cds_QRD05816.1_15799	JI435_060910
lcl|CP069041.1_cds_QRD05817.1_15800	JI435_060920
lcl|CP069041.1_cds_QRD05818.1_15801	JI435_060930
lcl|CP069041.1_cds_QRD05819.1_15802	JI435_060940
lcl|CP069041.1_cds_QRD05820.1_15803	JI435_060950
lcl|CP069041.1_cds_QRD05821.1_15804	JI435_060960
lcl|CP069041.1_cds_QRD05822.1_15805	JI435_060980
lcl|CP069041.1_cds_QRD05823.1_15806	JI435_060990
lcl|CP069041.1_cds_QRD05824.1_15807	JI435_132600
lcl|CP069041.1_cds_QRD05825.1_15808	JI435_132610
lcl|CP069041.1_cds_QRD05826.1_15809	JI435_132620
lcl|CP069041.1_cds_QRD05827.1_15810	JI435_132630
lcl|CP069041.1_cds_QRD05828.1_15811	JI435_304320
lcl|CP069041.1_cds_QRD05829.1_15812	JI435_304320
lcl|CP069041.1_cds_QRD05830.1_15813	JI435_304330
lcl|CP069041.1_cds_QRD05831.1_15814	JI435_132640
lcl|CP069041.1_cds_QRD05832.1_15815	JI435_132650
lcl|CP069041.1_cds_QRD05833.1_15816	JI435_304340
lcl|CP069041.1_cds_QRD05834.1_15817	JI435_132660
lcl|CP069041.1_cds_QRD05835.1_15818	JI435_422820
lcl|CP069041.1_cds_QRD05836.1_15819	JI435_132680
lcl|CP069041.1_cds_QRD05837.1_15820	JI435_132690
lcl|CP069041.1_cds_QRD05839.1_15821	JI435_132700
lcl|CP069041.1_cds_QRD05838.1_15822	JI435_132700
lcl|CP069041.1_cds_QRD05840.1_15823	JI435_132700
lcl|CP069041.1_cds_QRD05841.1_15824	JI435_132710
lcl|CP069041.1_cds_QRD05842.1_15825	JI435_444970
lcl|CP069041.1_cds_QRD05843.1_15826	JI435_132740
lcl|CP069041.1_cds_QRD05844.1_15827	JI435_132760
lcl|CP069041.1_cds_QRD05845.1_15828	JI435_132770
lcl|CP069041.1_cds_QRD05846.1_15829	JI435_132780
lcl|CP069041.1_cds_QRD05847.1_15830	JI435_422830
lcl|CP069041.1_cds_QRD05848.1_15831	JI435_132790
lcl|CP069041.1_cds_QRD05849.1_15832	JI435_132790
lcl|CP069041.1_cds_QRD05850.1_15833	JI435_132800
lcl|CP069041.1_cds_QRD05851.1_15834	JI435_132810
lcl|CP069041.1_cds_QRD05852.1_15835	JI435_132820
lcl|CP069041.1_cds_QRD05853.1_15836	JI435_132830
lcl|CP069041.1_cds_QRD05854.1_15837	JI435_132840
lcl|CP069041.1_cds_QRD05855.1_15838	JI435_132850
lcl|CP069041.1_cds_QRD05856.1_15839	JI435_132870
lcl|CP069041.1_cds_QRD05857.1_15840	JI435_304360
lcl|CP069041.1_cds_QRD05858.1_15841	JI435_132890
lcl|CP069041.1_cds_QRD05859.1_15842	JI435_132930
lcl|CP069041.1_cds_QRD05860.1_15843	JI435_132950
lcl|CP069041.1_cds_QRD05861.1_15844	JI435_132960
lcl|CP069041.1_cds_QRD05862.1_15845	JI435_422840
lcl|CP069041.1_cds_QRD05863.1_15846	JI435_132970
lcl|CP069041.1_cds_QRD05864.1_15847	JI435_132980
lcl|CP069041.1_cds_QRD05865.1_15848	JI435_132990
lcl|CP069041.1_cds_QRD05866.1_15849	JI435_422850
lcl|CP069041.1_cds_QRD05867.1_15850	JI435_133000
lcl|CP069041.1_cds_QRD05868.1_15851	JI435_422860
lcl|CP069041.1_cds_QRD05869.1_15852	JI435_422870
lcl|CP069041.1_cds_QRD05870.1_15853	JI435_133020
lcl|CP069041.1_cds_QRD05871.1_15854	JI435_133030
lcl|CP069041.1_cds_QRD05872.1_15855	JI435_133040
lcl|CP069041.1_cds_QRD05873.1_15856	JI435_422880
lcl|CP069041.1_cds_QRD05874.1_15857	JI435_133050
lcl|CP069041.1_cds_QRD05875.1_15858	JI435_133070
lcl|CP069041.1_cds_QRD05876.1_15859	JI435_133080
lcl|CP069041.1_cds_QRD05877.1_15860	JI435_133090
lcl|CP069041.1_cds_QRD05878.1_15861	JI435_444990
lcl|CP069041.1_cds_QRD05879.1_15862	JI435_133120
lcl|CP069041.1_cds_QRD05880.1_15863	JI435_133130
lcl|CP069041.1_cds_QRD05881.1_15864	JI435_133140
lcl|CP069041.1_cds_QRD05882.1_15865	JI435_133150
lcl|CP069041.1_cds_QRD05883.1_15866	JI435_445000
lcl|CP069041.1_cds_QRD05884.1_15867	JI435_133190
lcl|CP069041.1_cds_QRD05885.1_15868	JI435_133200
lcl|CP069041.1_cds_QRD05886.1_15869	JI435_133210
lcl|CP069041.1_cds_QRD05887.1_15870	JI435_133220
lcl|CP069041.1_cds_QRD05888.1_15871	JI435_133230
lcl|CP069041.1_cds_QRD05889.1_15872	JI435_133240
lcl|CP069041.1_cds_QRD05890.1_15873	JI435_133250
lcl|CP069041.1_cds_QRD05891.1_15874	JI435_133260
lcl|CP069041.1_cds_QRD05892.1_15875	JI435_133270
lcl|CP069041.1_cds_QRD05893.1_15876	JI435_133280
lcl|CP069041.1_cds_QRD05894.1_15877	JI435_133290
lcl|CP069041.1_cds_QRD05895.1_15878	JI435_133300
lcl|CP069041.1_cds_QRD05896.1_15879	JI435_133310
lcl|CP069041.1_cds_QRD05897.1_15880	JI435_133320
lcl|CP069041.1_cds_QRD05898.1_15881	JI435_133330
lcl|CP069041.1_cds_QRD05899.1_15882	JI435_422890
lcl|CP069041.1_cds_QRD05900.1_15883	JI435_133340
lcl|CP069041.1_cds_QRD05901.1_15884	JI435_422900
lcl|CP069041.1_cds_QRD05902.1_15885	JI435_422910
lcl|CP069041.1_cds_QRD05903.1_15886	JI435_133350
lcl|CP069041.1_cds_QRD05904.1_15887	JI435_133360
lcl|CP069041.1_cds_QRD05905.1_15888	JI435_422920
lcl|CP069041.1_cds_QRD05906.1_15889	JI435_133370
lcl|CP069041.1_cds_QRD05907.1_15890	JI435_133380
lcl|CP069041.1_cds_QRD05908.1_15891	JI435_133390
lcl|CP069041.1_cds_QRD05909.1_15892	JI435_445040
lcl|CP069041.1_cds_QRD05910.1_15893	JI435_133420
lcl|CP069041.1_cds_QRD05911.1_15894	JI435_133430
lcl|CP069041.1_cds_QRD05912.1_15895	JI435_133440
lcl|CP069041.1_cds_QRD05913.1_15896	JI435_133450
lcl|CP069041.1_cds_QRD05914.1_15897	JI435_133460
lcl|CP069041.1_cds_QRD05915.1_15898	JI435_133480
lcl|CP069041.1_cds_QRD05916.1_15899	JI435_133480
lcl|CP069041.1_cds_QRD05917.1_15900	JI435_133490
lcl|CP069041.1_cds_QRD05918.1_15901	JI435_133500
lcl|CP069041.1_cds_QRD05919.1_15902	JI435_133510
lcl|CP069041.1_cds_QRD05920.1_15903	JI435_133530
lcl|CP069041.1_cds_QRD05921.1_15904	JI435_133540
lcl|CP069041.1_cds_QRD05923.1_15905	JI435_133550
lcl|CP069041.1_cds_QRD05922.1_15906	JI435_133550
lcl|CP069041.1_cds_QRD05924.1_15907	JI435_133560
lcl|CP069041.1_cds_QRD05925.1_15908	JI435_304390
lcl|CP069041.1_cds_QRD05926.1_15909	JI435_133570
lcl|CP069041.1_cds_QRD05927.1_15910	JI435_445050
lcl|CP069041.1_cds_QRD05928.1_15911	JI435_133580
lcl|CP069041.1_cds_QRD05929.1_15912	JI435_422930
lcl|CP069041.1_cds_QRD05930.1_15913	JI435_133590
lcl|CP069041.1_cds_QRD05931.1_15914	JI435_304400
lcl|CP069041.1_cds_QRD05932.1_15915	JI435_201420
lcl|CP069041.1_cds_QRD05933.1_15916	JI435_133600
lcl|CP069041.1_cds_QRD05934.1_15917	JI435_133620
lcl|CP069041.1_cds_QRD05935.1_15918	JI435_133630
lcl|CP069041.1_cds_QRD05936.1_15919	JI435_422940
lcl|CP069041.1_cds_QRD05937.1_15920	JI435_133640
lcl|CP069041.1_cds_QRD05938.1_15921	JI435_133650
lcl|CP069041.1_cds_QRD05939.1_15922	JI435_133660
lcl|CP069041.1_cds_QRD05940.1_15923	JI435_304410
lcl|CP069041.1_cds_QRD05941.1_15924	JI435_133680
lcl|CP069041.1_cds_QRD05942.1_15925	JI435_422950
lcl|CP069041.1_cds_QRD05943.1_15926	JI435_422960
lcl|CP069041.1_cds_QRD05944.1_15927	JI435_133690
lcl|CP069041.1_cds_QRD05945.1_15928	JI435_133700
lcl|CP069041.1_cds_QRD05946.1_15929	JI435_133710
lcl|CP069041.1_cds_QRD05947.1_15930	JI435_133720
lcl|CP069041.1_cds_QRD05948.1_15931	JI435_133730
lcl|CP069041.1_cds_QRD05949.1_15932	JI435_133740
lcl|CP069041.1_cds_QRD05950.1_15933	JI435_133760
lcl|CP069041.1_cds_QRD05951.1_15934	JI435_133770
lcl|CP069041.1_cds_QRD05952.1_15935	JI435_133780
lcl|CP069041.1_cds_QRD05953.1_15936	JI435_304420
lcl|CP069041.1_cds_QRD05954.1_15937	JI435_133790
lcl|CP069041.1_cds_QRD05955.1_15938	JI435_422970
lcl|CP069041.1_cds_QRD05956.1_15939	JI435_422980
lcl|CP069041.1_cds_QRD05957.1_15940	JI435_133800
lcl|CP069041.1_cds_QRD05958.1_15941	JI435_133810
lcl|CP069041.1_cds_QRD05959.1_15942	JI435_133820
lcl|CP069041.1_cds_QRD05960.1_15943	JI435_133830
lcl|CP069041.1_cds_QRD05961.1_15944	JI435_133850
lcl|CP069041.1_cds_QRD05962.1_15945	JI435_133860
lcl|CP069041.1_cds_QRD05963.1_15946	JI435_133880
lcl|CP069041.1_cds_QRD05964.1_15947	JI435_133890
lcl|CP069041.1_cds_QRD05965.1_15948	JI435_422990
lcl|CP069041.1_cds_QRD05966.1_15949	JI435_133900
lcl|CP069041.1_cds_QRD05967.1_15950	JI435_133920
lcl|CP069041.1_cds_QRD05968.1_15951	JI435_133930
lcl|CP069041.1_cds_QRD05969.1_15952	JI435_445100
lcl|CP069041.1_cds_QRD05970.1_15953	JI435_445110
lcl|CP069041.1_cds_QRD05971.1_15954	JI435_445120
lcl|CP069041.1_cds_QRD05972.1_15955	JI435_201450
lcl|CP069041.1_cds_QRD05973.1_15956	JI435_133940
lcl|CP069041.1_cds_QRD05974.1_15957	JI435_133950
lcl|CP069041.1_cds_QRD05975.1_15958	JI435_445140
lcl|CP069041.1_cds_QRD05976.1_15959	JI435_133970
lcl|CP069041.1_cds_QRD05977.1_15960	JI435_133980
lcl|CP069041.1_cds_QRD05978.1_15961	JI435_133990
lcl|CP069041.1_cds_QRD05979.1_15962	JI435_134000
lcl|CP069041.1_cds_QRD05980.1_15963	JI435_423000
lcl|CP069041.1_cds_QRD05981.1_15964	JI435_134010
lcl|CP069041.1_cds_QRD05982.1_15965	JI435_423010
lcl|CP069041.1_cds_QRD05983.1_15966	JI435_134020
lcl|CP069041.1_cds_QRD05984.1_15967	JI435_423020
lcl|CP069041.1_cds_QRD05985.1_15968	JI435_134030
lcl|CP069041.1_cds_QRD05986.1_15969	JI435_134040
lcl|CP069041.1_cds_QRD05987.1_15970	JI435_134050
lcl|CP069041.1_cds_QRD05988.1_15971	JI435_134070
lcl|CP069041.1_cds_QRD05989.1_15972	JI435_134080
lcl|CP069041.1_cds_QRD05990.1_15973	JI435_134090
lcl|CP069041.1_cds_QRD05991.1_15974	JI435_134100
lcl|CP069041.1_cds_QRD05992.1_15975	JI435_134110
lcl|CP069041.1_cds_QRD05993.1_15976	JI435_134130
lcl|CP069041.1_cds_QRD05994.1_15977	JI435_423030
lcl|CP069041.1_cds_QRD05995.1_15978	JI435_134140
lcl|CP069041.1_cds_QRD05996.1_15979	JI435_134150
lcl|CP069041.1_cds_QRD05997.1_15980	JI435_134160
lcl|CP069041.1_cds_QRD05998.1_15981	JI435_134170
lcl|CP069041.1_cds_QRD06000.1_15982	JI435_134180
lcl|CP069041.1_cds_QRD05999.1_15983	JI435_134180
lcl|CP069041.1_cds_QRD06001.1_15984	JI435_134190
lcl|CP069041.1_cds_QRD06002.1_15985	JI435_134200
lcl|CP069041.1_cds_QRD06003.1_15986	JI435_134210
lcl|CP069041.1_cds_QRD06004.1_15987	JI435_134230
lcl|CP069041.1_cds_QRD06005.1_15988	JI435_134240
lcl|CP069041.1_cds_QRD06006.1_15989	JI435_134250
lcl|CP069041.1_cds_QRD06007.1_15990	JI435_134260
lcl|CP069041.1_cds_QRD06008.1_15991	JI435_134270
lcl|CP069041.1_cds_QRD06009.1_15992	JI435_134280
lcl|CP069041.1_cds_QRD06010.1_15993	JI435_304450
lcl|CP069041.1_cds_QRD06011.1_15994	JI435_134290
lcl|CP069041.1_cds_QRD06012.1_15995	JI435_134300
lcl|CP069041.1_cds_QRD06013.1_15996	JI435_445170
lcl|CP069041.1_cds_QRD06014.1_15997	JI435_134340
lcl|CP069041.1_cds_QRD06015.1_15998	JI435_134350
lcl|CP069041.1_cds_QRD06016.1_15999	JI435_134360
lcl|CP069041.1_cds_QRD06017.1_16000	JI435_134370
lcl|CP069041.1_cds_QRD06018.1_16001	JI435_134380
lcl|CP069041.1_cds_QRD06019.1_16002	JI435_201460
lcl|CP069041.1_cds_QRD06020.1_16003	JI435_134390
lcl|CP069041.1_cds_QRD06021.1_16004	JI435_134410
lcl|CP069041.1_cds_QRD06022.1_16005	JI435_134420
lcl|CP069041.1_cds_QRD06023.1_16006	JI435_134430
lcl|CP069041.1_cds_QRD06024.1_16007	JI435_134440
lcl|CP069041.1_cds_QRD06025.1_16008	JI435_201470
lcl|CP069041.1_cds_QRD06026.1_16009	JI435_134460
lcl|CP069041.1_cds_QRD06027.1_16010	JI435_134470
lcl|CP069041.1_cds_QRD06028.1_16011	JI435_134480
lcl|CP069041.1_cds_QRD06029.1_16012	JI435_134490
lcl|CP069041.1_cds_QRD06030.1_16013	JI435_134500
lcl|CP069041.1_cds_QRD06031.1_16014	JI435_134510
lcl|CP069041.1_cds_QRD06032.1_16015	JI435_134520
lcl|CP069041.1_cds_QRD06033.1_16016	JI435_134530
lcl|CP069041.1_cds_QRD06034.1_16017	JI435_134540
lcl|CP069041.1_cds_QRD06035.1_16018	JI435_423040
lcl|CP069041.1_cds_QRD06036.1_16019	JI435_134570
lcl|CP069041.1_cds_QRD06037.1_16020	JI435_423050
lcl|CP069041.1_cds_QRD06038.1_16021	JI435_304460
lcl|CP069041.1_cds_QRD06039.1_16022	JI435_304470
lcl|CP069041.1_cds_QRD06040.1_16023	JI435_134600
lcl|CP069041.1_cds_QRD06041.1_16024	JI435_423060
lcl|CP069041.1_cds_QRD06042.1_16025	JI435_134610
lcl|CP069041.1_cds_QRD06043.1_16026	JI435_134620
lcl|CP069041.1_cds_QRD06044.1_16027	JI435_134630
lcl|CP069041.1_cds_QRD06045.1_16028	JI435_134640
lcl|CP069041.1_cds_QRD06046.1_16029	JI435_134650
lcl|CP069041.1_cds_QRD06047.1_16030	JI435_134660
lcl|CP069041.1_cds_QRD06048.1_16031	JI435_134670
lcl|CP069041.1_cds_QRD06049.1_16032	JI435_134690
lcl|CP069041.1_cds_QRD06050.1_16033	JI435_134700
lcl|CP069041.1_cds_QRD06051.1_16034	JI435_134710
lcl|CP069041.1_cds_QRD06052.1_16035	JI435_201480
lcl|CP069041.1_cds_QRD06053.1_16036	JI435_134720
lcl|CP069041.1_cds_QRD06054.1_16037	JI435_134730
lcl|CP069041.1_cds_QRD06055.1_16038	JI435_134740
lcl|CP069042.1_cds_QRD06056.1_16039	JI435_146180
lcl|CP069042.1_cds_QRD06057.1_16040	JI435_445250
lcl|CP069042.1_cds_QRD06058.1_16041	JI435_146200
lcl|CP069042.1_cds_QRD06059.1_16042	JI435_146220
lcl|CP069042.1_cds_QRD06060.1_16043	JI435_309050
lcl|CP069042.1_cds_QRD06061.1_16044	JI435_146230
lcl|CP069042.1_cds_QRD06062.1_16045	JI435_146240
lcl|CP069042.1_cds_QRD06063.1_16046	JI435_146250
lcl|CP069042.1_cds_QRD06064.1_16047	JI435_146270
lcl|CP069042.1_cds_QRD06065.1_16048	JI435_146290
lcl|CP069042.1_cds_QRD06066.1_16049	JI435_146300
lcl|CP069042.1_cds_QRD06067.1_16050	JI435_146310
lcl|CP069042.1_cds_QRD06068.1_16051	JI435_146320
lcl|CP069042.1_cds_QRD06069.1_16052	JI435_201640
lcl|CP069042.1_cds_QRD06070.1_16053	JI435_146340
lcl|CP069042.1_cds_QRD06071.1_16054	JI435_146350
lcl|CP069042.1_cds_QRD06072.1_16055	JI435_146360
lcl|CP069042.1_cds_QRD06073.1_16056	JI435_146370
lcl|CP069042.1_cds_QRD06074.1_16057	JI435_146380
lcl|CP069042.1_cds_QRD06075.1_16058	JI435_146400
lcl|CP069042.1_cds_QRD06076.1_16059	JI435_146410
lcl|CP069042.1_cds_QRD06077.1_16060	JI435_146420
lcl|CP069042.1_cds_QRD06078.1_16061	JI435_146430
lcl|CP069042.1_cds_QRD06079.1_16062	JI435_146440
lcl|CP069042.1_cds_QRD06080.1_16063	JI435_146450
lcl|CP069042.1_cds_QRD06081.1_16064	JI435_146470
lcl|CP069042.1_cds_QRD06083.1_16065	JI435_146480
lcl|CP069042.1_cds_QRD06082.1_16066	JI435_146480
lcl|CP069042.1_cds_QRD06084.1_16067	JI435_146490
lcl|CP069042.1_cds_QRD06085.1_16068	JI435_146510
lcl|CP069042.1_cds_QRD06086.1_16069	JI435_146540
lcl|CP069042.1_cds_QRD06087.1_16070	JI435_146550
lcl|CP069042.1_cds_QRD06088.1_16071	JI435_146570
lcl|CP069042.1_cds_QRD06089.1_16072	JI435_146580
lcl|CP069042.1_cds_QRD06090.1_16073	JI435_146590
lcl|CP069042.1_cds_QRD06091.1_16074	JI435_146620
lcl|CP069042.1_cds_QRD06092.1_16075	JI435_146630
lcl|CP069042.1_cds_QRD06093.1_16076	JI435_146640
lcl|CP069042.1_cds_QRD06094.1_16077	JI435_146650
lcl|CP069042.1_cds_QRD06095.1_16078	JI435_146660
lcl|CP069042.1_cds_QRD06096.1_16079	JI435_146670
lcl|CP069042.1_cds_QRD06097.1_16080	JI435_146680
lcl|CP069042.1_cds_QRD06098.1_16081	JI435_423070
lcl|CP069042.1_cds_QRD06099.1_16082	JI435_146690
lcl|CP069042.1_cds_QRD06100.1_16083	JI435_423080
lcl|CP069042.1_cds_QRD06101.1_16084	JI435_146700
lcl|CP069042.1_cds_QRD06102.1_16085	JI435_146710
lcl|CP069042.1_cds_QRD06103.1_16086	JI435_146720
lcl|CP069042.1_cds_QRD06104.1_16087	JI435_146730
lcl|CP069042.1_cds_QRD06105.1_16088	JI435_146750
lcl|CP069042.1_cds_QRD06106.1_16089	JI435_146760
lcl|CP069042.1_cds_QRD06107.1_16090	JI435_146770
lcl|CP069042.1_cds_QRD06108.1_16091	JI435_146780
lcl|CP069042.1_cds_QRD06109.1_16092	JI435_146800
lcl|CP069042.1_cds_QRD06110.1_16093	JI435_146810
lcl|CP069042.1_cds_QRD06111.1_16094	JI435_146820
lcl|CP069042.1_cds_QRD06112.1_16095	JI435_146830
lcl|CP069042.1_cds_QRD06113.1_16096	JI435_146840
lcl|CP069042.1_cds_QRD06114.1_16097	JI435_146840
lcl|CP069042.1_cds_QRD06115.1_16098	JI435_146850
lcl|CP069042.1_cds_QRD06116.1_16099	JI435_146860
lcl|CP069042.1_cds_QRD06117.1_16100	JI435_146870
lcl|CP069042.1_cds_QRD06118.1_16101	JI435_146890
lcl|CP069042.1_cds_QRD06119.1_16102	JI435_146900
lcl|CP069042.1_cds_QRD06120.1_16103	JI435_146910
lcl|CP069042.1_cds_QRD06121.1_16104	JI435_146920
lcl|CP069042.1_cds_QRD06122.1_16105	JI435_309060
lcl|CP069042.1_cds_QRD06123.1_16106	JI435_146930
lcl|CP069042.1_cds_QRD06124.1_16107	JI435_146940
lcl|CP069042.1_cds_QRD06125.1_16108	JI435_445300
lcl|CP069042.1_cds_QRD06126.1_16109	JI435_146950
lcl|CP069042.1_cds_QRD06127.1_16110	JI435_146960
lcl|CP069042.1_cds_QRD06128.1_16111	JI435_423090
lcl|CP069042.1_cds_QRD06129.1_16112	JI435_146970
lcl|CP069042.1_cds_QRD06130.1_16113	JI435_146980
lcl|CP069042.1_cds_QRD06131.1_16114	JI435_147000
lcl|CP069042.1_cds_QRD06132.1_16115	JI435_147010
lcl|CP069042.1_cds_QRD06133.1_16116	JI435_147020
lcl|CP069042.1_cds_QRD06134.1_16117	JI435_147020
lcl|CP069042.1_cds_QRD06135.1_16118	JI435_147030
lcl|CP069042.1_cds_QRD06136.1_16119	JI435_147040
lcl|CP069042.1_cds_QRD06137.1_16120	JI435_147060
lcl|CP069042.1_cds_QRD06138.1_16121	JI435_147070
lcl|CP069042.1_cds_QRD06139.1_16122	JI435_445320
lcl|CP069042.1_cds_QRD06140.1_16123	JI435_147080
lcl|CP069042.1_cds_QRD06141.1_16124	JI435_147090
lcl|CP069042.1_cds_QRD06142.1_16125	JI435_147100
lcl|CP069042.1_cds_QRD06143.1_16126	JI435_423100
lcl|CP069042.1_cds_QRD06144.1_16127	JI435_147110
lcl|CP069042.1_cds_QRD06145.1_16128	JI435_147110
lcl|CP069042.1_cds_QRD06146.1_16129	JI435_147120
lcl|CP069042.1_cds_QRD06147.1_16130	JI435_445330
lcl|CP069042.1_cds_QRD06148.1_16131	JI435_147140
lcl|CP069042.1_cds_QRD06149.1_16132	JI435_147150
lcl|CP069042.1_cds_QRD06150.1_16133	JI435_445350
lcl|CP069042.1_cds_QRD06151.1_16134	JI435_147160
lcl|CP069042.1_cds_QRD06152.1_16135	JI435_147170
lcl|CP069042.1_cds_QRD06153.1_16136	JI435_445360
lcl|CP069042.1_cds_QRD06154.1_16137	JI435_445370
lcl|CP069042.1_cds_QRD06155.1_16138	JI435_423110
lcl|CP069042.1_cds_QRD06156.1_16139	JI435_423110
lcl|CP069042.1_cds_QRD06157.1_16140	JI435_147200
lcl|CP069042.1_cds_QRD06158.1_16141	JI435_147210
lcl|CP069042.1_cds_QRD06159.1_16142	JI435_147220
lcl|CP069042.1_cds_QRD06160.1_16143	JI435_147230
lcl|CP069042.1_cds_QRD06161.1_16144	JI435_445380
lcl|CP069042.1_cds_QRD06162.1_16145	JI435_445390
lcl|CP069042.1_cds_QRD06163.1_16146	JI435_147260
lcl|CP069042.1_cds_QRD06164.1_16147	JI435_147270
lcl|CP069042.1_cds_QRD06165.1_16148	JI435_147290
lcl|CP069042.1_cds_QRD06166.1_16149	JI435_147300
lcl|CP069042.1_cds_QRD06167.1_16150	JI435_445400
lcl|CP069042.1_cds_QRD06168.1_16151	JI435_147320
lcl|CP069042.1_cds_QRD06169.1_16152	JI435_147330
lcl|CP069042.1_cds_QRD06170.1_16153	JI435_147340
lcl|CP069042.1_cds_QRD06171.1_16154	JI435_147350
lcl|CP069042.1_cds_QRD06172.1_16155	JI435_423120
lcl|CP069042.1_cds_QRD06173.1_16156	JI435_147370
lcl|CP069042.1_cds_QRD06174.1_16157	JI435_147380
lcl|CP069042.1_cds_QRD06175.1_16158	JI435_309070
lcl|CP069042.1_cds_QRD06176.1_16159	JI435_147390
lcl|CP069042.1_cds_QRD06177.1_16160	JI435_147400
lcl|CP069042.1_cds_QRD06178.1_16161	JI435_147430
lcl|CP069042.1_cds_QRD06179.1_16162	JI435_147440
lcl|CP069042.1_cds_QRD06180.1_16163	JI435_147450
lcl|CP069042.1_cds_QRD06181.1_16164	JI435_147460
lcl|CP069042.1_cds_QRD06182.1_16165	JI435_309080
lcl|CP069042.1_cds_QRD06183.1_16166	JI435_147470
lcl|CP069042.1_cds_QRD06184.1_16167	JI435_147480
lcl|CP069042.1_cds_QRD06185.1_16168	JI435_147490
lcl|CP069042.1_cds_QRD06186.1_16169	JI435_147500
lcl|CP069042.1_cds_QRD06187.1_16170	JI435_147510
lcl|CP069042.1_cds_QRD06188.1_16171	JI435_147540
lcl|CP069042.1_cds_QRD06189.1_16172	JI435_147550
lcl|CP069042.1_cds_QRD06190.1_16173	JI435_147570
lcl|CP069042.1_cds_QRD06191.1_16174	JI435_147580
lcl|CP069042.1_cds_QRD06192.1_16175	JI435_147590
lcl|CP069042.1_cds_QRD06193.1_16176	JI435_147600
lcl|CP069042.1_cds_QRD06194.1_16177	JI435_445430
lcl|CP069042.1_cds_QRD06195.1_16178	JI435_147620
lcl|CP069042.1_cds_QRD06196.1_16179	JI435_147630
lcl|CP069042.1_cds_QRD06197.1_16180	JI435_147640
lcl|CP069042.1_cds_QRD06198.1_16181	JI435_147650
lcl|CP069042.1_cds_QRD06199.1_16182	JI435_147660
lcl|CP069042.1_cds_QRD06200.1_16183	JI435_309090
lcl|CP069042.1_cds_QRD06201.1_16184	JI435_147670
lcl|CP069042.1_cds_QRD06202.1_16185	JI435_201660
lcl|CP069042.1_cds_QRD06203.1_16186	JI435_147680
lcl|CP069042.1_cds_QRD06204.1_16187	JI435_147690
lcl|CP069042.1_cds_QRD06205.1_16188	JI435_423130
lcl|CP069042.1_cds_QRD06206.1_16189	JI435_147700
lcl|CP069042.1_cds_QRD06207.1_16190	JI435_147710
lcl|CP069042.1_cds_QRD06208.1_16191	JI435_423140
lcl|CP069042.1_cds_QRD06210.1_16192	JI435_147720
lcl|CP069042.1_cds_QRD06209.1_16193	JI435_147720
lcl|CP069042.1_cds_QRD06211.1_16194	JI435_147730
lcl|CP069042.1_cds_QRD06212.1_16195	JI435_445440
lcl|CP069042.1_cds_QRD06213.1_16196	JI435_147740
lcl|CP069042.1_cds_QRD06214.1_16197	JI435_147760
lcl|CP069042.1_cds_QRD06215.1_16198	JI435_147770
lcl|CP069042.1_cds_QRD06216.1_16199	JI435_147780
lcl|CP069042.1_cds_QRD06217.1_16200	JI435_147790
lcl|CP069042.1_cds_QRD06218.1_16201	JI435_147800
lcl|CP069042.1_cds_QRD06219.1_16202	JI435_147830
lcl|CP069042.1_cds_QRD06220.1_16203	JI435_309100
lcl|CP069042.1_cds_QRD06221.1_16204	JI435_147850
lcl|CP069042.1_cds_QRD06222.1_16205	JI435_147870
lcl|CP069042.1_cds_QRD06223.1_16206	JI435_445450
lcl|CP069042.1_cds_QRD06224.1_16207	JI435_147880
lcl|CP069042.1_cds_QRD06225.1_16208	JI435_147890
lcl|CP069042.1_cds_QRD06226.1_16209	JI435_147900
lcl|CP069042.1_cds_QRD06227.1_16210	JI435_147910
lcl|CP069042.1_cds_QRD06228.1_16211	JI435_147920
lcl|CP069042.1_cds_QRD06229.1_16212	JI435_147930
lcl|CP069042.1_cds_QRD06230.1_16213	JI435_423150
lcl|CP069042.1_cds_QRD06231.1_16214	JI435_309110
lcl|CP069042.1_cds_QRD06232.1_16215	JI435_147950
lcl|CP069042.1_cds_QRD06233.1_16216	JI435_423160
lcl|CP069042.1_cds_QRD06234.1_16217	JI435_147960
lcl|CP069042.1_cds_QRD06235.1_16218	JI435_147970
lcl|CP069042.1_cds_QRD06236.1_16219	JI435_147980
lcl|CP069042.1_cds_QRD06237.1_16220	JI435_147990
lcl|CP069042.1_cds_QRD06238.1_16221	JI435_148000
lcl|CP069042.1_cds_QRD06239.1_16222	JI435_148020
lcl|CP069042.1_cds_QRD06240.1_16223	JI435_148030
lcl|CP069042.1_cds_QRD06242.1_16224	JI435_148040
lcl|CP069042.1_cds_QRD06241.1_16225	JI435_148040
lcl|CP069042.1_cds_QRD06243.1_16226	JI435_148050
lcl|CP069042.1_cds_QRD06244.1_16227	JI435_148060
lcl|CP069042.1_cds_QRD06245.1_16228	JI435_445470
lcl|CP069042.1_cds_QRD06246.1_16229	JI435_148080
lcl|CP069042.1_cds_QRD06247.1_16230	JI435_148090
lcl|CP069042.1_cds_QRD06248.1_16231	JI435_445530
lcl|CP069042.1_cds_QRD06249.1_16232	JI435_116400
lcl|CP069042.1_cds_QRD06250.1_16233	JI435_116410
lcl|CP069042.1_cds_QRD06251.1_16234	JI435_116420
lcl|CP069042.1_cds_QRD06252.1_16235	JI435_116430
lcl|CP069042.1_cds_QRD06253.1_16236	JI435_116440
lcl|CP069042.1_cds_QRD06254.1_16237	JI435_116460
lcl|CP069042.1_cds_QRD06255.1_16238	JI435_116480
lcl|CP069042.1_cds_QRD06256.1_16239	JI435_116490
lcl|CP069042.1_cds_QRD06257.1_16240	JI435_423170
lcl|CP069042.1_cds_QRD06258.1_16241	JI435_116500
lcl|CP069042.1_cds_QRD06259.1_16242	JI435_116520
lcl|CP069042.1_cds_QRD06260.1_16243	JI435_307760
lcl|CP069042.1_cds_QRD06261.1_16244	JI435_116530
lcl|CP069042.1_cds_QRD06262.1_16245	JI435_445540
lcl|CP069042.1_cds_QRD06263.1_16246	JI435_307770
lcl|CP069042.1_cds_QRD06264.1_16247	JI435_116560
lcl|CP069042.1_cds_QRD06265.1_16248	JI435_116570
lcl|CP069042.1_cds_QRD06266.1_16249	JI435_116580
lcl|CP069042.1_cds_QRD06267.1_16250	JI435_116590
lcl|CP069042.1_cds_QRD06268.1_16251	JI435_116600
lcl|CP069042.1_cds_QRD06269.1_16252	JI435_423180
lcl|CP069042.1_cds_QRD06270.1_16253	JI435_116610
lcl|CP069042.1_cds_QRD06271.1_16254	JI435_116620
lcl|CP069042.1_cds_QRD06272.1_16255	JI435_116630
lcl|CP069042.1_cds_QRD06273.1_16256	JI435_307780
lcl|CP069042.1_cds_QRD06274.1_16257	JI435_116650
lcl|CP069042.1_cds_QRD06275.1_16258	JI435_116660
lcl|CP069042.1_cds_QRD06276.1_16259	JI435_116670
lcl|CP069042.1_cds_QRD06277.1_16260	JI435_116680
lcl|CP069042.1_cds_QRD06278.1_16261	JI435_445550
lcl|CP069042.1_cds_QRD06279.1_16262	JI435_423190
lcl|CP069042.1_cds_QRD06280.1_16263	JI435_116700
lcl|CP069042.1_cds_QRD06281.1_16264	JI435_307790
lcl|CP069042.1_cds_QRD06282.1_16265	JI435_307800
lcl|CP069042.1_cds_QRD06283.1_16266	JI435_116710
lcl|CP069042.1_cds_QRD06284.1_16267	JI435_116720
lcl|CP069042.1_cds_QRD06285.1_16268	JI435_116730
lcl|CP069042.1_cds_QRD06286.1_16269	JI435_116740
lcl|CP069042.1_cds_QRD06287.1_16270	JI435_307810
lcl|CP069042.1_cds_QRD06288.1_16271	JI435_116750
lcl|CP069042.1_cds_QRD06289.1_16272	JI435_116770
lcl|CP069042.1_cds_QRD06290.1_16273	JI435_116780
lcl|CP069042.1_cds_QRD06291.1_16274	JI435_116800
lcl|CP069042.1_cds_QRD06292.1_16275	JI435_116820
lcl|CP069042.1_cds_QRD06293.1_16276	JI435_423200
lcl|CP069042.1_cds_QRD06294.1_16277	JI435_116830
lcl|CP069042.1_cds_QRD06295.1_16278	JI435_116840
lcl|CP069042.1_cds_QRD06296.1_16279	JI435_423210
lcl|CP069042.1_cds_QRD06297.1_16280	JI435_116850
lcl|CP069042.1_cds_QRD06298.1_16281	JI435_307820
lcl|CP069042.1_cds_QRD06299.1_16282	JI435_116870
lcl|CP069042.1_cds_QRD06300.1_16283	JI435_116880
lcl|CP069042.1_cds_QRD06301.1_16284	JI435_116890
lcl|CP069042.1_cds_QRD06302.1_16285	JI435_116910
lcl|CP069042.1_cds_QRD06303.1_16286	JI435_307830
lcl|CP069042.1_cds_QRD06304.1_16287	JI435_116940
lcl|CP069042.1_cds_QRD06305.1_16288	JI435_116950
lcl|CP069042.1_cds_QRD06306.1_16289	JI435_116960
lcl|CP069042.1_cds_QRD06307.1_16290	JI435_116970
lcl|CP069042.1_cds_QRD06308.1_16291	JI435_116980
lcl|CP069042.1_cds_QRD06309.1_16292	JI435_117000
lcl|CP069042.1_cds_QRD06310.1_16293	JI435_117010
lcl|CP069042.1_cds_QRD06311.1_16294	JI435_117020
lcl|CP069042.1_cds_QRD06312.1_16295	JI435_117030
lcl|CP069042.1_cds_QRD06313.1_16296	JI435_117040
lcl|CP069042.1_cds_QRD06314.1_16297	JI435_445770
lcl|CP069042.1_cds_QRD06316.1_16298	JI435_307840
lcl|CP069042.1_cds_QRD06315.1_16299	JI435_307840
lcl|CP069042.1_cds_QRD06317.1_16300	JI435_117060
lcl|CP069042.1_cds_QRD06318.1_16301	JI435_423220
lcl|CP069042.1_cds_QRD06319.1_16302	JI435_117070
lcl|CP069042.1_cds_QRD06320.1_16303	JI435_117080
lcl|CP069042.1_cds_QRD06321.1_16304	JI435_307850
lcl|CP069042.1_cds_QRD06322.1_16305	JI435_117110
lcl|CP069042.1_cds_QRD06323.1_16306	JI435_117120
lcl|CP069042.1_cds_QRD06324.1_16307	JI435_307860
lcl|CP069042.1_cds_QRD06325.1_16308	JI435_117140
lcl|CP069042.1_cds_QRD06326.1_16309	JI435_307870
lcl|CP069042.1_cds_QRD06327.1_16310	JI435_117160
lcl|CP069042.1_cds_QRD06328.1_16311	JI435_445780
lcl|CP069042.1_cds_QRD06329.1_16312	JI435_117170
lcl|CP069042.1_cds_QRD06330.1_16313	JI435_117180
lcl|CP069042.1_cds_QRD06331.1_16314	JI435_423230
lcl|CP069042.1_cds_QRD06332.1_16315	JI435_423240
lcl|CP069042.1_cds_QRD06333.1_16316	JI435_117190
lcl|CP069042.1_cds_QRD06334.1_16317	JI435_445790
lcl|CP069042.1_cds_QRD06335.1_16318	JI435_117200
lcl|CP069042.1_cds_QRD06336.1_16319	JI435_117210
lcl|CP069042.1_cds_QRD06337.1_16320	JI435_117220
lcl|CP069042.1_cds_QRD06338.1_16321	JI435_117230
lcl|CP069042.1_cds_QRD06339.1_16322	JI435_117240
lcl|CP069042.1_cds_QRD06340.1_16323	JI435_117260
lcl|CP069042.1_cds_QRD06341.1_16324	JI435_117270
lcl|CP069042.1_cds_QRD06342.1_16325	JI435_117280
lcl|CP069042.1_cds_QRD06343.1_16326	JI435_117290
lcl|CP069042.1_cds_QRD06344.1_16327	JI435_117300
lcl|CP069042.1_cds_QRD06346.1_16328	JI435_117300
lcl|CP069042.1_cds_QRD06345.1_16329	JI435_117300
lcl|CP069042.1_cds_QRD06347.1_16330	JI435_117330
lcl|CP069042.1_cds_QRD06348.1_16331	JI435_117340
lcl|CP069042.1_cds_QRD06349.1_16332	JI435_117350
lcl|CP069042.1_cds_QRD06350.1_16333	JI435_117360
lcl|CP069042.1_cds_QRD06351.1_16334	JI435_423250
lcl|CP069042.1_cds_QRD06352.1_16335	JI435_423260
lcl|CP069042.1_cds_QRD06353.1_16336	JI435_117370
lcl|CP069042.1_cds_QRD06354.1_16337	JI435_117380
lcl|CP069042.1_cds_QRD06355.1_16338	JI435_117390
lcl|CP069042.1_cds_QRD06356.1_16339	JI435_445810
lcl|CP069042.1_cds_QRD06357.1_16340	JI435_445820
lcl|CP069042.1_cds_QRD06358.1_16341	JI435_117410
lcl|CP069042.1_cds_QRD06359.1_16342	JI435_423270
lcl|CP069042.1_cds_QRD06360.1_16343	JI435_117420
lcl|CP069042.1_cds_QRD06361.1_16344	JI435_117430
lcl|CP069042.1_cds_QRD06362.1_16345	JI435_423280
lcl|CP069042.1_cds_QRD06363.1_16346	JI435_117440
lcl|CP069042.1_cds_QRD06364.1_16347	JI435_117450
lcl|CP069042.1_cds_QRD06365.1_16348	JI435_423290
lcl|CP069042.1_cds_QRD06366.1_16349	JI435_307880
lcl|CP069042.1_cds_QRD06367.1_16350	JI435_117470
lcl|CP069042.1_cds_QRD06368.1_16351	JI435_117480
lcl|CP069042.1_cds_QRD06369.1_16352	JI435_117490
lcl|CP069042.1_cds_QRD06370.1_16353	JI435_117500
lcl|CP069042.1_cds_QRD06371.1_16354	JI435_117510
lcl|CP069042.1_cds_QRD06372.1_16355	JI435_117520
lcl|CP069042.1_cds_QRD06373.1_16356	JI435_423300
lcl|CP069042.1_cds_QRD06374.1_16357	JI435_117530
lcl|CP069042.1_cds_QRD06375.1_16358	JI435_117550
lcl|CP069042.1_cds_QRD06376.1_16359	JI435_117560
lcl|CP069042.1_cds_QRD06377.1_16360	JI435_117570
lcl|CP069042.1_cds_QRD06378.1_16361	JI435_117580
lcl|CP069042.1_cds_QRD06379.1_16362	JI435_117590
lcl|CP069042.1_cds_QRD06380.1_16363	JI435_117600
lcl|CP069042.1_cds_QRD06381.1_16364	JI435_117610
lcl|CP069042.1_cds_QRD06382.1_16365	JI435_117620
lcl|CP069042.1_cds_QRD06383.1_16366	JI435_117630
lcl|CP069042.1_cds_QRD06384.1_16367	JI435_307900
lcl|CP069042.1_cds_QRD06385.1_16368	JI435_117650
lcl|CP069042.1_cds_QRD06386.1_16369	JI435_117660
lcl|CP069042.1_cds_QRD06387.1_16370	JI435_117670
lcl|CP069042.1_cds_QRD06388.1_16371	JI435_117680
lcl|CP069042.1_cds_QRD06389.1_16372	JI435_117690
lcl|CP069042.1_cds_QRD06391.1_16373	JI435_117710
lcl|CP069042.1_cds_QRD06392.1_16374	JI435_117710
lcl|CP069042.1_cds_QRD06390.1_16375	JI435_117710
lcl|CP069042.1_cds_QRD06393.1_16376	JI435_117730
lcl|CP069042.1_cds_QRD06394.1_16377	JI435_117740
lcl|CP069042.1_cds_QRD06395.1_16378	JI435_117750
lcl|CP069042.1_cds_QRD06396.1_16379	JI435_423310
lcl|CP069042.1_cds_QRD06397.1_16380	JI435_117760
lcl|CP069042.1_cds_QRD06398.1_16381	JI435_445840
lcl|CP069042.1_cds_QRD06399.1_16382	JI435_117780
lcl|CP069042.1_cds_QRD06400.1_16383	JI435_117790
lcl|CP069042.1_cds_QRD06401.1_16384	JI435_117800
lcl|CP069042.1_cds_QRD06402.1_16385	JI435_117810
lcl|CP069042.1_cds_QRD06403.1_16386	JI435_117820
lcl|CP069042.1_cds_QRD06404.1_16387	JI435_117830
lcl|CP069042.1_cds_QRD06405.1_16388	JI435_117840
lcl|CP069042.1_cds_QRD06406.1_16389	JI435_117850
lcl|CP069042.1_cds_QRD06407.1_16390	JI435_117860
lcl|CP069042.1_cds_QRD06408.1_16391	JI435_117870
lcl|CP069042.1_cds_QRD06409.1_16392	JI435_117880
lcl|CP069042.1_cds_QRD06410.1_16393	JI435_117890
lcl|CP069042.1_cds_QRD06411.1_16394	JI435_445850
lcl|CP069042.1_cds_QRD06412.1_16395	JI435_117910
lcl|CP069042.1_cds_QRD06413.1_16396	JI435_117920
lcl|CP069042.1_cds_QRD06414.1_16397	JI435_117930
lcl|CP069042.1_cds_QRD06415.1_16398	JI435_117950
lcl|CP069042.1_cds_QRD06416.1_16399	JI435_117960
lcl|CP069042.1_cds_QRD06417.1_16400	JI435_117970
lcl|CP069042.1_cds_QRD06418.1_16401	JI435_423320
lcl|CP069042.1_cds_QRD06419.1_16402	JI435_117980
lcl|CP069042.1_cds_QRD06420.1_16403	JI435_445880
lcl|CP069042.1_cds_QRD06421.1_16404	JI435_118010
lcl|CP069042.1_cds_QRD06422.1_16405	JI435_307910
lcl|CP069042.1_cds_QRD06423.1_16406	JI435_118030
lcl|CP069042.1_cds_QRD06424.1_16407	JI435_118040
lcl|CP069042.1_cds_QRD06425.1_16408	JI435_307920
lcl|CP069042.1_cds_QRD06426.1_16409	JI435_118060
lcl|CP069042.1_cds_QRD06427.1_16410	JI435_118070
lcl|CP069042.1_cds_QRD06428.1_16411	JI435_118080
lcl|CP069042.1_cds_QRD06431.1_16412	JI435_118090
lcl|CP069042.1_cds_QRD06430.1_16413	JI435_118090
lcl|CP069042.1_cds_QRD06429.1_16414	JI435_118090
lcl|CP069042.1_cds_QRD06432.1_16415	JI435_118090
lcl|CP069042.1_cds_QRD06433.1_16416	JI435_118100
lcl|CP069042.1_cds_QRD06434.1_16417	JI435_423330
lcl|CP069042.1_cds_QRD06435.1_16418	JI435_118110
lcl|CP069042.1_cds_QRD06436.1_16419	JI435_118120
lcl|CP069042.1_cds_QRD06437.1_16420	JI435_118140
lcl|CP069042.1_cds_QRD06438.1_16421	JI435_118140
lcl|CP069042.1_cds_QRD06439.1_16422	JI435_118150
lcl|CP069042.1_cds_QRD06440.1_16423	JI435_118160
lcl|CP069042.1_cds_QRD06441.1_16424	JI435_445890
lcl|CP069042.1_cds_QRD06442.1_16425	JI435_118180
lcl|CP069042.1_cds_QRD06443.1_16426	JI435_423340
lcl|CP069042.1_cds_QRD06444.1_16427	JI435_118190
lcl|CP069042.1_cds_QRD06445.1_16428	JI435_118200
lcl|CP069042.1_cds_QRD06446.1_16429	JI435_445910
lcl|CP069042.1_cds_QRD06447.1_16430	JI435_118220
lcl|CP069042.1_cds_QRD06448.1_16431	JI435_118230
lcl|CP069042.1_cds_QRD06449.1_16432	JI435_118240
lcl|CP069042.1_cds_QRD06450.1_16433	JI435_423350
lcl|CP069042.1_cds_QRD06451.1_16434	JI435_118250
lcl|CP069042.1_cds_QRD06452.1_16435	JI435_118260
lcl|CP069042.1_cds_QRD06453.1_16436	JI435_445940
lcl|CP069042.1_cds_QRD06454.1_16437	JI435_118280
lcl|CP069042.1_cds_QRD06455.1_16438	JI435_118290
lcl|CP069042.1_cds_QRD06456.1_16439	JI435_118300
lcl|CP069042.1_cds_QRD06457.1_16440	JI435_118310
lcl|CP069042.1_cds_QRD06458.1_16441	JI435_118320
lcl|CP069042.1_cds_QRD06459.1_16442	JI435_118330
lcl|CP069042.1_cds_QRD06460.1_16443	JI435_118340
lcl|CP069042.1_cds_QRD06461.1_16444	JI435_118350
lcl|CP069042.1_cds_QRD06462.1_16445	JI435_118360
lcl|CP069042.1_cds_QRD06463.1_16446	JI435_118370
lcl|CP069042.1_cds_QRD06464.1_16447	JI435_118380
lcl|CP069042.1_cds_QRD06465.1_16448	JI435_118390
lcl|CP069042.1_cds_QRD06466.1_16449	JI435_118400
lcl|CP069042.1_cds_QRD06467.1_16450	JI435_118410
lcl|CP069042.1_cds_QRD06468.1_16451	JI435_118420
lcl|CP069042.1_cds_QRD06469.1_16452	JI435_118430
lcl|CP069042.1_cds_QRD06470.1_16453	JI435_118440
lcl|CP069042.1_cds_QRD06471.1_16454	JI435_445950
lcl|CP069042.1_cds_QRD06472.1_16455	JI435_118450
lcl|CP069042.1_cds_QRD06473.1_16456	JI435_118460
lcl|CP069042.1_cds_QRD06474.1_16457	JI435_118470
lcl|CP069042.1_cds_QRD06475.1_16458	JI435_118490
lcl|CP069042.1_cds_QRD06476.1_16459	JI435_118500
lcl|CP069042.1_cds_QRD06477.1_16460	JI435_118510
lcl|CP069042.1_cds_QRD06478.1_16461	JI435_118520
lcl|CP069042.1_cds_QRD06479.1_16462	JI435_307930
lcl|CP069042.1_cds_QRD06480.1_16463	JI435_307940
lcl|CP069042.1_cds_QRD06481.1_16464	JI435_118530
lcl|CP069042.1_cds_QRD06482.1_16465	JI435_445970
lcl|CP069042.1_cds_QRD06483.1_16466	JI435_118550
lcl|CP069042.1_cds_QRD06484.1_16467	JI435_423360
lcl|CP069042.1_cds_QRD06485.1_16468	JI435_423370
lcl|CP069042.1_cds_QRD06486.1_16469	JI435_118560
lcl|CP069042.1_cds_QRD06487.1_16470	JI435_118570
lcl|CP069042.1_cds_QRD06488.1_16471	JI435_118580
lcl|CP069042.1_cds_QRD06489.1_16472	JI435_118590
lcl|CP069042.1_cds_QRD06490.1_16473	JI435_118600
lcl|CP069042.1_cds_QRD06491.1_16474	JI435_118610
lcl|CP069042.1_cds_QRD06492.1_16475	JI435_118640
lcl|CP069042.1_cds_QRD06493.1_16476	JI435_118640
lcl|CP069042.1_cds_QRD06494.1_16477	JI435_423380
lcl|CP069042.1_cds_QRD06495.1_16478	JI435_118650
lcl|CP069042.1_cds_QRD06496.1_16479	JI435_307950
lcl|CP069042.1_cds_QRD06497.1_16480	JI435_423390
lcl|CP069042.1_cds_QRD06498.1_16481	JI435_118670
lcl|CP069042.1_cds_QRD06499.1_16482	JI435_118680
lcl|CP069042.1_cds_QRD06500.1_16483	JI435_118690
lcl|CP069042.1_cds_QRD06501.1_16484	JI435_118700
lcl|CP069042.1_cds_QRD06502.1_16485	JI435_118710
lcl|CP069042.1_cds_QRD06503.1_16486	JI435_118720
lcl|CP069042.1_cds_QRD06504.1_16487	JI435_118730
lcl|CP069042.1_cds_QRD06505.1_16488	JI435_118740
lcl|CP069042.1_cds_QRD06506.1_16489	JI435_118750
lcl|CP069042.1_cds_QRD06508.1_16490	JI435_118760
lcl|CP069042.1_cds_QRD06507.1_16491	JI435_118760
lcl|CP069042.1_cds_QRD06509.1_16492	JI435_118770
lcl|CP069042.1_cds_QRD06510.1_16493	JI435_118780
lcl|CP069042.1_cds_QRD06511.1_16494	JI435_118790
lcl|CP069042.1_cds_QRD06512.1_16495	JI435_445990
lcl|CP069042.1_cds_QRD06513.1_16496	JI435_423400
lcl|CP069042.1_cds_QRD06514.1_16497	JI435_118810
lcl|CP069042.1_cds_QRD06515.1_16498	JI435_118810
lcl|CP069042.1_cds_QRD06516.1_16499	JI435_118820
lcl|CP069042.1_cds_QRD06517.1_16500	JI435_118830
lcl|CP069042.1_cds_QRD06518.1_16501	JI435_118840
lcl|CP069042.1_cds_QRD06519.1_16502	JI435_118850
lcl|CP069042.1_cds_QRD06520.1_16503	JI435_118860
lcl|CP069042.1_cds_QRD06521.1_16504	JI435_446010
lcl|CP069042.1_cds_QRD06522.1_16505	JI435_118890
lcl|CP069042.1_cds_QRD06523.1_16506	JI435_307960
lcl|CP069042.1_cds_QRD06524.1_16507	JI435_118900
lcl|CP069042.1_cds_QRD06525.1_16508	JI435_118910
lcl|CP069042.1_cds_QRD06526.1_16509	JI435_118920
lcl|CP069042.1_cds_QRD06527.1_16510	JI435_118930
lcl|CP069042.1_cds_QRD06528.1_16511	JI435_118940
lcl|CP069042.1_cds_QRD06529.1_16512	JI435_118950
lcl|CP069042.1_cds_QRD06530.1_16513	JI435_118960
lcl|CP069042.1_cds_QRD06531.1_16514	JI435_118970
lcl|CP069042.1_cds_QRD06532.1_16515	JI435_119000
lcl|CP069042.1_cds_QRD06533.1_16516	JI435_119020
lcl|CP069042.1_cds_QRD06534.1_16517	JI435_307970
lcl|CP069042.1_cds_QRD06535.1_16518	JI435_119040
lcl|CP069042.1_cds_QRD06536.1_16519	JI435_119050
lcl|CP069042.1_cds_QRD06539.1_16520	JI435_119060
lcl|CP069042.1_cds_QRD06538.1_16521	JI435_119060
lcl|CP069042.1_cds_QRD06537.1_16522	JI435_119060
lcl|CP069042.1_cds_QRD06540.1_16523	JI435_119070
lcl|CP069042.1_cds_QRD06541.1_16524	JI435_119080
lcl|CP069042.1_cds_QRD06542.1_16525	JI435_119090
lcl|CP069042.1_cds_QRD06543.1_16526	JI435_119110
lcl|CP069042.1_cds_QRD06544.1_16527	JI435_119120
lcl|CP069042.1_cds_QRD06545.1_16528	JI435_307980
lcl|CP069042.1_cds_QRD06546.1_16529	JI435_119150
lcl|CP069042.1_cds_QRD06547.1_16530	JI435_119160
lcl|CP069042.1_cds_QRD06548.1_16531	JI435_119170
lcl|CP069042.1_cds_QRD06549.1_16532	JI435_119180
lcl|CP069042.1_cds_QRD06550.1_16533	JI435_119190
lcl|CP069042.1_cds_QRD06551.1_16534	JI435_119200
lcl|CP069042.1_cds_QRD06552.1_16535	JI435_423410
lcl|CP069042.1_cds_QRD06553.1_16536	JI435_119210
lcl|CP069042.1_cds_QRD06554.1_16537	JI435_119220
lcl|CP069042.1_cds_QRD06555.1_16538	JI435_119230
lcl|CP069042.1_cds_QRD06556.1_16539	JI435_119240
lcl|CP069042.1_cds_QRD06557.1_16540	JI435_119250
lcl|CP069042.1_cds_QRD06558.1_16541	JI435_119260
lcl|CP069042.1_cds_QRD06559.1_16542	JI435_119270
lcl|CP069042.1_cds_QRD06560.1_16543	JI435_119280
lcl|CP069042.1_cds_QRD06561.1_16544	JI435_119290
lcl|CP069042.1_cds_QRD06562.1_16545	JI435_119310
lcl|CP069042.1_cds_QRD06563.1_16546	JI435_119320
lcl|CP069042.1_cds_QRD06564.1_16547	JI435_119330
lcl|CP069042.1_cds_QRD06565.1_16548	JI435_119340
lcl|CP069043.1_cds_QRD06566.1_16549	JI435_423420
lcl|CP069043.1_cds_QRD06567.1_16550	JI435_423420
lcl|CP069043.1_cds_QRD06568.1_16551	JI435_423430
lcl|CP069043.1_cds_QRD06569.1_16552	JI435_134750
lcl|CP069043.1_cds_QRD06570.1_16553	JI435_423440
lcl|CP069043.1_cds_QRD06571.1_16554	JI435_308700
lcl|CP069043.1_cds_QRD06572.1_16555	JI435_134770
lcl|CP069043.1_cds_QRD06573.1_16556	JI435_134790
lcl|CP069043.1_cds_QRD06574.1_16557	JI435_308710
lcl|CP069043.1_cds_QRD06575.1_16558	JI435_134800
lcl|CP069043.1_cds_QRD06576.1_16559	JI435_134810
lcl|CP069043.1_cds_QRD06577.1_16560	JI435_134820
lcl|CP069043.1_cds_QRD06578.1_16561	JI435_134830
lcl|CP069043.1_cds_QRD06579.1_16562	JI435_423450
lcl|CP069043.1_cds_QRD06580.1_16563	JI435_134840
lcl|CP069043.1_cds_QRD06581.1_16564	JI435_134850
lcl|CP069043.1_cds_QRD06582.1_16565	JI435_423460
lcl|CP069043.1_cds_QRD06583.1_16566	JI435_134860
lcl|CP069043.1_cds_QRD06584.1_16567	JI435_308730
lcl|CP069043.1_cds_QRD06585.1_16568	JI435_134890
lcl|CP069043.1_cds_QRD06586.1_16569	JI435_423470
lcl|CP069043.1_cds_QRD06587.1_16570	JI435_134900
lcl|CP069043.1_cds_QRD06588.1_16571	JI435_134910
lcl|CP069043.1_cds_QRD06589.1_16572	JI435_134920
lcl|CP069043.1_cds_QRD06590.1_16573	JI435_134930
lcl|CP069043.1_cds_QRD06591.1_16574	JI435_134940
lcl|CP069043.1_cds_QRD06592.1_16575	JI435_423480
lcl|CP069043.1_cds_QRD06593.1_16576	JI435_134950
lcl|CP069043.1_cds_QRD06594.1_16577	JI435_134960
lcl|CP069043.1_cds_QRD06595.1_16578	JI435_134970
lcl|CP069043.1_cds_QRD06596.1_16579	JI435_134980
lcl|CP069043.1_cds_QRD06597.1_16580	JI435_134990
lcl|CP069043.1_cds_QRD06598.1_16581	JI435_135000
lcl|CP069043.1_cds_QRD06599.1_16582	JI435_135020
lcl|CP069043.1_cds_QRD06600.1_16583	JI435_135030
lcl|CP069043.1_cds_QRD06601.1_16584	JI435_135040
lcl|CP069043.1_cds_QRD06602.1_16585	JI435_135060
lcl|CP069043.1_cds_QRD06603.1_16586	JI435_446120
lcl|CP069043.1_cds_QRD06604.1_16587	JI435_446130
lcl|CP069043.1_cds_QRD06605.1_16588	JI435_135090
lcl|CP069043.1_cds_QRD06606.1_16589	JI435_135110
lcl|CP069043.1_cds_QRD06607.1_16590	JI435_423490
lcl|CP069043.1_cds_QRD06608.1_16591	JI435_135120
lcl|CP069043.1_cds_QRD06609.1_16592	JI435_135130
lcl|CP069043.1_cds_QRD06610.1_16593	JI435_135140
lcl|CP069043.1_cds_QRD06611.1_16594	JI435_135150
lcl|CP069043.1_cds_QRD06612.1_16595	JI435_135160
lcl|CP069043.1_cds_QRD06613.1_16596	JI435_135170
lcl|CP069043.1_cds_QRD06614.1_16597	JI435_135180
lcl|CP069043.1_cds_QRD06615.1_16598	JI435_135190
lcl|CP069043.1_cds_QRD06616.1_16599	JI435_135200
lcl|CP069043.1_cds_QRD06617.1_16600	JI435_423500
lcl|CP069043.1_cds_QRD06618.1_16601	JI435_423510
lcl|CP069043.1_cds_QRD06619.1_16602	JI435_423520
lcl|CP069043.1_cds_QRD06620.1_16603	JI435_135210
lcl|CP069043.1_cds_QRD06621.1_16604	JI435_135220
lcl|CP069043.1_cds_QRD06622.1_16605	JI435_423530
lcl|CP069043.1_cds_QRD06623.1_16606	JI435_135230
lcl|CP069043.1_cds_QRD06624.1_16607	JI435_135240
lcl|CP069043.1_cds_QRD06625.1_16608	JI435_135250
lcl|CP069043.1_cds_QRD06626.1_16609	JI435_135260
lcl|CP069043.1_cds_QRD06627.1_16610	JI435_135270
lcl|CP069043.1_cds_QRD06628.1_16611	JI435_135280
lcl|CP069043.1_cds_QRD06629.1_16612	JI435_135290
lcl|CP069043.1_cds_QRD06630.1_16613	JI435_135300
lcl|CP069043.1_cds_QRD06631.1_16614	JI435_135330
lcl|CP069043.1_cds_QRD06632.1_16615	JI435_135340
lcl|CP069043.1_cds_QRD06633.1_16616	JI435_135350
lcl|CP069043.1_cds_QRD06634.1_16617	JI435_135360
lcl|CP069043.1_cds_QRD06635.1_16618	JI435_135360
lcl|CP069043.1_cds_QRD06636.1_16619	JI435_135370
lcl|CP069043.1_cds_QRD06637.1_16620	JI435_135380
lcl|CP069043.1_cds_QRD06638.1_16621	JI435_135390
lcl|CP069043.1_cds_QRD06639.1_16622	JI435_135410
lcl|CP069043.1_cds_QRD06640.1_16623	JI435_135420
lcl|CP069043.1_cds_QRD06641.1_16624	JI435_446160
lcl|CP069043.1_cds_QRD06642.1_16625	JI435_446180
lcl|CP069043.1_cds_QRD06643.1_16626	JI435_446190
lcl|CP069043.1_cds_QRD06644.1_16627	JI435_446210
lcl|CP069043.1_cds_QRD06645.1_16628	JI435_446220
lcl|CP069043.1_cds_QRD06646.1_16629	JI435_446230
lcl|CP069043.1_cds_QRD06647.1_16630	JI435_135530
lcl|CP069043.1_cds_QRD06648.1_16631	JI435_135540
lcl|CP069043.1_cds_QRD06649.1_16632	JI435_135550
lcl|CP069043.1_cds_QRD06650.1_16633	JI435_135560
lcl|CP069043.1_cds_QRD06651.1_16634	JI435_135580
lcl|CP069043.1_cds_QRD06652.1_16635	JI435_135590
lcl|CP069043.1_cds_QRD06653.1_16636	JI435_135600
lcl|CP069043.1_cds_QRD06654.1_16637	JI435_135610
lcl|CP069043.1_cds_QRD06655.1_16638	JI435_446250
lcl|CP069043.1_cds_QRD06656.1_16639	JI435_135630
lcl|CP069043.1_cds_QRD06657.1_16640	JI435_135650
lcl|CP069043.1_cds_QRD06658.1_16641	JI435_308740
lcl|CP069043.1_cds_QRD06659.1_16642	JI435_135670
lcl|CP069043.1_cds_QRD06660.1_16643	JI435_135680
lcl|CP069043.1_cds_QRD06661.1_16644	JI435_135690
lcl|CP069043.1_cds_QRD06662.1_16645	JI435_135700
lcl|CP069043.1_cds_QRD06663.1_16646	JI435_135710
lcl|CP069043.1_cds_QRD06664.1_16647	JI435_135730
lcl|CP069043.1_cds_QRD06665.1_16648	JI435_135740
lcl|CP069043.1_cds_QRD06666.1_16649	JI435_135750
lcl|CP069043.1_cds_QRD06667.1_16650	JI435_135760
lcl|CP069043.1_cds_QRD06668.1_16651	JI435_135770
lcl|CP069043.1_cds_QRD06669.1_16652	JI435_423540
lcl|CP069043.1_cds_QRD06670.1_16653	JI435_135780
lcl|CP069043.1_cds_QRD06671.1_16654	JI435_135800
lcl|CP069043.1_cds_QRD06672.1_16655	JI435_135810
lcl|CP069043.1_cds_QRD06673.1_16656	JI435_135820
lcl|CP069043.1_cds_QRD06674.1_16657	JI435_135830
lcl|CP069043.1_cds_QRD06675.1_16658	JI435_135840
lcl|CP069043.1_cds_QRD06676.1_16659	JI435_135850
lcl|CP069043.1_cds_QRD06677.1_16660	JI435_308750
lcl|CP069043.1_cds_QRD06678.1_16661	JI435_135870
lcl|CP069043.1_cds_QRD06679.1_16662	JI435_135880
lcl|CP069043.1_cds_QRD06680.1_16663	JI435_135890
lcl|CP069043.1_cds_QRD06681.1_16664	JI435_135900
lcl|CP069043.1_cds_QRD06682.1_16665	JI435_135910
lcl|CP069043.1_cds_QRD06683.1_16666	JI435_135920
lcl|CP069043.1_cds_QRD06684.1_16667	JI435_308760
lcl|CP069043.1_cds_QRD06685.1_16668	JI435_135940
lcl|CP069043.1_cds_QRD06686.1_16669	JI435_135950
lcl|CP069043.1_cds_QRD06687.1_16670	JI435_135960
lcl|CP069043.1_cds_QRD06688.1_16671	JI435_135970
lcl|CP069043.1_cds_QRD06689.1_16672	JI435_446300
lcl|CP069043.1_cds_QRD06690.1_16673	JI435_135980
lcl|CP069043.1_cds_QRD06691.1_16674	JI435_135990
lcl|CP069043.1_cds_QRD06692.1_16675	JI435_423550
lcl|CP069043.1_cds_QRD06693.1_16676	JI435_136010
lcl|CP069043.1_cds_QRD06694.1_16677	JI435_136020
lcl|CP069043.1_cds_QRD06695.1_16678	JI435_136030
lcl|CP069043.1_cds_QRD06696.1_16679	JI435_136040
lcl|CP069043.1_cds_QRD06697.1_16680	JI435_136050
lcl|CP069043.1_cds_QRD06698.1_16681	JI435_136060
lcl|CP069043.1_cds_QRD06699.1_16682	JI435_136070
lcl|CP069043.1_cds_QRD06700.1_16683	JI435_136070
lcl|CP069043.1_cds_QRD06701.1_16684	JI435_136080
lcl|CP069043.1_cds_QRD06702.1_16685	JI435_136090
lcl|CP069043.1_cds_QRD06703.1_16686	JI435_136100
lcl|CP069043.1_cds_QRD06704.1_16687	JI435_136110
lcl|CP069043.1_cds_QRD06705.1_16688	JI435_136120
lcl|CP069043.1_cds_QRD06706.1_16689	JI435_136130
lcl|CP069043.1_cds_QRD06707.1_16690	JI435_136140
lcl|CP069043.1_cds_QRD06708.1_16691	JI435_136160
lcl|CP069043.1_cds_QRD06709.1_16692	JI435_423560
lcl|CP069043.1_cds_QRD06710.1_16693	JI435_308770
lcl|CP069043.1_cds_QRD06711.1_16694	JI435_308770
lcl|CP069043.1_cds_QRD06712.1_16695	JI435_136170
lcl|CP069043.1_cds_QRD06713.1_16696	JI435_136180
lcl|CP069043.1_cds_QRD06714.1_16697	JI435_423570
lcl|CP069043.1_cds_QRD06715.1_16698	JI435_423580
lcl|CP069043.1_cds_QRD06716.1_16699	JI435_423590
lcl|CP069043.1_cds_QRD06717.1_16700	JI435_423600
lcl|CP069043.1_cds_QRD06718.1_16701	JI435_136190
lcl|CP069043.1_cds_QRD06719.1_16702	JI435_423610
lcl|CP069043.1_cds_QRD06720.1_16703	JI435_136220
lcl|CP069043.1_cds_QRD06721.1_16704	JI435_136240
lcl|CP069043.1_cds_QRD06722.1_16705	JI435_136250
lcl|CP069043.1_cds_QRD06723.1_16706	JI435_136260
lcl|CP069043.1_cds_QRD06724.1_16707	JI435_136270
lcl|CP069043.1_cds_QRD06725.1_16708	JI435_136280
lcl|CP069043.1_cds_QRD06726.1_16709	JI435_136290
lcl|CP069043.1_cds_QRD06727.1_16710	JI435_136300
lcl|CP069043.1_cds_QRD06728.1_16711	JI435_136310
lcl|CP069043.1_cds_QRD06729.1_16712	JI435_136320
lcl|CP069043.1_cds_QRD06731.1_16713	JI435_136330
lcl|CP069043.1_cds_QRD06730.1_16714	JI435_136330
lcl|CP069043.1_cds_QRD06732.1_16715	JI435_136340
lcl|CP069043.1_cds_QRD06733.1_16716	JI435_136350
lcl|CP069043.1_cds_QRD06734.1_16717	JI435_136360
lcl|CP069043.1_cds_QRD06735.1_16718	JI435_136390
lcl|CP069043.1_cds_QRD06736.1_16719	JI435_136390
lcl|CP069043.1_cds_QRD06737.1_16720	JI435_423620
lcl|CP069043.1_cds_QRD06738.1_16721	JI435_136400
lcl|CP069043.1_cds_QRD06739.1_16722	JI435_136410
lcl|CP069043.1_cds_QRD06740.1_16723	JI435_136420
lcl|CP069043.1_cds_QRD06741.1_16724	JI435_136430
lcl|CP069043.1_cds_QRD06742.1_16725	JI435_136440
lcl|CP069043.1_cds_QRD06743.1_16726	JI435_136450
lcl|CP069043.1_cds_QRD06744.1_16727	JI435_136460
lcl|CP069043.1_cds_QRD06745.1_16728	JI435_308780
lcl|CP069043.1_cds_QRD06746.1_16729	JI435_136470
lcl|CP069043.1_cds_QRD06747.1_16730	JI435_136480
lcl|CP069043.1_cds_QRD06748.1_16731	JI435_136500
lcl|CP069043.1_cds_QRD06749.1_16732	JI435_136500
lcl|CP069043.1_cds_QRD06750.1_16733	JI435_136520
lcl|CP069043.1_cds_QRD06751.1_16734	JI435_423630
lcl|CP069043.1_cds_QRD06752.1_16735	JI435_423640
lcl|CP069043.1_cds_QRD06753.1_16736	JI435_423650
lcl|CP069043.1_cds_QRD06754.1_16737	JI435_136540
lcl|CP069043.1_cds_QRD06755.1_16738	JI435_136550
lcl|CP069043.1_cds_QRD06756.1_16739	JI435_136560
lcl|CP069043.1_cds_QRD06757.1_16740	JI435_136580
lcl|CP069043.1_cds_QRD06758.1_16741	JI435_423660
lcl|CP069043.1_cds_QRD06759.1_16742	JI435_136590
lcl|CP069043.1_cds_QRD06760.1_16743	JI435_136600
lcl|CP069043.1_cds_QRD06761.1_16744	JI435_423670
lcl|CP069043.1_cds_QRD06762.1_16745	JI435_136610
lcl|CP069043.1_cds_QRD06763.1_16746	JI435_423680
lcl|CP069043.1_cds_QRD06764.1_16747	JI435_136620
lcl|CP069043.1_cds_QRD06765.1_16748	JI435_423690
lcl|CP069043.1_cds_QRD06766.1_16749	JI435_308790
lcl|CP069043.1_cds_QRD06767.1_16750	JI435_136650
lcl|CP069043.1_cds_QRD06768.1_16751	JI435_136660
lcl|CP069043.1_cds_QRD06769.1_16752	JI435_136670
lcl|CP069043.1_cds_QRD06770.1_16753	JI435_136680
lcl|CP069043.1_cds_QRD06771.1_16754	JI435_136690
lcl|CP069043.1_cds_QRD06772.1_16755	JI435_136700
lcl|CP069043.1_cds_QRD06773.1_16756	JI435_136710
lcl|CP069043.1_cds_QRD06774.1_16757	JI435_136720
lcl|CP069043.1_cds_QRD06775.1_16758	JI435_136730
lcl|CP069043.1_cds_QRD06776.1_16759	JI435_136740
lcl|CP069043.1_cds_QRD06777.1_16760	JI435_136750
lcl|CP069043.1_cds_QRD06778.1_16761	JI435_446370
lcl|CP069043.1_cds_QRD06779.1_16762	JI435_446380
lcl|CP069043.1_cds_QRD06780.1_16763	JI435_423700
lcl|CP069043.1_cds_QRD06781.1_16764	JI435_136810
lcl|CP069043.1_cds_QRD06782.1_16765	JI435_136820
lcl|CP069043.1_cds_QRD06783.1_16766	JI435_136830
lcl|CP069043.1_cds_QRD06784.1_16767	JI435_136840
lcl|CP069043.1_cds_QRD06785.1_16768	JI435_136850
lcl|CP069043.1_cds_QRD06786.1_16769	JI435_308800
lcl|CP069043.1_cds_QRD06787.1_16770	JI435_136860
lcl|CP069043.1_cds_QRD06788.1_16771	JI435_136870
lcl|CP069043.1_cds_QRD06789.1_16772	JI435_136880
lcl|CP069043.1_cds_QRD06790.1_16773	JI435_136890
lcl|CP069043.1_cds_QRD06791.1_16774	JI435_423710
lcl|CP069043.1_cds_QRD06792.1_16775	JI435_136900
lcl|CP069043.1_cds_QRD06793.1_16776	JI435_136910
lcl|CP069043.1_cds_QRD06794.1_16777	JI435_136920
lcl|CP069043.1_cds_QRD06795.1_16778	JI435_136930
lcl|CP069043.1_cds_QRD06796.1_16779	JI435_446390
lcl|CP069043.1_cds_QRD06797.1_16780	JI435_136950
lcl|CP069043.1_cds_QRD06798.1_16781	JI435_423720
lcl|CP069043.1_cds_QRD06799.1_16782	JI435_136960
lcl|CP069043.1_cds_QRD06800.1_16783	JI435_127860
lcl|CP069043.1_cds_QRD06801.1_16784	JI435_127850
lcl|CP069043.1_cds_QRD06802.1_16785	JI435_423730
lcl|CP069043.1_cds_QRD06803.1_16786	JI435_423740
lcl|CP069043.1_cds_QRD06804.1_16787	JI435_127830
lcl|CP069043.1_cds_QRD06805.1_16788	JI435_127810
lcl|CP069043.1_cds_QRD06806.1_16789	JI435_127800
lcl|CP069043.1_cds_QRD06807.1_16790	JI435_127790
lcl|CP069043.1_cds_QRD06808.1_16791	JI435_127780
lcl|CP069043.1_cds_QRD06809.1_16792	JI435_127770
lcl|CP069043.1_cds_QRD06810.1_16793	JI435_127760
lcl|CP069043.1_cds_QRD06811.1_16794	JI435_127750
lcl|CP069043.1_cds_QRD06812.1_16795	JI435_423750
lcl|CP069043.1_cds_QRD06813.1_16796	JI435_127740
lcl|CP069043.1_cds_QRD06814.1_16797	JI435_127730
lcl|CP069043.1_cds_QRD06815.1_16798	JI435_127720
lcl|CP069043.1_cds_QRD06816.1_16799	JI435_127710
lcl|CP069043.1_cds_QRD06817.1_16800	JI435_127700
lcl|CP069043.1_cds_QRD06818.1_16801	JI435_127690
lcl|CP069043.1_cds_QRD06819.1_16802	JI435_127680
lcl|CP069043.1_cds_QRD06820.1_16803	JI435_308560
lcl|CP069043.1_cds_QRD06821.1_16804	JI435_127670
lcl|CP069043.1_cds_QRD06822.1_16805	JI435_127650
lcl|CP069043.1_cds_QRD06823.1_16806	JI435_127640
lcl|CP069043.1_cds_QRD06824.1_16807	JI435_127630
lcl|CP069043.1_cds_QRD06825.1_16808	JI435_127620
lcl|CP069043.1_cds_QRD06826.1_16809	JI435_127610
lcl|CP069043.1_cds_QRD06827.1_16810	JI435_446460
lcl|CP069043.1_cds_QRD06828.1_16811	JI435_127600
lcl|CP069043.1_cds_QRD06829.1_16812	JI435_127580
lcl|CP069043.1_cds_QRD06830.1_16813	JI435_127570
lcl|CP069043.1_cds_QRD06831.1_16814	JI435_127560
lcl|CP069043.1_cds_QRD06832.1_16815	JI435_127550
lcl|CP069043.1_cds_QRD06834.1_16816	JI435_127540
lcl|CP069043.1_cds_QRD06833.1_16817	JI435_127540
lcl|CP069043.1_cds_QRD06835.1_16818	JI435_127520
lcl|CP069043.1_cds_QRD06836.1_16819	JI435_127490
lcl|CP069043.1_cds_QRD06837.1_16820	JI435_127480
lcl|CP069043.1_cds_QRD06838.1_16821	JI435_127460
lcl|CP069043.1_cds_QRD06839.1_16822	JI435_127450
lcl|CP069043.1_cds_QRD06840.1_16823	JI435_127440
lcl|CP069043.1_cds_QRD06841.1_16824	JI435_127430
lcl|CP069043.1_cds_QRD06842.1_16825	JI435_308550
lcl|CP069043.1_cds_QRD06843.1_16826	JI435_127420
lcl|CP069043.1_cds_QRD06844.1_16827	JI435_446490
lcl|CP069043.1_cds_QRD06845.1_16828	JI435_127400
lcl|CP069043.1_cds_QRD06846.1_16829	JI435_423760
lcl|CP069043.1_cds_QRD06847.1_16830	JI435_423770
lcl|CP069043.1_cds_QRD06848.1_16831	JI435_127390
lcl|CP069043.1_cds_QRD06849.1_16832	JI435_127380
lcl|CP069043.1_cds_QRD06850.1_16833	JI435_446500
lcl|CP069043.1_cds_QRD06851.1_16834	JI435_127350
lcl|CP069043.1_cds_QRD06852.1_16835	JI435_127340
lcl|CP069043.1_cds_QRD06853.1_16836	JI435_127330
lcl|CP069043.1_cds_QRD06854.1_16837	JI435_127320
lcl|CP069043.1_cds_QRD06855.1_16838	JI435_127310
lcl|CP069043.1_cds_QRD06856.1_16839	JI435_127300
lcl|CP069043.1_cds_QRD06857.1_16840	JI435_308540
lcl|CP069043.1_cds_QRD06858.1_16841	JI435_127290
lcl|CP069043.1_cds_QRD06859.1_16842	JI435_127280
lcl|CP069043.1_cds_QRD06860.1_16843	JI435_127270
lcl|CP069043.1_cds_QRD06861.1_16844	JI435_127260
lcl|CP069043.1_cds_QRD06862.1_16845	JI435_127260
lcl|CP069043.1_cds_QRD06863.1_16846	JI435_127250
lcl|CP069043.1_cds_QRD06864.1_16847	JI435_127240
lcl|CP069043.1_cds_QRD06865.1_16848	JI435_127230
lcl|CP069043.1_cds_QRD06866.1_16849	JI435_127220
lcl|CP069043.1_cds_QRD06867.1_16850	JI435_127210
lcl|CP069043.1_cds_QRD06868.1_16851	JI435_127200
lcl|CP069043.1_cds_QRD06869.1_16852	JI435_127190
lcl|CP069043.1_cds_QRD06870.1_16853	JI435_127180
lcl|CP069043.1_cds_QRD06871.1_16854	JI435_423780
lcl|CP069043.1_cds_QRD06872.1_16855	JI435_423790
lcl|CP069043.1_cds_QRD06873.1_16856	JI435_446530
lcl|CP069043.1_cds_QRD06874.1_16857	JI435_127150
lcl|CP069043.1_cds_QRD06875.1_16858	JI435_423800
lcl|CP069043.1_cds_QRD06876.1_16859	JI435_127120
lcl|CP069043.1_cds_QRD06877.1_16860	JI435_308530
lcl|CP069043.1_cds_QRD06878.1_16861	JI435_127110
lcl|CP069043.1_cds_QRD06879.1_16862	JI435_127090
lcl|CP069043.1_cds_QRD06880.1_16863	JI435_127070
lcl|CP069043.1_cds_QRD06881.1_16864	JI435_127060
lcl|CP069043.1_cds_QRD06882.1_16865	JI435_127050
lcl|CP069043.1_cds_QRD06883.1_16866	JI435_127040
lcl|CP069043.1_cds_QRD06884.1_16867	JI435_127030
lcl|CP069043.1_cds_QRD06885.1_16868	JI435_127010
lcl|CP069043.1_cds_QRD06886.1_16869	JI435_127000
lcl|CP069043.1_cds_QRD06887.1_16870	JI435_126990
lcl|CP069043.1_cds_QRD06888.1_16871	JI435_423810
lcl|CP069043.1_cds_QRD06889.1_16872	JI435_126980
lcl|CP069043.1_cds_QRD06890.1_16873	JI435_126970
lcl|CP069043.1_cds_QRD06891.1_16874	JI435_126960
lcl|CP069043.1_cds_QRD06892.1_16875	JI435_126950
lcl|CP069043.1_cds_QRD06893.1_16876	JI435_126930
lcl|CP069043.1_cds_QRD06894.1_16877	JI435_126920
lcl|CP069043.1_cds_QRD06895.1_16878	JI435_126910
lcl|CP069043.1_cds_QRD06896.1_16879	JI435_126900
lcl|CP069043.1_cds_QRD06897.1_16880	JI435_126890
lcl|CP069043.1_cds_QRD06899.1_16881	JI435_423820
lcl|CP069043.1_cds_QRD06898.1_16882	JI435_423820
lcl|CP069043.1_cds_QRD06901.1_16883	JI435_423830
lcl|CP069043.1_cds_QRD06900.1_16884	JI435_423830
lcl|CP069043.1_cds_QRD06902.1_16885	JI435_126870
lcl|CP069043.1_cds_QRD06903.1_16886	JI435_126860
lcl|CP069043.1_cds_QRD06904.1_16887	JI435_126850
lcl|CP069043.1_cds_QRD06905.1_16888	JI435_126840
lcl|CP069043.1_cds_QRD06906.1_16889	JI435_126830
lcl|CP069043.1_cds_QRD06907.1_16890	JI435_126820
lcl|CP069043.1_cds_QRD06908.1_16891	JI435_126810
lcl|CP069043.1_cds_QRD06909.1_16892	JI435_126800
lcl|CP069043.1_cds_QRD06910.1_16893	JI435_308520
lcl|CP069043.1_cds_QRD06911.1_16894	JI435_126780
lcl|CP069043.1_cds_QRD06912.1_16895	JI435_423840
lcl|CP069043.1_cds_QRD06913.1_16896	JI435_126770
lcl|CP069043.1_cds_QRD06914.1_16897	JI435_423850
lcl|CP069043.1_cds_QRD06915.1_16898	JI435_126760
lcl|CP069043.1_cds_QRD06916.1_16899	JI435_126750
lcl|CP069043.1_cds_QRD06917.1_16900	JI435_423860
lcl|CP069043.1_cds_QRD06918.1_16901	JI435_126740
lcl|CP069043.1_cds_QRD06919.1_16902	JI435_308510
lcl|CP069043.1_cds_QRD06920.1_16903	JI435_126730
lcl|CP069043.1_cds_QRD06921.1_16904	JI435_446560
lcl|CP069043.1_cds_QRD06922.1_16905	JI435_446570
lcl|CP069043.1_cds_QRD06923.1_16906	JI435_126710
lcl|CP069043.1_cds_QRD06924.1_16907	JI435_126700
lcl|CP069043.1_cds_QRD06925.1_16908	JI435_126690
lcl|CP069043.1_cds_QRD06926.1_16909	JI435_126680
lcl|CP069043.1_cds_QRD06927.1_16910	JI435_126670
lcl|CP069043.1_cds_QRD06928.1_16911	JI435_126660
lcl|CP069043.1_cds_QRD06929.1_16912	JI435_126650
lcl|CP069043.1_cds_QRD06930.1_16913	JI435_126640
lcl|CP069043.1_cds_QRD06931.1_16914	JI435_446590
lcl|CP069043.1_cds_QRD06932.1_16915	JI435_446600
lcl|CP069043.1_cds_QRD06933.1_16916	JI435_446610
lcl|CP069043.1_cds_QRD06934.1_16917	JI435_308500
lcl|CP069043.1_cds_QRD06935.1_16918	JI435_126610
lcl|CP069043.1_cds_QRD06936.1_16919	JI435_126600
lcl|CP069043.1_cds_QRD06937.1_16920	JI435_126590
lcl|CP069043.1_cds_QRD06938.1_16921	JI435_126580
lcl|CP069043.1_cds_QRD06939.1_16922	JI435_126570
lcl|CP069043.1_cds_QRD06940.1_16923	JI435_126560
lcl|CP069043.1_cds_QRD06941.1_16924	JI435_126540
lcl|CP069043.1_cds_QRD06942.1_16925	JI435_126530
lcl|CP069043.1_cds_QRD06943.1_16926	JI435_126520
lcl|CP069043.1_cds_QRD06944.1_16927	JI435_126510
lcl|CP069043.1_cds_QRD06945.1_16928	JI435_126500
lcl|CP069043.1_cds_QRD06946.1_16929	JI435_126490
lcl|CP069043.1_cds_QRD06947.1_16930	JI435_126480
lcl|CP069043.1_cds_QRD06948.1_16931	JI435_126470
lcl|CP069043.1_cds_QRD06949.1_16932	JI435_126460
lcl|CP069043.1_cds_QRD06950.1_16933	JI435_126450
lcl|CP069043.1_cds_QRD06951.1_16934	JI435_126440
lcl|CP069043.1_cds_QRD06952.1_16935	JI435_126430
lcl|CP069043.1_cds_QRD06953.1_16936	JI435_126420
lcl|CP069043.1_cds_QRD06954.1_16937	JI435_126410
lcl|CP069043.1_cds_QRD06955.1_16938	JI435_126400
lcl|CP069043.1_cds_QRD06956.1_16939	JI435_126390
lcl|CP069043.1_cds_QRD06957.1_16940	JI435_201370
lcl|CP069043.1_cds_QRD06958.1_16941	JI435_126360
lcl|CP069043.1_cds_QRD06959.1_16942	JI435_126350
lcl|CP069043.1_cds_QRD06960.1_16943	JI435_126340
lcl|CP069043.1_cds_QRD06961.1_16944	JI435_126330
lcl|CP069043.1_cds_QRD06962.1_16945	JI435_126320
lcl|CP069043.1_cds_QRD06963.1_16946	JI435_126310
lcl|CP069043.1_cds_QRD06964.1_16947	JI435_126300
lcl|CP069043.1_cds_QRD06965.1_16948	JI435_126290
lcl|CP069043.1_cds_QRD06966.1_16949	JI435_126280
lcl|CP069043.1_cds_QRD06967.1_16950	JI435_126270
lcl|CP069043.1_cds_QRD06968.1_16951	JI435_126260
lcl|CP069043.1_cds_QRD06969.1_16952	JI435_423870
lcl|CP069043.1_cds_QRD06970.1_16953	JI435_126240
lcl|CP069043.1_cds_QRD06971.1_16954	JI435_126230
lcl|CP069043.1_cds_QRD06972.1_16955	JI435_126220
lcl|CP069043.1_cds_QRD06973.1_16956	JI435_126210
lcl|CP069043.1_cds_QRD06974.1_16957	JI435_446640
lcl|CP069043.1_cds_QRD06975.1_16958	JI435_446650
lcl|CP069043.1_cds_QRD06976.1_16959	JI435_446660
lcl|CP069043.1_cds_QRD06977.1_16960	JI435_126190
lcl|CP069043.1_cds_QRD06978.1_16961	JI435_126180
lcl|CP069043.1_cds_QRD06979.1_16962	JI435_126170
lcl|CP069043.1_cds_QRD06980.1_16963	JI435_126150
lcl|CP069043.1_cds_QRD06981.1_16964	JI435_126140
lcl|CP069043.1_cds_QRD06982.1_16965	JI435_308480
lcl|CP069043.1_cds_QRD06983.1_16966	JI435_126120
lcl|CP069043.1_cds_QRD06984.1_16967	JI435_126110
lcl|CP069043.1_cds_QRD06985.1_16968	JI435_446670
lcl|CP069043.1_cds_QRD06986.1_16969	JI435_126090
lcl|CP069043.1_cds_QRD06987.1_16970	JI435_126080
lcl|CP069043.1_cds_QRD06988.1_16971	JI435_126070
lcl|CP069043.1_cds_QRD06989.1_16972	JI435_126060
lcl|CP069043.1_cds_QRD06990.1_16973	JI435_126050
lcl|CP069043.1_cds_QRD06991.1_16974	JI435_126040
lcl|CP069043.1_cds_QRD06992.1_16975	JI435_126030
lcl|CP069043.1_cds_QRD06993.1_16976	JI435_126020
lcl|CP069043.1_cds_QRD06994.1_16977	JI435_446690
lcl|CP069043.1_cds_QRD06995.1_16978	JI435_126000
lcl|CP069043.1_cds_QRD06996.1_16979	JI435_125990
lcl|CP069043.1_cds_QRD06997.1_16980	JI435_125980
lcl|CP069043.1_cds_QRD06998.1_16981	JI435_125970
lcl|CP069043.1_cds_QRD06999.1_16982	JI435_125960
lcl|CP069043.1_cds_QRD07000.1_16983	JI435_446730
lcl|CP069043.1_cds_QRD07001.1_16984	JI435_125930
lcl|CP069043.1_cds_QRD07002.1_16985	JI435_125920
lcl|CP069043.1_cds_QRD07003.1_16986	JI435_423880
lcl|CP069043.1_cds_QRD07004.1_16987	JI435_423890
lcl|CP069043.1_cds_QRD07005.1_16988	JI435_423900
lcl|CP069043.1_cds_QRD07006.1_16989	JI435_125910
lcl|CP069043.1_cds_QRD07007.1_16990	JI435_125900
lcl|CP069043.1_cds_QRD07008.1_16991	JI435_125890
lcl|CP069043.1_cds_QRD07009.1_16992	JI435_423910
lcl|CP069043.1_cds_QRD07010.1_16993	JI435_125880
lcl|CP069043.1_cds_QRD07011.1_16994	JI435_125870
lcl|CP069043.1_cds_QRD07012.1_16995	JI435_423920
lcl|CP069043.1_cds_QRD07013.1_16996	JI435_125860
lcl|CP069043.1_cds_QRD07014.1_16997	JI435_423930
lcl|CP069043.1_cds_QRD07015.1_16998	JI435_125850
lcl|CP069043.1_cds_QRD07016.1_16999	JI435_125840
lcl|CP069043.1_cds_QRD07017.1_17000	JI435_125830
lcl|CP069043.1_cds_QRD07018.1_17001	JI435_446750
lcl|CP069043.1_cds_QRD07020.1_17002	JI435_125810
lcl|CP069043.1_cds_QRD07019.1_17003	JI435_125810
lcl|CP069043.1_cds_QRD07021.1_17004	JI435_125800
lcl|CP069043.1_cds_QRD07022.1_17005	JI435_125790
lcl|CP069043.1_cds_QRD07023.1_17006	JI435_125780
lcl|CP069043.1_cds_QRD07024.1_17007	JI435_423940
lcl|CP069043.1_cds_QRD07025.1_17008	JI435_125770
lcl|CP069043.1_cds_QRD07026.1_17009	JI435_125760
lcl|CP069043.1_cds_QRD07027.1_17010	JI435_446760
lcl|CP069043.1_cds_QRD07028.1_17011	JI435_446770
lcl|CP069043.1_cds_QRD07029.1_17012	JI435_125730
lcl|CP069043.1_cds_QRD07030.1_17013	JI435_125720
lcl|CP069043.1_cds_QRD07032.1_17014	JI435_125710
lcl|CP069043.1_cds_QRD07031.1_17015	JI435_125710
lcl|CP069043.1_cds_QRD07033.1_17016	JI435_125690
lcl|CP069043.1_cds_QRD07034.1_17017	JI435_125680
lcl|CP069043.1_cds_QRD07035.1_17018	JI435_125670
lcl|CP069043.1_cds_QRD07036.1_17019	JI435_125660
lcl|CP069043.1_cds_QRD07037.1_17020	JI435_423950
lcl|CP069043.1_cds_QRD07038.1_17021	JI435_125650
lcl|CP069043.1_cds_QRD07039.1_17022	JI435_423960
lcl|CP069043.1_cds_QRD07040.1_17023	JI435_446780
lcl|CP069043.1_cds_QRD07041.1_17024	JI435_125640
lcl|CP069043.1_cds_QRD07042.1_17025	JI435_125630
lcl|CP069043.1_cds_QRD07043.1_17026	JI435_125620
lcl|CP069043.1_cds_QRD07044.1_17027	JI435_423970
lcl|CP069043.1_cds_QRD07045.1_17028	JI435_125610
lcl|CP069043.1_cds_QRD07046.1_17029	JI435_446790
lcl|CP069043.1_cds_QRD07047.1_17030	JI435_125600
lcl|CP069043.1_cds_QRD07048.1_17031	JI435_308470
lcl|CP069043.1_cds_QRD07049.1_17032	JI435_125590
lcl|CP069043.1_cds_QRD07050.1_17033	JI435_125580
lcl|CP069043.1_cds_QRD07051.1_17034	JI435_125570
lcl|CP069043.1_cds_QRD07052.1_17035	JI435_125550
lcl|CP069043.1_cds_QRD07053.1_17036	JI435_446810
lcl|CP069043.1_cds_QRD07054.1_17037	JI435_308460
lcl|CP069043.1_cds_QRD07055.1_17038	JI435_125540
lcl|CP069043.1_cds_QRD07056.1_17039	JI435_125530
lcl|CP069043.1_cds_QRD07057.1_17040	JI435_125520
lcl|CP069043.1_cds_QRD07058.1_17041	JI435_125500
lcl|CP069043.1_cds_QRD07059.1_17042	JI435_125490
lcl|CP069043.1_cds_QRD07060.1_17043	JI435_125480
lcl|CP069043.1_cds_QRD07061.1_17044	JI435_125470
lcl|CP069043.1_cds_QRD07062.1_17045	JI435_125450
lcl|CP069043.1_cds_QRD07063.1_17046	JI435_125440
lcl|CP069043.1_cds_QRD07064.1_17047	JI435_125430
lcl|CP069043.1_cds_QRD07065.1_17048	JI435_125420
lcl|CP069043.1_cds_QRD07066.1_17049	JI435_125410
lcl|CP069043.1_cds_QRD07067.1_17050	JI435_125400
lcl|CP069043.1_cds_QRD07068.1_17051	JI435_125390
lcl|CP069043.1_cds_QRD07069.1_17052	JI435_446840
lcl|CP069043.1_cds_QRD07070.1_17053	JI435_125360
lcl|CP069043.1_cds_QRD07071.1_17054	JI435_125350
lcl|CP069043.1_cds_QRD07072.1_17055	JI435_125340
lcl|CP069044.1_cds_QRD07073.1_17056	JI435_308280
lcl|CP069044.1_cds_QRD07074.1_17057	JI435_446870
lcl|CP069044.1_cds_QRD07075.1_17058	JI435_122730
lcl|CP069044.1_cds_QRD07076.1_17059	JI435_308290
lcl|CP069044.1_cds_QRD07077.1_17060	JI435_122750
lcl|CP069044.1_cds_QRD07078.1_17061	JI435_122760
lcl|CP069044.1_cds_QRD07079.1_17062	JI435_122770
lcl|CP069044.1_cds_QRD07080.1_17063	JI435_122780
lcl|CP069044.1_cds_QRD07081.1_17064	JI435_122790
lcl|CP069044.1_cds_QRD07082.1_17065	JI435_122800
lcl|CP069044.1_cds_QRD07083.1_17066	JI435_122810
lcl|CP069044.1_cds_QRD07084.1_17067	JI435_122820
lcl|CP069044.1_cds_QRD07085.1_17068	JI435_122830
lcl|CP069044.1_cds_QRD07086.1_17069	JI435_122840
lcl|CP069044.1_cds_QRD07087.1_17070	JI435_122860
lcl|CP069044.1_cds_QRD07088.1_17071	JI435_122870
lcl|CP069044.1_cds_QRD07089.1_17072	JI435_122880
lcl|CP069044.1_cds_QRD07090.1_17073	JI435_446880
lcl|CP069044.1_cds_QRD07091.1_17074	JI435_308300
lcl|CP069044.1_cds_QRD07092.1_17075	JI435_122900
lcl|CP069044.1_cds_QRD07093.1_17076	JI435_122920
lcl|CP069044.1_cds_QRD07094.1_17077	JI435_122930
lcl|CP069044.1_cds_QRD07095.1_17078	JI435_122940
lcl|CP069044.1_cds_QRD07096.1_17079	JI435_122950
lcl|CP069044.1_cds_QRD07097.1_17080	JI435_423980
lcl|CP069044.1_cds_QRD07098.1_17081	JI435_122960
lcl|CP069044.1_cds_QRD07099.1_17082	JI435_122970
lcl|CP069044.1_cds_QRD07100.1_17083	JI435_122980
lcl|CP069044.1_cds_QRD07101.1_17084	JI435_122990
lcl|CP069044.1_cds_QRD07102.1_17085	JI435_123000
lcl|CP069044.1_cds_QRD07103.1_17086	JI435_123020
lcl|CP069044.1_cds_QRD07104.1_17087	JI435_123030
lcl|CP069044.1_cds_QRD07105.1_17088	JI435_446890
lcl|CP069044.1_cds_QRD07106.1_17089	JI435_446900
lcl|CP069044.1_cds_QRD07107.1_17090	JI435_123060
lcl|CP069044.1_cds_QRD07108.1_17091	JI435_446910
lcl|CP069044.1_cds_QRD07109.1_17092	JI435_123080
lcl|CP069044.1_cds_QRD07110.1_17093	JI435_123090
lcl|CP069044.1_cds_QRD07111.1_17094	JI435_308310
lcl|CP069044.1_cds_QRD07112.1_17095	JI435_446930
lcl|CP069044.1_cds_QRD07113.1_17096	JI435_123150
lcl|CP069044.1_cds_QRD07114.1_17097	JI435_123160
lcl|CP069044.1_cds_QRD07115.1_17098	JI435_123170
lcl|CP069044.1_cds_QRD07116.1_17099	JI435_123180
lcl|CP069044.1_cds_QRD07117.1_17100	JI435_123190
lcl|CP069044.1_cds_QRD07118.1_17101	JI435_446950
lcl|CP069044.1_cds_QRD07119.1_17102	JI435_123210
lcl|CP069044.1_cds_QRD07120.1_17103	JI435_308320
lcl|CP069044.1_cds_QRD07121.1_17104	JI435_123220
lcl|CP069044.1_cds_QRD07122.1_17105	JI435_123230
lcl|CP069044.1_cds_QRD07123.1_17106	JI435_123240
lcl|CP069044.1_cds_QRD07124.1_17107	JI435_123250
lcl|CP069044.1_cds_QRD07125.1_17108	JI435_123260
lcl|CP069044.1_cds_QRD07126.1_17109	JI435_123280
lcl|CP069044.1_cds_QRD07127.1_17110	JI435_123290
lcl|CP069044.1_cds_QRD07128.1_17111	JI435_123300
lcl|CP069044.1_cds_QRD07129.1_17112	JI435_123310
lcl|CP069044.1_cds_QRD07130.1_17113	JI435_308330
lcl|CP069044.1_cds_QRD07131.1_17114	JI435_123340
lcl|CP069044.1_cds_QRD07132.1_17115	JI435_123350
lcl|CP069044.1_cds_QRD07133.1_17116	JI435_423990
lcl|CP069044.1_cds_QRD07134.1_17117	JI435_123360
lcl|CP069044.1_cds_QRD07135.1_17118	JI435_123370
lcl|CP069044.1_cds_QRD07136.1_17119	JI435_123380
lcl|CP069044.1_cds_QRD07137.1_17120	JI435_123390
lcl|CP069044.1_cds_QRD07138.1_17121	JI435_123400
lcl|CP069044.1_cds_QRD07139.1_17122	JI435_123410
lcl|CP069044.1_cds_QRD07140.1_17123	JI435_123420
lcl|CP069044.1_cds_QRD07141.1_17124	JI435_308340
lcl|CP069044.1_cds_QRD07142.1_17125	JI435_308340
lcl|CP069044.1_cds_QRD07143.1_17126	JI435_308350
lcl|CP069044.1_cds_QRD07144.1_17127	JI435_123460
lcl|CP069044.1_cds_QRD07145.1_17128	JI435_123470
lcl|CP069044.1_cds_QRD07146.1_17129	JI435_123480
lcl|CP069044.1_cds_QRD07147.1_17130	JI435_123500
lcl|CP069044.1_cds_QRD07148.1_17131	JI435_123510
lcl|CP069044.1_cds_QRD07149.1_17132	JI435_123540
lcl|CP069044.1_cds_QRD07150.1_17133	JI435_123550
lcl|CP069044.1_cds_QRD07151.1_17134	JI435_123570
lcl|CP069044.1_cds_QRD07152.1_17135	JI435_123580
lcl|CP069044.1_cds_QRD07153.1_17136	JI435_123590
lcl|CP069044.1_cds_QRD07154.1_17137	JI435_424000
lcl|CP069044.1_cds_QRD07155.1_17138	JI435_123600
lcl|CP069044.1_cds_QRD07156.1_17139	JI435_123610
lcl|CP069044.1_cds_QRD07157.1_17140	JI435_123620
lcl|CP069044.1_cds_QRD07158.1_17141	JI435_123630
lcl|CP069044.1_cds_QRD07159.1_17142	JI435_123640
lcl|CP069044.1_cds_QRD07160.1_17143	JI435_123650
lcl|CP069044.1_cds_QRD07161.1_17144	JI435_123670
lcl|CP069044.1_cds_QRD07162.1_17145	JI435_123680
lcl|CP069044.1_cds_QRD07163.1_17146	JI435_123690
lcl|CP069044.1_cds_QRD07164.1_17147	JI435_123700
lcl|CP069044.1_cds_QRD07165.1_17148	JI435_424010
lcl|CP069044.1_cds_QRD07166.1_17149	JI435_424020
lcl|CP069044.1_cds_QRD07167.1_17150	JI435_447000
lcl|CP069044.1_cds_QRD07168.1_17151	JI435_123710
lcl|CP069044.1_cds_QRD07169.1_17152	JI435_308360
lcl|CP069044.1_cds_QRD07170.1_17153	JI435_123720
lcl|CP069044.1_cds_QRD07171.1_17154	JI435_123730
lcl|CP069044.1_cds_QRD07172.1_17155	JI435_123740
lcl|CP069044.1_cds_QRD07173.1_17156	JI435_123750
lcl|CP069044.1_cds_QRD07174.1_17157	JI435_308370
lcl|CP069044.1_cds_QRD07175.1_17158	JI435_123770
lcl|CP069044.1_cds_QRD07176.1_17159	JI435_123780
lcl|CP069044.1_cds_QRD07177.1_17160	JI435_123790
lcl|CP069044.1_cds_QRD07178.1_17161	JI435_447020
lcl|CP069044.1_cds_QRD07179.1_17162	JI435_447030
lcl|CP069044.1_cds_QRD07180.1_17163	JI435_123820
lcl|CP069044.1_cds_QRD07181.1_17164	JI435_424030
lcl|CP069044.1_cds_QRD07182.1_17165	JI435_123830
lcl|CP069044.1_cds_QRD07183.1_17166	JI435_424040
lcl|CP069044.1_cds_QRD07184.1_17167	JI435_424050
lcl|CP069044.1_cds_QRD07185.1_17168	JI435_424060
lcl|CP069044.1_cds_QRD07186.1_17169	JI435_123840
lcl|CP069044.1_cds_QRD07187.1_17170	JI435_308380
lcl|CP069044.1_cds_QRD07188.1_17171	JI435_123880
lcl|CP069044.1_cds_QRD07189.1_17172	JI435_123900
lcl|CP069044.1_cds_QRD07190.1_17173	JI435_123910
lcl|CP069044.1_cds_QRD07191.1_17174	JI435_123920
lcl|CP069044.1_cds_QRD07192.1_17175	JI435_123930
lcl|CP069044.1_cds_QRD07193.1_17176	JI435_123940
lcl|CP069044.1_cds_QRD07194.1_17177	JI435_123950
lcl|CP069044.1_cds_QRD07195.1_17178	JI435_123960
lcl|CP069044.1_cds_QRD07196.1_17179	JI435_123990
lcl|CP069044.1_cds_QRD07197.1_17180	JI435_124000
lcl|CP069044.1_cds_QRD07198.1_17181	JI435_124020
lcl|CP069044.1_cds_QRD07199.1_17182	JI435_124030
lcl|CP069044.1_cds_QRD07200.1_17183	JI435_124040
lcl|CP069044.1_cds_QRD07201.1_17184	JI435_447090
lcl|CP069044.1_cds_QRD07202.1_17185	JI435_124060
lcl|CP069044.1_cds_QRD07203.1_17186	JI435_124070
lcl|CP069044.1_cds_QRD07204.1_17187	JI435_124080
lcl|CP069044.1_cds_QRD07205.1_17188	JI435_124090
lcl|CP069044.1_cds_QRD07206.1_17189	JI435_124100
lcl|CP069044.1_cds_QRD07207.1_17190	JI435_124110
lcl|CP069044.1_cds_QRD07208.1_17191	JI435_124120
lcl|CP069044.1_cds_QRD07209.1_17192	JI435_124130
lcl|CP069044.1_cds_QRD07210.1_17193	JI435_124140
lcl|CP069044.1_cds_QRD07211.1_17194	JI435_124150
lcl|CP069044.1_cds_QRD07212.1_17195	JI435_124170
lcl|CP069044.1_cds_QRD07213.1_17196	JI435_124180
lcl|CP069044.1_cds_QRD07214.1_17197	JI435_124190
lcl|CP069044.1_cds_QRD07216.1_17198	JI435_124200
lcl|CP069044.1_cds_QRD07215.1_17199	JI435_124200
lcl|CP069044.1_cds_QRD07217.1_17200	JI435_424070
lcl|CP069044.1_cds_QRD07218.1_17201	JI435_124210
lcl|CP069044.1_cds_QRD07219.1_17202	JI435_424080
lcl|CP069044.1_cds_QRD07220.1_17203	JI435_124220
lcl|CP069044.1_cds_QRD07221.1_17204	JI435_424090
lcl|CP069044.1_cds_QRD07222.1_17205	JI435_124230
lcl|CP069044.1_cds_QRD07223.1_17206	JI435_124240
lcl|CP069044.1_cds_QRD07224.1_17207	JI435_124250
lcl|CP069044.1_cds_QRD07225.1_17208	JI435_124260
lcl|CP069044.1_cds_QRD07226.1_17209	JI435_424100
lcl|CP069044.1_cds_QRD07227.1_17210	JI435_124270
lcl|CP069044.1_cds_QRD07228.1_17211	JI435_447110
lcl|CP069044.1_cds_QRD07229.1_17212	JI435_124280
lcl|CP069044.1_cds_QRD07230.1_17213	JI435_124290
lcl|CP069044.1_cds_QRD07231.1_17214	JI435_124300
lcl|CP069044.1_cds_QRD07232.1_17215	JI435_124310
lcl|CP069044.1_cds_QRD07233.1_17216	JI435_124320
lcl|CP069044.1_cds_QRD07234.1_17217	JI435_124340
lcl|CP069044.1_cds_QRD07235.1_17218	JI435_424110
lcl|CP069044.1_cds_QRD07236.1_17219	JI435_124350
lcl|CP069044.1_cds_QRD07237.1_17220	JI435_124360
lcl|CP069044.1_cds_QRD07238.1_17221	JI435_124370
lcl|CP069044.1_cds_QRD07239.1_17222	JI435_424120
lcl|CP069044.1_cds_QRD07240.1_17223	JI435_124380
lcl|CP069044.1_cds_QRD07241.1_17224	JI435_124390
lcl|CP069044.1_cds_QRD07242.1_17225	JI435_124400
lcl|CP069044.1_cds_QRD07245.1_17226	JI435_124410
lcl|CP069044.1_cds_QRD07243.1_17227	JI435_124410
lcl|CP069044.1_cds_QRD07244.1_17228	JI435_124410
lcl|CP069044.1_cds_QRD07246.1_17229	JI435_124420
lcl|CP069044.1_cds_QRD07247.1_17230	JI435_424130
lcl|CP069044.1_cds_QRD07248.1_17231	JI435_124430
lcl|CP069044.1_cds_QRD07249.1_17232	JI435_447120
lcl|CP069044.1_cds_QRD07250.1_17233	JI435_124450
lcl|CP069044.1_cds_QRD07251.1_17234	JI435_124460
lcl|CP069044.1_cds_QRD07252.1_17235	JI435_447130
lcl|CP069044.1_cds_QRD07253.1_17236	JI435_124470
lcl|CP069044.1_cds_QRD07254.1_17237	JI435_124480
lcl|CP069044.1_cds_QRD07255.1_17238	JI435_124490
lcl|CP069044.1_cds_QRD07256.1_17239	JI435_424140
lcl|CP069044.1_cds_QRD07257.1_17240	JI435_124500
lcl|CP069044.1_cds_QRD07258.1_17241	JI435_124510
lcl|CP069044.1_cds_QRD07259.1_17242	JI435_124520
lcl|CP069044.1_cds_QRD07260.1_17243	JI435_124530
lcl|CP069044.1_cds_QRD07261.1_17244	JI435_424150
lcl|CP069044.1_cds_QRD07262.1_17245	JI435_124540
lcl|CP069044.1_cds_QRD07263.1_17246	JI435_447140
lcl|CP069044.1_cds_QRD07264.1_17247	JI435_124560
lcl|CP069044.1_cds_QRD07265.1_17248	JI435_424160
lcl|CP069044.1_cds_QRD07266.1_17249	JI435_124570
lcl|CP069044.1_cds_QRD07267.1_17250	JI435_124580
lcl|CP069044.1_cds_QRD07268.1_17251	JI435_124590
lcl|CP069044.1_cds_QRD07269.1_17252	JI435_124600
lcl|CP069044.1_cds_QRD07270.1_17253	JI435_124610
lcl|CP069044.1_cds_QRD07271.1_17254	JI435_308400
lcl|CP069044.1_cds_QRD07272.1_17255	JI435_124650
lcl|CP069044.1_cds_QRD07273.1_17256	JI435_447150
lcl|CP069044.1_cds_QRD07274.1_17257	JI435_124660
lcl|CP069044.1_cds_QRD07275.1_17258	JI435_124670
lcl|CP069044.1_cds_QRD07276.1_17259	JI435_124680
lcl|CP069044.1_cds_QRD07277.1_17260	JI435_124690
lcl|CP069044.1_cds_QRD07278.1_17261	JI435_124700
lcl|CP069044.1_cds_QRD07279.1_17262	JI435_124710
lcl|CP069044.1_cds_QRD07280.1_17263	JI435_447170
lcl|CP069044.1_cds_QRD07281.1_17264	JI435_124750
lcl|CP069044.1_cds_QRD07282.1_17265	JI435_308420
lcl|CP069044.1_cds_QRD07284.1_17266	JI435_308420
lcl|CP069044.1_cds_QRD07283.1_17267	JI435_308420
lcl|CP069044.1_cds_QRD07285.1_17268	JI435_424180
lcl|CP069044.1_cds_QRD07286.1_17269	JI435_424190
lcl|CP069044.1_cds_QRD07287.1_17270	JI435_124770
lcl|CP069044.1_cds_QRD07288.1_17271	JI435_124780
lcl|CP069044.1_cds_QRD07289.1_17272	JI435_124790
lcl|CP069044.1_cds_QRD07290.1_17273	JI435_124800
lcl|CP069044.1_cds_QRD07291.1_17274	JI435_124810
lcl|CP069044.1_cds_QRD07292.1_17275	JI435_424200
lcl|CP069044.1_cds_QRD07293.1_17276	JI435_124820
lcl|CP069044.1_cds_QRD07294.1_17277	JI435_124840
lcl|CP069044.1_cds_QRD07295.1_17278	JI435_447190
lcl|CP069044.1_cds_QRD07296.1_17279	JI435_124860
lcl|CP069044.1_cds_QRD07297.1_17280	JI435_424210
lcl|CP069044.1_cds_QRD07298.1_17281	JI435_124870
lcl|CP069044.1_cds_QRD07299.1_17282	JI435_124880
lcl|CP069044.1_cds_QRD07300.1_17283	JI435_447210
lcl|CP069044.1_cds_QRD07301.1_17284	JI435_124890
lcl|CP069044.1_cds_QRD07302.1_17285	JI435_124900
lcl|CP069044.1_cds_QRD07303.1_17286	JI435_124910
lcl|CP069044.1_cds_QRD07304.1_17287	JI435_124920
lcl|CP069044.1_cds_QRD07305.1_17288	JI435_124930
lcl|CP069044.1_cds_QRD07306.1_17289	JI435_124950
lcl|CP069044.1_cds_QRD07307.1_17290	JI435_308430
lcl|CP069044.1_cds_QRD07308.1_17291	JI435_124960
lcl|CP069044.1_cds_QRD07309.1_17292	JI435_124970
lcl|CP069044.1_cds_QRD07311.1_17293	JI435_124980
lcl|CP069044.1_cds_QRD07310.1_17294	JI435_124980
lcl|CP069044.1_cds_QRD07312.1_17295	JI435_124990
lcl|CP069044.1_cds_QRD07313.1_17296	JI435_125010
lcl|CP069044.1_cds_QRD07314.1_17297	JI435_424220
lcl|CP069044.1_cds_QRD07315.1_17298	JI435_308440
lcl|CP069044.1_cds_QRD07316.1_17299	JI435_125030
lcl|CP069044.1_cds_QRD07317.1_17300	JI435_125040
lcl|CP069044.1_cds_QRD07318.1_17301	JI435_125050
lcl|CP069044.1_cds_QRD07319.1_17302	JI435_125060
lcl|CP069044.1_cds_QRD07320.1_17303	JI435_424230
lcl|CP069044.1_cds_QRD07321.1_17304	JI435_125070
lcl|CP069044.1_cds_QRD07322.1_17305	JI435_424240
lcl|CP069044.1_cds_QRD07323.1_17306	JI435_125080
lcl|CP069044.1_cds_QRD07324.1_17307	JI435_125090
lcl|CP069044.1_cds_QRD07325.1_17308	JI435_424250
lcl|CP069044.1_cds_QRD07326.1_17309	JI435_125100
lcl|CP069044.1_cds_QRD07327.1_17310	JI435_447230
lcl|CP069044.1_cds_QRD07328.1_17311	JI435_447240
lcl|CP069044.1_cds_QRD07329.1_17312	JI435_125140
lcl|CP069044.1_cds_QRD07330.1_17313	JI435_447250
lcl|CP069044.1_cds_QRD07331.1_17314	JI435_125180
lcl|CP069044.1_cds_QRD07332.1_17315	JI435_125190
lcl|CP069044.1_cds_QRD07333.1_17316	JI435_308450
lcl|CP069044.1_cds_QRD07334.1_17317	JI435_125210
lcl|CP069044.1_cds_QRD07335.1_17318	JI435_125220
lcl|CP069044.1_cds_QRD07336.1_17319	JI435_447260
lcl|CP069044.1_cds_QRD07337.1_17320	JI435_125240
lcl|CP069044.1_cds_QRD07338.1_17321	JI435_424260
lcl|CP069044.1_cds_QRD07339.1_17322	JI435_125260
lcl|CP069044.1_cds_QRD07340.1_17323	JI435_447270
lcl|CP069044.1_cds_QRD07341.1_17324	JI435_125280
lcl|CP069044.1_cds_QRD07342.1_17325	JI435_447280
lcl|CP069044.1_cds_QRD07343.1_17326	JI435_447320
lcl|CP069044.1_cds_QRD07344.1_17327	JI435_125320
lcl|CP069044.1_cds_QRD07345.1_17328	JI435_424270
lcl|CP069044.1_cds_QRD07346.1_17329	JI435_132590
lcl|CP069044.1_cds_QRD07347.1_17330	JI435_132580
lcl|CP069044.1_cds_QRD07348.1_17331	JI435_132570
lcl|CP069044.1_cds_QRD07350.1_17332	JI435_132560
lcl|CP069044.1_cds_QRD07349.1_17333	JI435_132560
lcl|CP069044.1_cds_QRD07351.1_17334	JI435_132550
lcl|CP069044.1_cds_QRD07352.1_17335	JI435_308690
lcl|CP069044.1_cds_QRD07353.1_17336	JI435_132540
lcl|CP069044.1_cds_QRD07354.1_17337	JI435_132530
lcl|CP069044.1_cds_QRD07355.1_17338	JI435_132530
lcl|CP069044.1_cds_QRD07356.1_17339	JI435_132510
lcl|CP069044.1_cds_QRD07357.1_17340	JI435_132500
lcl|CP069044.1_cds_QRD07358.1_17341	JI435_132480
lcl|CP069044.1_cds_QRD07359.1_17342	JI435_132460
lcl|CP069044.1_cds_QRD07360.1_17343	JI435_132450
lcl|CP069044.1_cds_QRD07361.1_17344	JI435_132440
lcl|CP069044.1_cds_QRD07362.1_17345	JI435_132430
lcl|CP069044.1_cds_QRD07363.1_17346	JI435_132420
lcl|CP069044.1_cds_QRD07364.1_17347	JI435_132410
lcl|CP069044.1_cds_QRD07365.1_17348	JI435_132400
lcl|CP069044.1_cds_QRD07366.1_17349	JI435_132390
lcl|CP069044.1_cds_QRD07367.1_17350	JI435_132360
lcl|CP069044.1_cds_QRD07368.1_17351	JI435_424280
lcl|CP069044.1_cds_QRD07369.1_17352	JI435_132340
lcl|CP069044.1_cds_QRD07370.1_17353	JI435_424290
lcl|CP069044.1_cds_QRD07371.1_17354	JI435_132330
lcl|CP069044.1_cds_QRD07372.1_17355	JI435_132320
lcl|CP069044.1_cds_QRD07373.1_17356	JI435_132310
lcl|CP069044.1_cds_QRD07374.1_17357	JI435_424300
lcl|CP069044.1_cds_QRD07375.1_17358	JI435_132300
lcl|CP069044.1_cds_QRD07376.1_17359	JI435_424310
lcl|CP069044.1_cds_QRD07377.1_17360	JI435_132290
lcl|CP069044.1_cds_QRD07378.1_17361	JI435_132280
lcl|CP069044.1_cds_QRD07379.1_17362	JI435_132270
lcl|CP069044.1_cds_QRD07380.1_17363	JI435_132260
lcl|CP069044.1_cds_QRD07381.1_17364	JI435_132250
lcl|CP069044.1_cds_QRD07382.1_17365	JI435_132240
lcl|CP069044.1_cds_QRD07383.1_17366	JI435_132220
lcl|CP069044.1_cds_QRD07384.1_17367	JI435_132210
lcl|CP069044.1_cds_QRD07385.1_17368	JI435_447370
lcl|CP069044.1_cds_QRD07386.1_17369	JI435_132190
lcl|CP069044.1_cds_QRD07387.1_17370	JI435_132180
lcl|CP069044.1_cds_QRD07388.1_17371	JI435_132170
lcl|CP069044.1_cds_QRD07390.1_17372	JI435_132160
lcl|CP069044.1_cds_QRD07389.1_17373	JI435_132160
lcl|CP069044.1_cds_QRD07391.1_17374	JI435_424320
lcl|CP069044.1_cds_QRD07392.1_17375	JI435_132140
lcl|CP069044.1_cds_QRD07393.1_17376	JI435_308670
lcl|CP069044.1_cds_QRD07394.1_17377	JI435_132120
lcl|CP069044.1_cds_QRD07395.1_17378	JI435_132110
lcl|CP069044.1_cds_QRD07396.1_17379	JI435_132100
lcl|CP069044.1_cds_QRD07397.1_17380	JI435_447380
lcl|CP069044.1_cds_QRD07398.1_17381	JI435_447390
lcl|CP069044.1_cds_QRD07399.1_17382	JI435_132080
lcl|CP069044.1_cds_QRD07400.1_17383	JI435_132070
lcl|CP069044.1_cds_QRD07401.1_17384	JI435_447400
lcl|CP069044.1_cds_QRD07402.1_17385	JI435_132040
lcl|CP069044.1_cds_QRD07403.1_17386	JI435_132030
lcl|CP069044.1_cds_QRD07404.1_17387	JI435_132020
lcl|CP069044.1_cds_QRD07405.1_17388	JI435_132010
lcl|CP069044.1_cds_QRD07406.1_17389	JI435_132000
lcl|CP069044.1_cds_QRD07407.1_17390	JI435_131990
lcl|CP069044.1_cds_QRD07408.1_17391	JI435_131980
lcl|CP069044.1_cds_QRD07409.1_17392	JI435_447410
lcl|CP069044.1_cds_QRD07410.1_17393	JI435_131960
lcl|CP069044.1_cds_QRD07411.1_17394	JI435_447430
lcl|CP069044.1_cds_QRD07412.1_17395	JI435_131940
lcl|CP069044.1_cds_QRD07413.1_17396	JI435_131930
lcl|CP069044.1_cds_QRD07414.1_17397	JI435_424330
lcl|CP069044.1_cds_QRD07415.1_17398	JI435_424340
lcl|CP069044.1_cds_QRD07416.1_17399	JI435_131920
lcl|CP069044.1_cds_QRD07417.1_17400	JI435_131910
lcl|CP069044.1_cds_QRD07418.1_17401	JI435_131900
lcl|CP069044.1_cds_QRD07419.1_17402	JI435_424350
lcl|CP069044.1_cds_QRD07420.1_17403	JI435_131890
lcl|CP069044.1_cds_QRD07421.1_17404	JI435_424360
lcl|CP069044.1_cds_QRD07422.1_17405	JI435_131880
lcl|CP069044.1_cds_QRD07423.1_17406	JI435_131860
lcl|CP069044.1_cds_QRD07424.1_17407	JI435_131850
lcl|CP069044.1_cds_QRD07425.1_17408	JI435_131820
lcl|CP069044.1_cds_QRD07426.1_17409	JI435_131810
lcl|CP069044.1_cds_QRD07427.1_17410	JI435_131800
lcl|CP069044.1_cds_QRD07428.1_17411	JI435_131790
lcl|CP069044.1_cds_QRD07429.1_17412	JI435_131780
lcl|CP069044.1_cds_QRD07430.1_17413	JI435_131770
lcl|CP069044.1_cds_QRD07431.1_17414	JI435_131760
lcl|CP069044.1_cds_QRD07432.1_17415	JI435_131750
lcl|CP069044.1_cds_QRD07433.1_17416	JI435_131740
lcl|CP069044.1_cds_QRD07434.1_17417	JI435_131720
lcl|CP069044.1_cds_QRD07435.1_17418	JI435_131690
lcl|CP069044.1_cds_QRD07436.1_17419	JI435_131680
lcl|CP069044.1_cds_QRD07437.1_17420	JI435_424370
lcl|CP069044.1_cds_QRD07438.1_17421	JI435_131670
lcl|CP069044.1_cds_QRD07439.1_17422	JI435_424380
lcl|CP069044.1_cds_QRD07440.1_17423	JI435_131660
lcl|CP069044.1_cds_QRD07441.1_17424	JI435_131650
lcl|CP069044.1_cds_QRD07442.1_17425	JI435_131640
lcl|CP069044.1_cds_QRD07443.1_17426	JI435_424390
lcl|CP069044.1_cds_QRD07444.1_17427	JI435_131620
lcl|CP069044.1_cds_QRD07445.1_17428	JI435_131610
lcl|CP069044.1_cds_QRD07446.1_17429	JI435_131600
lcl|CP069044.1_cds_QRD07447.1_17430	JI435_131590
lcl|CP069044.1_cds_QRD07448.1_17431	JI435_424400
lcl|CP069044.1_cds_QRD07449.1_17432	JI435_131580
lcl|CP069044.1_cds_QRD07450.1_17433	JI435_131570
lcl|CP069044.1_cds_QRD07451.1_17434	JI435_131560
lcl|CP069044.1_cds_QRD07452.1_17435	JI435_131550
lcl|CP069044.1_cds_QRD07453.1_17436	JI435_131540
lcl|CP069044.1_cds_QRD07454.1_17437	JI435_131530
lcl|CP069044.1_cds_QRD07455.1_17438	JI435_308660
lcl|CP069044.1_cds_QRD07456.1_17439	JI435_308650
lcl|CP069044.1_cds_QRD07457.1_17440	JI435_131520
lcl|CP069044.1_cds_QRD07458.1_17441	JI435_131500
lcl|CP069044.1_cds_QRD07459.1_17442	JI435_131490
lcl|CP069044.1_cds_QRD07460.1_17443	JI435_131480
lcl|CP069044.1_cds_QRD07461.1_17444	JI435_131470
lcl|CP069044.1_cds_QRD07462.1_17445	JI435_131460
lcl|CP069044.1_cds_QRD07463.1_17446	JI435_131450
lcl|CP069044.1_cds_QRD07464.1_17447	JI435_447490
lcl|CP069044.1_cds_QRD07465.1_17448	JI435_424410
lcl|CP069044.1_cds_QRD07466.1_17449	JI435_131430
lcl|CP069044.1_cds_QRD07467.1_17450	JI435_131420
lcl|CP069044.1_cds_QRD07468.1_17451	JI435_131400
lcl|CP069044.1_cds_QRD07469.1_17452	JI435_131390
lcl|CP069044.1_cds_QRD07470.1_17453	JI435_131370
lcl|CP069044.1_cds_QRD07471.1_17454	JI435_131360
lcl|CP069044.1_cds_QRD07472.1_17455	JI435_131350
lcl|CP069044.1_cds_QRD07473.1_17456	JI435_424420
lcl|CP069044.1_cds_QRD07474.1_17457	JI435_424430
lcl|CP069044.1_cds_QRD07475.1_17458	JI435_424440
lcl|CP069044.1_cds_QRD07476.1_17459	JI435_131340
lcl|CP069044.1_cds_QRD07478.1_17460	JI435_424450
lcl|CP069044.1_cds_QRD07477.1_17461	JI435_131330
lcl|CP069044.1_cds_QRD07479.1_17462	JI435_131320
lcl|CP069044.1_cds_QRD07480.1_17463	JI435_131310
lcl|CP069044.1_cds_QRD07481.1_17464	JI435_131300
lcl|CP069044.1_cds_QRD07482.1_17465	JI435_131290
lcl|CP069044.1_cds_QRD07483.1_17466	JI435_131280
lcl|CP069044.1_cds_QRD07484.1_17467	JI435_131270
lcl|CP069044.1_cds_QRD07485.1_17468	JI435_131260
lcl|CP069044.1_cds_QRD07486.1_17469	JI435_131250
lcl|CP069044.1_cds_QRD07487.1_17470	JI435_131240
lcl|CP069044.1_cds_QRD07488.1_17471	JI435_131230
lcl|CP069044.1_cds_QRD07489.1_17472	JI435_424460
lcl|CP069044.1_cds_QRD07490.1_17473	JI435_131220
lcl|CP069044.1_cds_QRD07491.1_17474	JI435_424470
lcl|CP069044.1_cds_QRD07492.1_17475	JI435_131210
lcl|CP069044.1_cds_QRD07493.1_17476	JI435_131200
lcl|CP069044.1_cds_QRD07494.1_17477	JI435_308640
lcl|CP069044.1_cds_QRD07495.1_17478	JI435_131180
lcl|CP069044.1_cds_QRD07496.1_17479	JI435_131170
lcl|CP069044.1_cds_QRD07497.1_17480	JI435_447500
lcl|CP069044.1_cds_QRD07498.1_17481	JI435_131160
lcl|CP069044.1_cds_QRD07499.1_17482	JI435_424480
lcl|CP069044.1_cds_QRD07500.1_17483	JI435_131150
lcl|CP069044.1_cds_QRD07501.1_17484	JI435_131140
lcl|CP069044.1_cds_QRD07502.1_17485	JI435_424490
lcl|CP069044.1_cds_QRD07503.1_17486	JI435_424500
lcl|CP069044.1_cds_QRD07504.1_17487	JI435_131100
lcl|CP069044.1_cds_QRD07505.1_17488	JI435_447530
lcl|CP069044.1_cds_QRD07506.1_17489	JI435_447540
lcl|CP069044.1_cds_QRD07507.1_17490	JI435_424510
lcl|CP069044.1_cds_QRD07508.1_17491	JI435_424520
lcl|CP069044.1_cds_QRD07509.1_17492	JI435_447550
lcl|CP069044.1_cds_QRD07510.1_17493	JI435_447580
lcl|CP069044.1_cds_QRD07511.1_17494	JI435_131030
lcl|CP069044.1_cds_QRD07512.1_17495	JI435_131020
lcl|CP069044.1_cds_QRD07513.1_17496	JI435_131010
lcl|CP069044.1_cds_QRD07514.1_17497	JI435_131000
lcl|CP069044.1_cds_QRD07515.1_17498	JI435_130990
lcl|CP069044.1_cds_QRD07516.1_17499	JI435_130980
lcl|CP069044.1_cds_QRD07517.1_17500	JI435_130970
lcl|CP069044.1_cds_QRD07518.1_17501	JI435_130950
lcl|CP069044.1_cds_QRD07519.1_17502	JI435_130940
lcl|CP069044.1_cds_QRD07520.1_17503	JI435_130930
lcl|CP069044.1_cds_QRD07521.1_17504	JI435_130920
lcl|CP069044.1_cds_QRD07522.1_17505	JI435_130910
lcl|CP069044.1_cds_QRD07523.1_17506	JI435_447600
lcl|CP069044.1_cds_QRD07524.1_17507	JI435_130890
lcl|CP069044.1_cds_QRD07525.1_17508	JI435_130880
lcl|CP069044.1_cds_QRD07526.1_17509	JI435_130870
lcl|CP069044.1_cds_QRD07527.1_17510	JI435_130860
lcl|CP069044.1_cds_QRD07528.1_17511	JI435_130850
lcl|CP069044.1_cds_QRD07529.1_17512	JI435_130840
lcl|CP069044.1_cds_QRD07530.1_17513	JI435_130830
lcl|CP069044.1_cds_QRD07531.1_17514	JI435_130820
lcl|CP069044.1_cds_QRD07532.1_17515	JI435_424530
lcl|CP069044.1_cds_QRD07533.1_17516	JI435_130810
lcl|CP069044.1_cds_QRD07534.1_17517	JI435_201400
lcl|CP069044.1_cds_QRD07535.1_17518	JI435_130780
lcl|CP069044.1_cds_QRD07536.1_17519	JI435_130770
lcl|CP069044.1_cds_QRD07537.1_17520	JI435_308630
lcl|CP069044.1_cds_QRD07538.1_17521	JI435_130750
lcl|CP069044.1_cds_QRD07539.1_17522	JI435_130730
lcl|CP069044.1_cds_QRD07540.1_17523	JI435_424540
lcl|CP069044.1_cds_QRD07541.1_17524	JI435_424550
lcl|CP069044.1_cds_QRD07542.1_17525	JI435_130720
lcl|CP069044.1_cds_QRD07543.1_17526	JI435_130710
lcl|CP069044.1_cds_QRD07544.1_17527	JI435_130700
lcl|CP069044.1_cds_QRD07545.1_17528	JI435_424560
lcl|CP069044.1_cds_QRD07546.1_17529	JI435_424570
lcl|CP069044.1_cds_QRD07547.1_17530	JI435_424580
lcl|CP069044.1_cds_QRD07548.1_17531	JI435_130680
lcl|CP069044.1_cds_QRD07549.1_17532	JI435_308620
lcl|CP069044.1_cds_QRD07550.1_17533	JI435_130670
lcl|CP069044.1_cds_QRD07551.1_17534	JI435_130640
lcl|CP069044.1_cds_QRD07552.1_17535	JI435_130630
lcl|CP069044.1_cds_QRD07553.1_17536	JI435_130620
lcl|CP069044.1_cds_QRD07554.1_17537	JI435_447660
lcl|CP069044.1_cds_QRD07555.1_17538	JI435_130610
lcl|CP069044.1_cds_QRD07556.1_17539	JI435_424590
lcl|CP069044.1_cds_QRD07557.1_17540	JI435_424600
lcl|CP069044.1_cds_QRD07558.1_17541	JI435_130600
lcl|CP069044.1_cds_QRD07559.1_17542	JI435_130590
lcl|CP069044.1_cds_QRD07560.1_17543	JI435_130580
lcl|CP069044.1_cds_QRD07561.1_17544	JI435_130570
lcl|CP069044.1_cds_QRD07562.1_17545	JI435_130560
lcl|CP069044.1_cds_QRD07563.1_17546	JI435_424610
lcl|CP069044.1_cds_QRD07564.1_17547	JI435_130540
lcl|CP069044.1_cds_QRD07565.1_17548	JI435_130530
lcl|CP069044.1_cds_QRD07566.1_17549	JI435_130520
lcl|CP069044.1_cds_QRD07567.1_17550	JI435_130510
lcl|CP069044.1_cds_QRD07568.1_17551	JI435_130500
lcl|CP069044.1_cds_QRD07569.1_17552	JI435_424620
lcl|CP069044.1_cds_QRD07570.1_17553	JI435_130490
lcl|CP069044.1_cds_QRD07571.1_17554	JI435_130480
lcl|CP069044.1_cds_QRD07572.1_17555	JI435_130470
lcl|CP069044.1_cds_QRD07573.1_17556	JI435_130460
lcl|CP069044.1_cds_QRD07574.1_17557	JI435_130450
lcl|CP069044.1_cds_QRD07575.1_17558	JI435_130440
lcl|CP069044.1_cds_QRD07576.1_17559	JI435_447690
lcl|CP069044.1_cds_QRD07577.1_17560	JI435_130420
lcl|CP069044.1_cds_QRD07578.1_17561	JI435_130410
lcl|CP069044.1_cds_QRD07579.1_17562	JI435_447700
lcl|CP069044.1_cds_QRD07580.1_17563	JI435_130400
lcl|CP069044.1_cds_QRD07581.1_17564	JI435_130390
lcl|CP069044.1_cds_QRD07582.1_17565	JI435_130380
lcl|CP069044.1_cds_QRD07583.1_17566	JI435_130380
lcl|CP069044.1_cds_QRD07584.1_17567	JI435_130370
lcl|CP069044.1_cds_QRD07585.1_17568	JI435_130360
lcl|CP069044.1_cds_QRD07586.1_17569	JI435_424630
lcl|CP069044.1_cds_QRD07587.1_17570	JI435_130350
lcl|CP069044.1_cds_QRD07588.1_17571	JI435_130340
lcl|CP069044.1_cds_QRD07589.1_17572	JI435_130330
lcl|CP069044.1_cds_QRD07590.1_17573	JI435_130320
lcl|CP069045.1_cds_QRD07591.1_17574	JI435_162700
lcl|CP069045.1_cds_QRD07592.1_17575	JI435_447710
lcl|CP069045.1_cds_QRD07593.1_17576	JI435_447720
lcl|CP069045.1_cds_QRD07594.1_17577	JI435_162740
lcl|CP069045.1_cds_QRD07595.1_17578	JI435_162780
lcl|CP069045.1_cds_QRD07596.1_17579	JI435_162790
lcl|CP069045.1_cds_QRD07597.1_17580	JI435_447730
lcl|CP069045.1_cds_QRD07598.1_17581	JI435_162800
lcl|CP069045.1_cds_QRD07599.1_17582	JI435_309730
lcl|CP069045.1_cds_QRD07600.1_17583	JI435_447740
lcl|CP069045.1_cds_QRD07601.1_17584	JI435_162810
lcl|CP069045.1_cds_QRD07602.1_17585	JI435_162830
lcl|CP069045.1_cds_QRD07603.1_17586	JI435_424640
lcl|CP069045.1_cds_QRD07604.1_17587	JI435_162840
lcl|CP069045.1_cds_QRD07605.1_17588	JI435_162850
lcl|CP069045.1_cds_QRD07606.1_17589	JI435_162860
lcl|CP069045.1_cds_QRD07607.1_17590	JI435_162880
lcl|CP069045.1_cds_QRD07608.1_17591	JI435_162910
lcl|CP069045.1_cds_QRD07609.1_17592	JI435_162920
lcl|CP069045.1_cds_QRD07610.1_17593	JI435_447780
lcl|CP069045.1_cds_QRD07611.1_17594	JI435_162960
lcl|CP069045.1_cds_QRD07612.1_17595	JI435_162970
lcl|CP069045.1_cds_QRD07613.1_17596	JI435_309740
lcl|CP069045.1_cds_QRD07614.1_17597	JI435_162980
lcl|CP069045.1_cds_QRD07615.1_17598	JI435_162980
lcl|CP069045.1_cds_QRD07616.1_17599	JI435_162980
lcl|CP069045.1_cds_QRD07617.1_17600	JI435_162990
lcl|CP069045.1_cds_QRD07618.1_17601	JI435_163000
lcl|CP069045.1_cds_QRD07619.1_17602	JI435_163010
lcl|CP069045.1_cds_QRD07620.1_17603	JI435_163020
lcl|CP069045.1_cds_QRD07621.1_17604	JI435_447790
lcl|CP069045.1_cds_QRD07622.1_17605	JI435_163030
lcl|CP069045.1_cds_QRD07623.1_17606	JI435_163040
lcl|CP069045.1_cds_QRD07624.1_17607	JI435_163050
lcl|CP069045.1_cds_QRD07625.1_17608	JI435_163060
lcl|CP069045.1_cds_QRD07626.1_17609	JI435_163080
lcl|CP069045.1_cds_QRD07627.1_17610	JI435_163100
lcl|CP069045.1_cds_QRD07628.1_17611	JI435_447800
lcl|CP069045.1_cds_QRD07629.1_17612	JI435_424650
lcl|CP069045.1_cds_QRD07630.1_17613	JI435_424660
lcl|CP069045.1_cds_QRD07631.1_17614	JI435_424670
lcl|CP069045.1_cds_QRD07632.1_17615	JI435_163130
lcl|CP069045.1_cds_QRD07633.1_17616	JI435_424680
lcl|CP069045.1_cds_QRD07634.1_17617	JI435_447810
lcl|CP069045.1_cds_QRD07635.1_17618	JI435_163140
lcl|CP069045.1_cds_QRD07636.1_17619	JI435_163150
lcl|CP069045.1_cds_QRD07637.1_17620	JI435_163150
lcl|CP069045.1_cds_QRD07638.1_17621	JI435_163160
lcl|CP069045.1_cds_QRD07639.1_17622	JI435_163170
lcl|CP069045.1_cds_QRD07640.1_17623	JI435_163250
lcl|CP069045.1_cds_QRD07642.1_17624	JI435_163260
lcl|CP069045.1_cds_QRD07641.1_17625	JI435_163270
lcl|CP069045.1_cds_QRD07643.1_17626	JI435_163280
lcl|CP069045.1_cds_QRD07644.1_17627	JI435_163290
lcl|CP069045.1_cds_QRD07645.1_17628	JI435_163300
lcl|CP069045.1_cds_QRD07646.1_17629	JI435_309750
lcl|CP069045.1_cds_QRD07647.1_17630	JI435_163310
lcl|CP069045.1_cds_QRD07648.1_17631	JI435_424690
lcl|CP069045.1_cds_QRD07649.1_17632	JI435_163330
lcl|CP069045.1_cds_QRD07650.1_17633	JI435_424700
lcl|CP069045.1_cds_QRD07651.1_17634	JI435_163350
lcl|CP069045.1_cds_QRD07652.1_17635	JI435_163360
lcl|CP069045.1_cds_QRD07653.1_17636	JI435_163380
lcl|CP069045.1_cds_QRD07654.1_17637	JI435_309760
lcl|CP069045.1_cds_QRD07655.1_17638	JI435_163410
lcl|CP069045.1_cds_QRD07656.1_17639	JI435_163420
lcl|CP069045.1_cds_QRD07657.1_17640	JI435_163430
lcl|CP069045.1_cds_QRD07658.1_17641	JI435_163440
lcl|CP069045.1_cds_QRD07659.1_17642	JI435_163450
lcl|CP069045.1_cds_QRD07660.1_17643	JI435_424710
lcl|CP069045.1_cds_QRD07661.1_17644	JI435_163460
lcl|CP069045.1_cds_QRD07662.1_17645	JI435_163470
lcl|CP069045.1_cds_QRD07663.1_17646	JI435_424720
lcl|CP069045.1_cds_QRD07664.1_17647	JI435_163480
lcl|CP069045.1_cds_QRD07665.1_17648	JI435_163490
lcl|CP069045.1_cds_QRD07666.1_17649	JI435_163530
lcl|CP069045.1_cds_QRD07667.1_17650	JI435_163540
lcl|CP069045.1_cds_QRD07668.1_17651	JI435_163550
lcl|CP069045.1_cds_QRD07669.1_17652	JI435_163560
lcl|CP069045.1_cds_QRD07670.1_17653	JI435_163560
lcl|CP069045.1_cds_QRD07671.1_17654	JI435_163570
lcl|CP069045.1_cds_QRD07672.1_17655	JI435_163580
lcl|CP069045.1_cds_QRD07673.1_17656	JI435_163600
lcl|CP069045.1_cds_QRD07674.1_17657	JI435_163610
lcl|CP069045.1_cds_QRD07675.1_17658	JI435_163620
lcl|CP069045.1_cds_QRD07676.1_17659	JI435_447970
lcl|CP069045.1_cds_QRD07677.1_17660	JI435_162680
lcl|CP069045.1_cds_QRD07678.1_17661	JI435_162670
lcl|CP069045.1_cds_QRD07679.1_17662	JI435_162660
lcl|CP069045.1_cds_QRD07680.1_17663	JI435_447980
lcl|CP069045.1_cds_QRD07681.1_17664	JI435_162640
lcl|CP069045.1_cds_QRD07682.1_17665	JI435_162630
lcl|CP069045.1_cds_QRD07683.1_17666	JI435_162620
lcl|CP069045.1_cds_QRD07684.1_17667	JI435_447990
lcl|CP069045.1_cds_QRD07685.1_17668	JI435_448000
lcl|CP069045.1_cds_QRD07686.1_17669	JI435_162590
lcl|CP069045.1_cds_QRD07687.1_17670	JI435_448010
lcl|CP069045.1_cds_QRD07688.1_17671	JI435_448020
lcl|CP069045.1_cds_QRD07689.1_17672	JI435_448030
lcl|CP069045.1_cds_QRD07690.1_17673	JI435_162540
lcl|CP069045.1_cds_QRD07691.1_17674	JI435_162530
lcl|CP069045.1_cds_QRD07692.1_17675	JI435_162520
lcl|CP069045.1_cds_QRD07693.1_17676	JI435_162500
lcl|CP069045.1_cds_QRD07694.1_17677	JI435_162490
lcl|CP069045.1_cds_QRD07695.1_17678	JI435_162490
lcl|CP069045.1_cds_QRD07696.1_17679	JI435_424730
lcl|CP069045.1_cds_QRD07697.1_17680	JI435_424740
lcl|CP069045.1_cds_QRD07698.1_17681	JI435_424750
lcl|CP069045.1_cds_QRD07699.1_17682	JI435_448060
lcl|CP069045.1_cds_QRD07700.1_17683	JI435_162470
lcl|CP069045.1_cds_QRD07701.1_17684	JI435_162470
lcl|CP069045.1_cds_QRD07702.1_17685	JI435_448070
lcl|CP069045.1_cds_QRD07703.1_17686	JI435_162450
lcl|CP069045.1_cds_QRD07704.1_17687	JI435_162450
lcl|CP069045.1_cds_QRD07705.1_17688	JI435_162430
lcl|CP069045.1_cds_QRD07706.1_17689	JI435_162420
lcl|CP069045.1_cds_QRD07707.1_17690	JI435_162410
lcl|CP069045.1_cds_QRD07708.1_17691	JI435_424760
lcl|CP069045.1_cds_QRD07709.1_17692	JI435_309720
lcl|CP069045.1_cds_QRD07710.1_17693	JI435_162390
lcl|CP069045.1_cds_QRD07711.1_17694	JI435_424770
lcl|CP069045.1_cds_QRD07712.1_17695	JI435_162380
lcl|CP069045.1_cds_QRD07713.1_17696	JI435_162370
lcl|CP069045.1_cds_QRD07714.1_17697	JI435_162360
lcl|CP069045.1_cds_QRD07715.1_17698	JI435_162350
lcl|CP069045.1_cds_QRD07716.1_17699	JI435_162320
lcl|CP069045.1_cds_QRD07717.1_17700	JI435_448120
lcl|CP069045.1_cds_QRD07718.1_17701	JI435_162290
lcl|CP069045.1_cds_QRD07719.1_17702	JI435_309710
lcl|CP069045.1_cds_QRD07720.1_17703	JI435_162280
lcl|CP069045.1_cds_QRD07721.1_17704	JI435_162270
lcl|CP069045.1_cds_QRD07722.1_17705	JI435_162260
lcl|CP069045.1_cds_QRD07723.1_17706	JI435_162250
lcl|CP069045.1_cds_QRD07724.1_17707	JI435_162240
lcl|CP069045.1_cds_QRD07725.1_17708	JI435_162230
lcl|CP069045.1_cds_QRD07726.1_17709	JI435_162220
lcl|CP069045.1_cds_QRD07727.1_17710	JI435_162210
lcl|CP069045.1_cds_QRD07728.1_17711	JI435_162200
lcl|CP069045.1_cds_QRD07729.1_17712	JI435_162190
lcl|CP069045.1_cds_QRD07730.1_17713	JI435_162180
lcl|CP069045.1_cds_QRD07731.1_17714	JI435_162170
lcl|CP069045.1_cds_QRD07732.1_17715	JI435_448140
lcl|CP069045.1_cds_QRD07733.1_17716	JI435_162150
lcl|CP069045.1_cds_QRD07734.1_17717	JI435_162140
lcl|CP069045.1_cds_QRD07735.1_17718	JI435_162130
lcl|CP069045.1_cds_QRD07736.1_17719	JI435_424780
lcl|CP069045.1_cds_QRD07737.1_17720	JI435_162110
lcl|CP069045.1_cds_QRD07738.1_17721	JI435_309680
lcl|CP069045.1_cds_QRD07739.1_17722	JI435_162100
lcl|CP069045.1_cds_QRD07740.1_17723	JI435_162090
lcl|CP069045.1_cds_QRD07741.1_17724	JI435_424790
lcl|CP069045.1_cds_QRD07742.1_17725	JI435_309670
lcl|CP069045.1_cds_QRD07743.1_17726	JI435_309660
lcl|CP069045.1_cds_QRD07744.1_17727	JI435_162070
lcl|CP069045.1_cds_QRD07745.1_17728	JI435_162060
lcl|CP069045.1_cds_QRD07746.1_17729	JI435_162040
lcl|CP069045.1_cds_QRD07747.1_17730	JI435_162030
lcl|CP069045.1_cds_QRD07748.1_17731	JI435_162020
lcl|CP069045.1_cds_QRD07749.1_17732	JI435_448190
lcl|CP069045.1_cds_QRD07750.1_17733	JI435_448200
lcl|CP069045.1_cds_QRD07751.1_17734	JI435_161980
lcl|CP069045.1_cds_QRD07752.1_17735	JI435_161970
lcl|CP069045.1_cds_QRD07753.1_17736	JI435_161960
lcl|CP069045.1_cds_QRD07754.1_17737	JI435_161950
lcl|CP069045.1_cds_QRD07755.1_17738	JI435_161930
lcl|CP069045.1_cds_QRD07756.1_17739	JI435_309650
lcl|CP069045.1_cds_QRD07757.1_17740	JI435_424800
lcl|CP069045.1_cds_QRD07758.1_17741	JI435_161920
lcl|CP069045.1_cds_QRD07759.1_17742	JI435_161910
lcl|CP069045.1_cds_QRD07760.1_17743	JI435_161900
lcl|CP069045.1_cds_QRD07761.1_17744	JI435_161890
lcl|CP069045.1_cds_QRD07762.1_17745	JI435_161880
lcl|CP069045.1_cds_QRD07763.1_17746	JI435_161870
lcl|CP069045.1_cds_QRD07764.1_17747	JI435_161860
lcl|CP069045.1_cds_QRD07765.1_17748	JI435_309640
lcl|CP069045.1_cds_QRD07766.1_17749	JI435_161850
lcl|CP069045.1_cds_QRD07767.1_17750	JI435_161840
lcl|CP069045.1_cds_QRD07768.1_17751	JI435_161820
lcl|CP069045.1_cds_QRD07769.1_17752	JI435_161810
lcl|CP069045.1_cds_QRD07770.1_17753	JI435_161790
lcl|CP069045.1_cds_QRD07771.1_17754	JI435_161780
lcl|CP069045.1_cds_QRD07772.1_17755	JI435_161750
lcl|CP069045.1_cds_QRD07773.1_17756	JI435_161730
lcl|CP069045.1_cds_QRD07774.1_17757	JI435_448260
lcl|CP069045.1_cds_QRD07775.1_17758	JI435_424810
lcl|CP069045.1_cds_QRD07776.1_17759	JI435_161690
lcl|CP069045.1_cds_QRD07777.1_17760	JI435_161680
lcl|CP069045.1_cds_QRD07778.1_17761	JI435_161660
lcl|CP069045.1_cds_QRD07779.1_17762	JI435_424820
lcl|CP069045.1_cds_QRD07781.1_17763	JI435_161650
lcl|CP069045.1_cds_QRD07780.1_17764	JI435_161650
